#-----------------------------------------------------------
# Vivado v2022.2 (64-bit)
# SW Build 3671981 on Fri Oct 14 04:59:54 MDT 2022
# IP Build 3669848 on Fri Oct 14 08:30:02 MDT 2022
# Start of session at: Tue Jun  9 02:50:45 2026
# Process ID: 14270
# Current directory: /tmp/finn_dev_samu/synth_out_of_context_ka72cy7z/results_finn_design_wrapper
# Command line: vivado -mode tcl -source finn_design_wrapper.tcl -tclargs finn_design_wrapper
# Log file: /tmp/finn_dev_samu/synth_out_of_context_ka72cy7z/results_finn_design_wrapper/vivado.log
# Journal file: /tmp/finn_dev_samu/synth_out_of_context_ka72cy7z/results_finn_design_wrapper/vivado.jou
# Running On: finn_dev_samu, OS: Linux, CPU Frequency: 4900.279 MHz, CPU Physical cores: 8, Host memory: 67248 MB
#-----------------------------------------------------------
source finn_design_wrapper.tcl
# set fpga_part "xczu3eg-sbva484-1-e"
# set origin_dir "."
# if { [info exists ::origin_dir_loc] } {
#   set origin_dir $::origin_dir_loc
# }
# variable script_file
# set script_file "vivadocompile.tcl"
# proc help {} {
#   variable script_file
#   puts "\nDescription:"
#   puts "Recreate a Vivado project from this script. The created project will be"
#   puts "functionally equivalent to the original project for which this script was"
#   puts "generated. The script contains commands for creating a project, filesets,"
#   puts "runs, adding/importing sources and setting properties on various objects.\n"
#   puts "Syntax:"
#   puts "$script_file"
#   puts "$script_file -tclargs \[--origin_dir <path>\]"
#   puts "$script_file -tclargs \[--help\]\n"
#   puts "Usage:"
#   puts "Name                   Description"
#   puts "-------------------------------------------------------------------------"
#   puts "\[--origin_dir <path>\]  Determine source file paths wrt this path. Default"
#   puts "                       origin_dir path value is \".\", otherwise, the value"
#   puts "                       that was set with the \"-paths_relative_to\" switch"
#   puts "                       when this script was generated.\n"
#   puts "\[--help\]               Print help information for this script"
#   puts "-------------------------------------------------------------------------\n"
#   exit 0
# }
# if { $::argc > 0 } {
#   for {set i 0} {$i < [llength $::argc]} {incr i} {
#     set option [string trim [lindex $::argv $i]]
#     switch -regexp -- $option {
#       "--origin_dir" { incr i; set origin_dir [lindex $::argv $i] }
#       "--help"       { help }
#       default {
#         if { [regexp {^-} $option] } {
#           puts "ERROR: Unknown option '$option' specified, please type '$script_file -tclargs --help' for usage info.\n"
#           return 1
#         }
#       }
#     }
#   }
# }
# set orig_proj_dir "[file normalize "$origin_dir/vivadocompile"]"
# create_project -force vivadocompile ./vivadocompile -part $fpga_part
# set proj_dir [get_property directory [current_project]]
# set obj [get_projects vivadocompile]
# set_property "default_lib" "xil_defaultlib" $obj
# set_property "sim.ip.auto_export_scripts" "1" $obj
# set_property "simulator_language" "Mixed" $obj
# if {[string equal [get_filesets -quiet sources_1] ""]} {
#   create_fileset -srcset sources_1
# }
# set obj [get_filesets sources_1]
# source sources.tcl
## set files [list \
## "[file normalize "$origin_dir/dummy_nachiket_fooling_zsh_for_loops.h"]"\
## "[file normalize "$origin_dir/AddStreams_hls_0_flow_control_loop_pipe_no_ap_cont.v"]"\
## "[file normalize "$origin_dir/AddStreams_hls_0_hls_deadlock_idx0_monitor.v"]"\
## "[file normalize "$origin_dir/AddStreams_hls_0_regslice_both.v"]"\
## "[file normalize "$origin_dir/AddStreams_hls_0.v"]"\
## "[file normalize "$origin_dir/AddStreams_hls_1_flow_control_loop_pipe_no_ap_cont.v"]"\
## "[file normalize "$origin_dir/AddStreams_hls_1_hls_deadlock_idx0_monitor.v"]"\
## "[file normalize "$origin_dir/AddStreams_hls_1_regslice_both.v"]"\
## "[file normalize "$origin_dir/AddStreams_hls_1.v"]"\
## "[file normalize "$origin_dir/AddStreams_hls_2_flow_control_loop_pipe_no_ap_cont.v"]"\
## "[file normalize "$origin_dir/AddStreams_hls_2_hls_deadlock_idx0_monitor.v"]"\
## "[file normalize "$origin_dir/AddStreams_hls_2_regslice_both.v"]"\
## "[file normalize "$origin_dir/AddStreams_hls_2.v"]"\
## "[file normalize "$origin_dir/axilite_if.v"]"\
## "[file normalize "$origin_dir/ConvolutionInputGenerator_rtl_0_wrapper.v"]"\
## "[file normalize "$origin_dir/ConvolutionInputGenerator_rtl_1_wrapper.v"]"\
## "[file normalize "$origin_dir/ConvolutionInputGenerator_rtl_2_wrapper.v"]"\
## "[file normalize "$origin_dir/ConvolutionInputGenerator_rtl_3_wrapper.v"]"\
## "[file normalize "$origin_dir/ConvolutionInputGenerator_rtl_4_wrapper.v"]"\
## "[file normalize "$origin_dir/ConvolutionInputGenerator_rtl_5_wrapper.v"]"\
## "[file normalize "$origin_dir/DownSampler_hls_0_flow_control_loop_pipe_no_ap_cont.v"]"\
## "[file normalize "$origin_dir/DownSampler_hls_0_hls_deadlock_idx0_monitor.v"]"\
## "[file normalize "$origin_dir/DownSampler_hls_0_regslice_both.v"]"\
## "[file normalize "$origin_dir/DownSampler_hls_0.v"]"\
## "[file normalize "$origin_dir/DownSampler_hls_1_ConvolutionInputGenerator_2D_kernel1_32u_8u_16u_1u_2u_s.v"]"\
## "[file normalize "$origin_dir/DownSampler_hls_1_flow_control_loop_pipe_sequential_init.v"]"\
## "[file normalize "$origin_dir/DownSampler_hls_1_hls_deadlock_idx0_monitor.v"]"\
## "[file normalize "$origin_dir/DownSampler_hls_1_hls_deadlock_idx1_monitor.v"]"\
## "[file normalize "$origin_dir/DownSampler_hls_1_regslice_both.v"]"\
## "[file normalize "$origin_dir/DownSampler_hls_1.v"]"\
## "[file normalize "$origin_dir/DuplicateStreams_hls_0_flow_control_loop_pipe_no_ap_cont.v"]"\
## "[file normalize "$origin_dir/DuplicateStreams_hls_0_hls_deadlock_idx0_monitor.v"]"\
## "[file normalize "$origin_dir/DuplicateStreams_hls_0_regslice_both.v"]"\
## "[file normalize "$origin_dir/DuplicateStreams_hls_0.v"]"\
## "[file normalize "$origin_dir/DuplicateStreams_hls_1_flow_control_loop_pipe_no_ap_cont.v"]"\
## "[file normalize "$origin_dir/DuplicateStreams_hls_1_hls_deadlock_idx0_monitor.v"]"\
## "[file normalize "$origin_dir/DuplicateStreams_hls_1_regslice_both.v"]"\
## "[file normalize "$origin_dir/DuplicateStreams_hls_1.v"]"\
## "[file normalize "$origin_dir/finn_design_AddStreams_hls_0_0.v"]"\
## "[file normalize "$origin_dir/finn_design_AddStreams_hls_1_0.v"]"\
## "[file normalize "$origin_dir/finn_design_AddStreams_hls_2_0.v"]"\
## "[file normalize "$origin_dir/finn_design_ConvolutionInputGenerator_rtl_0_0.v"]"\
## "[file normalize "$origin_dir/finn_design_ConvolutionInputGenerator_rtl_1_0.v"]"\
## "[file normalize "$origin_dir/finn_design_ConvolutionInputGenerator_rtl_2_0.v"]"\
## "[file normalize "$origin_dir/finn_design_ConvolutionInputGenerator_rtl_3_0.v"]"\
## "[file normalize "$origin_dir/finn_design_ConvolutionInputGenerator_rtl_4_0.v"]"\
## "[file normalize "$origin_dir/finn_design_ConvolutionInputGenerator_rtl_5_0.v"]"\
## "[file normalize "$origin_dir/finn_design_DownSampler_hls_0_0.v"]"\
## "[file normalize "$origin_dir/finn_design_DownSampler_hls_1_0.v"]"\
## "[file normalize "$origin_dir/finn_design_DuplicateStreams_hls_0_0.v"]"\
## "[file normalize "$origin_dir/finn_design_DuplicateStreams_hls_1_0.v"]"\
## "[file normalize "$origin_dir/finn_design_FMPadding_rtl_0_0.v"]"\
## "[file normalize "$origin_dir/finn_design_FMPadding_rtl_1_0.v"]"\
## "[file normalize "$origin_dir/finn_design_FMPadding_rtl_2_0.v"]"\
## "[file normalize "$origin_dir/finn_design_FMPadding_rtl_3_0.v"]"\
## "[file normalize "$origin_dir/finn_design_FMPadding_rtl_4_0.v"]"\
## "[file normalize "$origin_dir/finn_design_MVAU_hls_0_0.v"]"\
## "[file normalize "$origin_dir/finn_design_MVAU_hls_0_wstrm_0.v"]"\
## "[file normalize "$origin_dir/finn_design_MVAU_hls_1_0.v"]"\
## "[file normalize "$origin_dir/finn_design_MVAU_hls_1_wstrm_0.v"]"\
## "[file normalize "$origin_dir/finn_design_MVAU_hls_2_0.v"]"\
## "[file normalize "$origin_dir/finn_design_MVAU_hls_2_wstrm_0.v"]"\
## "[file normalize "$origin_dir/finn_design_MVAU_hls_3_0.v"]"\
## "[file normalize "$origin_dir/finn_design_MVAU_hls_3_wstrm_0.v"]"\
## "[file normalize "$origin_dir/finn_design_MVAU_hls_4_0.v"]"\
## "[file normalize "$origin_dir/finn_design_MVAU_hls_4_wstrm_0.v"]"\
## "[file normalize "$origin_dir/finn_design_MVAU_hls_5_0.v"]"\
## "[file normalize "$origin_dir/finn_design_MVAU_hls_5_wstrm_0.v"]"\
## "[file normalize "$origin_dir/finn_design_MVAU_hls_6_0.v"]"\
## "[file normalize "$origin_dir/finn_design_MVAU_hls_6_wstrm_0.v"]"\
## "[file normalize "$origin_dir/finn_design_MVAU_rtl_0_0.v"]"\
## "[file normalize "$origin_dir/finn_design_MVAU_rtl_0_wstrm_0.v"]"\
## "[file normalize "$origin_dir/finn_design_Pool_hls_0_0.v"]"\
## "[file normalize "$origin_dir/finn_design_StreamingDataWidthConverter_rtl_0_0.v"]"\
## "[file normalize "$origin_dir/finn_design_StreamingDataWidthConverter_rtl_10_0.v"]"\
## "[file normalize "$origin_dir/finn_design_StreamingDataWidthConverter_rtl_1_0.v"]"\
## "[file normalize "$origin_dir/finn_design_StreamingDataWidthConverter_rtl_11_0.v"]"\
## "[file normalize "$origin_dir/finn_design_StreamingDataWidthConverter_rtl_12_0.v"]"\
## "[file normalize "$origin_dir/finn_design_StreamingDataWidthConverter_rtl_13_0.v"]"\
## "[file normalize "$origin_dir/finn_design_StreamingDataWidthConverter_rtl_14_0.v"]"\
## "[file normalize "$origin_dir/finn_design_StreamingDataWidthConverter_rtl_15_0.v"]"\
## "[file normalize "$origin_dir/finn_design_StreamingDataWidthConverter_rtl_16_0.v"]"\
## "[file normalize "$origin_dir/finn_design_StreamingDataWidthConverter_rtl_2_0.v"]"\
## "[file normalize "$origin_dir/finn_design_StreamingDataWidthConverter_rtl_3_0.v"]"\
## "[file normalize "$origin_dir/finn_design_StreamingDataWidthConverter_rtl_4_0.v"]"\
## "[file normalize "$origin_dir/finn_design_StreamingDataWidthConverter_rtl_5_0.v"]"\
## "[file normalize "$origin_dir/finn_design_StreamingDataWidthConverter_rtl_6_0.v"]"\
## "[file normalize "$origin_dir/finn_design_StreamingDataWidthConverter_rtl_7_0.v"]"\
## "[file normalize "$origin_dir/finn_design_StreamingDataWidthConverter_rtl_8_0.v"]"\
## "[file normalize "$origin_dir/finn_design_StreamingDataWidthConverter_rtl_9_0.v"]"\
## "[file normalize "$origin_dir/finn_design_StreamingFIFO_rtl_0_0.v"]"\
## "[file normalize "$origin_dir/finn_design_StreamingFIFO_rtl_10_0.v"]"\
## "[file normalize "$origin_dir/finn_design_StreamingFIFO_rtl_1_0.v"]"\
## "[file normalize "$origin_dir/finn_design_StreamingFIFO_rtl_11_0.v"]"\
## "[file normalize "$origin_dir/finn_design_StreamingFIFO_rtl_12_0.v"]"\
## "[file normalize "$origin_dir/finn_design_StreamingFIFO_rtl_13_0.v"]"\
## "[file normalize "$origin_dir/finn_design_StreamingFIFO_rtl_14_0.v"]"\
## "[file normalize "$origin_dir/finn_design_StreamingFIFO_rtl_15_0.v"]"\
## "[file normalize "$origin_dir/finn_design_StreamingFIFO_rtl_16_0.v"]"\
## "[file normalize "$origin_dir/finn_design_StreamingFIFO_rtl_17_0.v"]"\
## "[file normalize "$origin_dir/finn_design_StreamingFIFO_rtl_18_0.v"]"\
## "[file normalize "$origin_dir/finn_design_StreamingFIFO_rtl_19_0.v"]"\
## "[file normalize "$origin_dir/finn_design_StreamingFIFO_rtl_20_0.v"]"\
## "[file normalize "$origin_dir/finn_design_StreamingFIFO_rtl_2_0.v"]"\
## "[file normalize "$origin_dir/finn_design_StreamingFIFO_rtl_21_0.v"]"\
## "[file normalize "$origin_dir/finn_design_StreamingFIFO_rtl_22_0.v"]"\
## "[file normalize "$origin_dir/finn_design_StreamingFIFO_rtl_23_0.v"]"\
## "[file normalize "$origin_dir/finn_design_StreamingFIFO_rtl_24_0.v"]"\
## "[file normalize "$origin_dir/finn_design_StreamingFIFO_rtl_25_0.v"]"\
## "[file normalize "$origin_dir/finn_design_StreamingFIFO_rtl_26_0.v"]"\
## "[file normalize "$origin_dir/finn_design_StreamingFIFO_rtl_27_0.v"]"\
## "[file normalize "$origin_dir/finn_design_StreamingFIFO_rtl_28_0.v"]"\
## "[file normalize "$origin_dir/finn_design_StreamingFIFO_rtl_29_0.v"]"\
## "[file normalize "$origin_dir/finn_design_StreamingFIFO_rtl_30_0.v"]"\
## "[file normalize "$origin_dir/finn_design_StreamingFIFO_rtl_3_0.v"]"\
## "[file normalize "$origin_dir/finn_design_StreamingFIFO_rtl_31_0.v"]"\
## "[file normalize "$origin_dir/finn_design_StreamingFIFO_rtl_32_0.v"]"\
## "[file normalize "$origin_dir/finn_design_StreamingFIFO_rtl_33_0.v"]"\
## "[file normalize "$origin_dir/finn_design_StreamingFIFO_rtl_34_0.v"]"\
## "[file normalize "$origin_dir/finn_design_StreamingFIFO_rtl_35_0.v"]"\
## "[file normalize "$origin_dir/finn_design_StreamingFIFO_rtl_36_0.v"]"\
## "[file normalize "$origin_dir/finn_design_StreamingFIFO_rtl_37_0.v"]"\
## "[file normalize "$origin_dir/finn_design_StreamingFIFO_rtl_38_0.v"]"\
## "[file normalize "$origin_dir/finn_design_StreamingFIFO_rtl_39_0.v"]"\
## "[file normalize "$origin_dir/finn_design_StreamingFIFO_rtl_40_0.v"]"\
## "[file normalize "$origin_dir/finn_design_StreamingFIFO_rtl_4_0.v"]"\
## "[file normalize "$origin_dir/finn_design_StreamingFIFO_rtl_41_0.v"]"\
## "[file normalize "$origin_dir/finn_design_StreamingFIFO_rtl_42_0.v"]"\
## "[file normalize "$origin_dir/finn_design_StreamingFIFO_rtl_43_0.v"]"\
## "[file normalize "$origin_dir/finn_design_StreamingFIFO_rtl_44_0.v"]"\
## "[file normalize "$origin_dir/finn_design_StreamingFIFO_rtl_45_0.v"]"\
## "[file normalize "$origin_dir/finn_design_StreamingFIFO_rtl_46_0.v"]"\
## "[file normalize "$origin_dir/finn_design_StreamingFIFO_rtl_47_0.v"]"\
## "[file normalize "$origin_dir/finn_design_StreamingFIFO_rtl_48_0.v"]"\
## "[file normalize "$origin_dir/finn_design_StreamingFIFO_rtl_49_0.v"]"\
## "[file normalize "$origin_dir/finn_design_StreamingFIFO_rtl_50_0.v"]"\
## "[file normalize "$origin_dir/finn_design_StreamingFIFO_rtl_5_0.v"]"\
## "[file normalize "$origin_dir/finn_design_StreamingFIFO_rtl_6_0.v"]"\
## "[file normalize "$origin_dir/finn_design_StreamingFIFO_rtl_7_0.v"]"\
## "[file normalize "$origin_dir/finn_design_StreamingFIFO_rtl_8_0.v"]"\
## "[file normalize "$origin_dir/finn_design_StreamingFIFO_rtl_9_0.v"]"\
## "[file normalize "$origin_dir/finn_design_Thresholding_rtl_0_0.v"]"\
## "[file normalize "$origin_dir/finn_design_Thresholding_rtl_1_0.v"]"\
## "[file normalize "$origin_dir/finn_design_Thresholding_rtl_2_0.v"]"\
## "[file normalize "$origin_dir/finn_design.v"]"\
## "[file normalize "$origin_dir/finn_design_wrapper.v"]"\
## "[file normalize "$origin_dir/FMPadding_rtl_0.v"]"\
## "[file normalize "$origin_dir/FMPadding_rtl_1.v"]"\
## "[file normalize "$origin_dir/FMPadding_rtl_2.v"]"\
## "[file normalize "$origin_dir/FMPadding_rtl_3.v"]"\
## "[file normalize "$origin_dir/FMPadding_rtl_4.v"]"\
## "[file normalize "$origin_dir/memstream_axi_wrapper.v"]"\
## "[file normalize "$origin_dir/MVAU_hls_0_flow_control_loop_pipe_sequential_init.v"]"\
## "[file normalize "$origin_dir/MVAU_hls_0_hls_deadlock_idx0_monitor.v"]"\
## "[file normalize "$origin_dir/MVAU_hls_0_hls_deadlock_idx1_monitor.v"]"\
## "[file normalize "$origin_dir/MVAU_hls_0_mac_muladd_8ns_8s_16s_17_4_1.v"]"\
## "[file normalize "$origin_dir/MVAU_hls_0_mac_muladd_8ns_8s_17s_18_4_1.v"]"\
## "[file normalize "$origin_dir/MVAU_hls_0_mac_muladd_8ns_8s_21s_21_4_1.v"]"\
## "[file normalize "$origin_dir/MVAU_hls_0_mac_muladd_8s_8ns_16s_17_4_1.v"]"\
## "[file normalize "$origin_dir/MVAU_hls_0_mac_muladd_8s_8ns_17s_18_4_1.v"]"\
## "[file normalize "$origin_dir/MVAU_hls_0_mac_muladd_8s_8ns_21s_21_4_1.v"]"\
## "[file normalize "$origin_dir/MVAU_hls_0_Matrix_Vector_Activate_Stream_Batch.v"]"\
## "[file normalize "$origin_dir/MVAU_hls_0_mul_8ns_8s_16_1_1.v"]"\
## "[file normalize "$origin_dir/MVAU_hls_0_mul_8s_8ns_16_1_1.v"]"\
## "[file normalize "$origin_dir/MVAU_hls_0_mux_366_32_1_1.v"]"\
## "[file normalize "$origin_dir/MVAU_hls_0_mux_42_21_1_1.v"]"\
## "[file normalize "$origin_dir/MVAU_hls_0_regslice_both.v"]"\
## "[file normalize "$origin_dir/MVAU_hls_0.v"]"\
## "[file normalize "$origin_dir/MVAU_hls_1_flow_control_loop_pipe_sequential_init.v"]"\
## "[file normalize "$origin_dir/MVAU_hls_1_hls_deadlock_idx0_monitor.v"]"\
## "[file normalize "$origin_dir/MVAU_hls_1_hls_deadlock_idx1_monitor.v"]"\
## "[file normalize "$origin_dir/MVAU_hls_1_mac_muladd_8ns_8s_18s_18_4_1.v"]"\
## "[file normalize "$origin_dir/MVAU_hls_1_Matrix_Vector_Activate_Stream_Batch_p_ZL7threshs_0_ROM_AUTO_1R.v"]"\
## "[file normalize "$origin_dir/MVAU_hls_1_Matrix_Vector_Activate_Stream_Batch_p_ZL7threshs_100_ROM_AUTO_1R.v"]"\
## "[file normalize "$origin_dir/MVAU_hls_1_Matrix_Vector_Activate_Stream_Batch_p_ZL7threshs_101_ROM_AUTO_1R.v"]"\
## "[file normalize "$origin_dir/MVAU_hls_1_Matrix_Vector_Activate_Stream_Batch_p_ZL7threshs_102_ROM_AUTO_1R.v"]"\
## "[file normalize "$origin_dir/MVAU_hls_1_Matrix_Vector_Activate_Stream_Batch_p_ZL7threshs_103_ROM_AUTO_1R.v"]"\
## "[file normalize "$origin_dir/MVAU_hls_1_Matrix_Vector_Activate_Stream_Batch_p_ZL7threshs_104_ROM_AUTO_1R.v"]"\
## "[file normalize "$origin_dir/MVAU_hls_1_Matrix_Vector_Activate_Stream_Batch_p_ZL7threshs_105_ROM_AUTO_1R.v"]"\
## "[file normalize "$origin_dir/MVAU_hls_1_Matrix_Vector_Activate_Stream_Batch_p_ZL7threshs_106_ROM_AUTO_1R.v"]"\
## "[file normalize "$origin_dir/MVAU_hls_1_Matrix_Vector_Activate_Stream_Batch_p_ZL7threshs_107_ROM_AUTO_1R.v"]"\
## "[file normalize "$origin_dir/MVAU_hls_1_Matrix_Vector_Activate_Stream_Batch_p_ZL7threshs_108_ROM_AUTO_1R.v"]"\
## "[file normalize "$origin_dir/MVAU_hls_1_Matrix_Vector_Activate_Stream_Batch_p_ZL7threshs_109_ROM_AUTO_1R.v"]"\
## "[file normalize "$origin_dir/MVAU_hls_1_Matrix_Vector_Activate_Stream_Batch_p_ZL7threshs_10_ROM_AUTO_1R.v"]"\
## "[file normalize "$origin_dir/MVAU_hls_1_Matrix_Vector_Activate_Stream_Batch_p_ZL7threshs_110_ROM_AUTO_1R.v"]"\
## "[file normalize "$origin_dir/MVAU_hls_1_Matrix_Vector_Activate_Stream_Batch_p_ZL7threshs_111_ROM_AUTO_1R.v"]"\
## "[file normalize "$origin_dir/MVAU_hls_1_Matrix_Vector_Activate_Stream_Batch_p_ZL7threshs_112_ROM_AUTO_1R.v"]"\
## "[file normalize "$origin_dir/MVAU_hls_1_Matrix_Vector_Activate_Stream_Batch_p_ZL7threshs_113_ROM_AUTO_1R.v"]"\
## "[file normalize "$origin_dir/MVAU_hls_1_Matrix_Vector_Activate_Stream_Batch_p_ZL7threshs_114_ROM_AUTO_1R.v"]"\
## "[file normalize "$origin_dir/MVAU_hls_1_Matrix_Vector_Activate_Stream_Batch_p_ZL7threshs_115_ROM_AUTO_1R.v"]"\
## "[file normalize "$origin_dir/MVAU_hls_1_Matrix_Vector_Activate_Stream_Batch_p_ZL7threshs_116_ROM_AUTO_1R.v"]"\
## "[file normalize "$origin_dir/MVAU_hls_1_Matrix_Vector_Activate_Stream_Batch_p_ZL7threshs_117_ROM_AUTO_1R.v"]"\
## "[file normalize "$origin_dir/MVAU_hls_1_Matrix_Vector_Activate_Stream_Batch_p_ZL7threshs_118_ROM_AUTO_1R.v"]"\
## "[file normalize "$origin_dir/MVAU_hls_1_Matrix_Vector_Activate_Stream_Batch_p_ZL7threshs_119_ROM_AUTO_1R.v"]"\
## "[file normalize "$origin_dir/MVAU_hls_1_Matrix_Vector_Activate_Stream_Batch_p_ZL7threshs_11_ROM_AUTO_1R.v"]"\
## "[file normalize "$origin_dir/MVAU_hls_1_Matrix_Vector_Activate_Stream_Batch_p_ZL7threshs_120_ROM_AUTO_1R.v"]"\
## "[file normalize "$origin_dir/MVAU_hls_1_Matrix_Vector_Activate_Stream_Batch_p_ZL7threshs_121_ROM_AUTO_1R.v"]"\
## "[file normalize "$origin_dir/MVAU_hls_1_Matrix_Vector_Activate_Stream_Batch_p_ZL7threshs_122_ROM_AUTO_1R.v"]"\
## "[file normalize "$origin_dir/MVAU_hls_1_Matrix_Vector_Activate_Stream_Batch_p_ZL7threshs_123_ROM_AUTO_1R.v"]"\
## "[file normalize "$origin_dir/MVAU_hls_1_Matrix_Vector_Activate_Stream_Batch_p_ZL7threshs_124_ROM_AUTO_1R.v"]"\
## "[file normalize "$origin_dir/MVAU_hls_1_Matrix_Vector_Activate_Stream_Batch_p_ZL7threshs_125_ROM_AUTO_1R.v"]"\
## "[file normalize "$origin_dir/MVAU_hls_1_Matrix_Vector_Activate_Stream_Batch_p_ZL7threshs_126_ROM_AUTO_1R.v"]"\
## "[file normalize "$origin_dir/MVAU_hls_1_Matrix_Vector_Activate_Stream_Batch_p_ZL7threshs_127_ROM_AUTO_1R.v"]"\
## "[file normalize "$origin_dir/MVAU_hls_1_Matrix_Vector_Activate_Stream_Batch_p_ZL7threshs_128_ROM_AUTO_1R.v"]"\
## "[file normalize "$origin_dir/MVAU_hls_1_Matrix_Vector_Activate_Stream_Batch_p_ZL7threshs_129_ROM_AUTO_1R.v"]"\
## "[file normalize "$origin_dir/MVAU_hls_1_Matrix_Vector_Activate_Stream_Batch_p_ZL7threshs_12_ROM_AUTO_1R.v"]"\
## "[file normalize "$origin_dir/MVAU_hls_1_Matrix_Vector_Activate_Stream_Batch_p_ZL7threshs_130_ROM_AUTO_1R.v"]"\
## "[file normalize "$origin_dir/MVAU_hls_1_Matrix_Vector_Activate_Stream_Batch_p_ZL7threshs_131_ROM_AUTO_1R.v"]"\
## "[file normalize "$origin_dir/MVAU_hls_1_Matrix_Vector_Activate_Stream_Batch_p_ZL7threshs_132_ROM_AUTO_1R.v"]"\
## "[file normalize "$origin_dir/MVAU_hls_1_Matrix_Vector_Activate_Stream_Batch_p_ZL7threshs_133_ROM_AUTO_1R.v"]"\
## "[file normalize "$origin_dir/MVAU_hls_1_Matrix_Vector_Activate_Stream_Batch_p_ZL7threshs_134_ROM_AUTO_1R.v"]"\
## "[file normalize "$origin_dir/MVAU_hls_1_Matrix_Vector_Activate_Stream_Batch_p_ZL7threshs_135_ROM_AUTO_1R.v"]"\
## "[file normalize "$origin_dir/MVAU_hls_1_Matrix_Vector_Activate_Stream_Batch_p_ZL7threshs_136_ROM_AUTO_1R.v"]"\
## "[file normalize "$origin_dir/MVAU_hls_1_Matrix_Vector_Activate_Stream_Batch_p_ZL7threshs_137_ROM_AUTO_1R.v"]"\
## "[file normalize "$origin_dir/MVAU_hls_1_Matrix_Vector_Activate_Stream_Batch_p_ZL7threshs_138_ROM_AUTO_1R.v"]"\
## "[file normalize "$origin_dir/MVAU_hls_1_Matrix_Vector_Activate_Stream_Batch_p_ZL7threshs_139_ROM_AUTO_1R.v"]"\
## "[file normalize "$origin_dir/MVAU_hls_1_Matrix_Vector_Activate_Stream_Batch_p_ZL7threshs_13_ROM_AUTO_1R.v"]"\
## "[file normalize "$origin_dir/MVAU_hls_1_Matrix_Vector_Activate_Stream_Batch_p_ZL7threshs_140_ROM_AUTO_1R.v"]"\
## "[file normalize "$origin_dir/MVAU_hls_1_Matrix_Vector_Activate_Stream_Batch_p_ZL7threshs_141_ROM_AUTO_1R.v"]"\
## "[file normalize "$origin_dir/MVAU_hls_1_Matrix_Vector_Activate_Stream_Batch_p_ZL7threshs_142_ROM_AUTO_1R.v"]"\
## "[file normalize "$origin_dir/MVAU_hls_1_Matrix_Vector_Activate_Stream_Batch_p_ZL7threshs_143_ROM_AUTO_1R.v"]"\
## "[file normalize "$origin_dir/MVAU_hls_1_Matrix_Vector_Activate_Stream_Batch_p_ZL7threshs_144_ROM_AUTO_1R.v"]"\
## "[file normalize "$origin_dir/MVAU_hls_1_Matrix_Vector_Activate_Stream_Batch_p_ZL7threshs_145_ROM_AUTO_1R.v"]"\
## "[file normalize "$origin_dir/MVAU_hls_1_Matrix_Vector_Activate_Stream_Batch_p_ZL7threshs_146_ROM_AUTO_1R.v"]"\
## "[file normalize "$origin_dir/MVAU_hls_1_Matrix_Vector_Activate_Stream_Batch_p_ZL7threshs_147_ROM_AUTO_1R.v"]"\
## "[file normalize "$origin_dir/MVAU_hls_1_Matrix_Vector_Activate_Stream_Batch_p_ZL7threshs_148_ROM_AUTO_1R.v"]"\
## "[file normalize "$origin_dir/MVAU_hls_1_Matrix_Vector_Activate_Stream_Batch_p_ZL7threshs_149_ROM_AUTO_1R.v"]"\
## "[file normalize "$origin_dir/MVAU_hls_1_Matrix_Vector_Activate_Stream_Batch_p_ZL7threshs_14_ROM_AUTO_1R.v"]"\
## "[file normalize "$origin_dir/MVAU_hls_1_Matrix_Vector_Activate_Stream_Batch_p_ZL7threshs_150_ROM_AUTO_1R.v"]"\
## "[file normalize "$origin_dir/MVAU_hls_1_Matrix_Vector_Activate_Stream_Batch_p_ZL7threshs_151_ROM_AUTO_1R.v"]"\
## "[file normalize "$origin_dir/MVAU_hls_1_Matrix_Vector_Activate_Stream_Batch_p_ZL7threshs_152_ROM_AUTO_1R.v"]"\
## "[file normalize "$origin_dir/MVAU_hls_1_Matrix_Vector_Activate_Stream_Batch_p_ZL7threshs_153_ROM_AUTO_1R.v"]"\
## "[file normalize "$origin_dir/MVAU_hls_1_Matrix_Vector_Activate_Stream_Batch_p_ZL7threshs_154_ROM_AUTO_1R.v"]"\
## "[file normalize "$origin_dir/MVAU_hls_1_Matrix_Vector_Activate_Stream_Batch_p_ZL7threshs_155_ROM_AUTO_1R.v"]"\
## "[file normalize "$origin_dir/MVAU_hls_1_Matrix_Vector_Activate_Stream_Batch_p_ZL7threshs_156_ROM_AUTO_1R.v"]"\
## "[file normalize "$origin_dir/MVAU_hls_1_Matrix_Vector_Activate_Stream_Batch_p_ZL7threshs_157_ROM_AUTO_1R.v"]"\
## "[file normalize "$origin_dir/MVAU_hls_1_Matrix_Vector_Activate_Stream_Batch_p_ZL7threshs_158_ROM_AUTO_1R.v"]"\
## "[file normalize "$origin_dir/MVAU_hls_1_Matrix_Vector_Activate_Stream_Batch_p_ZL7threshs_159_ROM_AUTO_1R.v"]"\
## "[file normalize "$origin_dir/MVAU_hls_1_Matrix_Vector_Activate_Stream_Batch_p_ZL7threshs_15_ROM_AUTO_1R.v"]"\
## "[file normalize "$origin_dir/MVAU_hls_1_Matrix_Vector_Activate_Stream_Batch_p_ZL7threshs_160_ROM_AUTO_1R.v"]"\
## "[file normalize "$origin_dir/MVAU_hls_1_Matrix_Vector_Activate_Stream_Batch_p_ZL7threshs_161_ROM_AUTO_1R.v"]"\
## "[file normalize "$origin_dir/MVAU_hls_1_Matrix_Vector_Activate_Stream_Batch_p_ZL7threshs_162_ROM_AUTO_1R.v"]"\
## "[file normalize "$origin_dir/MVAU_hls_1_Matrix_Vector_Activate_Stream_Batch_p_ZL7threshs_163_ROM_AUTO_1R.v"]"\
## "[file normalize "$origin_dir/MVAU_hls_1_Matrix_Vector_Activate_Stream_Batch_p_ZL7threshs_164_ROM_AUTO_1R.v"]"\
## "[file normalize "$origin_dir/MVAU_hls_1_Matrix_Vector_Activate_Stream_Batch_p_ZL7threshs_165_ROM_AUTO_1R.v"]"\
## "[file normalize "$origin_dir/MVAU_hls_1_Matrix_Vector_Activate_Stream_Batch_p_ZL7threshs_166_ROM_AUTO_1R.v"]"\
## "[file normalize "$origin_dir/MVAU_hls_1_Matrix_Vector_Activate_Stream_Batch_p_ZL7threshs_167_ROM_AUTO_1R.v"]"\
## "[file normalize "$origin_dir/MVAU_hls_1_Matrix_Vector_Activate_Stream_Batch_p_ZL7threshs_168_ROM_AUTO_1R.v"]"\
## "[file normalize "$origin_dir/MVAU_hls_1_Matrix_Vector_Activate_Stream_Batch_p_ZL7threshs_169_ROM_AUTO_1R.v"]"\
## "[file normalize "$origin_dir/MVAU_hls_1_Matrix_Vector_Activate_Stream_Batch_p_ZL7threshs_16_ROM_AUTO_1R.v"]"\
## "[file normalize "$origin_dir/MVAU_hls_1_Matrix_Vector_Activate_Stream_Batch_p_ZL7threshs_170_ROM_AUTO_1R.v"]"\
## "[file normalize "$origin_dir/MVAU_hls_1_Matrix_Vector_Activate_Stream_Batch_p_ZL7threshs_171_ROM_AUTO_1R.v"]"\
## "[file normalize "$origin_dir/MVAU_hls_1_Matrix_Vector_Activate_Stream_Batch_p_ZL7threshs_172_ROM_AUTO_1R.v"]"\
## "[file normalize "$origin_dir/MVAU_hls_1_Matrix_Vector_Activate_Stream_Batch_p_ZL7threshs_173_ROM_AUTO_1R.v"]"\
## "[file normalize "$origin_dir/MVAU_hls_1_Matrix_Vector_Activate_Stream_Batch_p_ZL7threshs_174_ROM_AUTO_1R.v"]"\
## "[file normalize "$origin_dir/MVAU_hls_1_Matrix_Vector_Activate_Stream_Batch_p_ZL7threshs_175_ROM_AUTO_1R.v"]"\
## "[file normalize "$origin_dir/MVAU_hls_1_Matrix_Vector_Activate_Stream_Batch_p_ZL7threshs_176_ROM_AUTO_1R.v"]"\
## "[file normalize "$origin_dir/MVAU_hls_1_Matrix_Vector_Activate_Stream_Batch_p_ZL7threshs_177_ROM_AUTO_1R.v"]"\
## "[file normalize "$origin_dir/MVAU_hls_1_Matrix_Vector_Activate_Stream_Batch_p_ZL7threshs_178_ROM_AUTO_1R.v"]"\
## "[file normalize "$origin_dir/MVAU_hls_1_Matrix_Vector_Activate_Stream_Batch_p_ZL7threshs_179_ROM_AUTO_1R.v"]"\
## "[file normalize "$origin_dir/MVAU_hls_1_Matrix_Vector_Activate_Stream_Batch_p_ZL7threshs_17_ROM_AUTO_1R.v"]"\
## "[file normalize "$origin_dir/MVAU_hls_1_Matrix_Vector_Activate_Stream_Batch_p_ZL7threshs_180_ROM_AUTO_1R.v"]"\
## "[file normalize "$origin_dir/MVAU_hls_1_Matrix_Vector_Activate_Stream_Batch_p_ZL7threshs_181_ROM_AUTO_1R.v"]"\
## "[file normalize "$origin_dir/MVAU_hls_1_Matrix_Vector_Activate_Stream_Batch_p_ZL7threshs_182_ROM_AUTO_1R.v"]"\
## "[file normalize "$origin_dir/MVAU_hls_1_Matrix_Vector_Activate_Stream_Batch_p_ZL7threshs_183_ROM_AUTO_1R.v"]"\
## "[file normalize "$origin_dir/MVAU_hls_1_Matrix_Vector_Activate_Stream_Batch_p_ZL7threshs_184_ROM_AUTO_1R.v"]"\
## "[file normalize "$origin_dir/MVAU_hls_1_Matrix_Vector_Activate_Stream_Batch_p_ZL7threshs_185_ROM_AUTO_1R.v"]"\
## "[file normalize "$origin_dir/MVAU_hls_1_Matrix_Vector_Activate_Stream_Batch_p_ZL7threshs_186_ROM_AUTO_1R.v"]"\
## "[file normalize "$origin_dir/MVAU_hls_1_Matrix_Vector_Activate_Stream_Batch_p_ZL7threshs_187_ROM_AUTO_1R.v"]"\
## "[file normalize "$origin_dir/MVAU_hls_1_Matrix_Vector_Activate_Stream_Batch_p_ZL7threshs_188_ROM_AUTO_1R.v"]"\
## "[file normalize "$origin_dir/MVAU_hls_1_Matrix_Vector_Activate_Stream_Batch_p_ZL7threshs_189_ROM_AUTO_1R.v"]"\
## "[file normalize "$origin_dir/MVAU_hls_1_Matrix_Vector_Activate_Stream_Batch_p_ZL7threshs_18_ROM_AUTO_1R.v"]"\
## "[file normalize "$origin_dir/MVAU_hls_1_Matrix_Vector_Activate_Stream_Batch_p_ZL7threshs_190_ROM_AUTO_1R.v"]"\
## "[file normalize "$origin_dir/MVAU_hls_1_Matrix_Vector_Activate_Stream_Batch_p_ZL7threshs_191_ROM_AUTO_1R.v"]"\
## "[file normalize "$origin_dir/MVAU_hls_1_Matrix_Vector_Activate_Stream_Batch_p_ZL7threshs_192_ROM_AUTO_1R.v"]"\
## "[file normalize "$origin_dir/MVAU_hls_1_Matrix_Vector_Activate_Stream_Batch_p_ZL7threshs_193_ROM_AUTO_1R.v"]"\
## "[file normalize "$origin_dir/MVAU_hls_1_Matrix_Vector_Activate_Stream_Batch_p_ZL7threshs_194_ROM_AUTO_1R.v"]"\
## "[file normalize "$origin_dir/MVAU_hls_1_Matrix_Vector_Activate_Stream_Batch_p_ZL7threshs_195_ROM_AUTO_1R.v"]"\
## "[file normalize "$origin_dir/MVAU_hls_1_Matrix_Vector_Activate_Stream_Batch_p_ZL7threshs_196_ROM_AUTO_1R.v"]"\
## "[file normalize "$origin_dir/MVAU_hls_1_Matrix_Vector_Activate_Stream_Batch_p_ZL7threshs_197_ROM_AUTO_1R.v"]"\
## "[file normalize "$origin_dir/MVAU_hls_1_Matrix_Vector_Activate_Stream_Batch_p_ZL7threshs_198_ROM_AUTO_1R.v"]"\
## "[file normalize "$origin_dir/MVAU_hls_1_Matrix_Vector_Activate_Stream_Batch_p_ZL7threshs_199_ROM_AUTO_1R.v"]"\
## "[file normalize "$origin_dir/MVAU_hls_1_Matrix_Vector_Activate_Stream_Batch_p_ZL7threshs_19_ROM_AUTO_1R.v"]"\
## "[file normalize "$origin_dir/MVAU_hls_1_Matrix_Vector_Activate_Stream_Batch_p_ZL7threshs_1_ROM_AUTO_1R.v"]"\
## "[file normalize "$origin_dir/MVAU_hls_1_Matrix_Vector_Activate_Stream_Batch_p_ZL7threshs_200_ROM_AUTO_1R.v"]"\
## "[file normalize "$origin_dir/MVAU_hls_1_Matrix_Vector_Activate_Stream_Batch_p_ZL7threshs_201_ROM_AUTO_1R.v"]"\
## "[file normalize "$origin_dir/MVAU_hls_1_Matrix_Vector_Activate_Stream_Batch_p_ZL7threshs_202_ROM_AUTO_1R.v"]"\
## "[file normalize "$origin_dir/MVAU_hls_1_Matrix_Vector_Activate_Stream_Batch_p_ZL7threshs_203_ROM_AUTO_1R.v"]"\
## "[file normalize "$origin_dir/MVAU_hls_1_Matrix_Vector_Activate_Stream_Batch_p_ZL7threshs_204_ROM_AUTO_1R.v"]"\
## "[file normalize "$origin_dir/MVAU_hls_1_Matrix_Vector_Activate_Stream_Batch_p_ZL7threshs_205_ROM_AUTO_1R.v"]"\
## "[file normalize "$origin_dir/MVAU_hls_1_Matrix_Vector_Activate_Stream_Batch_p_ZL7threshs_206_ROM_AUTO_1R.v"]"\
## "[file normalize "$origin_dir/MVAU_hls_1_Matrix_Vector_Activate_Stream_Batch_p_ZL7threshs_207_ROM_AUTO_1R.v"]"\
## "[file normalize "$origin_dir/MVAU_hls_1_Matrix_Vector_Activate_Stream_Batch_p_ZL7threshs_208_ROM_AUTO_1R.v"]"\
## "[file normalize "$origin_dir/MVAU_hls_1_Matrix_Vector_Activate_Stream_Batch_p_ZL7threshs_209_ROM_AUTO_1R.v"]"\
## "[file normalize "$origin_dir/MVAU_hls_1_Matrix_Vector_Activate_Stream_Batch_p_ZL7threshs_20_ROM_AUTO_1R.v"]"\
## "[file normalize "$origin_dir/MVAU_hls_1_Matrix_Vector_Activate_Stream_Batch_p_ZL7threshs_210_ROM_AUTO_1R.v"]"\
## "[file normalize "$origin_dir/MVAU_hls_1_Matrix_Vector_Activate_Stream_Batch_p_ZL7threshs_211_ROM_AUTO_1R.v"]"\
## "[file normalize "$origin_dir/MVAU_hls_1_Matrix_Vector_Activate_Stream_Batch_p_ZL7threshs_212_ROM_AUTO_1R.v"]"\
## "[file normalize "$origin_dir/MVAU_hls_1_Matrix_Vector_Activate_Stream_Batch_p_ZL7threshs_213_ROM_AUTO_1R.v"]"\
## "[file normalize "$origin_dir/MVAU_hls_1_Matrix_Vector_Activate_Stream_Batch_p_ZL7threshs_214_ROM_AUTO_1R.v"]"\
## "[file normalize "$origin_dir/MVAU_hls_1_Matrix_Vector_Activate_Stream_Batch_p_ZL7threshs_215_ROM_AUTO_1R.v"]"\
## "[file normalize "$origin_dir/MVAU_hls_1_Matrix_Vector_Activate_Stream_Batch_p_ZL7threshs_216_ROM_AUTO_1R.v"]"\
## "[file normalize "$origin_dir/MVAU_hls_1_Matrix_Vector_Activate_Stream_Batch_p_ZL7threshs_217_ROM_AUTO_1R.v"]"\
## "[file normalize "$origin_dir/MVAU_hls_1_Matrix_Vector_Activate_Stream_Batch_p_ZL7threshs_218_ROM_AUTO_1R.v"]"\
## "[file normalize "$origin_dir/MVAU_hls_1_Matrix_Vector_Activate_Stream_Batch_p_ZL7threshs_219_ROM_AUTO_1R.v"]"\
## "[file normalize "$origin_dir/MVAU_hls_1_Matrix_Vector_Activate_Stream_Batch_p_ZL7threshs_21_ROM_AUTO_1R.v"]"\
## "[file normalize "$origin_dir/MVAU_hls_1_Matrix_Vector_Activate_Stream_Batch_p_ZL7threshs_220_ROM_AUTO_1R.v"]"\
## "[file normalize "$origin_dir/MVAU_hls_1_Matrix_Vector_Activate_Stream_Batch_p_ZL7threshs_221_ROM_AUTO_1R.v"]"\
## "[file normalize "$origin_dir/MVAU_hls_1_Matrix_Vector_Activate_Stream_Batch_p_ZL7threshs_222_ROM_AUTO_1R.v"]"\
## "[file normalize "$origin_dir/MVAU_hls_1_Matrix_Vector_Activate_Stream_Batch_p_ZL7threshs_223_ROM_AUTO_1R.v"]"\
## "[file normalize "$origin_dir/MVAU_hls_1_Matrix_Vector_Activate_Stream_Batch_p_ZL7threshs_224_ROM_AUTO_1R.v"]"\
## "[file normalize "$origin_dir/MVAU_hls_1_Matrix_Vector_Activate_Stream_Batch_p_ZL7threshs_225_ROM_AUTO_1R.v"]"\
## "[file normalize "$origin_dir/MVAU_hls_1_Matrix_Vector_Activate_Stream_Batch_p_ZL7threshs_226_ROM_AUTO_1R.v"]"\
## "[file normalize "$origin_dir/MVAU_hls_1_Matrix_Vector_Activate_Stream_Batch_p_ZL7threshs_227_ROM_AUTO_1R.v"]"\
## "[file normalize "$origin_dir/MVAU_hls_1_Matrix_Vector_Activate_Stream_Batch_p_ZL7threshs_228_ROM_AUTO_1R.v"]"\
## "[file normalize "$origin_dir/MVAU_hls_1_Matrix_Vector_Activate_Stream_Batch_p_ZL7threshs_229_ROM_AUTO_1R.v"]"\
## "[file normalize "$origin_dir/MVAU_hls_1_Matrix_Vector_Activate_Stream_Batch_p_ZL7threshs_22_ROM_AUTO_1R.v"]"\
## "[file normalize "$origin_dir/MVAU_hls_1_Matrix_Vector_Activate_Stream_Batch_p_ZL7threshs_230_ROM_AUTO_1R.v"]"\
## "[file normalize "$origin_dir/MVAU_hls_1_Matrix_Vector_Activate_Stream_Batch_p_ZL7threshs_231_ROM_AUTO_1R.v"]"\
## "[file normalize "$origin_dir/MVAU_hls_1_Matrix_Vector_Activate_Stream_Batch_p_ZL7threshs_232_ROM_AUTO_1R.v"]"\
## "[file normalize "$origin_dir/MVAU_hls_1_Matrix_Vector_Activate_Stream_Batch_p_ZL7threshs_233_ROM_AUTO_1R.v"]"\
## "[file normalize "$origin_dir/MVAU_hls_1_Matrix_Vector_Activate_Stream_Batch_p_ZL7threshs_234_ROM_AUTO_1R.v"]"\
## "[file normalize "$origin_dir/MVAU_hls_1_Matrix_Vector_Activate_Stream_Batch_p_ZL7threshs_235_ROM_AUTO_1R.v"]"\
## "[file normalize "$origin_dir/MVAU_hls_1_Matrix_Vector_Activate_Stream_Batch_p_ZL7threshs_236_ROM_AUTO_1R.v"]"\
## "[file normalize "$origin_dir/MVAU_hls_1_Matrix_Vector_Activate_Stream_Batch_p_ZL7threshs_237_ROM_AUTO_1R.v"]"\
## "[file normalize "$origin_dir/MVAU_hls_1_Matrix_Vector_Activate_Stream_Batch_p_ZL7threshs_238_ROM_AUTO_1R.v"]"\
## "[file normalize "$origin_dir/MVAU_hls_1_Matrix_Vector_Activate_Stream_Batch_p_ZL7threshs_239_ROM_AUTO_1R.v"]"\
## "[file normalize "$origin_dir/MVAU_hls_1_Matrix_Vector_Activate_Stream_Batch_p_ZL7threshs_23_ROM_AUTO_1R.v"]"\
## "[file normalize "$origin_dir/MVAU_hls_1_Matrix_Vector_Activate_Stream_Batch_p_ZL7threshs_240_ROM_AUTO_1R.v"]"\
## "[file normalize "$origin_dir/MVAU_hls_1_Matrix_Vector_Activate_Stream_Batch_p_ZL7threshs_241_ROM_AUTO_1R.v"]"\
## "[file normalize "$origin_dir/MVAU_hls_1_Matrix_Vector_Activate_Stream_Batch_p_ZL7threshs_242_ROM_AUTO_1R.v"]"\
## "[file normalize "$origin_dir/MVAU_hls_1_Matrix_Vector_Activate_Stream_Batch_p_ZL7threshs_243_ROM_AUTO_1R.v"]"\
## "[file normalize "$origin_dir/MVAU_hls_1_Matrix_Vector_Activate_Stream_Batch_p_ZL7threshs_244_ROM_AUTO_1R.v"]"\
## "[file normalize "$origin_dir/MVAU_hls_1_Matrix_Vector_Activate_Stream_Batch_p_ZL7threshs_245_ROM_AUTO_1R.v"]"\
## "[file normalize "$origin_dir/MVAU_hls_1_Matrix_Vector_Activate_Stream_Batch_p_ZL7threshs_246_ROM_AUTO_1R.v"]"\
## "[file normalize "$origin_dir/MVAU_hls_1_Matrix_Vector_Activate_Stream_Batch_p_ZL7threshs_247_ROM_AUTO_1R.v"]"\
## "[file normalize "$origin_dir/MVAU_hls_1_Matrix_Vector_Activate_Stream_Batch_p_ZL7threshs_248_ROM_AUTO_1R.v"]"\
## "[file normalize "$origin_dir/MVAU_hls_1_Matrix_Vector_Activate_Stream_Batch_p_ZL7threshs_249_ROM_AUTO_1R.v"]"\
## "[file normalize "$origin_dir/MVAU_hls_1_Matrix_Vector_Activate_Stream_Batch_p_ZL7threshs_24_ROM_AUTO_1R.v"]"\
## "[file normalize "$origin_dir/MVAU_hls_1_Matrix_Vector_Activate_Stream_Batch_p_ZL7threshs_250_ROM_AUTO_1R.v"]"\
## "[file normalize "$origin_dir/MVAU_hls_1_Matrix_Vector_Activate_Stream_Batch_p_ZL7threshs_251_ROM_AUTO_1R.v"]"\
## "[file normalize "$origin_dir/MVAU_hls_1_Matrix_Vector_Activate_Stream_Batch_p_ZL7threshs_252_ROM_AUTO_1R.v"]"\
## "[file normalize "$origin_dir/MVAU_hls_1_Matrix_Vector_Activate_Stream_Batch_p_ZL7threshs_253_ROM_AUTO_1R.v"]"\
## "[file normalize "$origin_dir/MVAU_hls_1_Matrix_Vector_Activate_Stream_Batch_p_ZL7threshs_254_ROM_AUTO_1R.v"]"\
## "[file normalize "$origin_dir/MVAU_hls_1_Matrix_Vector_Activate_Stream_Batch_p_ZL7threshs_25_ROM_AUTO_1R.v"]"\
## "[file normalize "$origin_dir/MVAU_hls_1_Matrix_Vector_Activate_Stream_Batch_p_ZL7threshs_26_ROM_AUTO_1R.v"]"\
## "[file normalize "$origin_dir/MVAU_hls_1_Matrix_Vector_Activate_Stream_Batch_p_ZL7threshs_27_ROM_AUTO_1R.v"]"\
## "[file normalize "$origin_dir/MVAU_hls_1_Matrix_Vector_Activate_Stream_Batch_p_ZL7threshs_28_ROM_AUTO_1R.v"]"\
## "[file normalize "$origin_dir/MVAU_hls_1_Matrix_Vector_Activate_Stream_Batch_p_ZL7threshs_29_ROM_AUTO_1R.v"]"\
## "[file normalize "$origin_dir/MVAU_hls_1_Matrix_Vector_Activate_Stream_Batch_p_ZL7threshs_2_ROM_AUTO_1R.v"]"\
## "[file normalize "$origin_dir/MVAU_hls_1_Matrix_Vector_Activate_Stream_Batch_p_ZL7threshs_30_ROM_AUTO_1R.v"]"\
## "[file normalize "$origin_dir/MVAU_hls_1_Matrix_Vector_Activate_Stream_Batch_p_ZL7threshs_31_ROM_AUTO_1R.v"]"\
## "[file normalize "$origin_dir/MVAU_hls_1_Matrix_Vector_Activate_Stream_Batch_p_ZL7threshs_32_ROM_AUTO_1R.v"]"\
## "[file normalize "$origin_dir/MVAU_hls_1_Matrix_Vector_Activate_Stream_Batch_p_ZL7threshs_33_ROM_AUTO_1R.v"]"\
## "[file normalize "$origin_dir/MVAU_hls_1_Matrix_Vector_Activate_Stream_Batch_p_ZL7threshs_34_ROM_AUTO_1R.v"]"\
## "[file normalize "$origin_dir/MVAU_hls_1_Matrix_Vector_Activate_Stream_Batch_p_ZL7threshs_35_ROM_AUTO_1R.v"]"\
## "[file normalize "$origin_dir/MVAU_hls_1_Matrix_Vector_Activate_Stream_Batch_p_ZL7threshs_36_ROM_AUTO_1R.v"]"\
## "[file normalize "$origin_dir/MVAU_hls_1_Matrix_Vector_Activate_Stream_Batch_p_ZL7threshs_37_ROM_AUTO_1R.v"]"\
## "[file normalize "$origin_dir/MVAU_hls_1_Matrix_Vector_Activate_Stream_Batch_p_ZL7threshs_38_ROM_AUTO_1R.v"]"\
## "[file normalize "$origin_dir/MVAU_hls_1_Matrix_Vector_Activate_Stream_Batch_p_ZL7threshs_39_ROM_AUTO_1R.v"]"\
## "[file normalize "$origin_dir/MVAU_hls_1_Matrix_Vector_Activate_Stream_Batch_p_ZL7threshs_3_ROM_AUTO_1R.v"]"\
## "[file normalize "$origin_dir/MVAU_hls_1_Matrix_Vector_Activate_Stream_Batch_p_ZL7threshs_40_ROM_AUTO_1R.v"]"\
## "[file normalize "$origin_dir/MVAU_hls_1_Matrix_Vector_Activate_Stream_Batch_p_ZL7threshs_41_ROM_AUTO_1R.v"]"\
## "[file normalize "$origin_dir/MVAU_hls_1_Matrix_Vector_Activate_Stream_Batch_p_ZL7threshs_42_ROM_AUTO_1R.v"]"\
## "[file normalize "$origin_dir/MVAU_hls_1_Matrix_Vector_Activate_Stream_Batch_p_ZL7threshs_43_ROM_AUTO_1R.v"]"\
## "[file normalize "$origin_dir/MVAU_hls_1_Matrix_Vector_Activate_Stream_Batch_p_ZL7threshs_44_ROM_AUTO_1R.v"]"\
## "[file normalize "$origin_dir/MVAU_hls_1_Matrix_Vector_Activate_Stream_Batch_p_ZL7threshs_45_ROM_AUTO_1R.v"]"\
## "[file normalize "$origin_dir/MVAU_hls_1_Matrix_Vector_Activate_Stream_Batch_p_ZL7threshs_46_ROM_AUTO_1R.v"]"\
## "[file normalize "$origin_dir/MVAU_hls_1_Matrix_Vector_Activate_Stream_Batch_p_ZL7threshs_47_ROM_AUTO_1R.v"]"\
## "[file normalize "$origin_dir/MVAU_hls_1_Matrix_Vector_Activate_Stream_Batch_p_ZL7threshs_48_ROM_AUTO_1R.v"]"\
## "[file normalize "$origin_dir/MVAU_hls_1_Matrix_Vector_Activate_Stream_Batch_p_ZL7threshs_49_ROM_AUTO_1R.v"]"\
## "[file normalize "$origin_dir/MVAU_hls_1_Matrix_Vector_Activate_Stream_Batch_p_ZL7threshs_4_ROM_AUTO_1R.v"]"\
## "[file normalize "$origin_dir/MVAU_hls_1_Matrix_Vector_Activate_Stream_Batch_p_ZL7threshs_50_ROM_AUTO_1R.v"]"\
## "[file normalize "$origin_dir/MVAU_hls_1_Matrix_Vector_Activate_Stream_Batch_p_ZL7threshs_51_ROM_AUTO_1R.v"]"\
## "[file normalize "$origin_dir/MVAU_hls_1_Matrix_Vector_Activate_Stream_Batch_p_ZL7threshs_52_ROM_AUTO_1R.v"]"\
## "[file normalize "$origin_dir/MVAU_hls_1_Matrix_Vector_Activate_Stream_Batch_p_ZL7threshs_53_ROM_AUTO_1R.v"]"\
## "[file normalize "$origin_dir/MVAU_hls_1_Matrix_Vector_Activate_Stream_Batch_p_ZL7threshs_54_ROM_AUTO_1R.v"]"\
## "[file normalize "$origin_dir/MVAU_hls_1_Matrix_Vector_Activate_Stream_Batch_p_ZL7threshs_55_ROM_AUTO_1R.v"]"\
## "[file normalize "$origin_dir/MVAU_hls_1_Matrix_Vector_Activate_Stream_Batch_p_ZL7threshs_56_ROM_AUTO_1R.v"]"\
## "[file normalize "$origin_dir/MVAU_hls_1_Matrix_Vector_Activate_Stream_Batch_p_ZL7threshs_57_ROM_AUTO_1R.v"]"\
## "[file normalize "$origin_dir/MVAU_hls_1_Matrix_Vector_Activate_Stream_Batch_p_ZL7threshs_58_ROM_AUTO_1R.v"]"\
## "[file normalize "$origin_dir/MVAU_hls_1_Matrix_Vector_Activate_Stream_Batch_p_ZL7threshs_59_ROM_AUTO_1R.v"]"\
## "[file normalize "$origin_dir/MVAU_hls_1_Matrix_Vector_Activate_Stream_Batch_p_ZL7threshs_5_ROM_AUTO_1R.v"]"\
## "[file normalize "$origin_dir/MVAU_hls_1_Matrix_Vector_Activate_Stream_Batch_p_ZL7threshs_60_ROM_AUTO_1R.v"]"\
## "[file normalize "$origin_dir/MVAU_hls_1_Matrix_Vector_Activate_Stream_Batch_p_ZL7threshs_61_ROM_AUTO_1R.v"]"\
## "[file normalize "$origin_dir/MVAU_hls_1_Matrix_Vector_Activate_Stream_Batch_p_ZL7threshs_62_ROM_AUTO_1R.v"]"\
## "[file normalize "$origin_dir/MVAU_hls_1_Matrix_Vector_Activate_Stream_Batch_p_ZL7threshs_63_ROM_AUTO_1R.v"]"\
## "[file normalize "$origin_dir/MVAU_hls_1_Matrix_Vector_Activate_Stream_Batch_p_ZL7threshs_64_ROM_AUTO_1R.v"]"\
## "[file normalize "$origin_dir/MVAU_hls_1_Matrix_Vector_Activate_Stream_Batch_p_ZL7threshs_65_ROM_AUTO_1R.v"]"\
## "[file normalize "$origin_dir/MVAU_hls_1_Matrix_Vector_Activate_Stream_Batch_p_ZL7threshs_66_ROM_AUTO_1R.v"]"\
## "[file normalize "$origin_dir/MVAU_hls_1_Matrix_Vector_Activate_Stream_Batch_p_ZL7threshs_67_ROM_AUTO_1R.v"]"\
## "[file normalize "$origin_dir/MVAU_hls_1_Matrix_Vector_Activate_Stream_Batch_p_ZL7threshs_68_ROM_AUTO_1R.v"]"\
## "[file normalize "$origin_dir/MVAU_hls_1_Matrix_Vector_Activate_Stream_Batch_p_ZL7threshs_69_ROM_AUTO_1R.v"]"\
## "[file normalize "$origin_dir/MVAU_hls_1_Matrix_Vector_Activate_Stream_Batch_p_ZL7threshs_6_ROM_AUTO_1R.v"]"\
## "[file normalize "$origin_dir/MVAU_hls_1_Matrix_Vector_Activate_Stream_Batch_p_ZL7threshs_70_ROM_AUTO_1R.v"]"\
## "[file normalize "$origin_dir/MVAU_hls_1_Matrix_Vector_Activate_Stream_Batch_p_ZL7threshs_71_ROM_AUTO_1R.v"]"\
## "[file normalize "$origin_dir/MVAU_hls_1_Matrix_Vector_Activate_Stream_Batch_p_ZL7threshs_72_ROM_AUTO_1R.v"]"\
## "[file normalize "$origin_dir/MVAU_hls_1_Matrix_Vector_Activate_Stream_Batch_p_ZL7threshs_73_ROM_AUTO_1R.v"]"\
## "[file normalize "$origin_dir/MVAU_hls_1_Matrix_Vector_Activate_Stream_Batch_p_ZL7threshs_74_ROM_AUTO_1R.v"]"\
## "[file normalize "$origin_dir/MVAU_hls_1_Matrix_Vector_Activate_Stream_Batch_p_ZL7threshs_75_ROM_AUTO_1R.v"]"\
## "[file normalize "$origin_dir/MVAU_hls_1_Matrix_Vector_Activate_Stream_Batch_p_ZL7threshs_76_ROM_AUTO_1R.v"]"\
## "[file normalize "$origin_dir/MVAU_hls_1_Matrix_Vector_Activate_Stream_Batch_p_ZL7threshs_77_ROM_AUTO_1R.v"]"\
## "[file normalize "$origin_dir/MVAU_hls_1_Matrix_Vector_Activate_Stream_Batch_p_ZL7threshs_78_ROM_AUTO_1R.v"]"\
## "[file normalize "$origin_dir/MVAU_hls_1_Matrix_Vector_Activate_Stream_Batch_p_ZL7threshs_79_ROM_AUTO_1R.v"]"\
## "[file normalize "$origin_dir/MVAU_hls_1_Matrix_Vector_Activate_Stream_Batch_p_ZL7threshs_7_ROM_AUTO_1R.v"]"\
## "[file normalize "$origin_dir/MVAU_hls_1_Matrix_Vector_Activate_Stream_Batch_p_ZL7threshs_80_ROM_AUTO_1R.v"]"\
## "[file normalize "$origin_dir/MVAU_hls_1_Matrix_Vector_Activate_Stream_Batch_p_ZL7threshs_81_ROM_AUTO_1R.v"]"\
## "[file normalize "$origin_dir/MVAU_hls_1_Matrix_Vector_Activate_Stream_Batch_p_ZL7threshs_82_ROM_AUTO_1R.v"]"\
## "[file normalize "$origin_dir/MVAU_hls_1_Matrix_Vector_Activate_Stream_Batch_p_ZL7threshs_83_ROM_AUTO_1R.v"]"\
## "[file normalize "$origin_dir/MVAU_hls_1_Matrix_Vector_Activate_Stream_Batch_p_ZL7threshs_84_ROM_AUTO_1R.v"]"\
## "[file normalize "$origin_dir/MVAU_hls_1_Matrix_Vector_Activate_Stream_Batch_p_ZL7threshs_85_ROM_AUTO_1R.v"]"\
## "[file normalize "$origin_dir/MVAU_hls_1_Matrix_Vector_Activate_Stream_Batch_p_ZL7threshs_86_ROM_AUTO_1R.v"]"\
## "[file normalize "$origin_dir/MVAU_hls_1_Matrix_Vector_Activate_Stream_Batch_p_ZL7threshs_87_ROM_AUTO_1R.v"]"\
## "[file normalize "$origin_dir/MVAU_hls_1_Matrix_Vector_Activate_Stream_Batch_p_ZL7threshs_88_ROM_AUTO_1R.v"]"\
## "[file normalize "$origin_dir/MVAU_hls_1_Matrix_Vector_Activate_Stream_Batch_p_ZL7threshs_89_ROM_AUTO_1R.v"]"\
## "[file normalize "$origin_dir/MVAU_hls_1_Matrix_Vector_Activate_Stream_Batch_p_ZL7threshs_8_ROM_AUTO_1R.v"]"\
## "[file normalize "$origin_dir/MVAU_hls_1_Matrix_Vector_Activate_Stream_Batch_p_ZL7threshs_90_ROM_AUTO_1R.v"]"\
## "[file normalize "$origin_dir/MVAU_hls_1_Matrix_Vector_Activate_Stream_Batch_p_ZL7threshs_91_ROM_AUTO_1R.v"]"\
## "[file normalize "$origin_dir/MVAU_hls_1_Matrix_Vector_Activate_Stream_Batch_p_ZL7threshs_92_ROM_AUTO_1R.v"]"\
## "[file normalize "$origin_dir/MVAU_hls_1_Matrix_Vector_Activate_Stream_Batch_p_ZL7threshs_93_ROM_AUTO_1R.v"]"\
## "[file normalize "$origin_dir/MVAU_hls_1_Matrix_Vector_Activate_Stream_Batch_p_ZL7threshs_94_ROM_AUTO_1R.v"]"\
## "[file normalize "$origin_dir/MVAU_hls_1_Matrix_Vector_Activate_Stream_Batch_p_ZL7threshs_95_ROM_AUTO_1R.v"]"\
## "[file normalize "$origin_dir/MVAU_hls_1_Matrix_Vector_Activate_Stream_Batch_p_ZL7threshs_96_ROM_AUTO_1R.v"]"\
## "[file normalize "$origin_dir/MVAU_hls_1_Matrix_Vector_Activate_Stream_Batch_p_ZL7threshs_97_ROM_AUTO_1R.v"]"\
## "[file normalize "$origin_dir/MVAU_hls_1_Matrix_Vector_Activate_Stream_Batch_p_ZL7threshs_98_ROM_AUTO_1R.v"]"\
## "[file normalize "$origin_dir/MVAU_hls_1_Matrix_Vector_Activate_Stream_Batch_p_ZL7threshs_99_ROM_AUTO_1R.v"]"\
## "[file normalize "$origin_dir/MVAU_hls_1_Matrix_Vector_Activate_Stream_Batch_p_ZL7threshs_9_ROM_AUTO_1R.v"]"\
## "[file normalize "$origin_dir/MVAU_hls_1_Matrix_Vector_Activate_Stream_Batch.v"]"\
## "[file normalize "$origin_dir/MVAU_hls_1_mux_164_8_1_1.v"]"\
## "[file normalize "$origin_dir/MVAU_hls_1_regslice_both.v"]"\
## "[file normalize "$origin_dir/MVAU_hls_1.v"]"\
## "[file normalize "$origin_dir/MVAU_hls_2_flow_control_loop_pipe_sequential_init.v"]"\
## "[file normalize "$origin_dir/MVAU_hls_2_hls_deadlock_idx0_monitor.v"]"\
## "[file normalize "$origin_dir/MVAU_hls_2_hls_deadlock_idx1_monitor.v"]"\
## "[file normalize "$origin_dir/MVAU_hls_2_mac_muladd_8ns_8s_16s_17_4_1.v"]"\
## "[file normalize "$origin_dir/MVAU_hls_2_Matrix_Vector_Activate_Stream_Batch_p_ZL7threshs_0_ROM_AUTO_1R.v"]"\
## "[file normalize "$origin_dir/MVAU_hls_2_Matrix_Vector_Activate_Stream_Batch_p_ZL7threshs_100_ROM_AUTO_1R.v"]"\
## "[file normalize "$origin_dir/MVAU_hls_2_Matrix_Vector_Activate_Stream_Batch_p_ZL7threshs_101_ROM_AUTO_1R.v"]"\
## "[file normalize "$origin_dir/MVAU_hls_2_Matrix_Vector_Activate_Stream_Batch_p_ZL7threshs_102_ROM_AUTO_1R.v"]"\
## "[file normalize "$origin_dir/MVAU_hls_2_Matrix_Vector_Activate_Stream_Batch_p_ZL7threshs_103_ROM_AUTO_1R.v"]"\
## "[file normalize "$origin_dir/MVAU_hls_2_Matrix_Vector_Activate_Stream_Batch_p_ZL7threshs_104_ROM_AUTO_1R.v"]"\
## "[file normalize "$origin_dir/MVAU_hls_2_Matrix_Vector_Activate_Stream_Batch_p_ZL7threshs_105_ROM_AUTO_1R.v"]"\
## "[file normalize "$origin_dir/MVAU_hls_2_Matrix_Vector_Activate_Stream_Batch_p_ZL7threshs_106_ROM_AUTO_1R.v"]"\
## "[file normalize "$origin_dir/MVAU_hls_2_Matrix_Vector_Activate_Stream_Batch_p_ZL7threshs_107_ROM_AUTO_1R.v"]"\
## "[file normalize "$origin_dir/MVAU_hls_2_Matrix_Vector_Activate_Stream_Batch_p_ZL7threshs_108_ROM_AUTO_1R.v"]"\
## "[file normalize "$origin_dir/MVAU_hls_2_Matrix_Vector_Activate_Stream_Batch_p_ZL7threshs_109_ROM_AUTO_1R.v"]"\
## "[file normalize "$origin_dir/MVAU_hls_2_Matrix_Vector_Activate_Stream_Batch_p_ZL7threshs_10_ROM_AUTO_1R.v"]"\
## "[file normalize "$origin_dir/MVAU_hls_2_Matrix_Vector_Activate_Stream_Batch_p_ZL7threshs_110_ROM_AUTO_1R.v"]"\
## "[file normalize "$origin_dir/MVAU_hls_2_Matrix_Vector_Activate_Stream_Batch_p_ZL7threshs_111_ROM_AUTO_1R.v"]"\
## "[file normalize "$origin_dir/MVAU_hls_2_Matrix_Vector_Activate_Stream_Batch_p_ZL7threshs_112_ROM_AUTO_1R.v"]"\
## "[file normalize "$origin_dir/MVAU_hls_2_Matrix_Vector_Activate_Stream_Batch_p_ZL7threshs_113_ROM_AUTO_1R.v"]"\
## "[file normalize "$origin_dir/MVAU_hls_2_Matrix_Vector_Activate_Stream_Batch_p_ZL7threshs_114_ROM_AUTO_1R.v"]"\
## "[file normalize "$origin_dir/MVAU_hls_2_Matrix_Vector_Activate_Stream_Batch_p_ZL7threshs_115_ROM_AUTO_1R.v"]"\
## "[file normalize "$origin_dir/MVAU_hls_2_Matrix_Vector_Activate_Stream_Batch_p_ZL7threshs_116_ROM_AUTO_1R.v"]"\
## "[file normalize "$origin_dir/MVAU_hls_2_Matrix_Vector_Activate_Stream_Batch_p_ZL7threshs_117_ROM_AUTO_1R.v"]"\
## "[file normalize "$origin_dir/MVAU_hls_2_Matrix_Vector_Activate_Stream_Batch_p_ZL7threshs_118_ROM_AUTO_1R.v"]"\
## "[file normalize "$origin_dir/MVAU_hls_2_Matrix_Vector_Activate_Stream_Batch_p_ZL7threshs_119_ROM_AUTO_1R.v"]"\
## "[file normalize "$origin_dir/MVAU_hls_2_Matrix_Vector_Activate_Stream_Batch_p_ZL7threshs_11_ROM_AUTO_1R.v"]"\
## "[file normalize "$origin_dir/MVAU_hls_2_Matrix_Vector_Activate_Stream_Batch_p_ZL7threshs_120_ROM_AUTO_1R.v"]"\
## "[file normalize "$origin_dir/MVAU_hls_2_Matrix_Vector_Activate_Stream_Batch_p_ZL7threshs_121_ROM_AUTO_1R.v"]"\
## "[file normalize "$origin_dir/MVAU_hls_2_Matrix_Vector_Activate_Stream_Batch_p_ZL7threshs_122_ROM_AUTO_1R.v"]"\
## "[file normalize "$origin_dir/MVAU_hls_2_Matrix_Vector_Activate_Stream_Batch_p_ZL7threshs_123_ROM_AUTO_1R.v"]"\
## "[file normalize "$origin_dir/MVAU_hls_2_Matrix_Vector_Activate_Stream_Batch_p_ZL7threshs_124_ROM_AUTO_1R.v"]"\
## "[file normalize "$origin_dir/MVAU_hls_2_Matrix_Vector_Activate_Stream_Batch_p_ZL7threshs_125_ROM_AUTO_1R.v"]"\
## "[file normalize "$origin_dir/MVAU_hls_2_Matrix_Vector_Activate_Stream_Batch_p_ZL7threshs_126_ROM_AUTO_1R.v"]"\
## "[file normalize "$origin_dir/MVAU_hls_2_Matrix_Vector_Activate_Stream_Batch_p_ZL7threshs_127_ROM_AUTO_1R.v"]"\
## "[file normalize "$origin_dir/MVAU_hls_2_Matrix_Vector_Activate_Stream_Batch_p_ZL7threshs_128_ROM_AUTO_1R.v"]"\
## "[file normalize "$origin_dir/MVAU_hls_2_Matrix_Vector_Activate_Stream_Batch_p_ZL7threshs_129_ROM_AUTO_1R.v"]"\
## "[file normalize "$origin_dir/MVAU_hls_2_Matrix_Vector_Activate_Stream_Batch_p_ZL7threshs_12_ROM_AUTO_1R.v"]"\
## "[file normalize "$origin_dir/MVAU_hls_2_Matrix_Vector_Activate_Stream_Batch_p_ZL7threshs_130_ROM_AUTO_1R.v"]"\
## "[file normalize "$origin_dir/MVAU_hls_2_Matrix_Vector_Activate_Stream_Batch_p_ZL7threshs_131_ROM_AUTO_1R.v"]"\
## "[file normalize "$origin_dir/MVAU_hls_2_Matrix_Vector_Activate_Stream_Batch_p_ZL7threshs_132_ROM_AUTO_1R.v"]"\
## "[file normalize "$origin_dir/MVAU_hls_2_Matrix_Vector_Activate_Stream_Batch_p_ZL7threshs_133_ROM_AUTO_1R.v"]"\
## "[file normalize "$origin_dir/MVAU_hls_2_Matrix_Vector_Activate_Stream_Batch_p_ZL7threshs_134_ROM_AUTO_1R.v"]"\
## "[file normalize "$origin_dir/MVAU_hls_2_Matrix_Vector_Activate_Stream_Batch_p_ZL7threshs_135_ROM_AUTO_1R.v"]"\
## "[file normalize "$origin_dir/MVAU_hls_2_Matrix_Vector_Activate_Stream_Batch_p_ZL7threshs_136_ROM_AUTO_1R.v"]"\
## "[file normalize "$origin_dir/MVAU_hls_2_Matrix_Vector_Activate_Stream_Batch_p_ZL7threshs_137_ROM_AUTO_1R.v"]"\
## "[file normalize "$origin_dir/MVAU_hls_2_Matrix_Vector_Activate_Stream_Batch_p_ZL7threshs_138_ROM_AUTO_1R.v"]"\
## "[file normalize "$origin_dir/MVAU_hls_2_Matrix_Vector_Activate_Stream_Batch_p_ZL7threshs_139_ROM_AUTO_1R.v"]"\
## "[file normalize "$origin_dir/MVAU_hls_2_Matrix_Vector_Activate_Stream_Batch_p_ZL7threshs_13_ROM_AUTO_1R.v"]"\
## "[file normalize "$origin_dir/MVAU_hls_2_Matrix_Vector_Activate_Stream_Batch_p_ZL7threshs_140_ROM_AUTO_1R.v"]"\
## "[file normalize "$origin_dir/MVAU_hls_2_Matrix_Vector_Activate_Stream_Batch_p_ZL7threshs_141_ROM_AUTO_1R.v"]"\
## "[file normalize "$origin_dir/MVAU_hls_2_Matrix_Vector_Activate_Stream_Batch_p_ZL7threshs_142_ROM_AUTO_1R.v"]"\
## "[file normalize "$origin_dir/MVAU_hls_2_Matrix_Vector_Activate_Stream_Batch_p_ZL7threshs_143_ROM_AUTO_1R.v"]"\
## "[file normalize "$origin_dir/MVAU_hls_2_Matrix_Vector_Activate_Stream_Batch_p_ZL7threshs_144_ROM_AUTO_1R.v"]"\
## "[file normalize "$origin_dir/MVAU_hls_2_Matrix_Vector_Activate_Stream_Batch_p_ZL7threshs_145_ROM_AUTO_1R.v"]"\
## "[file normalize "$origin_dir/MVAU_hls_2_Matrix_Vector_Activate_Stream_Batch_p_ZL7threshs_146_ROM_AUTO_1R.v"]"\
## "[file normalize "$origin_dir/MVAU_hls_2_Matrix_Vector_Activate_Stream_Batch_p_ZL7threshs_147_ROM_AUTO_1R.v"]"\
## "[file normalize "$origin_dir/MVAU_hls_2_Matrix_Vector_Activate_Stream_Batch_p_ZL7threshs_148_ROM_AUTO_1R.v"]"\
## "[file normalize "$origin_dir/MVAU_hls_2_Matrix_Vector_Activate_Stream_Batch_p_ZL7threshs_149_ROM_AUTO_1R.v"]"\
## "[file normalize "$origin_dir/MVAU_hls_2_Matrix_Vector_Activate_Stream_Batch_p_ZL7threshs_14_ROM_AUTO_1R.v"]"\
## "[file normalize "$origin_dir/MVAU_hls_2_Matrix_Vector_Activate_Stream_Batch_p_ZL7threshs_150_ROM_AUTO_1R.v"]"\
## "[file normalize "$origin_dir/MVAU_hls_2_Matrix_Vector_Activate_Stream_Batch_p_ZL7threshs_151_ROM_AUTO_1R.v"]"\
## "[file normalize "$origin_dir/MVAU_hls_2_Matrix_Vector_Activate_Stream_Batch_p_ZL7threshs_152_ROM_AUTO_1R.v"]"\
## "[file normalize "$origin_dir/MVAU_hls_2_Matrix_Vector_Activate_Stream_Batch_p_ZL7threshs_153_ROM_AUTO_1R.v"]"\
## "[file normalize "$origin_dir/MVAU_hls_2_Matrix_Vector_Activate_Stream_Batch_p_ZL7threshs_154_ROM_AUTO_1R.v"]"\
## "[file normalize "$origin_dir/MVAU_hls_2_Matrix_Vector_Activate_Stream_Batch_p_ZL7threshs_155_ROM_AUTO_1R.v"]"\
## "[file normalize "$origin_dir/MVAU_hls_2_Matrix_Vector_Activate_Stream_Batch_p_ZL7threshs_156_ROM_AUTO_1R.v"]"\
## "[file normalize "$origin_dir/MVAU_hls_2_Matrix_Vector_Activate_Stream_Batch_p_ZL7threshs_157_ROM_AUTO_1R.v"]"\
## "[file normalize "$origin_dir/MVAU_hls_2_Matrix_Vector_Activate_Stream_Batch_p_ZL7threshs_158_ROM_AUTO_1R.v"]"\
## "[file normalize "$origin_dir/MVAU_hls_2_Matrix_Vector_Activate_Stream_Batch_p_ZL7threshs_159_ROM_AUTO_1R.v"]"\
## "[file normalize "$origin_dir/MVAU_hls_2_Matrix_Vector_Activate_Stream_Batch_p_ZL7threshs_15_ROM_AUTO_1R.v"]"\
## "[file normalize "$origin_dir/MVAU_hls_2_Matrix_Vector_Activate_Stream_Batch_p_ZL7threshs_160_ROM_AUTO_1R.v"]"\
## "[file normalize "$origin_dir/MVAU_hls_2_Matrix_Vector_Activate_Stream_Batch_p_ZL7threshs_161_ROM_AUTO_1R.v"]"\
## "[file normalize "$origin_dir/MVAU_hls_2_Matrix_Vector_Activate_Stream_Batch_p_ZL7threshs_162_ROM_AUTO_1R.v"]"\
## "[file normalize "$origin_dir/MVAU_hls_2_Matrix_Vector_Activate_Stream_Batch_p_ZL7threshs_163_ROM_AUTO_1R.v"]"\
## "[file normalize "$origin_dir/MVAU_hls_2_Matrix_Vector_Activate_Stream_Batch_p_ZL7threshs_164_ROM_AUTO_1R.v"]"\
## "[file normalize "$origin_dir/MVAU_hls_2_Matrix_Vector_Activate_Stream_Batch_p_ZL7threshs_165_ROM_AUTO_1R.v"]"\
## "[file normalize "$origin_dir/MVAU_hls_2_Matrix_Vector_Activate_Stream_Batch_p_ZL7threshs_166_ROM_AUTO_1R.v"]"\
## "[file normalize "$origin_dir/MVAU_hls_2_Matrix_Vector_Activate_Stream_Batch_p_ZL7threshs_167_ROM_AUTO_1R.v"]"\
## "[file normalize "$origin_dir/MVAU_hls_2_Matrix_Vector_Activate_Stream_Batch_p_ZL7threshs_168_ROM_AUTO_1R.v"]"\
## "[file normalize "$origin_dir/MVAU_hls_2_Matrix_Vector_Activate_Stream_Batch_p_ZL7threshs_169_ROM_AUTO_1R.v"]"\
## "[file normalize "$origin_dir/MVAU_hls_2_Matrix_Vector_Activate_Stream_Batch_p_ZL7threshs_16_ROM_AUTO_1R.v"]"\
## "[file normalize "$origin_dir/MVAU_hls_2_Matrix_Vector_Activate_Stream_Batch_p_ZL7threshs_170_ROM_AUTO_1R.v"]"\
## "[file normalize "$origin_dir/MVAU_hls_2_Matrix_Vector_Activate_Stream_Batch_p_ZL7threshs_171_ROM_AUTO_1R.v"]"\
## "[file normalize "$origin_dir/MVAU_hls_2_Matrix_Vector_Activate_Stream_Batch_p_ZL7threshs_172_ROM_AUTO_1R.v"]"\
## "[file normalize "$origin_dir/MVAU_hls_2_Matrix_Vector_Activate_Stream_Batch_p_ZL7threshs_173_ROM_AUTO_1R.v"]"\
## "[file normalize "$origin_dir/MVAU_hls_2_Matrix_Vector_Activate_Stream_Batch_p_ZL7threshs_174_ROM_AUTO_1R.v"]"\
## "[file normalize "$origin_dir/MVAU_hls_2_Matrix_Vector_Activate_Stream_Batch_p_ZL7threshs_175_ROM_AUTO_1R.v"]"\
## "[file normalize "$origin_dir/MVAU_hls_2_Matrix_Vector_Activate_Stream_Batch_p_ZL7threshs_176_ROM_AUTO_1R.v"]"\
## "[file normalize "$origin_dir/MVAU_hls_2_Matrix_Vector_Activate_Stream_Batch_p_ZL7threshs_177_ROM_AUTO_1R.v"]"\
## "[file normalize "$origin_dir/MVAU_hls_2_Matrix_Vector_Activate_Stream_Batch_p_ZL7threshs_178_ROM_AUTO_1R.v"]"\
## "[file normalize "$origin_dir/MVAU_hls_2_Matrix_Vector_Activate_Stream_Batch_p_ZL7threshs_179_ROM_AUTO_1R.v"]"\
## "[file normalize "$origin_dir/MVAU_hls_2_Matrix_Vector_Activate_Stream_Batch_p_ZL7threshs_17_ROM_AUTO_1R.v"]"\
## "[file normalize "$origin_dir/MVAU_hls_2_Matrix_Vector_Activate_Stream_Batch_p_ZL7threshs_180_ROM_AUTO_1R.v"]"\
## "[file normalize "$origin_dir/MVAU_hls_2_Matrix_Vector_Activate_Stream_Batch_p_ZL7threshs_181_ROM_AUTO_1R.v"]"\
## "[file normalize "$origin_dir/MVAU_hls_2_Matrix_Vector_Activate_Stream_Batch_p_ZL7threshs_182_ROM_AUTO_1R.v"]"\
## "[file normalize "$origin_dir/MVAU_hls_2_Matrix_Vector_Activate_Stream_Batch_p_ZL7threshs_183_ROM_AUTO_1R.v"]"\
## "[file normalize "$origin_dir/MVAU_hls_2_Matrix_Vector_Activate_Stream_Batch_p_ZL7threshs_184_ROM_AUTO_1R.v"]"\
## "[file normalize "$origin_dir/MVAU_hls_2_Matrix_Vector_Activate_Stream_Batch_p_ZL7threshs_185_ROM_AUTO_1R.v"]"\
## "[file normalize "$origin_dir/MVAU_hls_2_Matrix_Vector_Activate_Stream_Batch_p_ZL7threshs_186_ROM_AUTO_1R.v"]"\
## "[file normalize "$origin_dir/MVAU_hls_2_Matrix_Vector_Activate_Stream_Batch_p_ZL7threshs_187_ROM_AUTO_1R.v"]"\
## "[file normalize "$origin_dir/MVAU_hls_2_Matrix_Vector_Activate_Stream_Batch_p_ZL7threshs_188_ROM_AUTO_1R.v"]"\
## "[file normalize "$origin_dir/MVAU_hls_2_Matrix_Vector_Activate_Stream_Batch_p_ZL7threshs_189_ROM_AUTO_1R.v"]"\
## "[file normalize "$origin_dir/MVAU_hls_2_Matrix_Vector_Activate_Stream_Batch_p_ZL7threshs_18_ROM_AUTO_1R.v"]"\
## "[file normalize "$origin_dir/MVAU_hls_2_Matrix_Vector_Activate_Stream_Batch_p_ZL7threshs_190_ROM_AUTO_1R.v"]"\
## "[file normalize "$origin_dir/MVAU_hls_2_Matrix_Vector_Activate_Stream_Batch_p_ZL7threshs_191_ROM_AUTO_1R.v"]"\
## "[file normalize "$origin_dir/MVAU_hls_2_Matrix_Vector_Activate_Stream_Batch_p_ZL7threshs_192_ROM_AUTO_1R.v"]"\
## "[file normalize "$origin_dir/MVAU_hls_2_Matrix_Vector_Activate_Stream_Batch_p_ZL7threshs_193_ROM_AUTO_1R.v"]"\
## "[file normalize "$origin_dir/MVAU_hls_2_Matrix_Vector_Activate_Stream_Batch_p_ZL7threshs_194_ROM_AUTO_1R.v"]"\
## "[file normalize "$origin_dir/MVAU_hls_2_Matrix_Vector_Activate_Stream_Batch_p_ZL7threshs_195_ROM_AUTO_1R.v"]"\
## "[file normalize "$origin_dir/MVAU_hls_2_Matrix_Vector_Activate_Stream_Batch_p_ZL7threshs_196_ROM_AUTO_1R.v"]"\
## "[file normalize "$origin_dir/MVAU_hls_2_Matrix_Vector_Activate_Stream_Batch_p_ZL7threshs_197_ROM_AUTO_1R.v"]"\
## "[file normalize "$origin_dir/MVAU_hls_2_Matrix_Vector_Activate_Stream_Batch_p_ZL7threshs_198_ROM_AUTO_1R.v"]"\
## "[file normalize "$origin_dir/MVAU_hls_2_Matrix_Vector_Activate_Stream_Batch_p_ZL7threshs_199_ROM_AUTO_1R.v"]"\
## "[file normalize "$origin_dir/MVAU_hls_2_Matrix_Vector_Activate_Stream_Batch_p_ZL7threshs_19_ROM_AUTO_1R.v"]"\
## "[file normalize "$origin_dir/MVAU_hls_2_Matrix_Vector_Activate_Stream_Batch_p_ZL7threshs_1_ROM_AUTO_1R.v"]"\
## "[file normalize "$origin_dir/MVAU_hls_2_Matrix_Vector_Activate_Stream_Batch_p_ZL7threshs_200_ROM_AUTO_1R.v"]"\
## "[file normalize "$origin_dir/MVAU_hls_2_Matrix_Vector_Activate_Stream_Batch_p_ZL7threshs_201_ROM_AUTO_1R.v"]"\
## "[file normalize "$origin_dir/MVAU_hls_2_Matrix_Vector_Activate_Stream_Batch_p_ZL7threshs_202_ROM_AUTO_1R.v"]"\
## "[file normalize "$origin_dir/MVAU_hls_2_Matrix_Vector_Activate_Stream_Batch_p_ZL7threshs_203_ROM_AUTO_1R.v"]"\
## "[file normalize "$origin_dir/MVAU_hls_2_Matrix_Vector_Activate_Stream_Batch_p_ZL7threshs_204_ROM_AUTO_1R.v"]"\
## "[file normalize "$origin_dir/MVAU_hls_2_Matrix_Vector_Activate_Stream_Batch_p_ZL7threshs_205_ROM_AUTO_1R.v"]"\
## "[file normalize "$origin_dir/MVAU_hls_2_Matrix_Vector_Activate_Stream_Batch_p_ZL7threshs_206_ROM_AUTO_1R.v"]"\
## "[file normalize "$origin_dir/MVAU_hls_2_Matrix_Vector_Activate_Stream_Batch_p_ZL7threshs_207_ROM_AUTO_1R.v"]"\
## "[file normalize "$origin_dir/MVAU_hls_2_Matrix_Vector_Activate_Stream_Batch_p_ZL7threshs_208_ROM_AUTO_1R.v"]"\
## "[file normalize "$origin_dir/MVAU_hls_2_Matrix_Vector_Activate_Stream_Batch_p_ZL7threshs_209_ROM_AUTO_1R.v"]"\
## "[file normalize "$origin_dir/MVAU_hls_2_Matrix_Vector_Activate_Stream_Batch_p_ZL7threshs_20_ROM_AUTO_1R.v"]"\
## "[file normalize "$origin_dir/MVAU_hls_2_Matrix_Vector_Activate_Stream_Batch_p_ZL7threshs_210_ROM_AUTO_1R.v"]"\
## "[file normalize "$origin_dir/MVAU_hls_2_Matrix_Vector_Activate_Stream_Batch_p_ZL7threshs_211_ROM_AUTO_1R.v"]"\
## "[file normalize "$origin_dir/MVAU_hls_2_Matrix_Vector_Activate_Stream_Batch_p_ZL7threshs_212_ROM_AUTO_1R.v"]"\
## "[file normalize "$origin_dir/MVAU_hls_2_Matrix_Vector_Activate_Stream_Batch_p_ZL7threshs_213_ROM_AUTO_1R.v"]"\
## "[file normalize "$origin_dir/MVAU_hls_2_Matrix_Vector_Activate_Stream_Batch_p_ZL7threshs_214_ROM_AUTO_1R.v"]"\
## "[file normalize "$origin_dir/MVAU_hls_2_Matrix_Vector_Activate_Stream_Batch_p_ZL7threshs_215_ROM_AUTO_1R.v"]"\
## "[file normalize "$origin_dir/MVAU_hls_2_Matrix_Vector_Activate_Stream_Batch_p_ZL7threshs_216_ROM_AUTO_1R.v"]"\
## "[file normalize "$origin_dir/MVAU_hls_2_Matrix_Vector_Activate_Stream_Batch_p_ZL7threshs_217_ROM_AUTO_1R.v"]"\
## "[file normalize "$origin_dir/MVAU_hls_2_Matrix_Vector_Activate_Stream_Batch_p_ZL7threshs_218_ROM_AUTO_1R.v"]"\
## "[file normalize "$origin_dir/MVAU_hls_2_Matrix_Vector_Activate_Stream_Batch_p_ZL7threshs_219_ROM_AUTO_1R.v"]"\
## "[file normalize "$origin_dir/MVAU_hls_2_Matrix_Vector_Activate_Stream_Batch_p_ZL7threshs_21_ROM_AUTO_1R.v"]"\
## "[file normalize "$origin_dir/MVAU_hls_2_Matrix_Vector_Activate_Stream_Batch_p_ZL7threshs_220_ROM_AUTO_1R.v"]"\
## "[file normalize "$origin_dir/MVAU_hls_2_Matrix_Vector_Activate_Stream_Batch_p_ZL7threshs_221_ROM_AUTO_1R.v"]"\
## "[file normalize "$origin_dir/MVAU_hls_2_Matrix_Vector_Activate_Stream_Batch_p_ZL7threshs_222_ROM_AUTO_1R.v"]"\
## "[file normalize "$origin_dir/MVAU_hls_2_Matrix_Vector_Activate_Stream_Batch_p_ZL7threshs_223_ROM_AUTO_1R.v"]"\
## "[file normalize "$origin_dir/MVAU_hls_2_Matrix_Vector_Activate_Stream_Batch_p_ZL7threshs_224_ROM_AUTO_1R.v"]"\
## "[file normalize "$origin_dir/MVAU_hls_2_Matrix_Vector_Activate_Stream_Batch_p_ZL7threshs_225_ROM_AUTO_1R.v"]"\
## "[file normalize "$origin_dir/MVAU_hls_2_Matrix_Vector_Activate_Stream_Batch_p_ZL7threshs_226_ROM_AUTO_1R.v"]"\
## "[file normalize "$origin_dir/MVAU_hls_2_Matrix_Vector_Activate_Stream_Batch_p_ZL7threshs_227_ROM_AUTO_1R.v"]"\
## "[file normalize "$origin_dir/MVAU_hls_2_Matrix_Vector_Activate_Stream_Batch_p_ZL7threshs_228_ROM_AUTO_1R.v"]"\
## "[file normalize "$origin_dir/MVAU_hls_2_Matrix_Vector_Activate_Stream_Batch_p_ZL7threshs_229_ROM_AUTO_1R.v"]"\
## "[file normalize "$origin_dir/MVAU_hls_2_Matrix_Vector_Activate_Stream_Batch_p_ZL7threshs_22_ROM_AUTO_1R.v"]"\
## "[file normalize "$origin_dir/MVAU_hls_2_Matrix_Vector_Activate_Stream_Batch_p_ZL7threshs_230_ROM_AUTO_1R.v"]"\
## "[file normalize "$origin_dir/MVAU_hls_2_Matrix_Vector_Activate_Stream_Batch_p_ZL7threshs_231_ROM_AUTO_1R.v"]"\
## "[file normalize "$origin_dir/MVAU_hls_2_Matrix_Vector_Activate_Stream_Batch_p_ZL7threshs_232_ROM_AUTO_1R.v"]"\
## "[file normalize "$origin_dir/MVAU_hls_2_Matrix_Vector_Activate_Stream_Batch_p_ZL7threshs_233_ROM_AUTO_1R.v"]"\
## "[file normalize "$origin_dir/MVAU_hls_2_Matrix_Vector_Activate_Stream_Batch_p_ZL7threshs_234_ROM_AUTO_1R.v"]"\
## "[file normalize "$origin_dir/MVAU_hls_2_Matrix_Vector_Activate_Stream_Batch_p_ZL7threshs_235_ROM_AUTO_1R.v"]"\
## "[file normalize "$origin_dir/MVAU_hls_2_Matrix_Vector_Activate_Stream_Batch_p_ZL7threshs_236_ROM_AUTO_1R.v"]"\
## "[file normalize "$origin_dir/MVAU_hls_2_Matrix_Vector_Activate_Stream_Batch_p_ZL7threshs_237_ROM_AUTO_1R.v"]"\
## "[file normalize "$origin_dir/MVAU_hls_2_Matrix_Vector_Activate_Stream_Batch_p_ZL7threshs_238_ROM_AUTO_1R.v"]"\
## "[file normalize "$origin_dir/MVAU_hls_2_Matrix_Vector_Activate_Stream_Batch_p_ZL7threshs_239_ROM_AUTO_1R.v"]"\
## "[file normalize "$origin_dir/MVAU_hls_2_Matrix_Vector_Activate_Stream_Batch_p_ZL7threshs_23_ROM_AUTO_1R.v"]"\
## "[file normalize "$origin_dir/MVAU_hls_2_Matrix_Vector_Activate_Stream_Batch_p_ZL7threshs_240_ROM_AUTO_1R.v"]"\
## "[file normalize "$origin_dir/MVAU_hls_2_Matrix_Vector_Activate_Stream_Batch_p_ZL7threshs_241_ROM_AUTO_1R.v"]"\
## "[file normalize "$origin_dir/MVAU_hls_2_Matrix_Vector_Activate_Stream_Batch_p_ZL7threshs_242_ROM_AUTO_1R.v"]"\
## "[file normalize "$origin_dir/MVAU_hls_2_Matrix_Vector_Activate_Stream_Batch_p_ZL7threshs_243_ROM_AUTO_1R.v"]"\
## "[file normalize "$origin_dir/MVAU_hls_2_Matrix_Vector_Activate_Stream_Batch_p_ZL7threshs_244_ROM_AUTO_1R.v"]"\
## "[file normalize "$origin_dir/MVAU_hls_2_Matrix_Vector_Activate_Stream_Batch_p_ZL7threshs_245_ROM_AUTO_1R.v"]"\
## "[file normalize "$origin_dir/MVAU_hls_2_Matrix_Vector_Activate_Stream_Batch_p_ZL7threshs_246_ROM_AUTO_1R.v"]"\
## "[file normalize "$origin_dir/MVAU_hls_2_Matrix_Vector_Activate_Stream_Batch_p_ZL7threshs_247_ROM_AUTO_1R.v"]"\
## "[file normalize "$origin_dir/MVAU_hls_2_Matrix_Vector_Activate_Stream_Batch_p_ZL7threshs_248_ROM_AUTO_1R.v"]"\
## "[file normalize "$origin_dir/MVAU_hls_2_Matrix_Vector_Activate_Stream_Batch_p_ZL7threshs_249_ROM_AUTO_1R.v"]"\
## "[file normalize "$origin_dir/MVAU_hls_2_Matrix_Vector_Activate_Stream_Batch_p_ZL7threshs_24_ROM_AUTO_1R.v"]"\
## "[file normalize "$origin_dir/MVAU_hls_2_Matrix_Vector_Activate_Stream_Batch_p_ZL7threshs_250_ROM_AUTO_1R.v"]"\
## "[file normalize "$origin_dir/MVAU_hls_2_Matrix_Vector_Activate_Stream_Batch_p_ZL7threshs_251_ROM_AUTO_1R.v"]"\
## "[file normalize "$origin_dir/MVAU_hls_2_Matrix_Vector_Activate_Stream_Batch_p_ZL7threshs_252_ROM_AUTO_1R.v"]"\
## "[file normalize "$origin_dir/MVAU_hls_2_Matrix_Vector_Activate_Stream_Batch_p_ZL7threshs_253_ROM_AUTO_1R.v"]"\
## "[file normalize "$origin_dir/MVAU_hls_2_Matrix_Vector_Activate_Stream_Batch_p_ZL7threshs_254_ROM_AUTO_1R.v"]"\
## "[file normalize "$origin_dir/MVAU_hls_2_Matrix_Vector_Activate_Stream_Batch_p_ZL7threshs_25_ROM_AUTO_1R.v"]"\
## "[file normalize "$origin_dir/MVAU_hls_2_Matrix_Vector_Activate_Stream_Batch_p_ZL7threshs_26_ROM_AUTO_1R.v"]"\
## "[file normalize "$origin_dir/MVAU_hls_2_Matrix_Vector_Activate_Stream_Batch_p_ZL7threshs_27_ROM_AUTO_1R.v"]"\
## "[file normalize "$origin_dir/MVAU_hls_2_Matrix_Vector_Activate_Stream_Batch_p_ZL7threshs_28_ROM_AUTO_1R.v"]"\
## "[file normalize "$origin_dir/MVAU_hls_2_Matrix_Vector_Activate_Stream_Batch_p_ZL7threshs_29_ROM_AUTO_1R.v"]"\
## "[file normalize "$origin_dir/MVAU_hls_2_Matrix_Vector_Activate_Stream_Batch_p_ZL7threshs_2_ROM_AUTO_1R.v"]"\
## "[file normalize "$origin_dir/MVAU_hls_2_Matrix_Vector_Activate_Stream_Batch_p_ZL7threshs_30_ROM_AUTO_1R.v"]"\
## "[file normalize "$origin_dir/MVAU_hls_2_Matrix_Vector_Activate_Stream_Batch_p_ZL7threshs_31_ROM_AUTO_1R.v"]"\
## "[file normalize "$origin_dir/MVAU_hls_2_Matrix_Vector_Activate_Stream_Batch_p_ZL7threshs_32_ROM_AUTO_1R.v"]"\
## "[file normalize "$origin_dir/MVAU_hls_2_Matrix_Vector_Activate_Stream_Batch_p_ZL7threshs_33_ROM_AUTO_1R.v"]"\
## "[file normalize "$origin_dir/MVAU_hls_2_Matrix_Vector_Activate_Stream_Batch_p_ZL7threshs_34_ROM_AUTO_1R.v"]"\
## "[file normalize "$origin_dir/MVAU_hls_2_Matrix_Vector_Activate_Stream_Batch_p_ZL7threshs_35_ROM_AUTO_1R.v"]"\
## "[file normalize "$origin_dir/MVAU_hls_2_Matrix_Vector_Activate_Stream_Batch_p_ZL7threshs_36_ROM_AUTO_1R.v"]"\
## "[file normalize "$origin_dir/MVAU_hls_2_Matrix_Vector_Activate_Stream_Batch_p_ZL7threshs_37_ROM_AUTO_1R.v"]"\
## "[file normalize "$origin_dir/MVAU_hls_2_Matrix_Vector_Activate_Stream_Batch_p_ZL7threshs_38_ROM_AUTO_1R.v"]"\
## "[file normalize "$origin_dir/MVAU_hls_2_Matrix_Vector_Activate_Stream_Batch_p_ZL7threshs_39_ROM_AUTO_1R.v"]"\
## "[file normalize "$origin_dir/MVAU_hls_2_Matrix_Vector_Activate_Stream_Batch_p_ZL7threshs_3_ROM_AUTO_1R.v"]"\
## "[file normalize "$origin_dir/MVAU_hls_2_Matrix_Vector_Activate_Stream_Batch_p_ZL7threshs_40_ROM_AUTO_1R.v"]"\
## "[file normalize "$origin_dir/MVAU_hls_2_Matrix_Vector_Activate_Stream_Batch_p_ZL7threshs_41_ROM_AUTO_1R.v"]"\
## "[file normalize "$origin_dir/MVAU_hls_2_Matrix_Vector_Activate_Stream_Batch_p_ZL7threshs_42_ROM_AUTO_1R.v"]"\
## "[file normalize "$origin_dir/MVAU_hls_2_Matrix_Vector_Activate_Stream_Batch_p_ZL7threshs_43_ROM_AUTO_1R.v"]"\
## "[file normalize "$origin_dir/MVAU_hls_2_Matrix_Vector_Activate_Stream_Batch_p_ZL7threshs_44_ROM_AUTO_1R.v"]"\
## "[file normalize "$origin_dir/MVAU_hls_2_Matrix_Vector_Activate_Stream_Batch_p_ZL7threshs_45_ROM_AUTO_1R.v"]"\
## "[file normalize "$origin_dir/MVAU_hls_2_Matrix_Vector_Activate_Stream_Batch_p_ZL7threshs_46_ROM_AUTO_1R.v"]"\
## "[file normalize "$origin_dir/MVAU_hls_2_Matrix_Vector_Activate_Stream_Batch_p_ZL7threshs_47_ROM_AUTO_1R.v"]"\
## "[file normalize "$origin_dir/MVAU_hls_2_Matrix_Vector_Activate_Stream_Batch_p_ZL7threshs_48_ROM_AUTO_1R.v"]"\
## "[file normalize "$origin_dir/MVAU_hls_2_Matrix_Vector_Activate_Stream_Batch_p_ZL7threshs_49_ROM_AUTO_1R.v"]"\
## "[file normalize "$origin_dir/MVAU_hls_2_Matrix_Vector_Activate_Stream_Batch_p_ZL7threshs_4_ROM_AUTO_1R.v"]"\
## "[file normalize "$origin_dir/MVAU_hls_2_Matrix_Vector_Activate_Stream_Batch_p_ZL7threshs_50_ROM_AUTO_1R.v"]"\
## "[file normalize "$origin_dir/MVAU_hls_2_Matrix_Vector_Activate_Stream_Batch_p_ZL7threshs_51_ROM_AUTO_1R.v"]"\
## "[file normalize "$origin_dir/MVAU_hls_2_Matrix_Vector_Activate_Stream_Batch_p_ZL7threshs_52_ROM_AUTO_1R.v"]"\
## "[file normalize "$origin_dir/MVAU_hls_2_Matrix_Vector_Activate_Stream_Batch_p_ZL7threshs_53_ROM_AUTO_1R.v"]"\
## "[file normalize "$origin_dir/MVAU_hls_2_Matrix_Vector_Activate_Stream_Batch_p_ZL7threshs_54_ROM_AUTO_1R.v"]"\
## "[file normalize "$origin_dir/MVAU_hls_2_Matrix_Vector_Activate_Stream_Batch_p_ZL7threshs_55_ROM_AUTO_1R.v"]"\
## "[file normalize "$origin_dir/MVAU_hls_2_Matrix_Vector_Activate_Stream_Batch_p_ZL7threshs_56_ROM_AUTO_1R.v"]"\
## "[file normalize "$origin_dir/MVAU_hls_2_Matrix_Vector_Activate_Stream_Batch_p_ZL7threshs_57_ROM_AUTO_1R.v"]"\
## "[file normalize "$origin_dir/MVAU_hls_2_Matrix_Vector_Activate_Stream_Batch_p_ZL7threshs_58_ROM_AUTO_1R.v"]"\
## "[file normalize "$origin_dir/MVAU_hls_2_Matrix_Vector_Activate_Stream_Batch_p_ZL7threshs_59_ROM_AUTO_1R.v"]"\
## "[file normalize "$origin_dir/MVAU_hls_2_Matrix_Vector_Activate_Stream_Batch_p_ZL7threshs_5_ROM_AUTO_1R.v"]"\
## "[file normalize "$origin_dir/MVAU_hls_2_Matrix_Vector_Activate_Stream_Batch_p_ZL7threshs_60_ROM_AUTO_1R.v"]"\
## "[file normalize "$origin_dir/MVAU_hls_2_Matrix_Vector_Activate_Stream_Batch_p_ZL7threshs_61_ROM_AUTO_1R.v"]"\
## "[file normalize "$origin_dir/MVAU_hls_2_Matrix_Vector_Activate_Stream_Batch_p_ZL7threshs_62_ROM_AUTO_1R.v"]"\
## "[file normalize "$origin_dir/MVAU_hls_2_Matrix_Vector_Activate_Stream_Batch_p_ZL7threshs_63_ROM_AUTO_1R.v"]"\
## "[file normalize "$origin_dir/MVAU_hls_2_Matrix_Vector_Activate_Stream_Batch_p_ZL7threshs_64_ROM_AUTO_1R.v"]"\
## "[file normalize "$origin_dir/MVAU_hls_2_Matrix_Vector_Activate_Stream_Batch_p_ZL7threshs_65_ROM_AUTO_1R.v"]"\
## "[file normalize "$origin_dir/MVAU_hls_2_Matrix_Vector_Activate_Stream_Batch_p_ZL7threshs_66_ROM_AUTO_1R.v"]"\
## "[file normalize "$origin_dir/MVAU_hls_2_Matrix_Vector_Activate_Stream_Batch_p_ZL7threshs_67_ROM_AUTO_1R.v"]"\
## "[file normalize "$origin_dir/MVAU_hls_2_Matrix_Vector_Activate_Stream_Batch_p_ZL7threshs_68_ROM_AUTO_1R.v"]"\
## "[file normalize "$origin_dir/MVAU_hls_2_Matrix_Vector_Activate_Stream_Batch_p_ZL7threshs_69_ROM_AUTO_1R.v"]"\
## "[file normalize "$origin_dir/MVAU_hls_2_Matrix_Vector_Activate_Stream_Batch_p_ZL7threshs_6_ROM_AUTO_1R.v"]"\
## "[file normalize "$origin_dir/MVAU_hls_2_Matrix_Vector_Activate_Stream_Batch_p_ZL7threshs_70_ROM_AUTO_1R.v"]"\
## "[file normalize "$origin_dir/MVAU_hls_2_Matrix_Vector_Activate_Stream_Batch_p_ZL7threshs_71_ROM_AUTO_1R.v"]"\
## "[file normalize "$origin_dir/MVAU_hls_2_Matrix_Vector_Activate_Stream_Batch_p_ZL7threshs_72_ROM_AUTO_1R.v"]"\
## "[file normalize "$origin_dir/MVAU_hls_2_Matrix_Vector_Activate_Stream_Batch_p_ZL7threshs_73_ROM_AUTO_1R.v"]"\
## "[file normalize "$origin_dir/MVAU_hls_2_Matrix_Vector_Activate_Stream_Batch_p_ZL7threshs_74_ROM_AUTO_1R.v"]"\
## "[file normalize "$origin_dir/MVAU_hls_2_Matrix_Vector_Activate_Stream_Batch_p_ZL7threshs_75_ROM_AUTO_1R.v"]"\
## "[file normalize "$origin_dir/MVAU_hls_2_Matrix_Vector_Activate_Stream_Batch_p_ZL7threshs_76_ROM_AUTO_1R.v"]"\
## "[file normalize "$origin_dir/MVAU_hls_2_Matrix_Vector_Activate_Stream_Batch_p_ZL7threshs_77_ROM_AUTO_1R.v"]"\
## "[file normalize "$origin_dir/MVAU_hls_2_Matrix_Vector_Activate_Stream_Batch_p_ZL7threshs_78_ROM_AUTO_1R.v"]"\
## "[file normalize "$origin_dir/MVAU_hls_2_Matrix_Vector_Activate_Stream_Batch_p_ZL7threshs_79_ROM_AUTO_1R.v"]"\
## "[file normalize "$origin_dir/MVAU_hls_2_Matrix_Vector_Activate_Stream_Batch_p_ZL7threshs_7_ROM_AUTO_1R.v"]"\
## "[file normalize "$origin_dir/MVAU_hls_2_Matrix_Vector_Activate_Stream_Batch_p_ZL7threshs_80_ROM_AUTO_1R.v"]"\
## "[file normalize "$origin_dir/MVAU_hls_2_Matrix_Vector_Activate_Stream_Batch_p_ZL7threshs_81_ROM_AUTO_1R.v"]"\
## "[file normalize "$origin_dir/MVAU_hls_2_Matrix_Vector_Activate_Stream_Batch_p_ZL7threshs_82_ROM_AUTO_1R.v"]"\
## "[file normalize "$origin_dir/MVAU_hls_2_Matrix_Vector_Activate_Stream_Batch_p_ZL7threshs_83_ROM_AUTO_1R.v"]"\
## "[file normalize "$origin_dir/MVAU_hls_2_Matrix_Vector_Activate_Stream_Batch_p_ZL7threshs_84_ROM_AUTO_1R.v"]"\
## "[file normalize "$origin_dir/MVAU_hls_2_Matrix_Vector_Activate_Stream_Batch_p_ZL7threshs_85_ROM_AUTO_1R.v"]"\
## "[file normalize "$origin_dir/MVAU_hls_2_Matrix_Vector_Activate_Stream_Batch_p_ZL7threshs_86_ROM_AUTO_1R.v"]"\
## "[file normalize "$origin_dir/MVAU_hls_2_Matrix_Vector_Activate_Stream_Batch_p_ZL7threshs_87_ROM_AUTO_1R.v"]"\
## "[file normalize "$origin_dir/MVAU_hls_2_Matrix_Vector_Activate_Stream_Batch_p_ZL7threshs_88_ROM_AUTO_1R.v"]"\
## "[file normalize "$origin_dir/MVAU_hls_2_Matrix_Vector_Activate_Stream_Batch_p_ZL7threshs_89_ROM_AUTO_1R.v"]"\
## "[file normalize "$origin_dir/MVAU_hls_2_Matrix_Vector_Activate_Stream_Batch_p_ZL7threshs_8_ROM_AUTO_1R.v"]"\
## "[file normalize "$origin_dir/MVAU_hls_2_Matrix_Vector_Activate_Stream_Batch_p_ZL7threshs_90_ROM_AUTO_1R.v"]"\
## "[file normalize "$origin_dir/MVAU_hls_2_Matrix_Vector_Activate_Stream_Batch_p_ZL7threshs_91_ROM_AUTO_1R.v"]"\
## "[file normalize "$origin_dir/MVAU_hls_2_Matrix_Vector_Activate_Stream_Batch_p_ZL7threshs_92_ROM_AUTO_1R.v"]"\
## "[file normalize "$origin_dir/MVAU_hls_2_Matrix_Vector_Activate_Stream_Batch_p_ZL7threshs_93_ROM_AUTO_1R.v"]"\
## "[file normalize "$origin_dir/MVAU_hls_2_Matrix_Vector_Activate_Stream_Batch_p_ZL7threshs_94_ROM_AUTO_1R.v"]"\
## "[file normalize "$origin_dir/MVAU_hls_2_Matrix_Vector_Activate_Stream_Batch_p_ZL7threshs_95_ROM_AUTO_1R.v"]"\
## "[file normalize "$origin_dir/MVAU_hls_2_Matrix_Vector_Activate_Stream_Batch_p_ZL7threshs_96_ROM_AUTO_1R.v"]"\
## "[file normalize "$origin_dir/MVAU_hls_2_Matrix_Vector_Activate_Stream_Batch_p_ZL7threshs_97_ROM_AUTO_1R.v"]"\
## "[file normalize "$origin_dir/MVAU_hls_2_Matrix_Vector_Activate_Stream_Batch_p_ZL7threshs_98_ROM_AUTO_1R.v"]"\
## "[file normalize "$origin_dir/MVAU_hls_2_Matrix_Vector_Activate_Stream_Batch_p_ZL7threshs_99_ROM_AUTO_1R.v"]"\
## "[file normalize "$origin_dir/MVAU_hls_2_Matrix_Vector_Activate_Stream_Batch_p_ZL7threshs_9_ROM_AUTO_1R.v"]"\
## "[file normalize "$origin_dir/MVAU_hls_2_Matrix_Vector_Activate_Stream_Batch.v"]"\
## "[file normalize "$origin_dir/MVAU_hls_2_mul_8ns_8s_16_1_1.v"]"\
## "[file normalize "$origin_dir/MVAU_hls_2_mux_245_48_1_1.v"]"\
## "[file normalize "$origin_dir/MVAU_hls_2_regslice_both.v"]"\
## "[file normalize "$origin_dir/MVAU_hls_2.v"]"\
## "[file normalize "$origin_dir/MVAU_hls_3_flow_control_loop_pipe_sequential_init.v"]"\
## "[file normalize "$origin_dir/MVAU_hls_3_hls_deadlock_idx0_monitor.v"]"\
## "[file normalize "$origin_dir/MVAU_hls_3_hls_deadlock_idx1_monitor.v"]"\
## "[file normalize "$origin_dir/MVAU_hls_3_mac_muladd_8ns_8s_16s_17_4_1.v"]"\
## "[file normalize "$origin_dir/MVAU_hls_3_mac_muladd_8ns_8s_17s_18_4_1.v"]"\
## "[file normalize "$origin_dir/MVAU_hls_3_mac_muladd_8ns_8s_22s_22_4_1.v"]"\
## "[file normalize "$origin_dir/MVAU_hls_3_mac_muladd_8s_8ns_16s_17_4_1.v"]"\
## "[file normalize "$origin_dir/MVAU_hls_3_mac_muladd_8s_8ns_17s_18_4_1.v"]"\
## "[file normalize "$origin_dir/MVAU_hls_3_mac_muladd_8s_8ns_22s_22_4_1.v"]"\
## "[file normalize "$origin_dir/MVAU_hls_3_Matrix_Vector_Activate_Stream_Batch_p_ZL7threshs_0_0_ROM_AUTO_1R.v"]"\
## "[file normalize "$origin_dir/MVAU_hls_3_Matrix_Vector_Activate_Stream_Batch_p_ZL7threshs_0_100_ROM_AUTO_1R.v"]"\
## "[file normalize "$origin_dir/MVAU_hls_3_Matrix_Vector_Activate_Stream_Batch_p_ZL7threshs_0_101_ROM_AUTO_1R.v"]"\
## "[file normalize "$origin_dir/MVAU_hls_3_Matrix_Vector_Activate_Stream_Batch_p_ZL7threshs_0_102_ROM_AUTO_1R.v"]"\
## "[file normalize "$origin_dir/MVAU_hls_3_Matrix_Vector_Activate_Stream_Batch_p_ZL7threshs_0_103_ROM_AUTO_1R.v"]"\
## "[file normalize "$origin_dir/MVAU_hls_3_Matrix_Vector_Activate_Stream_Batch_p_ZL7threshs_0_104_ROM_AUTO_1R.v"]"\
## "[file normalize "$origin_dir/MVAU_hls_3_Matrix_Vector_Activate_Stream_Batch_p_ZL7threshs_0_105_ROM_AUTO_1R.v"]"\
## "[file normalize "$origin_dir/MVAU_hls_3_Matrix_Vector_Activate_Stream_Batch_p_ZL7threshs_0_106_ROM_AUTO_1R.v"]"\
## "[file normalize "$origin_dir/MVAU_hls_3_Matrix_Vector_Activate_Stream_Batch_p_ZL7threshs_0_107_ROM_AUTO_1R.v"]"\
## "[file normalize "$origin_dir/MVAU_hls_3_Matrix_Vector_Activate_Stream_Batch_p_ZL7threshs_0_108_ROM_AUTO_1R.v"]"\
## "[file normalize "$origin_dir/MVAU_hls_3_Matrix_Vector_Activate_Stream_Batch_p_ZL7threshs_0_109_ROM_AUTO_1R.v"]"\
## "[file normalize "$origin_dir/MVAU_hls_3_Matrix_Vector_Activate_Stream_Batch_p_ZL7threshs_0_10_ROM_AUTO_1R.v"]"\
## "[file normalize "$origin_dir/MVAU_hls_3_Matrix_Vector_Activate_Stream_Batch_p_ZL7threshs_0_110_ROM_AUTO_1R.v"]"\
## "[file normalize "$origin_dir/MVAU_hls_3_Matrix_Vector_Activate_Stream_Batch_p_ZL7threshs_0_111_ROM_AUTO_1R.v"]"\
## "[file normalize "$origin_dir/MVAU_hls_3_Matrix_Vector_Activate_Stream_Batch_p_ZL7threshs_0_112_ROM_AUTO_1R.v"]"\
## "[file normalize "$origin_dir/MVAU_hls_3_Matrix_Vector_Activate_Stream_Batch_p_ZL7threshs_0_113_ROM_AUTO_1R.v"]"\
## "[file normalize "$origin_dir/MVAU_hls_3_Matrix_Vector_Activate_Stream_Batch_p_ZL7threshs_0_114_ROM_AUTO_1R.v"]"\
## "[file normalize "$origin_dir/MVAU_hls_3_Matrix_Vector_Activate_Stream_Batch_p_ZL7threshs_0_115_ROM_AUTO_1R.v"]"\
## "[file normalize "$origin_dir/MVAU_hls_3_Matrix_Vector_Activate_Stream_Batch_p_ZL7threshs_0_116_ROM_AUTO_1R.v"]"\
## "[file normalize "$origin_dir/MVAU_hls_3_Matrix_Vector_Activate_Stream_Batch_p_ZL7threshs_0_117_ROM_AUTO_1R.v"]"\
## "[file normalize "$origin_dir/MVAU_hls_3_Matrix_Vector_Activate_Stream_Batch_p_ZL7threshs_0_118_ROM_AUTO_1R.v"]"\
## "[file normalize "$origin_dir/MVAU_hls_3_Matrix_Vector_Activate_Stream_Batch_p_ZL7threshs_0_119_ROM_AUTO_1R.v"]"\
## "[file normalize "$origin_dir/MVAU_hls_3_Matrix_Vector_Activate_Stream_Batch_p_ZL7threshs_0_11_ROM_AUTO_1R.v"]"\
## "[file normalize "$origin_dir/MVAU_hls_3_Matrix_Vector_Activate_Stream_Batch_p_ZL7threshs_0_120_ROM_AUTO_1R.v"]"\
## "[file normalize "$origin_dir/MVAU_hls_3_Matrix_Vector_Activate_Stream_Batch_p_ZL7threshs_0_121_ROM_AUTO_1R.v"]"\
## "[file normalize "$origin_dir/MVAU_hls_3_Matrix_Vector_Activate_Stream_Batch_p_ZL7threshs_0_122_ROM_AUTO_1R.v"]"\
## "[file normalize "$origin_dir/MVAU_hls_3_Matrix_Vector_Activate_Stream_Batch_p_ZL7threshs_0_123_ROM_AUTO_1R.v"]"\
## "[file normalize "$origin_dir/MVAU_hls_3_Matrix_Vector_Activate_Stream_Batch_p_ZL7threshs_0_124_ROM_AUTO_1R.v"]"\
## "[file normalize "$origin_dir/MVAU_hls_3_Matrix_Vector_Activate_Stream_Batch_p_ZL7threshs_0_125_ROM_AUTO_1R.v"]"\
## "[file normalize "$origin_dir/MVAU_hls_3_Matrix_Vector_Activate_Stream_Batch_p_ZL7threshs_0_126_ROM_AUTO_1R.v"]"\
## "[file normalize "$origin_dir/MVAU_hls_3_Matrix_Vector_Activate_Stream_Batch_p_ZL7threshs_0_127_ROM_AUTO_1R.v"]"\
## "[file normalize "$origin_dir/MVAU_hls_3_Matrix_Vector_Activate_Stream_Batch_p_ZL7threshs_0_128_ROM_AUTO_1R.v"]"\
## "[file normalize "$origin_dir/MVAU_hls_3_Matrix_Vector_Activate_Stream_Batch_p_ZL7threshs_0_129_ROM_AUTO_1R.v"]"\
## "[file normalize "$origin_dir/MVAU_hls_3_Matrix_Vector_Activate_Stream_Batch_p_ZL7threshs_0_12_ROM_AUTO_1R.v"]"\
## "[file normalize "$origin_dir/MVAU_hls_3_Matrix_Vector_Activate_Stream_Batch_p_ZL7threshs_0_130_ROM_AUTO_1R.v"]"\
## "[file normalize "$origin_dir/MVAU_hls_3_Matrix_Vector_Activate_Stream_Batch_p_ZL7threshs_0_131_ROM_AUTO_1R.v"]"\
## "[file normalize "$origin_dir/MVAU_hls_3_Matrix_Vector_Activate_Stream_Batch_p_ZL7threshs_0_132_ROM_AUTO_1R.v"]"\
## "[file normalize "$origin_dir/MVAU_hls_3_Matrix_Vector_Activate_Stream_Batch_p_ZL7threshs_0_133_ROM_AUTO_1R.v"]"\
## "[file normalize "$origin_dir/MVAU_hls_3_Matrix_Vector_Activate_Stream_Batch_p_ZL7threshs_0_134_ROM_AUTO_1R.v"]"\
## "[file normalize "$origin_dir/MVAU_hls_3_Matrix_Vector_Activate_Stream_Batch_p_ZL7threshs_0_135_ROM_AUTO_1R.v"]"\
## "[file normalize "$origin_dir/MVAU_hls_3_Matrix_Vector_Activate_Stream_Batch_p_ZL7threshs_0_136_ROM_AUTO_1R.v"]"\
## "[file normalize "$origin_dir/MVAU_hls_3_Matrix_Vector_Activate_Stream_Batch_p_ZL7threshs_0_137_ROM_AUTO_1R.v"]"\
## "[file normalize "$origin_dir/MVAU_hls_3_Matrix_Vector_Activate_Stream_Batch_p_ZL7threshs_0_138_ROM_AUTO_1R.v"]"\
## "[file normalize "$origin_dir/MVAU_hls_3_Matrix_Vector_Activate_Stream_Batch_p_ZL7threshs_0_139_ROM_AUTO_1R.v"]"\
## "[file normalize "$origin_dir/MVAU_hls_3_Matrix_Vector_Activate_Stream_Batch_p_ZL7threshs_0_13_ROM_AUTO_1R.v"]"\
## "[file normalize "$origin_dir/MVAU_hls_3_Matrix_Vector_Activate_Stream_Batch_p_ZL7threshs_0_140_ROM_AUTO_1R.v"]"\
## "[file normalize "$origin_dir/MVAU_hls_3_Matrix_Vector_Activate_Stream_Batch_p_ZL7threshs_0_141_ROM_AUTO_1R.v"]"\
## "[file normalize "$origin_dir/MVAU_hls_3_Matrix_Vector_Activate_Stream_Batch_p_ZL7threshs_0_142_ROM_AUTO_1R.v"]"\
## "[file normalize "$origin_dir/MVAU_hls_3_Matrix_Vector_Activate_Stream_Batch_p_ZL7threshs_0_143_ROM_AUTO_1R.v"]"\
## "[file normalize "$origin_dir/MVAU_hls_3_Matrix_Vector_Activate_Stream_Batch_p_ZL7threshs_0_144_ROM_AUTO_1R.v"]"\
## "[file normalize "$origin_dir/MVAU_hls_3_Matrix_Vector_Activate_Stream_Batch_p_ZL7threshs_0_145_ROM_AUTO_1R.v"]"\
## "[file normalize "$origin_dir/MVAU_hls_3_Matrix_Vector_Activate_Stream_Batch_p_ZL7threshs_0_146_ROM_AUTO_1R.v"]"\
## "[file normalize "$origin_dir/MVAU_hls_3_Matrix_Vector_Activate_Stream_Batch_p_ZL7threshs_0_147_ROM_AUTO_1R.v"]"\
## "[file normalize "$origin_dir/MVAU_hls_3_Matrix_Vector_Activate_Stream_Batch_p_ZL7threshs_0_148_ROM_AUTO_1R.v"]"\
## "[file normalize "$origin_dir/MVAU_hls_3_Matrix_Vector_Activate_Stream_Batch_p_ZL7threshs_0_149_ROM_AUTO_1R.v"]"\
## "[file normalize "$origin_dir/MVAU_hls_3_Matrix_Vector_Activate_Stream_Batch_p_ZL7threshs_0_14_ROM_AUTO_1R.v"]"\
## "[file normalize "$origin_dir/MVAU_hls_3_Matrix_Vector_Activate_Stream_Batch_p_ZL7threshs_0_150_ROM_AUTO_1R.v"]"\
## "[file normalize "$origin_dir/MVAU_hls_3_Matrix_Vector_Activate_Stream_Batch_p_ZL7threshs_0_151_ROM_AUTO_1R.v"]"\
## "[file normalize "$origin_dir/MVAU_hls_3_Matrix_Vector_Activate_Stream_Batch_p_ZL7threshs_0_152_ROM_AUTO_1R.v"]"\
## "[file normalize "$origin_dir/MVAU_hls_3_Matrix_Vector_Activate_Stream_Batch_p_ZL7threshs_0_153_ROM_AUTO_1R.v"]"\
## "[file normalize "$origin_dir/MVAU_hls_3_Matrix_Vector_Activate_Stream_Batch_p_ZL7threshs_0_154_ROM_AUTO_1R.v"]"\
## "[file normalize "$origin_dir/MVAU_hls_3_Matrix_Vector_Activate_Stream_Batch_p_ZL7threshs_0_155_ROM_AUTO_1R.v"]"\
## "[file normalize "$origin_dir/MVAU_hls_3_Matrix_Vector_Activate_Stream_Batch_p_ZL7threshs_0_156_ROM_AUTO_1R.v"]"\
## "[file normalize "$origin_dir/MVAU_hls_3_Matrix_Vector_Activate_Stream_Batch_p_ZL7threshs_0_157_ROM_AUTO_1R.v"]"\
## "[file normalize "$origin_dir/MVAU_hls_3_Matrix_Vector_Activate_Stream_Batch_p_ZL7threshs_0_158_ROM_AUTO_1R.v"]"\
## "[file normalize "$origin_dir/MVAU_hls_3_Matrix_Vector_Activate_Stream_Batch_p_ZL7threshs_0_159_ROM_AUTO_1R.v"]"\
## "[file normalize "$origin_dir/MVAU_hls_3_Matrix_Vector_Activate_Stream_Batch_p_ZL7threshs_0_15_ROM_AUTO_1R.v"]"\
## "[file normalize "$origin_dir/MVAU_hls_3_Matrix_Vector_Activate_Stream_Batch_p_ZL7threshs_0_160_ROM_AUTO_1R.v"]"\
## "[file normalize "$origin_dir/MVAU_hls_3_Matrix_Vector_Activate_Stream_Batch_p_ZL7threshs_0_161_ROM_AUTO_1R.v"]"\
## "[file normalize "$origin_dir/MVAU_hls_3_Matrix_Vector_Activate_Stream_Batch_p_ZL7threshs_0_162_ROM_AUTO_1R.v"]"\
## "[file normalize "$origin_dir/MVAU_hls_3_Matrix_Vector_Activate_Stream_Batch_p_ZL7threshs_0_163_ROM_AUTO_1R.v"]"\
## "[file normalize "$origin_dir/MVAU_hls_3_Matrix_Vector_Activate_Stream_Batch_p_ZL7threshs_0_164_ROM_AUTO_1R.v"]"\
## "[file normalize "$origin_dir/MVAU_hls_3_Matrix_Vector_Activate_Stream_Batch_p_ZL7threshs_0_165_ROM_AUTO_1R.v"]"\
## "[file normalize "$origin_dir/MVAU_hls_3_Matrix_Vector_Activate_Stream_Batch_p_ZL7threshs_0_166_ROM_AUTO_1R.v"]"\
## "[file normalize "$origin_dir/MVAU_hls_3_Matrix_Vector_Activate_Stream_Batch_p_ZL7threshs_0_167_ROM_AUTO_1R.v"]"\
## "[file normalize "$origin_dir/MVAU_hls_3_Matrix_Vector_Activate_Stream_Batch_p_ZL7threshs_0_168_ROM_AUTO_1R.v"]"\
## "[file normalize "$origin_dir/MVAU_hls_3_Matrix_Vector_Activate_Stream_Batch_p_ZL7threshs_0_169_ROM_AUTO_1R.v"]"\
## "[file normalize "$origin_dir/MVAU_hls_3_Matrix_Vector_Activate_Stream_Batch_p_ZL7threshs_0_16_ROM_AUTO_1R.v"]"\
## "[file normalize "$origin_dir/MVAU_hls_3_Matrix_Vector_Activate_Stream_Batch_p_ZL7threshs_0_170_ROM_AUTO_1R.v"]"\
## "[file normalize "$origin_dir/MVAU_hls_3_Matrix_Vector_Activate_Stream_Batch_p_ZL7threshs_0_171_ROM_AUTO_1R.v"]"\
## "[file normalize "$origin_dir/MVAU_hls_3_Matrix_Vector_Activate_Stream_Batch_p_ZL7threshs_0_172_ROM_AUTO_1R.v"]"\
## "[file normalize "$origin_dir/MVAU_hls_3_Matrix_Vector_Activate_Stream_Batch_p_ZL7threshs_0_173_ROM_AUTO_1R.v"]"\
## "[file normalize "$origin_dir/MVAU_hls_3_Matrix_Vector_Activate_Stream_Batch_p_ZL7threshs_0_174_ROM_AUTO_1R.v"]"\
## "[file normalize "$origin_dir/MVAU_hls_3_Matrix_Vector_Activate_Stream_Batch_p_ZL7threshs_0_175_ROM_AUTO_1R.v"]"\
## "[file normalize "$origin_dir/MVAU_hls_3_Matrix_Vector_Activate_Stream_Batch_p_ZL7threshs_0_176_ROM_AUTO_1R.v"]"\
## "[file normalize "$origin_dir/MVAU_hls_3_Matrix_Vector_Activate_Stream_Batch_p_ZL7threshs_0_177_ROM_AUTO_1R.v"]"\
## "[file normalize "$origin_dir/MVAU_hls_3_Matrix_Vector_Activate_Stream_Batch_p_ZL7threshs_0_178_ROM_AUTO_1R.v"]"\
## "[file normalize "$origin_dir/MVAU_hls_3_Matrix_Vector_Activate_Stream_Batch_p_ZL7threshs_0_179_ROM_AUTO_1R.v"]"\
## "[file normalize "$origin_dir/MVAU_hls_3_Matrix_Vector_Activate_Stream_Batch_p_ZL7threshs_0_17_ROM_AUTO_1R.v"]"\
## "[file normalize "$origin_dir/MVAU_hls_3_Matrix_Vector_Activate_Stream_Batch_p_ZL7threshs_0_180_ROM_AUTO_1R.v"]"\
## "[file normalize "$origin_dir/MVAU_hls_3_Matrix_Vector_Activate_Stream_Batch_p_ZL7threshs_0_181_ROM_AUTO_1R.v"]"\
## "[file normalize "$origin_dir/MVAU_hls_3_Matrix_Vector_Activate_Stream_Batch_p_ZL7threshs_0_182_ROM_AUTO_1R.v"]"\
## "[file normalize "$origin_dir/MVAU_hls_3_Matrix_Vector_Activate_Stream_Batch_p_ZL7threshs_0_183_ROM_AUTO_1R.v"]"\
## "[file normalize "$origin_dir/MVAU_hls_3_Matrix_Vector_Activate_Stream_Batch_p_ZL7threshs_0_184_ROM_AUTO_1R.v"]"\
## "[file normalize "$origin_dir/MVAU_hls_3_Matrix_Vector_Activate_Stream_Batch_p_ZL7threshs_0_185_ROM_AUTO_1R.v"]"\
## "[file normalize "$origin_dir/MVAU_hls_3_Matrix_Vector_Activate_Stream_Batch_p_ZL7threshs_0_186_ROM_AUTO_1R.v"]"\
## "[file normalize "$origin_dir/MVAU_hls_3_Matrix_Vector_Activate_Stream_Batch_p_ZL7threshs_0_187_ROM_AUTO_1R.v"]"\
## "[file normalize "$origin_dir/MVAU_hls_3_Matrix_Vector_Activate_Stream_Batch_p_ZL7threshs_0_188_ROM_AUTO_1R.v"]"\
## "[file normalize "$origin_dir/MVAU_hls_3_Matrix_Vector_Activate_Stream_Batch_p_ZL7threshs_0_189_ROM_AUTO_1R.v"]"\
## "[file normalize "$origin_dir/MVAU_hls_3_Matrix_Vector_Activate_Stream_Batch_p_ZL7threshs_0_18_ROM_AUTO_1R.v"]"\
## "[file normalize "$origin_dir/MVAU_hls_3_Matrix_Vector_Activate_Stream_Batch_p_ZL7threshs_0_190_ROM_AUTO_1R.v"]"\
## "[file normalize "$origin_dir/MVAU_hls_3_Matrix_Vector_Activate_Stream_Batch_p_ZL7threshs_0_191_ROM_AUTO_1R.v"]"\
## "[file normalize "$origin_dir/MVAU_hls_3_Matrix_Vector_Activate_Stream_Batch_p_ZL7threshs_0_192_ROM_AUTO_1R.v"]"\
## "[file normalize "$origin_dir/MVAU_hls_3_Matrix_Vector_Activate_Stream_Batch_p_ZL7threshs_0_193_ROM_AUTO_1R.v"]"\
## "[file normalize "$origin_dir/MVAU_hls_3_Matrix_Vector_Activate_Stream_Batch_p_ZL7threshs_0_194_ROM_AUTO_1R.v"]"\
## "[file normalize "$origin_dir/MVAU_hls_3_Matrix_Vector_Activate_Stream_Batch_p_ZL7threshs_0_195_ROM_AUTO_1R.v"]"\
## "[file normalize "$origin_dir/MVAU_hls_3_Matrix_Vector_Activate_Stream_Batch_p_ZL7threshs_0_196_ROM_AUTO_1R.v"]"\
## "[file normalize "$origin_dir/MVAU_hls_3_Matrix_Vector_Activate_Stream_Batch_p_ZL7threshs_0_197_ROM_AUTO_1R.v"]"\
## "[file normalize "$origin_dir/MVAU_hls_3_Matrix_Vector_Activate_Stream_Batch_p_ZL7threshs_0_198_ROM_AUTO_1R.v"]"\
## "[file normalize "$origin_dir/MVAU_hls_3_Matrix_Vector_Activate_Stream_Batch_p_ZL7threshs_0_199_ROM_AUTO_1R.v"]"\
## "[file normalize "$origin_dir/MVAU_hls_3_Matrix_Vector_Activate_Stream_Batch_p_ZL7threshs_0_19_ROM_AUTO_1R.v"]"\
## "[file normalize "$origin_dir/MVAU_hls_3_Matrix_Vector_Activate_Stream_Batch_p_ZL7threshs_0_1_ROM_AUTO_1R.v"]"\
## "[file normalize "$origin_dir/MVAU_hls_3_Matrix_Vector_Activate_Stream_Batch_p_ZL7threshs_0_200_ROM_AUTO_1R.v"]"\
## "[file normalize "$origin_dir/MVAU_hls_3_Matrix_Vector_Activate_Stream_Batch_p_ZL7threshs_0_201_ROM_AUTO_1R.v"]"\
## "[file normalize "$origin_dir/MVAU_hls_3_Matrix_Vector_Activate_Stream_Batch_p_ZL7threshs_0_202_ROM_AUTO_1R.v"]"\
## "[file normalize "$origin_dir/MVAU_hls_3_Matrix_Vector_Activate_Stream_Batch_p_ZL7threshs_0_203_ROM_AUTO_1R.v"]"\
## "[file normalize "$origin_dir/MVAU_hls_3_Matrix_Vector_Activate_Stream_Batch_p_ZL7threshs_0_204_ROM_AUTO_1R.v"]"\
## "[file normalize "$origin_dir/MVAU_hls_3_Matrix_Vector_Activate_Stream_Batch_p_ZL7threshs_0_205_ROM_AUTO_1R.v"]"\
## "[file normalize "$origin_dir/MVAU_hls_3_Matrix_Vector_Activate_Stream_Batch_p_ZL7threshs_0_206_ROM_AUTO_1R.v"]"\
## "[file normalize "$origin_dir/MVAU_hls_3_Matrix_Vector_Activate_Stream_Batch_p_ZL7threshs_0_207_ROM_AUTO_1R.v"]"\
## "[file normalize "$origin_dir/MVAU_hls_3_Matrix_Vector_Activate_Stream_Batch_p_ZL7threshs_0_208_ROM_AUTO_1R.v"]"\
## "[file normalize "$origin_dir/MVAU_hls_3_Matrix_Vector_Activate_Stream_Batch_p_ZL7threshs_0_209_ROM_AUTO_1R.v"]"\
## "[file normalize "$origin_dir/MVAU_hls_3_Matrix_Vector_Activate_Stream_Batch_p_ZL7threshs_0_20_ROM_AUTO_1R.v"]"\
## "[file normalize "$origin_dir/MVAU_hls_3_Matrix_Vector_Activate_Stream_Batch_p_ZL7threshs_0_210_ROM_AUTO_1R.v"]"\
## "[file normalize "$origin_dir/MVAU_hls_3_Matrix_Vector_Activate_Stream_Batch_p_ZL7threshs_0_211_ROM_AUTO_1R.v"]"\
## "[file normalize "$origin_dir/MVAU_hls_3_Matrix_Vector_Activate_Stream_Batch_p_ZL7threshs_0_212_ROM_AUTO_1R.v"]"\
## "[file normalize "$origin_dir/MVAU_hls_3_Matrix_Vector_Activate_Stream_Batch_p_ZL7threshs_0_213_ROM_AUTO_1R.v"]"\
## "[file normalize "$origin_dir/MVAU_hls_3_Matrix_Vector_Activate_Stream_Batch_p_ZL7threshs_0_214_ROM_AUTO_1R.v"]"\
## "[file normalize "$origin_dir/MVAU_hls_3_Matrix_Vector_Activate_Stream_Batch_p_ZL7threshs_0_215_ROM_AUTO_1R.v"]"\
## "[file normalize "$origin_dir/MVAU_hls_3_Matrix_Vector_Activate_Stream_Batch_p_ZL7threshs_0_216_ROM_AUTO_1R.v"]"\
## "[file normalize "$origin_dir/MVAU_hls_3_Matrix_Vector_Activate_Stream_Batch_p_ZL7threshs_0_217_ROM_AUTO_1R.v"]"\
## "[file normalize "$origin_dir/MVAU_hls_3_Matrix_Vector_Activate_Stream_Batch_p_ZL7threshs_0_218_ROM_AUTO_1R.v"]"\
## "[file normalize "$origin_dir/MVAU_hls_3_Matrix_Vector_Activate_Stream_Batch_p_ZL7threshs_0_219_ROM_AUTO_1R.v"]"\
## "[file normalize "$origin_dir/MVAU_hls_3_Matrix_Vector_Activate_Stream_Batch_p_ZL7threshs_0_21_ROM_AUTO_1R.v"]"\
## "[file normalize "$origin_dir/MVAU_hls_3_Matrix_Vector_Activate_Stream_Batch_p_ZL7threshs_0_220_ROM_AUTO_1R.v"]"\
## "[file normalize "$origin_dir/MVAU_hls_3_Matrix_Vector_Activate_Stream_Batch_p_ZL7threshs_0_221_ROM_AUTO_1R.v"]"\
## "[file normalize "$origin_dir/MVAU_hls_3_Matrix_Vector_Activate_Stream_Batch_p_ZL7threshs_0_222_ROM_AUTO_1R.v"]"\
## "[file normalize "$origin_dir/MVAU_hls_3_Matrix_Vector_Activate_Stream_Batch_p_ZL7threshs_0_223_ROM_AUTO_1R.v"]"\
## "[file normalize "$origin_dir/MVAU_hls_3_Matrix_Vector_Activate_Stream_Batch_p_ZL7threshs_0_224_ROM_AUTO_1R.v"]"\
## "[file normalize "$origin_dir/MVAU_hls_3_Matrix_Vector_Activate_Stream_Batch_p_ZL7threshs_0_225_ROM_AUTO_1R.v"]"\
## "[file normalize "$origin_dir/MVAU_hls_3_Matrix_Vector_Activate_Stream_Batch_p_ZL7threshs_0_226_ROM_AUTO_1R.v"]"\
## "[file normalize "$origin_dir/MVAU_hls_3_Matrix_Vector_Activate_Stream_Batch_p_ZL7threshs_0_227_ROM_AUTO_1R.v"]"\
## "[file normalize "$origin_dir/MVAU_hls_3_Matrix_Vector_Activate_Stream_Batch_p_ZL7threshs_0_228_ROM_AUTO_1R.v"]"\
## "[file normalize "$origin_dir/MVAU_hls_3_Matrix_Vector_Activate_Stream_Batch_p_ZL7threshs_0_229_ROM_AUTO_1R.v"]"\
## "[file normalize "$origin_dir/MVAU_hls_3_Matrix_Vector_Activate_Stream_Batch_p_ZL7threshs_0_22_ROM_AUTO_1R.v"]"\
## "[file normalize "$origin_dir/MVAU_hls_3_Matrix_Vector_Activate_Stream_Batch_p_ZL7threshs_0_230_ROM_AUTO_1R.v"]"\
## "[file normalize "$origin_dir/MVAU_hls_3_Matrix_Vector_Activate_Stream_Batch_p_ZL7threshs_0_231_ROM_AUTO_1R.v"]"\
## "[file normalize "$origin_dir/MVAU_hls_3_Matrix_Vector_Activate_Stream_Batch_p_ZL7threshs_0_232_ROM_AUTO_1R.v"]"\
## "[file normalize "$origin_dir/MVAU_hls_3_Matrix_Vector_Activate_Stream_Batch_p_ZL7threshs_0_233_ROM_AUTO_1R.v"]"\
## "[file normalize "$origin_dir/MVAU_hls_3_Matrix_Vector_Activate_Stream_Batch_p_ZL7threshs_0_234_ROM_AUTO_1R.v"]"\
## "[file normalize "$origin_dir/MVAU_hls_3_Matrix_Vector_Activate_Stream_Batch_p_ZL7threshs_0_235_ROM_AUTO_1R.v"]"\
## "[file normalize "$origin_dir/MVAU_hls_3_Matrix_Vector_Activate_Stream_Batch_p_ZL7threshs_0_236_ROM_AUTO_1R.v"]"\
## "[file normalize "$origin_dir/MVAU_hls_3_Matrix_Vector_Activate_Stream_Batch_p_ZL7threshs_0_237_ROM_AUTO_1R.v"]"\
## "[file normalize "$origin_dir/MVAU_hls_3_Matrix_Vector_Activate_Stream_Batch_p_ZL7threshs_0_238_ROM_AUTO_1R.v"]"\
## "[file normalize "$origin_dir/MVAU_hls_3_Matrix_Vector_Activate_Stream_Batch_p_ZL7threshs_0_239_ROM_AUTO_1R.v"]"\
## "[file normalize "$origin_dir/MVAU_hls_3_Matrix_Vector_Activate_Stream_Batch_p_ZL7threshs_0_23_ROM_AUTO_1R.v"]"\
## "[file normalize "$origin_dir/MVAU_hls_3_Matrix_Vector_Activate_Stream_Batch_p_ZL7threshs_0_240_ROM_AUTO_1R.v"]"\
## "[file normalize "$origin_dir/MVAU_hls_3_Matrix_Vector_Activate_Stream_Batch_p_ZL7threshs_0_241_ROM_AUTO_1R.v"]"\
## "[file normalize "$origin_dir/MVAU_hls_3_Matrix_Vector_Activate_Stream_Batch_p_ZL7threshs_0_242_ROM_AUTO_1R.v"]"\
## "[file normalize "$origin_dir/MVAU_hls_3_Matrix_Vector_Activate_Stream_Batch_p_ZL7threshs_0_243_ROM_AUTO_1R.v"]"\
## "[file normalize "$origin_dir/MVAU_hls_3_Matrix_Vector_Activate_Stream_Batch_p_ZL7threshs_0_244_ROM_AUTO_1R.v"]"\
## "[file normalize "$origin_dir/MVAU_hls_3_Matrix_Vector_Activate_Stream_Batch_p_ZL7threshs_0_245_ROM_AUTO_1R.v"]"\
## "[file normalize "$origin_dir/MVAU_hls_3_Matrix_Vector_Activate_Stream_Batch_p_ZL7threshs_0_246_ROM_AUTO_1R.v"]"\
## "[file normalize "$origin_dir/MVAU_hls_3_Matrix_Vector_Activate_Stream_Batch_p_ZL7threshs_0_247_ROM_AUTO_1R.v"]"\
## "[file normalize "$origin_dir/MVAU_hls_3_Matrix_Vector_Activate_Stream_Batch_p_ZL7threshs_0_248_ROM_AUTO_1R.v"]"\
## "[file normalize "$origin_dir/MVAU_hls_3_Matrix_Vector_Activate_Stream_Batch_p_ZL7threshs_0_249_ROM_AUTO_1R.v"]"\
## "[file normalize "$origin_dir/MVAU_hls_3_Matrix_Vector_Activate_Stream_Batch_p_ZL7threshs_0_24_ROM_AUTO_1R.v"]"\
## "[file normalize "$origin_dir/MVAU_hls_3_Matrix_Vector_Activate_Stream_Batch_p_ZL7threshs_0_250_ROM_AUTO_1R.v"]"\
## "[file normalize "$origin_dir/MVAU_hls_3_Matrix_Vector_Activate_Stream_Batch_p_ZL7threshs_0_251_ROM_AUTO_1R.v"]"\
## "[file normalize "$origin_dir/MVAU_hls_3_Matrix_Vector_Activate_Stream_Batch_p_ZL7threshs_0_252_ROM_AUTO_1R.v"]"\
## "[file normalize "$origin_dir/MVAU_hls_3_Matrix_Vector_Activate_Stream_Batch_p_ZL7threshs_0_253_ROM_AUTO_1R.v"]"\
## "[file normalize "$origin_dir/MVAU_hls_3_Matrix_Vector_Activate_Stream_Batch_p_ZL7threshs_0_254_ROM_AUTO_1R.v"]"\
## "[file normalize "$origin_dir/MVAU_hls_3_Matrix_Vector_Activate_Stream_Batch_p_ZL7threshs_0_25_ROM_AUTO_1R.v"]"\
## "[file normalize "$origin_dir/MVAU_hls_3_Matrix_Vector_Activate_Stream_Batch_p_ZL7threshs_0_26_ROM_AUTO_1R.v"]"\
## "[file normalize "$origin_dir/MVAU_hls_3_Matrix_Vector_Activate_Stream_Batch_p_ZL7threshs_0_27_ROM_AUTO_1R.v"]"\
## "[file normalize "$origin_dir/MVAU_hls_3_Matrix_Vector_Activate_Stream_Batch_p_ZL7threshs_0_28_ROM_AUTO_1R.v"]"\
## "[file normalize "$origin_dir/MVAU_hls_3_Matrix_Vector_Activate_Stream_Batch_p_ZL7threshs_0_29_ROM_AUTO_1R.v"]"\
## "[file normalize "$origin_dir/MVAU_hls_3_Matrix_Vector_Activate_Stream_Batch_p_ZL7threshs_0_2_ROM_AUTO_1R.v"]"\
## "[file normalize "$origin_dir/MVAU_hls_3_Matrix_Vector_Activate_Stream_Batch_p_ZL7threshs_0_30_ROM_AUTO_1R.v"]"\
## "[file normalize "$origin_dir/MVAU_hls_3_Matrix_Vector_Activate_Stream_Batch_p_ZL7threshs_0_31_ROM_AUTO_1R.v"]"\
## "[file normalize "$origin_dir/MVAU_hls_3_Matrix_Vector_Activate_Stream_Batch_p_ZL7threshs_0_32_ROM_AUTO_1R.v"]"\
## "[file normalize "$origin_dir/MVAU_hls_3_Matrix_Vector_Activate_Stream_Batch_p_ZL7threshs_0_33_ROM_AUTO_1R.v"]"\
## "[file normalize "$origin_dir/MVAU_hls_3_Matrix_Vector_Activate_Stream_Batch_p_ZL7threshs_0_34_ROM_AUTO_1R.v"]"\
## "[file normalize "$origin_dir/MVAU_hls_3_Matrix_Vector_Activate_Stream_Batch_p_ZL7threshs_0_35_ROM_AUTO_1R.v"]"\
## "[file normalize "$origin_dir/MVAU_hls_3_Matrix_Vector_Activate_Stream_Batch_p_ZL7threshs_0_36_ROM_AUTO_1R.v"]"\
## "[file normalize "$origin_dir/MVAU_hls_3_Matrix_Vector_Activate_Stream_Batch_p_ZL7threshs_0_37_ROM_AUTO_1R.v"]"\
## "[file normalize "$origin_dir/MVAU_hls_3_Matrix_Vector_Activate_Stream_Batch_p_ZL7threshs_0_38_ROM_AUTO_1R.v"]"\
## "[file normalize "$origin_dir/MVAU_hls_3_Matrix_Vector_Activate_Stream_Batch_p_ZL7threshs_0_39_ROM_AUTO_1R.v"]"\
## "[file normalize "$origin_dir/MVAU_hls_3_Matrix_Vector_Activate_Stream_Batch_p_ZL7threshs_0_3_ROM_AUTO_1R.v"]"\
## "[file normalize "$origin_dir/MVAU_hls_3_Matrix_Vector_Activate_Stream_Batch_p_ZL7threshs_0_40_ROM_AUTO_1R.v"]"\
## "[file normalize "$origin_dir/MVAU_hls_3_Matrix_Vector_Activate_Stream_Batch_p_ZL7threshs_0_41_ROM_AUTO_1R.v"]"\
## "[file normalize "$origin_dir/MVAU_hls_3_Matrix_Vector_Activate_Stream_Batch_p_ZL7threshs_0_42_ROM_AUTO_1R.v"]"\
## "[file normalize "$origin_dir/MVAU_hls_3_Matrix_Vector_Activate_Stream_Batch_p_ZL7threshs_0_43_ROM_AUTO_1R.v"]"\
## "[file normalize "$origin_dir/MVAU_hls_3_Matrix_Vector_Activate_Stream_Batch_p_ZL7threshs_0_44_ROM_AUTO_1R.v"]"\
## "[file normalize "$origin_dir/MVAU_hls_3_Matrix_Vector_Activate_Stream_Batch_p_ZL7threshs_0_45_ROM_AUTO_1R.v"]"\
## "[file normalize "$origin_dir/MVAU_hls_3_Matrix_Vector_Activate_Stream_Batch_p_ZL7threshs_0_46_ROM_AUTO_1R.v"]"\
## "[file normalize "$origin_dir/MVAU_hls_3_Matrix_Vector_Activate_Stream_Batch_p_ZL7threshs_0_47_ROM_AUTO_1R.v"]"\
## "[file normalize "$origin_dir/MVAU_hls_3_Matrix_Vector_Activate_Stream_Batch_p_ZL7threshs_0_48_ROM_AUTO_1R.v"]"\
## "[file normalize "$origin_dir/MVAU_hls_3_Matrix_Vector_Activate_Stream_Batch_p_ZL7threshs_0_49_ROM_AUTO_1R.v"]"\
## "[file normalize "$origin_dir/MVAU_hls_3_Matrix_Vector_Activate_Stream_Batch_p_ZL7threshs_0_4_ROM_AUTO_1R.v"]"\
## "[file normalize "$origin_dir/MVAU_hls_3_Matrix_Vector_Activate_Stream_Batch_p_ZL7threshs_0_50_ROM_AUTO_1R.v"]"\
## "[file normalize "$origin_dir/MVAU_hls_3_Matrix_Vector_Activate_Stream_Batch_p_ZL7threshs_0_51_ROM_AUTO_1R.v"]"\
## "[file normalize "$origin_dir/MVAU_hls_3_Matrix_Vector_Activate_Stream_Batch_p_ZL7threshs_0_52_ROM_AUTO_1R.v"]"\
## "[file normalize "$origin_dir/MVAU_hls_3_Matrix_Vector_Activate_Stream_Batch_p_ZL7threshs_0_53_ROM_AUTO_1R.v"]"\
## "[file normalize "$origin_dir/MVAU_hls_3_Matrix_Vector_Activate_Stream_Batch_p_ZL7threshs_0_54_ROM_AUTO_1R.v"]"\
## "[file normalize "$origin_dir/MVAU_hls_3_Matrix_Vector_Activate_Stream_Batch_p_ZL7threshs_0_55_ROM_AUTO_1R.v"]"\
## "[file normalize "$origin_dir/MVAU_hls_3_Matrix_Vector_Activate_Stream_Batch_p_ZL7threshs_0_56_ROM_AUTO_1R.v"]"\
## "[file normalize "$origin_dir/MVAU_hls_3_Matrix_Vector_Activate_Stream_Batch_p_ZL7threshs_0_57_ROM_AUTO_1R.v"]"\
## "[file normalize "$origin_dir/MVAU_hls_3_Matrix_Vector_Activate_Stream_Batch_p_ZL7threshs_0_58_ROM_AUTO_1R.v"]"\
## "[file normalize "$origin_dir/MVAU_hls_3_Matrix_Vector_Activate_Stream_Batch_p_ZL7threshs_0_59_ROM_AUTO_1R.v"]"\
## "[file normalize "$origin_dir/MVAU_hls_3_Matrix_Vector_Activate_Stream_Batch_p_ZL7threshs_0_5_ROM_AUTO_1R.v"]"\
## "[file normalize "$origin_dir/MVAU_hls_3_Matrix_Vector_Activate_Stream_Batch_p_ZL7threshs_0_60_ROM_AUTO_1R.v"]"\
## "[file normalize "$origin_dir/MVAU_hls_3_Matrix_Vector_Activate_Stream_Batch_p_ZL7threshs_0_61_ROM_AUTO_1R.v"]"\
## "[file normalize "$origin_dir/MVAU_hls_3_Matrix_Vector_Activate_Stream_Batch_p_ZL7threshs_0_62_ROM_AUTO_1R.v"]"\
## "[file normalize "$origin_dir/MVAU_hls_3_Matrix_Vector_Activate_Stream_Batch_p_ZL7threshs_0_63_ROM_AUTO_1R.v"]"\
## "[file normalize "$origin_dir/MVAU_hls_3_Matrix_Vector_Activate_Stream_Batch_p_ZL7threshs_0_64_ROM_AUTO_1R.v"]"\
## "[file normalize "$origin_dir/MVAU_hls_3_Matrix_Vector_Activate_Stream_Batch_p_ZL7threshs_0_65_ROM_AUTO_1R.v"]"\
## "[file normalize "$origin_dir/MVAU_hls_3_Matrix_Vector_Activate_Stream_Batch_p_ZL7threshs_0_66_ROM_AUTO_1R.v"]"\
## "[file normalize "$origin_dir/MVAU_hls_3_Matrix_Vector_Activate_Stream_Batch_p_ZL7threshs_0_67_ROM_AUTO_1R.v"]"\
## "[file normalize "$origin_dir/MVAU_hls_3_Matrix_Vector_Activate_Stream_Batch_p_ZL7threshs_0_68_ROM_AUTO_1R.v"]"\
## "[file normalize "$origin_dir/MVAU_hls_3_Matrix_Vector_Activate_Stream_Batch_p_ZL7threshs_0_69_ROM_AUTO_1R.v"]"\
## "[file normalize "$origin_dir/MVAU_hls_3_Matrix_Vector_Activate_Stream_Batch_p_ZL7threshs_0_6_ROM_AUTO_1R.v"]"\
## "[file normalize "$origin_dir/MVAU_hls_3_Matrix_Vector_Activate_Stream_Batch_p_ZL7threshs_0_70_ROM_AUTO_1R.v"]"\
## "[file normalize "$origin_dir/MVAU_hls_3_Matrix_Vector_Activate_Stream_Batch_p_ZL7threshs_0_71_ROM_AUTO_1R.v"]"\
## "[file normalize "$origin_dir/MVAU_hls_3_Matrix_Vector_Activate_Stream_Batch_p_ZL7threshs_0_72_ROM_AUTO_1R.v"]"\
## "[file normalize "$origin_dir/MVAU_hls_3_Matrix_Vector_Activate_Stream_Batch_p_ZL7threshs_0_73_ROM_AUTO_1R.v"]"\
## "[file normalize "$origin_dir/MVAU_hls_3_Matrix_Vector_Activate_Stream_Batch_p_ZL7threshs_0_74_ROM_AUTO_1R.v"]"\
## "[file normalize "$origin_dir/MVAU_hls_3_Matrix_Vector_Activate_Stream_Batch_p_ZL7threshs_0_75_ROM_AUTO_1R.v"]"\
## "[file normalize "$origin_dir/MVAU_hls_3_Matrix_Vector_Activate_Stream_Batch_p_ZL7threshs_0_76_ROM_AUTO_1R.v"]"\
## "[file normalize "$origin_dir/MVAU_hls_3_Matrix_Vector_Activate_Stream_Batch_p_ZL7threshs_0_77_ROM_AUTO_1R.v"]"\
## "[file normalize "$origin_dir/MVAU_hls_3_Matrix_Vector_Activate_Stream_Batch_p_ZL7threshs_0_78_ROM_AUTO_1R.v"]"\
## "[file normalize "$origin_dir/MVAU_hls_3_Matrix_Vector_Activate_Stream_Batch_p_ZL7threshs_0_79_ROM_AUTO_1R.v"]"\
## "[file normalize "$origin_dir/MVAU_hls_3_Matrix_Vector_Activate_Stream_Batch_p_ZL7threshs_0_7_ROM_AUTO_1R.v"]"\
## "[file normalize "$origin_dir/MVAU_hls_3_Matrix_Vector_Activate_Stream_Batch_p_ZL7threshs_0_80_ROM_AUTO_1R.v"]"\
## "[file normalize "$origin_dir/MVAU_hls_3_Matrix_Vector_Activate_Stream_Batch_p_ZL7threshs_0_81_ROM_AUTO_1R.v"]"\
## "[file normalize "$origin_dir/MVAU_hls_3_Matrix_Vector_Activate_Stream_Batch_p_ZL7threshs_0_82_ROM_AUTO_1R.v"]"\
## "[file normalize "$origin_dir/MVAU_hls_3_Matrix_Vector_Activate_Stream_Batch_p_ZL7threshs_0_83_ROM_AUTO_1R.v"]"\
## "[file normalize "$origin_dir/MVAU_hls_3_Matrix_Vector_Activate_Stream_Batch_p_ZL7threshs_0_84_ROM_AUTO_1R.v"]"\
## "[file normalize "$origin_dir/MVAU_hls_3_Matrix_Vector_Activate_Stream_Batch_p_ZL7threshs_0_85_ROM_AUTO_1R.v"]"\
## "[file normalize "$origin_dir/MVAU_hls_3_Matrix_Vector_Activate_Stream_Batch_p_ZL7threshs_0_86_ROM_AUTO_1R.v"]"\
## "[file normalize "$origin_dir/MVAU_hls_3_Matrix_Vector_Activate_Stream_Batch_p_ZL7threshs_0_87_ROM_AUTO_1R.v"]"\
## "[file normalize "$origin_dir/MVAU_hls_3_Matrix_Vector_Activate_Stream_Batch_p_ZL7threshs_0_88_ROM_AUTO_1R.v"]"\
## "[file normalize "$origin_dir/MVAU_hls_3_Matrix_Vector_Activate_Stream_Batch_p_ZL7threshs_0_89_ROM_AUTO_1R.v"]"\
## "[file normalize "$origin_dir/MVAU_hls_3_Matrix_Vector_Activate_Stream_Batch_p_ZL7threshs_0_8_ROM_AUTO_1R.v"]"\
## "[file normalize "$origin_dir/MVAU_hls_3_Matrix_Vector_Activate_Stream_Batch_p_ZL7threshs_0_90_ROM_AUTO_1R.v"]"\
## "[file normalize "$origin_dir/MVAU_hls_3_Matrix_Vector_Activate_Stream_Batch_p_ZL7threshs_0_91_ROM_AUTO_1R.v"]"\
## "[file normalize "$origin_dir/MVAU_hls_3_Matrix_Vector_Activate_Stream_Batch_p_ZL7threshs_0_92_ROM_AUTO_1R.v"]"\
## "[file normalize "$origin_dir/MVAU_hls_3_Matrix_Vector_Activate_Stream_Batch_p_ZL7threshs_0_93_ROM_AUTO_1R.v"]"\
## "[file normalize "$origin_dir/MVAU_hls_3_Matrix_Vector_Activate_Stream_Batch_p_ZL7threshs_0_94_ROM_AUTO_1R.v"]"\
## "[file normalize "$origin_dir/MVAU_hls_3_Matrix_Vector_Activate_Stream_Batch_p_ZL7threshs_0_95_ROM_AUTO_1R.v"]"\
## "[file normalize "$origin_dir/MVAU_hls_3_Matrix_Vector_Activate_Stream_Batch_p_ZL7threshs_0_96_ROM_AUTO_1R.v"]"\
## "[file normalize "$origin_dir/MVAU_hls_3_Matrix_Vector_Activate_Stream_Batch_p_ZL7threshs_0_97_ROM_AUTO_1R.v"]"\
## "[file normalize "$origin_dir/MVAU_hls_3_Matrix_Vector_Activate_Stream_Batch_p_ZL7threshs_0_98_ROM_AUTO_1R.v"]"\
## "[file normalize "$origin_dir/MVAU_hls_3_Matrix_Vector_Activate_Stream_Batch_p_ZL7threshs_0_99_ROM_AUTO_1R.v"]"\
## "[file normalize "$origin_dir/MVAU_hls_3_Matrix_Vector_Activate_Stream_Batch_p_ZL7threshs_0_9_ROM_AUTO_1R.v"]"\
## "[file normalize "$origin_dir/MVAU_hls_3_Matrix_Vector_Activate_Stream_Batch_p_ZL7threshs_1_0_ROM_AUTO_1R.v"]"\
## "[file normalize "$origin_dir/MVAU_hls_3_Matrix_Vector_Activate_Stream_Batch_p_ZL7threshs_1_100_ROM_AUTO_1R.v"]"\
## "[file normalize "$origin_dir/MVAU_hls_3_Matrix_Vector_Activate_Stream_Batch_p_ZL7threshs_1_101_ROM_AUTO_1R.v"]"\
## "[file normalize "$origin_dir/MVAU_hls_3_Matrix_Vector_Activate_Stream_Batch_p_ZL7threshs_1_102_ROM_AUTO_1R.v"]"\
## "[file normalize "$origin_dir/MVAU_hls_3_Matrix_Vector_Activate_Stream_Batch_p_ZL7threshs_1_103_ROM_AUTO_1R.v"]"\
## "[file normalize "$origin_dir/MVAU_hls_3_Matrix_Vector_Activate_Stream_Batch_p_ZL7threshs_1_104_ROM_AUTO_1R.v"]"\
## "[file normalize "$origin_dir/MVAU_hls_3_Matrix_Vector_Activate_Stream_Batch_p_ZL7threshs_1_105_ROM_AUTO_1R.v"]"\
## "[file normalize "$origin_dir/MVAU_hls_3_Matrix_Vector_Activate_Stream_Batch_p_ZL7threshs_1_106_ROM_AUTO_1R.v"]"\
## "[file normalize "$origin_dir/MVAU_hls_3_Matrix_Vector_Activate_Stream_Batch_p_ZL7threshs_1_107_ROM_AUTO_1R.v"]"\
## "[file normalize "$origin_dir/MVAU_hls_3_Matrix_Vector_Activate_Stream_Batch_p_ZL7threshs_1_108_ROM_AUTO_1R.v"]"\
## "[file normalize "$origin_dir/MVAU_hls_3_Matrix_Vector_Activate_Stream_Batch_p_ZL7threshs_1_109_ROM_AUTO_1R.v"]"\
## "[file normalize "$origin_dir/MVAU_hls_3_Matrix_Vector_Activate_Stream_Batch_p_ZL7threshs_1_10_ROM_AUTO_1R.v"]"\
## "[file normalize "$origin_dir/MVAU_hls_3_Matrix_Vector_Activate_Stream_Batch_p_ZL7threshs_1_110_ROM_AUTO_1R.v"]"\
## "[file normalize "$origin_dir/MVAU_hls_3_Matrix_Vector_Activate_Stream_Batch_p_ZL7threshs_1_111_ROM_AUTO_1R.v"]"\
## "[file normalize "$origin_dir/MVAU_hls_3_Matrix_Vector_Activate_Stream_Batch_p_ZL7threshs_1_112_ROM_AUTO_1R.v"]"\
## "[file normalize "$origin_dir/MVAU_hls_3_Matrix_Vector_Activate_Stream_Batch_p_ZL7threshs_1_113_ROM_AUTO_1R.v"]"\
## "[file normalize "$origin_dir/MVAU_hls_3_Matrix_Vector_Activate_Stream_Batch_p_ZL7threshs_1_114_ROM_AUTO_1R.v"]"\
## "[file normalize "$origin_dir/MVAU_hls_3_Matrix_Vector_Activate_Stream_Batch_p_ZL7threshs_1_115_ROM_AUTO_1R.v"]"\
## "[file normalize "$origin_dir/MVAU_hls_3_Matrix_Vector_Activate_Stream_Batch_p_ZL7threshs_1_116_ROM_AUTO_1R.v"]"\
## "[file normalize "$origin_dir/MVAU_hls_3_Matrix_Vector_Activate_Stream_Batch_p_ZL7threshs_1_117_ROM_AUTO_1R.v"]"\
## "[file normalize "$origin_dir/MVAU_hls_3_Matrix_Vector_Activate_Stream_Batch_p_ZL7threshs_1_118_ROM_AUTO_1R.v"]"\
## "[file normalize "$origin_dir/MVAU_hls_3_Matrix_Vector_Activate_Stream_Batch_p_ZL7threshs_1_119_ROM_AUTO_1R.v"]"\
## "[file normalize "$origin_dir/MVAU_hls_3_Matrix_Vector_Activate_Stream_Batch_p_ZL7threshs_1_11_ROM_AUTO_1R.v"]"\
## "[file normalize "$origin_dir/MVAU_hls_3_Matrix_Vector_Activate_Stream_Batch_p_ZL7threshs_1_120_ROM_AUTO_1R.v"]"\
## "[file normalize "$origin_dir/MVAU_hls_3_Matrix_Vector_Activate_Stream_Batch_p_ZL7threshs_1_121_ROM_AUTO_1R.v"]"\
## "[file normalize "$origin_dir/MVAU_hls_3_Matrix_Vector_Activate_Stream_Batch_p_ZL7threshs_1_122_ROM_AUTO_1R.v"]"\
## "[file normalize "$origin_dir/MVAU_hls_3_Matrix_Vector_Activate_Stream_Batch_p_ZL7threshs_1_123_ROM_AUTO_1R.v"]"\
## "[file normalize "$origin_dir/MVAU_hls_3_Matrix_Vector_Activate_Stream_Batch_p_ZL7threshs_1_124_ROM_AUTO_1R.v"]"\
## "[file normalize "$origin_dir/MVAU_hls_3_Matrix_Vector_Activate_Stream_Batch_p_ZL7threshs_1_125_ROM_AUTO_1R.v"]"\
## "[file normalize "$origin_dir/MVAU_hls_3_Matrix_Vector_Activate_Stream_Batch_p_ZL7threshs_1_126_ROM_AUTO_1R.v"]"\
## "[file normalize "$origin_dir/MVAU_hls_3_Matrix_Vector_Activate_Stream_Batch_p_ZL7threshs_1_127_ROM_AUTO_1R.v"]"\
## "[file normalize "$origin_dir/MVAU_hls_3_Matrix_Vector_Activate_Stream_Batch_p_ZL7threshs_1_128_ROM_AUTO_1R.v"]"\
## "[file normalize "$origin_dir/MVAU_hls_3_Matrix_Vector_Activate_Stream_Batch_p_ZL7threshs_1_129_ROM_AUTO_1R.v"]"\
## "[file normalize "$origin_dir/MVAU_hls_3_Matrix_Vector_Activate_Stream_Batch_p_ZL7threshs_1_12_ROM_AUTO_1R.v"]"\
## "[file normalize "$origin_dir/MVAU_hls_3_Matrix_Vector_Activate_Stream_Batch_p_ZL7threshs_1_130_ROM_AUTO_1R.v"]"\
## "[file normalize "$origin_dir/MVAU_hls_3_Matrix_Vector_Activate_Stream_Batch_p_ZL7threshs_1_131_ROM_AUTO_1R.v"]"\
## "[file normalize "$origin_dir/MVAU_hls_3_Matrix_Vector_Activate_Stream_Batch_p_ZL7threshs_1_132_ROM_AUTO_1R.v"]"\
## "[file normalize "$origin_dir/MVAU_hls_3_Matrix_Vector_Activate_Stream_Batch_p_ZL7threshs_1_133_ROM_AUTO_1R.v"]"\
## "[file normalize "$origin_dir/MVAU_hls_3_Matrix_Vector_Activate_Stream_Batch_p_ZL7threshs_1_134_ROM_AUTO_1R.v"]"\
## "[file normalize "$origin_dir/MVAU_hls_3_Matrix_Vector_Activate_Stream_Batch_p_ZL7threshs_1_135_ROM_AUTO_1R.v"]"\
## "[file normalize "$origin_dir/MVAU_hls_3_Matrix_Vector_Activate_Stream_Batch_p_ZL7threshs_1_136_ROM_AUTO_1R.v"]"\
## "[file normalize "$origin_dir/MVAU_hls_3_Matrix_Vector_Activate_Stream_Batch_p_ZL7threshs_1_137_ROM_AUTO_1R.v"]"\
## "[file normalize "$origin_dir/MVAU_hls_3_Matrix_Vector_Activate_Stream_Batch_p_ZL7threshs_1_138_ROM_AUTO_1R.v"]"\
## "[file normalize "$origin_dir/MVAU_hls_3_Matrix_Vector_Activate_Stream_Batch_p_ZL7threshs_1_139_ROM_AUTO_1R.v"]"\
## "[file normalize "$origin_dir/MVAU_hls_3_Matrix_Vector_Activate_Stream_Batch_p_ZL7threshs_1_13_ROM_AUTO_1R.v"]"\
## "[file normalize "$origin_dir/MVAU_hls_3_Matrix_Vector_Activate_Stream_Batch_p_ZL7threshs_1_140_ROM_AUTO_1R.v"]"\
## "[file normalize "$origin_dir/MVAU_hls_3_Matrix_Vector_Activate_Stream_Batch_p_ZL7threshs_1_141_ROM_AUTO_1R.v"]"\
## "[file normalize "$origin_dir/MVAU_hls_3_Matrix_Vector_Activate_Stream_Batch_p_ZL7threshs_1_142_ROM_AUTO_1R.v"]"\
## "[file normalize "$origin_dir/MVAU_hls_3_Matrix_Vector_Activate_Stream_Batch_p_ZL7threshs_1_143_ROM_AUTO_1R.v"]"\
## "[file normalize "$origin_dir/MVAU_hls_3_Matrix_Vector_Activate_Stream_Batch_p_ZL7threshs_1_144_ROM_AUTO_1R.v"]"\
## "[file normalize "$origin_dir/MVAU_hls_3_Matrix_Vector_Activate_Stream_Batch_p_ZL7threshs_1_145_ROM_AUTO_1R.v"]"\
## "[file normalize "$origin_dir/MVAU_hls_3_Matrix_Vector_Activate_Stream_Batch_p_ZL7threshs_1_146_ROM_AUTO_1R.v"]"\
## "[file normalize "$origin_dir/MVAU_hls_3_Matrix_Vector_Activate_Stream_Batch_p_ZL7threshs_1_147_ROM_AUTO_1R.v"]"\
## "[file normalize "$origin_dir/MVAU_hls_3_Matrix_Vector_Activate_Stream_Batch_p_ZL7threshs_1_148_ROM_AUTO_1R.v"]"\
## "[file normalize "$origin_dir/MVAU_hls_3_Matrix_Vector_Activate_Stream_Batch_p_ZL7threshs_1_149_ROM_AUTO_1R.v"]"\
## "[file normalize "$origin_dir/MVAU_hls_3_Matrix_Vector_Activate_Stream_Batch_p_ZL7threshs_1_14_ROM_AUTO_1R.v"]"\
## "[file normalize "$origin_dir/MVAU_hls_3_Matrix_Vector_Activate_Stream_Batch_p_ZL7threshs_1_150_ROM_AUTO_1R.v"]"\
## "[file normalize "$origin_dir/MVAU_hls_3_Matrix_Vector_Activate_Stream_Batch_p_ZL7threshs_1_151_ROM_AUTO_1R.v"]"\
## "[file normalize "$origin_dir/MVAU_hls_3_Matrix_Vector_Activate_Stream_Batch_p_ZL7threshs_1_152_ROM_AUTO_1R.v"]"\
## "[file normalize "$origin_dir/MVAU_hls_3_Matrix_Vector_Activate_Stream_Batch_p_ZL7threshs_1_153_ROM_AUTO_1R.v"]"\
## "[file normalize "$origin_dir/MVAU_hls_3_Matrix_Vector_Activate_Stream_Batch_p_ZL7threshs_1_154_ROM_AUTO_1R.v"]"\
## "[file normalize "$origin_dir/MVAU_hls_3_Matrix_Vector_Activate_Stream_Batch_p_ZL7threshs_1_155_ROM_AUTO_1R.v"]"\
## "[file normalize "$origin_dir/MVAU_hls_3_Matrix_Vector_Activate_Stream_Batch_p_ZL7threshs_1_156_ROM_AUTO_1R.v"]"\
## "[file normalize "$origin_dir/MVAU_hls_3_Matrix_Vector_Activate_Stream_Batch_p_ZL7threshs_1_157_ROM_AUTO_1R.v"]"\
## "[file normalize "$origin_dir/MVAU_hls_3_Matrix_Vector_Activate_Stream_Batch_p_ZL7threshs_1_158_ROM_AUTO_1R.v"]"\
## "[file normalize "$origin_dir/MVAU_hls_3_Matrix_Vector_Activate_Stream_Batch_p_ZL7threshs_1_159_ROM_AUTO_1R.v"]"\
## "[file normalize "$origin_dir/MVAU_hls_3_Matrix_Vector_Activate_Stream_Batch_p_ZL7threshs_1_15_ROM_AUTO_1R.v"]"\
## "[file normalize "$origin_dir/MVAU_hls_3_Matrix_Vector_Activate_Stream_Batch_p_ZL7threshs_1_160_ROM_AUTO_1R.v"]"\
## "[file normalize "$origin_dir/MVAU_hls_3_Matrix_Vector_Activate_Stream_Batch_p_ZL7threshs_1_161_ROM_AUTO_1R.v"]"\
## "[file normalize "$origin_dir/MVAU_hls_3_Matrix_Vector_Activate_Stream_Batch_p_ZL7threshs_1_162_ROM_AUTO_1R.v"]"\
## "[file normalize "$origin_dir/MVAU_hls_3_Matrix_Vector_Activate_Stream_Batch_p_ZL7threshs_1_163_ROM_AUTO_1R.v"]"\
## "[file normalize "$origin_dir/MVAU_hls_3_Matrix_Vector_Activate_Stream_Batch_p_ZL7threshs_1_164_ROM_AUTO_1R.v"]"\
## "[file normalize "$origin_dir/MVAU_hls_3_Matrix_Vector_Activate_Stream_Batch_p_ZL7threshs_1_165_ROM_AUTO_1R.v"]"\
## "[file normalize "$origin_dir/MVAU_hls_3_Matrix_Vector_Activate_Stream_Batch_p_ZL7threshs_1_166_ROM_AUTO_1R.v"]"\
## "[file normalize "$origin_dir/MVAU_hls_3_Matrix_Vector_Activate_Stream_Batch_p_ZL7threshs_1_167_ROM_AUTO_1R.v"]"\
## "[file normalize "$origin_dir/MVAU_hls_3_Matrix_Vector_Activate_Stream_Batch_p_ZL7threshs_1_168_ROM_AUTO_1R.v"]"\
## "[file normalize "$origin_dir/MVAU_hls_3_Matrix_Vector_Activate_Stream_Batch_p_ZL7threshs_1_169_ROM_AUTO_1R.v"]"\
## "[file normalize "$origin_dir/MVAU_hls_3_Matrix_Vector_Activate_Stream_Batch_p_ZL7threshs_1_16_ROM_AUTO_1R.v"]"\
## "[file normalize "$origin_dir/MVAU_hls_3_Matrix_Vector_Activate_Stream_Batch_p_ZL7threshs_1_170_ROM_AUTO_1R.v"]"\
## "[file normalize "$origin_dir/MVAU_hls_3_Matrix_Vector_Activate_Stream_Batch_p_ZL7threshs_1_171_ROM_AUTO_1R.v"]"\
## "[file normalize "$origin_dir/MVAU_hls_3_Matrix_Vector_Activate_Stream_Batch_p_ZL7threshs_1_172_ROM_AUTO_1R.v"]"\
## "[file normalize "$origin_dir/MVAU_hls_3_Matrix_Vector_Activate_Stream_Batch_p_ZL7threshs_1_173_ROM_AUTO_1R.v"]"\
## "[file normalize "$origin_dir/MVAU_hls_3_Matrix_Vector_Activate_Stream_Batch_p_ZL7threshs_1_174_ROM_AUTO_1R.v"]"\
## "[file normalize "$origin_dir/MVAU_hls_3_Matrix_Vector_Activate_Stream_Batch_p_ZL7threshs_1_175_ROM_AUTO_1R.v"]"\
## "[file normalize "$origin_dir/MVAU_hls_3_Matrix_Vector_Activate_Stream_Batch_p_ZL7threshs_1_176_ROM_AUTO_1R.v"]"\
## "[file normalize "$origin_dir/MVAU_hls_3_Matrix_Vector_Activate_Stream_Batch_p_ZL7threshs_1_177_ROM_AUTO_1R.v"]"\
## "[file normalize "$origin_dir/MVAU_hls_3_Matrix_Vector_Activate_Stream_Batch_p_ZL7threshs_1_178_ROM_AUTO_1R.v"]"\
## "[file normalize "$origin_dir/MVAU_hls_3_Matrix_Vector_Activate_Stream_Batch_p_ZL7threshs_1_179_ROM_AUTO_1R.v"]"\
## "[file normalize "$origin_dir/MVAU_hls_3_Matrix_Vector_Activate_Stream_Batch_p_ZL7threshs_1_17_ROM_AUTO_1R.v"]"\
## "[file normalize "$origin_dir/MVAU_hls_3_Matrix_Vector_Activate_Stream_Batch_p_ZL7threshs_1_180_ROM_AUTO_1R.v"]"\
## "[file normalize "$origin_dir/MVAU_hls_3_Matrix_Vector_Activate_Stream_Batch_p_ZL7threshs_1_181_ROM_AUTO_1R.v"]"\
## "[file normalize "$origin_dir/MVAU_hls_3_Matrix_Vector_Activate_Stream_Batch_p_ZL7threshs_1_182_ROM_AUTO_1R.v"]"\
## "[file normalize "$origin_dir/MVAU_hls_3_Matrix_Vector_Activate_Stream_Batch_p_ZL7threshs_1_183_ROM_AUTO_1R.v"]"\
## "[file normalize "$origin_dir/MVAU_hls_3_Matrix_Vector_Activate_Stream_Batch_p_ZL7threshs_1_184_ROM_AUTO_1R.v"]"\
## "[file normalize "$origin_dir/MVAU_hls_3_Matrix_Vector_Activate_Stream_Batch_p_ZL7threshs_1_185_ROM_AUTO_1R.v"]"\
## "[file normalize "$origin_dir/MVAU_hls_3_Matrix_Vector_Activate_Stream_Batch_p_ZL7threshs_1_186_ROM_AUTO_1R.v"]"\
## "[file normalize "$origin_dir/MVAU_hls_3_Matrix_Vector_Activate_Stream_Batch_p_ZL7threshs_1_187_ROM_AUTO_1R.v"]"\
## "[file normalize "$origin_dir/MVAU_hls_3_Matrix_Vector_Activate_Stream_Batch_p_ZL7threshs_1_188_ROM_AUTO_1R.v"]"\
## "[file normalize "$origin_dir/MVAU_hls_3_Matrix_Vector_Activate_Stream_Batch_p_ZL7threshs_1_189_ROM_AUTO_1R.v"]"\
## "[file normalize "$origin_dir/MVAU_hls_3_Matrix_Vector_Activate_Stream_Batch_p_ZL7threshs_1_18_ROM_AUTO_1R.v"]"\
## "[file normalize "$origin_dir/MVAU_hls_3_Matrix_Vector_Activate_Stream_Batch_p_ZL7threshs_1_190_ROM_AUTO_1R.v"]"\
## "[file normalize "$origin_dir/MVAU_hls_3_Matrix_Vector_Activate_Stream_Batch_p_ZL7threshs_1_191_ROM_AUTO_1R.v"]"\
## "[file normalize "$origin_dir/MVAU_hls_3_Matrix_Vector_Activate_Stream_Batch_p_ZL7threshs_1_192_ROM_AUTO_1R.v"]"\
## "[file normalize "$origin_dir/MVAU_hls_3_Matrix_Vector_Activate_Stream_Batch_p_ZL7threshs_1_193_ROM_AUTO_1R.v"]"\
## "[file normalize "$origin_dir/MVAU_hls_3_Matrix_Vector_Activate_Stream_Batch_p_ZL7threshs_1_194_ROM_AUTO_1R.v"]"\
## "[file normalize "$origin_dir/MVAU_hls_3_Matrix_Vector_Activate_Stream_Batch_p_ZL7threshs_1_195_ROM_AUTO_1R.v"]"\
## "[file normalize "$origin_dir/MVAU_hls_3_Matrix_Vector_Activate_Stream_Batch_p_ZL7threshs_1_196_ROM_AUTO_1R.v"]"\
## "[file normalize "$origin_dir/MVAU_hls_3_Matrix_Vector_Activate_Stream_Batch_p_ZL7threshs_1_197_ROM_AUTO_1R.v"]"\
## "[file normalize "$origin_dir/MVAU_hls_3_Matrix_Vector_Activate_Stream_Batch_p_ZL7threshs_1_198_ROM_AUTO_1R.v"]"\
## "[file normalize "$origin_dir/MVAU_hls_3_Matrix_Vector_Activate_Stream_Batch_p_ZL7threshs_1_199_ROM_AUTO_1R.v"]"\
## "[file normalize "$origin_dir/MVAU_hls_3_Matrix_Vector_Activate_Stream_Batch_p_ZL7threshs_1_19_ROM_AUTO_1R.v"]"\
## "[file normalize "$origin_dir/MVAU_hls_3_Matrix_Vector_Activate_Stream_Batch_p_ZL7threshs_1_1_ROM_AUTO_1R.v"]"\
## "[file normalize "$origin_dir/MVAU_hls_3_Matrix_Vector_Activate_Stream_Batch_p_ZL7threshs_1_200_ROM_AUTO_1R.v"]"\
## "[file normalize "$origin_dir/MVAU_hls_3_Matrix_Vector_Activate_Stream_Batch_p_ZL7threshs_1_201_ROM_AUTO_1R.v"]"\
## "[file normalize "$origin_dir/MVAU_hls_3_Matrix_Vector_Activate_Stream_Batch_p_ZL7threshs_1_202_ROM_AUTO_1R.v"]"\
## "[file normalize "$origin_dir/MVAU_hls_3_Matrix_Vector_Activate_Stream_Batch_p_ZL7threshs_1_203_ROM_AUTO_1R.v"]"\
## "[file normalize "$origin_dir/MVAU_hls_3_Matrix_Vector_Activate_Stream_Batch_p_ZL7threshs_1_204_ROM_AUTO_1R.v"]"\
## "[file normalize "$origin_dir/MVAU_hls_3_Matrix_Vector_Activate_Stream_Batch_p_ZL7threshs_1_205_ROM_AUTO_1R.v"]"\
## "[file normalize "$origin_dir/MVAU_hls_3_Matrix_Vector_Activate_Stream_Batch_p_ZL7threshs_1_206_ROM_AUTO_1R.v"]"\
## "[file normalize "$origin_dir/MVAU_hls_3_Matrix_Vector_Activate_Stream_Batch_p_ZL7threshs_1_207_ROM_AUTO_1R.v"]"\
## "[file normalize "$origin_dir/MVAU_hls_3_Matrix_Vector_Activate_Stream_Batch_p_ZL7threshs_1_208_ROM_AUTO_1R.v"]"\
## "[file normalize "$origin_dir/MVAU_hls_3_Matrix_Vector_Activate_Stream_Batch_p_ZL7threshs_1_209_ROM_AUTO_1R.v"]"\
## "[file normalize "$origin_dir/MVAU_hls_3_Matrix_Vector_Activate_Stream_Batch_p_ZL7threshs_1_20_ROM_AUTO_1R.v"]"\
## "[file normalize "$origin_dir/MVAU_hls_3_Matrix_Vector_Activate_Stream_Batch_p_ZL7threshs_1_210_ROM_AUTO_1R.v"]"\
## "[file normalize "$origin_dir/MVAU_hls_3_Matrix_Vector_Activate_Stream_Batch_p_ZL7threshs_1_211_ROM_AUTO_1R.v"]"\
## "[file normalize "$origin_dir/MVAU_hls_3_Matrix_Vector_Activate_Stream_Batch_p_ZL7threshs_1_212_ROM_AUTO_1R.v"]"\
## "[file normalize "$origin_dir/MVAU_hls_3_Matrix_Vector_Activate_Stream_Batch_p_ZL7threshs_1_213_ROM_AUTO_1R.v"]"\
## "[file normalize "$origin_dir/MVAU_hls_3_Matrix_Vector_Activate_Stream_Batch_p_ZL7threshs_1_214_ROM_AUTO_1R.v"]"\
## "[file normalize "$origin_dir/MVAU_hls_3_Matrix_Vector_Activate_Stream_Batch_p_ZL7threshs_1_215_ROM_AUTO_1R.v"]"\
## "[file normalize "$origin_dir/MVAU_hls_3_Matrix_Vector_Activate_Stream_Batch_p_ZL7threshs_1_216_ROM_AUTO_1R.v"]"\
## "[file normalize "$origin_dir/MVAU_hls_3_Matrix_Vector_Activate_Stream_Batch_p_ZL7threshs_1_217_ROM_AUTO_1R.v"]"\
## "[file normalize "$origin_dir/MVAU_hls_3_Matrix_Vector_Activate_Stream_Batch_p_ZL7threshs_1_218_ROM_AUTO_1R.v"]"\
## "[file normalize "$origin_dir/MVAU_hls_3_Matrix_Vector_Activate_Stream_Batch_p_ZL7threshs_1_219_ROM_AUTO_1R.v"]"\
## "[file normalize "$origin_dir/MVAU_hls_3_Matrix_Vector_Activate_Stream_Batch_p_ZL7threshs_1_21_ROM_AUTO_1R.v"]"\
## "[file normalize "$origin_dir/MVAU_hls_3_Matrix_Vector_Activate_Stream_Batch_p_ZL7threshs_1_220_ROM_AUTO_1R.v"]"\
## "[file normalize "$origin_dir/MVAU_hls_3_Matrix_Vector_Activate_Stream_Batch_p_ZL7threshs_1_221_ROM_AUTO_1R.v"]"\
## "[file normalize "$origin_dir/MVAU_hls_3_Matrix_Vector_Activate_Stream_Batch_p_ZL7threshs_1_222_ROM_AUTO_1R.v"]"\
## "[file normalize "$origin_dir/MVAU_hls_3_Matrix_Vector_Activate_Stream_Batch_p_ZL7threshs_1_223_ROM_AUTO_1R.v"]"\
## "[file normalize "$origin_dir/MVAU_hls_3_Matrix_Vector_Activate_Stream_Batch_p_ZL7threshs_1_224_ROM_AUTO_1R.v"]"\
## "[file normalize "$origin_dir/MVAU_hls_3_Matrix_Vector_Activate_Stream_Batch_p_ZL7threshs_1_225_ROM_AUTO_1R.v"]"\
## "[file normalize "$origin_dir/MVAU_hls_3_Matrix_Vector_Activate_Stream_Batch_p_ZL7threshs_1_226_ROM_AUTO_1R.v"]"\
## "[file normalize "$origin_dir/MVAU_hls_3_Matrix_Vector_Activate_Stream_Batch_p_ZL7threshs_1_227_ROM_AUTO_1R.v"]"\
## "[file normalize "$origin_dir/MVAU_hls_3_Matrix_Vector_Activate_Stream_Batch_p_ZL7threshs_1_228_ROM_AUTO_1R.v"]"\
## "[file normalize "$origin_dir/MVAU_hls_3_Matrix_Vector_Activate_Stream_Batch_p_ZL7threshs_1_229_ROM_AUTO_1R.v"]"\
## "[file normalize "$origin_dir/MVAU_hls_3_Matrix_Vector_Activate_Stream_Batch_p_ZL7threshs_1_22_ROM_AUTO_1R.v"]"\
## "[file normalize "$origin_dir/MVAU_hls_3_Matrix_Vector_Activate_Stream_Batch_p_ZL7threshs_1_230_ROM_AUTO_1R.v"]"\
## "[file normalize "$origin_dir/MVAU_hls_3_Matrix_Vector_Activate_Stream_Batch_p_ZL7threshs_1_231_ROM_AUTO_1R.v"]"\
## "[file normalize "$origin_dir/MVAU_hls_3_Matrix_Vector_Activate_Stream_Batch_p_ZL7threshs_1_232_ROM_AUTO_1R.v"]"\
## "[file normalize "$origin_dir/MVAU_hls_3_Matrix_Vector_Activate_Stream_Batch_p_ZL7threshs_1_233_ROM_AUTO_1R.v"]"\
## "[file normalize "$origin_dir/MVAU_hls_3_Matrix_Vector_Activate_Stream_Batch_p_ZL7threshs_1_234_ROM_AUTO_1R.v"]"\
## "[file normalize "$origin_dir/MVAU_hls_3_Matrix_Vector_Activate_Stream_Batch_p_ZL7threshs_1_235_ROM_AUTO_1R.v"]"\
## "[file normalize "$origin_dir/MVAU_hls_3_Matrix_Vector_Activate_Stream_Batch_p_ZL7threshs_1_236_ROM_AUTO_1R.v"]"\
## "[file normalize "$origin_dir/MVAU_hls_3_Matrix_Vector_Activate_Stream_Batch_p_ZL7threshs_1_237_ROM_AUTO_1R.v"]"\
## "[file normalize "$origin_dir/MVAU_hls_3_Matrix_Vector_Activate_Stream_Batch_p_ZL7threshs_1_238_ROM_AUTO_1R.v"]"\
## "[file normalize "$origin_dir/MVAU_hls_3_Matrix_Vector_Activate_Stream_Batch_p_ZL7threshs_1_239_ROM_AUTO_1R.v"]"\
## "[file normalize "$origin_dir/MVAU_hls_3_Matrix_Vector_Activate_Stream_Batch_p_ZL7threshs_1_23_ROM_AUTO_1R.v"]"\
## "[file normalize "$origin_dir/MVAU_hls_3_Matrix_Vector_Activate_Stream_Batch_p_ZL7threshs_1_240_ROM_AUTO_1R.v"]"\
## "[file normalize "$origin_dir/MVAU_hls_3_Matrix_Vector_Activate_Stream_Batch_p_ZL7threshs_1_241_ROM_AUTO_1R.v"]"\
## "[file normalize "$origin_dir/MVAU_hls_3_Matrix_Vector_Activate_Stream_Batch_p_ZL7threshs_1_242_ROM_AUTO_1R.v"]"\
## "[file normalize "$origin_dir/MVAU_hls_3_Matrix_Vector_Activate_Stream_Batch_p_ZL7threshs_1_243_ROM_AUTO_1R.v"]"\
## "[file normalize "$origin_dir/MVAU_hls_3_Matrix_Vector_Activate_Stream_Batch_p_ZL7threshs_1_244_ROM_AUTO_1R.v"]"\
## "[file normalize "$origin_dir/MVAU_hls_3_Matrix_Vector_Activate_Stream_Batch_p_ZL7threshs_1_245_ROM_AUTO_1R.v"]"\
## "[file normalize "$origin_dir/MVAU_hls_3_Matrix_Vector_Activate_Stream_Batch_p_ZL7threshs_1_246_ROM_AUTO_1R.v"]"\
## "[file normalize "$origin_dir/MVAU_hls_3_Matrix_Vector_Activate_Stream_Batch_p_ZL7threshs_1_247_ROM_AUTO_1R.v"]"\
## "[file normalize "$origin_dir/MVAU_hls_3_Matrix_Vector_Activate_Stream_Batch_p_ZL7threshs_1_248_ROM_AUTO_1R.v"]"\
## "[file normalize "$origin_dir/MVAU_hls_3_Matrix_Vector_Activate_Stream_Batch_p_ZL7threshs_1_249_ROM_AUTO_1R.v"]"\
## "[file normalize "$origin_dir/MVAU_hls_3_Matrix_Vector_Activate_Stream_Batch_p_ZL7threshs_1_24_ROM_AUTO_1R.v"]"\
## "[file normalize "$origin_dir/MVAU_hls_3_Matrix_Vector_Activate_Stream_Batch_p_ZL7threshs_1_250_ROM_AUTO_1R.v"]"\
## "[file normalize "$origin_dir/MVAU_hls_3_Matrix_Vector_Activate_Stream_Batch_p_ZL7threshs_1_251_ROM_AUTO_1R.v"]"\
## "[file normalize "$origin_dir/MVAU_hls_3_Matrix_Vector_Activate_Stream_Batch_p_ZL7threshs_1_252_ROM_AUTO_1R.v"]"\
## "[file normalize "$origin_dir/MVAU_hls_3_Matrix_Vector_Activate_Stream_Batch_p_ZL7threshs_1_253_ROM_AUTO_1R.v"]"\
## "[file normalize "$origin_dir/MVAU_hls_3_Matrix_Vector_Activate_Stream_Batch_p_ZL7threshs_1_254_ROM_AUTO_1R.v"]"\
## "[file normalize "$origin_dir/MVAU_hls_3_Matrix_Vector_Activate_Stream_Batch_p_ZL7threshs_1_25_ROM_AUTO_1R.v"]"\
## "[file normalize "$origin_dir/MVAU_hls_3_Matrix_Vector_Activate_Stream_Batch_p_ZL7threshs_1_26_ROM_AUTO_1R.v"]"\
## "[file normalize "$origin_dir/MVAU_hls_3_Matrix_Vector_Activate_Stream_Batch_p_ZL7threshs_1_27_ROM_AUTO_1R.v"]"\
## "[file normalize "$origin_dir/MVAU_hls_3_Matrix_Vector_Activate_Stream_Batch_p_ZL7threshs_1_28_ROM_AUTO_1R.v"]"\
## "[file normalize "$origin_dir/MVAU_hls_3_Matrix_Vector_Activate_Stream_Batch_p_ZL7threshs_1_29_ROM_AUTO_1R.v"]"\
## "[file normalize "$origin_dir/MVAU_hls_3_Matrix_Vector_Activate_Stream_Batch_p_ZL7threshs_1_2_ROM_AUTO_1R.v"]"\
## "[file normalize "$origin_dir/MVAU_hls_3_Matrix_Vector_Activate_Stream_Batch_p_ZL7threshs_1_30_ROM_AUTO_1R.v"]"\
## "[file normalize "$origin_dir/MVAU_hls_3_Matrix_Vector_Activate_Stream_Batch_p_ZL7threshs_1_31_ROM_AUTO_1R.v"]"\
## "[file normalize "$origin_dir/MVAU_hls_3_Matrix_Vector_Activate_Stream_Batch_p_ZL7threshs_1_32_ROM_AUTO_1R.v"]"\
## "[file normalize "$origin_dir/MVAU_hls_3_Matrix_Vector_Activate_Stream_Batch_p_ZL7threshs_1_33_ROM_AUTO_1R.v"]"\
## "[file normalize "$origin_dir/MVAU_hls_3_Matrix_Vector_Activate_Stream_Batch_p_ZL7threshs_1_34_ROM_AUTO_1R.v"]"\
## "[file normalize "$origin_dir/MVAU_hls_3_Matrix_Vector_Activate_Stream_Batch_p_ZL7threshs_1_35_ROM_AUTO_1R.v"]"\
## "[file normalize "$origin_dir/MVAU_hls_3_Matrix_Vector_Activate_Stream_Batch_p_ZL7threshs_1_36_ROM_AUTO_1R.v"]"\
## "[file normalize "$origin_dir/MVAU_hls_3_Matrix_Vector_Activate_Stream_Batch_p_ZL7threshs_1_37_ROM_AUTO_1R.v"]"\
## "[file normalize "$origin_dir/MVAU_hls_3_Matrix_Vector_Activate_Stream_Batch_p_ZL7threshs_1_38_ROM_AUTO_1R.v"]"\
## "[file normalize "$origin_dir/MVAU_hls_3_Matrix_Vector_Activate_Stream_Batch_p_ZL7threshs_1_39_ROM_AUTO_1R.v"]"\
## "[file normalize "$origin_dir/MVAU_hls_3_Matrix_Vector_Activate_Stream_Batch_p_ZL7threshs_1_3_ROM_AUTO_1R.v"]"\
## "[file normalize "$origin_dir/MVAU_hls_3_Matrix_Vector_Activate_Stream_Batch_p_ZL7threshs_1_40_ROM_AUTO_1R.v"]"\
## "[file normalize "$origin_dir/MVAU_hls_3_Matrix_Vector_Activate_Stream_Batch_p_ZL7threshs_1_41_ROM_AUTO_1R.v"]"\
## "[file normalize "$origin_dir/MVAU_hls_3_Matrix_Vector_Activate_Stream_Batch_p_ZL7threshs_1_42_ROM_AUTO_1R.v"]"\
## "[file normalize "$origin_dir/MVAU_hls_3_Matrix_Vector_Activate_Stream_Batch_p_ZL7threshs_1_43_ROM_AUTO_1R.v"]"\
## "[file normalize "$origin_dir/MVAU_hls_3_Matrix_Vector_Activate_Stream_Batch_p_ZL7threshs_1_44_ROM_AUTO_1R.v"]"\
## "[file normalize "$origin_dir/MVAU_hls_3_Matrix_Vector_Activate_Stream_Batch_p_ZL7threshs_1_45_ROM_AUTO_1R.v"]"\
## "[file normalize "$origin_dir/MVAU_hls_3_Matrix_Vector_Activate_Stream_Batch_p_ZL7threshs_1_46_ROM_AUTO_1R.v"]"\
## "[file normalize "$origin_dir/MVAU_hls_3_Matrix_Vector_Activate_Stream_Batch_p_ZL7threshs_1_47_ROM_AUTO_1R.v"]"\
## "[file normalize "$origin_dir/MVAU_hls_3_Matrix_Vector_Activate_Stream_Batch_p_ZL7threshs_1_48_ROM_AUTO_1R.v"]"\
## "[file normalize "$origin_dir/MVAU_hls_3_Matrix_Vector_Activate_Stream_Batch_p_ZL7threshs_1_49_ROM_AUTO_1R.v"]"\
## "[file normalize "$origin_dir/MVAU_hls_3_Matrix_Vector_Activate_Stream_Batch_p_ZL7threshs_1_4_ROM_AUTO_1R.v"]"\
## "[file normalize "$origin_dir/MVAU_hls_3_Matrix_Vector_Activate_Stream_Batch_p_ZL7threshs_1_50_ROM_AUTO_1R.v"]"\
## "[file normalize "$origin_dir/MVAU_hls_3_Matrix_Vector_Activate_Stream_Batch_p_ZL7threshs_1_51_ROM_AUTO_1R.v"]"\
## "[file normalize "$origin_dir/MVAU_hls_3_Matrix_Vector_Activate_Stream_Batch_p_ZL7threshs_1_52_ROM_AUTO_1R.v"]"\
## "[file normalize "$origin_dir/MVAU_hls_3_Matrix_Vector_Activate_Stream_Batch_p_ZL7threshs_1_53_ROM_AUTO_1R.v"]"\
## "[file normalize "$origin_dir/MVAU_hls_3_Matrix_Vector_Activate_Stream_Batch_p_ZL7threshs_1_54_ROM_AUTO_1R.v"]"\
## "[file normalize "$origin_dir/MVAU_hls_3_Matrix_Vector_Activate_Stream_Batch_p_ZL7threshs_1_55_ROM_AUTO_1R.v"]"\
## "[file normalize "$origin_dir/MVAU_hls_3_Matrix_Vector_Activate_Stream_Batch_p_ZL7threshs_1_56_ROM_AUTO_1R.v"]"\
## "[file normalize "$origin_dir/MVAU_hls_3_Matrix_Vector_Activate_Stream_Batch_p_ZL7threshs_1_57_ROM_AUTO_1R.v"]"\
## "[file normalize "$origin_dir/MVAU_hls_3_Matrix_Vector_Activate_Stream_Batch_p_ZL7threshs_1_58_ROM_AUTO_1R.v"]"\
## "[file normalize "$origin_dir/MVAU_hls_3_Matrix_Vector_Activate_Stream_Batch_p_ZL7threshs_1_59_ROM_AUTO_1R.v"]"\
## "[file normalize "$origin_dir/MVAU_hls_3_Matrix_Vector_Activate_Stream_Batch_p_ZL7threshs_1_5_ROM_AUTO_1R.v"]"\
## "[file normalize "$origin_dir/MVAU_hls_3_Matrix_Vector_Activate_Stream_Batch_p_ZL7threshs_1_60_ROM_AUTO_1R.v"]"\
## "[file normalize "$origin_dir/MVAU_hls_3_Matrix_Vector_Activate_Stream_Batch_p_ZL7threshs_1_61_ROM_AUTO_1R.v"]"\
## "[file normalize "$origin_dir/MVAU_hls_3_Matrix_Vector_Activate_Stream_Batch_p_ZL7threshs_1_62_ROM_AUTO_1R.v"]"\
## "[file normalize "$origin_dir/MVAU_hls_3_Matrix_Vector_Activate_Stream_Batch_p_ZL7threshs_1_63_ROM_AUTO_1R.v"]"\
## "[file normalize "$origin_dir/MVAU_hls_3_Matrix_Vector_Activate_Stream_Batch_p_ZL7threshs_1_64_ROM_AUTO_1R.v"]"\
## "[file normalize "$origin_dir/MVAU_hls_3_Matrix_Vector_Activate_Stream_Batch_p_ZL7threshs_1_65_ROM_AUTO_1R.v"]"\
## "[file normalize "$origin_dir/MVAU_hls_3_Matrix_Vector_Activate_Stream_Batch_p_ZL7threshs_1_66_ROM_AUTO_1R.v"]"\
## "[file normalize "$origin_dir/MVAU_hls_3_Matrix_Vector_Activate_Stream_Batch_p_ZL7threshs_1_67_ROM_AUTO_1R.v"]"\
## "[file normalize "$origin_dir/MVAU_hls_3_Matrix_Vector_Activate_Stream_Batch_p_ZL7threshs_1_68_ROM_AUTO_1R.v"]"\
## "[file normalize "$origin_dir/MVAU_hls_3_Matrix_Vector_Activate_Stream_Batch_p_ZL7threshs_1_69_ROM_AUTO_1R.v"]"\
## "[file normalize "$origin_dir/MVAU_hls_3_Matrix_Vector_Activate_Stream_Batch_p_ZL7threshs_1_6_ROM_AUTO_1R.v"]"\
## "[file normalize "$origin_dir/MVAU_hls_3_Matrix_Vector_Activate_Stream_Batch_p_ZL7threshs_1_70_ROM_AUTO_1R.v"]"\
## "[file normalize "$origin_dir/MVAU_hls_3_Matrix_Vector_Activate_Stream_Batch_p_ZL7threshs_1_71_ROM_AUTO_1R.v"]"\
## "[file normalize "$origin_dir/MVAU_hls_3_Matrix_Vector_Activate_Stream_Batch_p_ZL7threshs_1_72_ROM_AUTO_1R.v"]"\
## "[file normalize "$origin_dir/MVAU_hls_3_Matrix_Vector_Activate_Stream_Batch_p_ZL7threshs_1_73_ROM_AUTO_1R.v"]"\
## "[file normalize "$origin_dir/MVAU_hls_3_Matrix_Vector_Activate_Stream_Batch_p_ZL7threshs_1_74_ROM_AUTO_1R.v"]"\
## "[file normalize "$origin_dir/MVAU_hls_3_Matrix_Vector_Activate_Stream_Batch_p_ZL7threshs_1_75_ROM_AUTO_1R.v"]"\
## "[file normalize "$origin_dir/MVAU_hls_3_Matrix_Vector_Activate_Stream_Batch_p_ZL7threshs_1_76_ROM_AUTO_1R.v"]"\
## "[file normalize "$origin_dir/MVAU_hls_3_Matrix_Vector_Activate_Stream_Batch_p_ZL7threshs_1_77_ROM_AUTO_1R.v"]"\
## "[file normalize "$origin_dir/MVAU_hls_3_Matrix_Vector_Activate_Stream_Batch_p_ZL7threshs_1_78_ROM_AUTO_1R.v"]"\
## "[file normalize "$origin_dir/MVAU_hls_3_Matrix_Vector_Activate_Stream_Batch_p_ZL7threshs_1_79_ROM_AUTO_1R.v"]"\
## "[file normalize "$origin_dir/MVAU_hls_3_Matrix_Vector_Activate_Stream_Batch_p_ZL7threshs_1_7_ROM_AUTO_1R.v"]"\
## "[file normalize "$origin_dir/MVAU_hls_3_Matrix_Vector_Activate_Stream_Batch_p_ZL7threshs_1_80_ROM_AUTO_1R.v"]"\
## "[file normalize "$origin_dir/MVAU_hls_3_Matrix_Vector_Activate_Stream_Batch_p_ZL7threshs_1_81_ROM_AUTO_1R.v"]"\
## "[file normalize "$origin_dir/MVAU_hls_3_Matrix_Vector_Activate_Stream_Batch_p_ZL7threshs_1_82_ROM_AUTO_1R.v"]"\
## "[file normalize "$origin_dir/MVAU_hls_3_Matrix_Vector_Activate_Stream_Batch_p_ZL7threshs_1_83_ROM_AUTO_1R.v"]"\
## "[file normalize "$origin_dir/MVAU_hls_3_Matrix_Vector_Activate_Stream_Batch_p_ZL7threshs_1_84_ROM_AUTO_1R.v"]"\
## "[file normalize "$origin_dir/MVAU_hls_3_Matrix_Vector_Activate_Stream_Batch_p_ZL7threshs_1_85_ROM_AUTO_1R.v"]"\
## "[file normalize "$origin_dir/MVAU_hls_3_Matrix_Vector_Activate_Stream_Batch_p_ZL7threshs_1_86_ROM_AUTO_1R.v"]"\
## "[file normalize "$origin_dir/MVAU_hls_3_Matrix_Vector_Activate_Stream_Batch_p_ZL7threshs_1_87_ROM_AUTO_1R.v"]"\
## "[file normalize "$origin_dir/MVAU_hls_3_Matrix_Vector_Activate_Stream_Batch_p_ZL7threshs_1_88_ROM_AUTO_1R.v"]"\
## "[file normalize "$origin_dir/MVAU_hls_3_Matrix_Vector_Activate_Stream_Batch_p_ZL7threshs_1_89_ROM_AUTO_1R.v"]"\
## "[file normalize "$origin_dir/MVAU_hls_3_Matrix_Vector_Activate_Stream_Batch_p_ZL7threshs_1_8_ROM_AUTO_1R.v"]"\
## "[file normalize "$origin_dir/MVAU_hls_3_Matrix_Vector_Activate_Stream_Batch_p_ZL7threshs_1_90_ROM_AUTO_1R.v"]"\
## "[file normalize "$origin_dir/MVAU_hls_3_Matrix_Vector_Activate_Stream_Batch_p_ZL7threshs_1_91_ROM_AUTO_1R.v"]"\
## "[file normalize "$origin_dir/MVAU_hls_3_Matrix_Vector_Activate_Stream_Batch_p_ZL7threshs_1_92_ROM_AUTO_1R.v"]"\
## "[file normalize "$origin_dir/MVAU_hls_3_Matrix_Vector_Activate_Stream_Batch_p_ZL7threshs_1_93_ROM_AUTO_1R.v"]"\
## "[file normalize "$origin_dir/MVAU_hls_3_Matrix_Vector_Activate_Stream_Batch_p_ZL7threshs_1_94_ROM_AUTO_1R.v"]"\
## "[file normalize "$origin_dir/MVAU_hls_3_Matrix_Vector_Activate_Stream_Batch_p_ZL7threshs_1_95_ROM_AUTO_1R.v"]"\
## "[file normalize "$origin_dir/MVAU_hls_3_Matrix_Vector_Activate_Stream_Batch_p_ZL7threshs_1_96_ROM_AUTO_1R.v"]"\
## "[file normalize "$origin_dir/MVAU_hls_3_Matrix_Vector_Activate_Stream_Batch_p_ZL7threshs_1_97_ROM_AUTO_1R.v"]"\
## "[file normalize "$origin_dir/MVAU_hls_3_Matrix_Vector_Activate_Stream_Batch_p_ZL7threshs_1_98_ROM_AUTO_1R.v"]"\
## "[file normalize "$origin_dir/MVAU_hls_3_Matrix_Vector_Activate_Stream_Batch_p_ZL7threshs_1_99_ROM_AUTO_1R.v"]"\
## "[file normalize "$origin_dir/MVAU_hls_3_Matrix_Vector_Activate_Stream_Batch_p_ZL7threshs_1_9_ROM_AUTO_1R.v"]"\
## "[file normalize "$origin_dir/MVAU_hls_3_Matrix_Vector_Activate_Stream_Batch_p_ZL7threshs_2_0_ROM_AUTO_1R.v"]"\
## "[file normalize "$origin_dir/MVAU_hls_3_Matrix_Vector_Activate_Stream_Batch_p_ZL7threshs_2_100_ROM_AUTO_1R.v"]"\
## "[file normalize "$origin_dir/MVAU_hls_3_Matrix_Vector_Activate_Stream_Batch_p_ZL7threshs_2_101_ROM_AUTO_1R.v"]"\
## "[file normalize "$origin_dir/MVAU_hls_3_Matrix_Vector_Activate_Stream_Batch_p_ZL7threshs_2_102_ROM_AUTO_1R.v"]"\
## "[file normalize "$origin_dir/MVAU_hls_3_Matrix_Vector_Activate_Stream_Batch_p_ZL7threshs_2_103_ROM_AUTO_1R.v"]"\
## "[file normalize "$origin_dir/MVAU_hls_3_Matrix_Vector_Activate_Stream_Batch_p_ZL7threshs_2_104_ROM_AUTO_1R.v"]"\
## "[file normalize "$origin_dir/MVAU_hls_3_Matrix_Vector_Activate_Stream_Batch_p_ZL7threshs_2_105_ROM_AUTO_1R.v"]"\
## "[file normalize "$origin_dir/MVAU_hls_3_Matrix_Vector_Activate_Stream_Batch_p_ZL7threshs_2_106_ROM_AUTO_1R.v"]"\
## "[file normalize "$origin_dir/MVAU_hls_3_Matrix_Vector_Activate_Stream_Batch_p_ZL7threshs_2_107_ROM_AUTO_1R.v"]"\
## "[file normalize "$origin_dir/MVAU_hls_3_Matrix_Vector_Activate_Stream_Batch_p_ZL7threshs_2_108_ROM_AUTO_1R.v"]"\
## "[file normalize "$origin_dir/MVAU_hls_3_Matrix_Vector_Activate_Stream_Batch_p_ZL7threshs_2_109_ROM_AUTO_1R.v"]"\
## "[file normalize "$origin_dir/MVAU_hls_3_Matrix_Vector_Activate_Stream_Batch_p_ZL7threshs_2_10_ROM_AUTO_1R.v"]"\
## "[file normalize "$origin_dir/MVAU_hls_3_Matrix_Vector_Activate_Stream_Batch_p_ZL7threshs_2_110_ROM_AUTO_1R.v"]"\
## "[file normalize "$origin_dir/MVAU_hls_3_Matrix_Vector_Activate_Stream_Batch_p_ZL7threshs_2_111_ROM_AUTO_1R.v"]"\
## "[file normalize "$origin_dir/MVAU_hls_3_Matrix_Vector_Activate_Stream_Batch_p_ZL7threshs_2_112_ROM_AUTO_1R.v"]"\
## "[file normalize "$origin_dir/MVAU_hls_3_Matrix_Vector_Activate_Stream_Batch_p_ZL7threshs_2_113_ROM_AUTO_1R.v"]"\
## "[file normalize "$origin_dir/MVAU_hls_3_Matrix_Vector_Activate_Stream_Batch_p_ZL7threshs_2_114_ROM_AUTO_1R.v"]"\
## "[file normalize "$origin_dir/MVAU_hls_3_Matrix_Vector_Activate_Stream_Batch_p_ZL7threshs_2_115_ROM_AUTO_1R.v"]"\
## "[file normalize "$origin_dir/MVAU_hls_3_Matrix_Vector_Activate_Stream_Batch_p_ZL7threshs_2_116_ROM_AUTO_1R.v"]"\
## "[file normalize "$origin_dir/MVAU_hls_3_Matrix_Vector_Activate_Stream_Batch_p_ZL7threshs_2_117_ROM_AUTO_1R.v"]"\
## "[file normalize "$origin_dir/MVAU_hls_3_Matrix_Vector_Activate_Stream_Batch_p_ZL7threshs_2_118_ROM_AUTO_1R.v"]"\
## "[file normalize "$origin_dir/MVAU_hls_3_Matrix_Vector_Activate_Stream_Batch_p_ZL7threshs_2_119_ROM_AUTO_1R.v"]"\
## "[file normalize "$origin_dir/MVAU_hls_3_Matrix_Vector_Activate_Stream_Batch_p_ZL7threshs_2_11_ROM_AUTO_1R.v"]"\
## "[file normalize "$origin_dir/MVAU_hls_3_Matrix_Vector_Activate_Stream_Batch_p_ZL7threshs_2_120_ROM_AUTO_1R.v"]"\
## "[file normalize "$origin_dir/MVAU_hls_3_Matrix_Vector_Activate_Stream_Batch_p_ZL7threshs_2_121_ROM_AUTO_1R.v"]"\
## "[file normalize "$origin_dir/MVAU_hls_3_Matrix_Vector_Activate_Stream_Batch_p_ZL7threshs_2_122_ROM_AUTO_1R.v"]"\
## "[file normalize "$origin_dir/MVAU_hls_3_Matrix_Vector_Activate_Stream_Batch_p_ZL7threshs_2_123_ROM_AUTO_1R.v"]"\
## "[file normalize "$origin_dir/MVAU_hls_3_Matrix_Vector_Activate_Stream_Batch_p_ZL7threshs_2_124_ROM_AUTO_1R.v"]"\
## "[file normalize "$origin_dir/MVAU_hls_3_Matrix_Vector_Activate_Stream_Batch_p_ZL7threshs_2_125_ROM_AUTO_1R.v"]"\
## "[file normalize "$origin_dir/MVAU_hls_3_Matrix_Vector_Activate_Stream_Batch_p_ZL7threshs_2_126_ROM_AUTO_1R.v"]"\
## "[file normalize "$origin_dir/MVAU_hls_3_Matrix_Vector_Activate_Stream_Batch_p_ZL7threshs_2_127_ROM_AUTO_1R.v"]"\
## "[file normalize "$origin_dir/MVAU_hls_3_Matrix_Vector_Activate_Stream_Batch_p_ZL7threshs_2_128_ROM_AUTO_1R.v"]"\
## "[file normalize "$origin_dir/MVAU_hls_3_Matrix_Vector_Activate_Stream_Batch_p_ZL7threshs_2_129_ROM_AUTO_1R.v"]"\
## "[file normalize "$origin_dir/MVAU_hls_3_Matrix_Vector_Activate_Stream_Batch_p_ZL7threshs_2_12_ROM_AUTO_1R.v"]"\
## "[file normalize "$origin_dir/MVAU_hls_3_Matrix_Vector_Activate_Stream_Batch_p_ZL7threshs_2_130_ROM_AUTO_1R.v"]"\
## "[file normalize "$origin_dir/MVAU_hls_3_Matrix_Vector_Activate_Stream_Batch_p_ZL7threshs_2_131_ROM_AUTO_1R.v"]"\
## "[file normalize "$origin_dir/MVAU_hls_3_Matrix_Vector_Activate_Stream_Batch_p_ZL7threshs_2_132_ROM_AUTO_1R.v"]"\
## "[file normalize "$origin_dir/MVAU_hls_3_Matrix_Vector_Activate_Stream_Batch_p_ZL7threshs_2_133_ROM_AUTO_1R.v"]"\
## "[file normalize "$origin_dir/MVAU_hls_3_Matrix_Vector_Activate_Stream_Batch_p_ZL7threshs_2_134_ROM_AUTO_1R.v"]"\
## "[file normalize "$origin_dir/MVAU_hls_3_Matrix_Vector_Activate_Stream_Batch_p_ZL7threshs_2_135_ROM_AUTO_1R.v"]"\
## "[file normalize "$origin_dir/MVAU_hls_3_Matrix_Vector_Activate_Stream_Batch_p_ZL7threshs_2_136_ROM_AUTO_1R.v"]"\
## "[file normalize "$origin_dir/MVAU_hls_3_Matrix_Vector_Activate_Stream_Batch_p_ZL7threshs_2_137_ROM_AUTO_1R.v"]"\
## "[file normalize "$origin_dir/MVAU_hls_3_Matrix_Vector_Activate_Stream_Batch_p_ZL7threshs_2_138_ROM_AUTO_1R.v"]"\
## "[file normalize "$origin_dir/MVAU_hls_3_Matrix_Vector_Activate_Stream_Batch_p_ZL7threshs_2_139_ROM_AUTO_1R.v"]"\
## "[file normalize "$origin_dir/MVAU_hls_3_Matrix_Vector_Activate_Stream_Batch_p_ZL7threshs_2_13_ROM_AUTO_1R.v"]"\
## "[file normalize "$origin_dir/MVAU_hls_3_Matrix_Vector_Activate_Stream_Batch_p_ZL7threshs_2_140_ROM_AUTO_1R.v"]"\
## "[file normalize "$origin_dir/MVAU_hls_3_Matrix_Vector_Activate_Stream_Batch_p_ZL7threshs_2_141_ROM_AUTO_1R.v"]"\
## "[file normalize "$origin_dir/MVAU_hls_3_Matrix_Vector_Activate_Stream_Batch_p_ZL7threshs_2_142_ROM_AUTO_1R.v"]"\
## "[file normalize "$origin_dir/MVAU_hls_3_Matrix_Vector_Activate_Stream_Batch_p_ZL7threshs_2_143_ROM_AUTO_1R.v"]"\
## "[file normalize "$origin_dir/MVAU_hls_3_Matrix_Vector_Activate_Stream_Batch_p_ZL7threshs_2_144_ROM_AUTO_1R.v"]"\
## "[file normalize "$origin_dir/MVAU_hls_3_Matrix_Vector_Activate_Stream_Batch_p_ZL7threshs_2_145_ROM_AUTO_1R.v"]"\
## "[file normalize "$origin_dir/MVAU_hls_3_Matrix_Vector_Activate_Stream_Batch_p_ZL7threshs_2_146_ROM_AUTO_1R.v"]"\
## "[file normalize "$origin_dir/MVAU_hls_3_Matrix_Vector_Activate_Stream_Batch_p_ZL7threshs_2_147_ROM_AUTO_1R.v"]"\
## "[file normalize "$origin_dir/MVAU_hls_3_Matrix_Vector_Activate_Stream_Batch_p_ZL7threshs_2_148_ROM_AUTO_1R.v"]"\
## "[file normalize "$origin_dir/MVAU_hls_3_Matrix_Vector_Activate_Stream_Batch_p_ZL7threshs_2_149_ROM_AUTO_1R.v"]"\
## "[file normalize "$origin_dir/MVAU_hls_3_Matrix_Vector_Activate_Stream_Batch_p_ZL7threshs_2_14_ROM_AUTO_1R.v"]"\
## "[file normalize "$origin_dir/MVAU_hls_3_Matrix_Vector_Activate_Stream_Batch_p_ZL7threshs_2_150_ROM_AUTO_1R.v"]"\
## "[file normalize "$origin_dir/MVAU_hls_3_Matrix_Vector_Activate_Stream_Batch_p_ZL7threshs_2_151_ROM_AUTO_1R.v"]"\
## "[file normalize "$origin_dir/MVAU_hls_3_Matrix_Vector_Activate_Stream_Batch_p_ZL7threshs_2_152_ROM_AUTO_1R.v"]"\
## "[file normalize "$origin_dir/MVAU_hls_3_Matrix_Vector_Activate_Stream_Batch_p_ZL7threshs_2_153_ROM_AUTO_1R.v"]"\
## "[file normalize "$origin_dir/MVAU_hls_3_Matrix_Vector_Activate_Stream_Batch_p_ZL7threshs_2_154_ROM_AUTO_1R.v"]"\
## "[file normalize "$origin_dir/MVAU_hls_3_Matrix_Vector_Activate_Stream_Batch_p_ZL7threshs_2_155_ROM_AUTO_1R.v"]"\
## "[file normalize "$origin_dir/MVAU_hls_3_Matrix_Vector_Activate_Stream_Batch_p_ZL7threshs_2_156_ROM_AUTO_1R.v"]"\
## "[file normalize "$origin_dir/MVAU_hls_3_Matrix_Vector_Activate_Stream_Batch_p_ZL7threshs_2_157_ROM_AUTO_1R.v"]"\
## "[file normalize "$origin_dir/MVAU_hls_3_Matrix_Vector_Activate_Stream_Batch_p_ZL7threshs_2_158_ROM_AUTO_1R.v"]"\
## "[file normalize "$origin_dir/MVAU_hls_3_Matrix_Vector_Activate_Stream_Batch_p_ZL7threshs_2_159_ROM_AUTO_1R.v"]"\
## "[file normalize "$origin_dir/MVAU_hls_3_Matrix_Vector_Activate_Stream_Batch_p_ZL7threshs_2_15_ROM_AUTO_1R.v"]"\
## "[file normalize "$origin_dir/MVAU_hls_3_Matrix_Vector_Activate_Stream_Batch_p_ZL7threshs_2_160_ROM_AUTO_1R.v"]"\
## "[file normalize "$origin_dir/MVAU_hls_3_Matrix_Vector_Activate_Stream_Batch_p_ZL7threshs_2_161_ROM_AUTO_1R.v"]"\
## "[file normalize "$origin_dir/MVAU_hls_3_Matrix_Vector_Activate_Stream_Batch_p_ZL7threshs_2_162_ROM_AUTO_1R.v"]"\
## "[file normalize "$origin_dir/MVAU_hls_3_Matrix_Vector_Activate_Stream_Batch_p_ZL7threshs_2_163_ROM_AUTO_1R.v"]"\
## "[file normalize "$origin_dir/MVAU_hls_3_Matrix_Vector_Activate_Stream_Batch_p_ZL7threshs_2_164_ROM_AUTO_1R.v"]"\
## "[file normalize "$origin_dir/MVAU_hls_3_Matrix_Vector_Activate_Stream_Batch_p_ZL7threshs_2_165_ROM_AUTO_1R.v"]"\
## "[file normalize "$origin_dir/MVAU_hls_3_Matrix_Vector_Activate_Stream_Batch_p_ZL7threshs_2_166_ROM_AUTO_1R.v"]"\
## "[file normalize "$origin_dir/MVAU_hls_3_Matrix_Vector_Activate_Stream_Batch_p_ZL7threshs_2_167_ROM_AUTO_1R.v"]"\
## "[file normalize "$origin_dir/MVAU_hls_3_Matrix_Vector_Activate_Stream_Batch_p_ZL7threshs_2_168_ROM_AUTO_1R.v"]"\
## "[file normalize "$origin_dir/MVAU_hls_3_Matrix_Vector_Activate_Stream_Batch_p_ZL7threshs_2_169_ROM_AUTO_1R.v"]"\
## "[file normalize "$origin_dir/MVAU_hls_3_Matrix_Vector_Activate_Stream_Batch_p_ZL7threshs_2_16_ROM_AUTO_1R.v"]"\
## "[file normalize "$origin_dir/MVAU_hls_3_Matrix_Vector_Activate_Stream_Batch_p_ZL7threshs_2_170_ROM_AUTO_1R.v"]"\
## "[file normalize "$origin_dir/MVAU_hls_3_Matrix_Vector_Activate_Stream_Batch_p_ZL7threshs_2_171_ROM_AUTO_1R.v"]"\
## "[file normalize "$origin_dir/MVAU_hls_3_Matrix_Vector_Activate_Stream_Batch_p_ZL7threshs_2_172_ROM_AUTO_1R.v"]"\
## "[file normalize "$origin_dir/MVAU_hls_3_Matrix_Vector_Activate_Stream_Batch_p_ZL7threshs_2_173_ROM_AUTO_1R.v"]"\
## "[file normalize "$origin_dir/MVAU_hls_3_Matrix_Vector_Activate_Stream_Batch_p_ZL7threshs_2_174_ROM_AUTO_1R.v"]"\
## "[file normalize "$origin_dir/MVAU_hls_3_Matrix_Vector_Activate_Stream_Batch_p_ZL7threshs_2_175_ROM_AUTO_1R.v"]"\
## "[file normalize "$origin_dir/MVAU_hls_3_Matrix_Vector_Activate_Stream_Batch_p_ZL7threshs_2_176_ROM_AUTO_1R.v"]"\
## "[file normalize "$origin_dir/MVAU_hls_3_Matrix_Vector_Activate_Stream_Batch_p_ZL7threshs_2_177_ROM_AUTO_1R.v"]"\
## "[file normalize "$origin_dir/MVAU_hls_3_Matrix_Vector_Activate_Stream_Batch_p_ZL7threshs_2_178_ROM_AUTO_1R.v"]"\
## "[file normalize "$origin_dir/MVAU_hls_3_Matrix_Vector_Activate_Stream_Batch_p_ZL7threshs_2_179_ROM_AUTO_1R.v"]"\
## "[file normalize "$origin_dir/MVAU_hls_3_Matrix_Vector_Activate_Stream_Batch_p_ZL7threshs_2_17_ROM_AUTO_1R.v"]"\
## "[file normalize "$origin_dir/MVAU_hls_3_Matrix_Vector_Activate_Stream_Batch_p_ZL7threshs_2_180_ROM_AUTO_1R.v"]"\
## "[file normalize "$origin_dir/MVAU_hls_3_Matrix_Vector_Activate_Stream_Batch_p_ZL7threshs_2_181_ROM_AUTO_1R.v"]"\
## "[file normalize "$origin_dir/MVAU_hls_3_Matrix_Vector_Activate_Stream_Batch_p_ZL7threshs_2_182_ROM_AUTO_1R.v"]"\
## "[file normalize "$origin_dir/MVAU_hls_3_Matrix_Vector_Activate_Stream_Batch_p_ZL7threshs_2_183_ROM_AUTO_1R.v"]"\
## "[file normalize "$origin_dir/MVAU_hls_3_Matrix_Vector_Activate_Stream_Batch_p_ZL7threshs_2_184_ROM_AUTO_1R.v"]"\
## "[file normalize "$origin_dir/MVAU_hls_3_Matrix_Vector_Activate_Stream_Batch_p_ZL7threshs_2_185_ROM_AUTO_1R.v"]"\
## "[file normalize "$origin_dir/MVAU_hls_3_Matrix_Vector_Activate_Stream_Batch_p_ZL7threshs_2_186_ROM_AUTO_1R.v"]"\
## "[file normalize "$origin_dir/MVAU_hls_3_Matrix_Vector_Activate_Stream_Batch_p_ZL7threshs_2_187_ROM_AUTO_1R.v"]"\
## "[file normalize "$origin_dir/MVAU_hls_3_Matrix_Vector_Activate_Stream_Batch_p_ZL7threshs_2_188_ROM_AUTO_1R.v"]"\
## "[file normalize "$origin_dir/MVAU_hls_3_Matrix_Vector_Activate_Stream_Batch_p_ZL7threshs_2_189_ROM_AUTO_1R.v"]"\
## "[file normalize "$origin_dir/MVAU_hls_3_Matrix_Vector_Activate_Stream_Batch_p_ZL7threshs_2_18_ROM_AUTO_1R.v"]"\
## "[file normalize "$origin_dir/MVAU_hls_3_Matrix_Vector_Activate_Stream_Batch_p_ZL7threshs_2_190_ROM_AUTO_1R.v"]"\
## "[file normalize "$origin_dir/MVAU_hls_3_Matrix_Vector_Activate_Stream_Batch_p_ZL7threshs_2_191_ROM_AUTO_1R.v"]"\
## "[file normalize "$origin_dir/MVAU_hls_3_Matrix_Vector_Activate_Stream_Batch_p_ZL7threshs_2_192_ROM_AUTO_1R.v"]"\
## "[file normalize "$origin_dir/MVAU_hls_3_Matrix_Vector_Activate_Stream_Batch_p_ZL7threshs_2_193_ROM_AUTO_1R.v"]"\
## "[file normalize "$origin_dir/MVAU_hls_3_Matrix_Vector_Activate_Stream_Batch_p_ZL7threshs_2_194_ROM_AUTO_1R.v"]"\
## "[file normalize "$origin_dir/MVAU_hls_3_Matrix_Vector_Activate_Stream_Batch_p_ZL7threshs_2_195_ROM_AUTO_1R.v"]"\
## "[file normalize "$origin_dir/MVAU_hls_3_Matrix_Vector_Activate_Stream_Batch_p_ZL7threshs_2_196_ROM_AUTO_1R.v"]"\
## "[file normalize "$origin_dir/MVAU_hls_3_Matrix_Vector_Activate_Stream_Batch_p_ZL7threshs_2_197_ROM_AUTO_1R.v"]"\
## "[file normalize "$origin_dir/MVAU_hls_3_Matrix_Vector_Activate_Stream_Batch_p_ZL7threshs_2_198_ROM_AUTO_1R.v"]"\
## "[file normalize "$origin_dir/MVAU_hls_3_Matrix_Vector_Activate_Stream_Batch_p_ZL7threshs_2_199_ROM_AUTO_1R.v"]"\
## "[file normalize "$origin_dir/MVAU_hls_3_Matrix_Vector_Activate_Stream_Batch_p_ZL7threshs_2_19_ROM_AUTO_1R.v"]"\
## "[file normalize "$origin_dir/MVAU_hls_3_Matrix_Vector_Activate_Stream_Batch_p_ZL7threshs_2_1_ROM_AUTO_1R.v"]"\
## "[file normalize "$origin_dir/MVAU_hls_3_Matrix_Vector_Activate_Stream_Batch_p_ZL7threshs_2_200_ROM_AUTO_1R.v"]"\
## "[file normalize "$origin_dir/MVAU_hls_3_Matrix_Vector_Activate_Stream_Batch_p_ZL7threshs_2_201_ROM_AUTO_1R.v"]"\
## "[file normalize "$origin_dir/MVAU_hls_3_Matrix_Vector_Activate_Stream_Batch_p_ZL7threshs_2_202_ROM_AUTO_1R.v"]"\
## "[file normalize "$origin_dir/MVAU_hls_3_Matrix_Vector_Activate_Stream_Batch_p_ZL7threshs_2_203_ROM_AUTO_1R.v"]"\
## "[file normalize "$origin_dir/MVAU_hls_3_Matrix_Vector_Activate_Stream_Batch_p_ZL7threshs_2_204_ROM_AUTO_1R.v"]"\
## "[file normalize "$origin_dir/MVAU_hls_3_Matrix_Vector_Activate_Stream_Batch_p_ZL7threshs_2_205_ROM_AUTO_1R.v"]"\
## "[file normalize "$origin_dir/MVAU_hls_3_Matrix_Vector_Activate_Stream_Batch_p_ZL7threshs_2_206_ROM_AUTO_1R.v"]"\
## "[file normalize "$origin_dir/MVAU_hls_3_Matrix_Vector_Activate_Stream_Batch_p_ZL7threshs_2_207_ROM_AUTO_1R.v"]"\
## "[file normalize "$origin_dir/MVAU_hls_3_Matrix_Vector_Activate_Stream_Batch_p_ZL7threshs_2_208_ROM_AUTO_1R.v"]"\
## "[file normalize "$origin_dir/MVAU_hls_3_Matrix_Vector_Activate_Stream_Batch_p_ZL7threshs_2_209_ROM_AUTO_1R.v"]"\
## "[file normalize "$origin_dir/MVAU_hls_3_Matrix_Vector_Activate_Stream_Batch_p_ZL7threshs_2_20_ROM_AUTO_1R.v"]"\
## "[file normalize "$origin_dir/MVAU_hls_3_Matrix_Vector_Activate_Stream_Batch_p_ZL7threshs_2_210_ROM_AUTO_1R.v"]"\
## "[file normalize "$origin_dir/MVAU_hls_3_Matrix_Vector_Activate_Stream_Batch_p_ZL7threshs_2_211_ROM_AUTO_1R.v"]"\
## "[file normalize "$origin_dir/MVAU_hls_3_Matrix_Vector_Activate_Stream_Batch_p_ZL7threshs_2_212_ROM_AUTO_1R.v"]"\
## "[file normalize "$origin_dir/MVAU_hls_3_Matrix_Vector_Activate_Stream_Batch_p_ZL7threshs_2_213_ROM_AUTO_1R.v"]"\
## "[file normalize "$origin_dir/MVAU_hls_3_Matrix_Vector_Activate_Stream_Batch_p_ZL7threshs_2_214_ROM_AUTO_1R.v"]"\
## "[file normalize "$origin_dir/MVAU_hls_3_Matrix_Vector_Activate_Stream_Batch_p_ZL7threshs_2_215_ROM_AUTO_1R.v"]"\
## "[file normalize "$origin_dir/MVAU_hls_3_Matrix_Vector_Activate_Stream_Batch_p_ZL7threshs_2_216_ROM_AUTO_1R.v"]"\
## "[file normalize "$origin_dir/MVAU_hls_3_Matrix_Vector_Activate_Stream_Batch_p_ZL7threshs_2_217_ROM_AUTO_1R.v"]"\
## "[file normalize "$origin_dir/MVAU_hls_3_Matrix_Vector_Activate_Stream_Batch_p_ZL7threshs_2_218_ROM_AUTO_1R.v"]"\
## "[file normalize "$origin_dir/MVAU_hls_3_Matrix_Vector_Activate_Stream_Batch_p_ZL7threshs_2_219_ROM_AUTO_1R.v"]"\
## "[file normalize "$origin_dir/MVAU_hls_3_Matrix_Vector_Activate_Stream_Batch_p_ZL7threshs_2_21_ROM_AUTO_1R.v"]"\
## "[file normalize "$origin_dir/MVAU_hls_3_Matrix_Vector_Activate_Stream_Batch_p_ZL7threshs_2_220_ROM_AUTO_1R.v"]"\
## "[file normalize "$origin_dir/MVAU_hls_3_Matrix_Vector_Activate_Stream_Batch_p_ZL7threshs_2_221_ROM_AUTO_1R.v"]"\
## "[file normalize "$origin_dir/MVAU_hls_3_Matrix_Vector_Activate_Stream_Batch_p_ZL7threshs_2_222_ROM_AUTO_1R.v"]"\
## "[file normalize "$origin_dir/MVAU_hls_3_Matrix_Vector_Activate_Stream_Batch_p_ZL7threshs_2_223_ROM_AUTO_1R.v"]"\
## "[file normalize "$origin_dir/MVAU_hls_3_Matrix_Vector_Activate_Stream_Batch_p_ZL7threshs_2_224_ROM_AUTO_1R.v"]"\
## "[file normalize "$origin_dir/MVAU_hls_3_Matrix_Vector_Activate_Stream_Batch_p_ZL7threshs_2_225_ROM_AUTO_1R.v"]"\
## "[file normalize "$origin_dir/MVAU_hls_3_Matrix_Vector_Activate_Stream_Batch_p_ZL7threshs_2_226_ROM_AUTO_1R.v"]"\
## "[file normalize "$origin_dir/MVAU_hls_3_Matrix_Vector_Activate_Stream_Batch_p_ZL7threshs_2_227_ROM_AUTO_1R.v"]"\
## "[file normalize "$origin_dir/MVAU_hls_3_Matrix_Vector_Activate_Stream_Batch_p_ZL7threshs_2_228_ROM_AUTO_1R.v"]"\
## "[file normalize "$origin_dir/MVAU_hls_3_Matrix_Vector_Activate_Stream_Batch_p_ZL7threshs_2_229_ROM_AUTO_1R.v"]"\
## "[file normalize "$origin_dir/MVAU_hls_3_Matrix_Vector_Activate_Stream_Batch_p_ZL7threshs_2_22_ROM_AUTO_1R.v"]"\
## "[file normalize "$origin_dir/MVAU_hls_3_Matrix_Vector_Activate_Stream_Batch_p_ZL7threshs_2_230_ROM_AUTO_1R.v"]"\
## "[file normalize "$origin_dir/MVAU_hls_3_Matrix_Vector_Activate_Stream_Batch_p_ZL7threshs_2_231_ROM_AUTO_1R.v"]"\
## "[file normalize "$origin_dir/MVAU_hls_3_Matrix_Vector_Activate_Stream_Batch_p_ZL7threshs_2_232_ROM_AUTO_1R.v"]"\
## "[file normalize "$origin_dir/MVAU_hls_3_Matrix_Vector_Activate_Stream_Batch_p_ZL7threshs_2_233_ROM_AUTO_1R.v"]"\
## "[file normalize "$origin_dir/MVAU_hls_3_Matrix_Vector_Activate_Stream_Batch_p_ZL7threshs_2_234_ROM_AUTO_1R.v"]"\
## "[file normalize "$origin_dir/MVAU_hls_3_Matrix_Vector_Activate_Stream_Batch_p_ZL7threshs_2_235_ROM_AUTO_1R.v"]"\
## "[file normalize "$origin_dir/MVAU_hls_3_Matrix_Vector_Activate_Stream_Batch_p_ZL7threshs_2_236_ROM_AUTO_1R.v"]"\
## "[file normalize "$origin_dir/MVAU_hls_3_Matrix_Vector_Activate_Stream_Batch_p_ZL7threshs_2_237_ROM_AUTO_1R.v"]"\
## "[file normalize "$origin_dir/MVAU_hls_3_Matrix_Vector_Activate_Stream_Batch_p_ZL7threshs_2_238_ROM_AUTO_1R.v"]"\
## "[file normalize "$origin_dir/MVAU_hls_3_Matrix_Vector_Activate_Stream_Batch_p_ZL7threshs_2_239_ROM_AUTO_1R.v"]"\
## "[file normalize "$origin_dir/MVAU_hls_3_Matrix_Vector_Activate_Stream_Batch_p_ZL7threshs_2_23_ROM_AUTO_1R.v"]"\
## "[file normalize "$origin_dir/MVAU_hls_3_Matrix_Vector_Activate_Stream_Batch_p_ZL7threshs_2_240_ROM_AUTO_1R.v"]"\
## "[file normalize "$origin_dir/MVAU_hls_3_Matrix_Vector_Activate_Stream_Batch_p_ZL7threshs_2_241_ROM_AUTO_1R.v"]"\
## "[file normalize "$origin_dir/MVAU_hls_3_Matrix_Vector_Activate_Stream_Batch_p_ZL7threshs_2_242_ROM_AUTO_1R.v"]"\
## "[file normalize "$origin_dir/MVAU_hls_3_Matrix_Vector_Activate_Stream_Batch_p_ZL7threshs_2_243_ROM_AUTO_1R.v"]"\
## "[file normalize "$origin_dir/MVAU_hls_3_Matrix_Vector_Activate_Stream_Batch_p_ZL7threshs_2_244_ROM_AUTO_1R.v"]"\
## "[file normalize "$origin_dir/MVAU_hls_3_Matrix_Vector_Activate_Stream_Batch_p_ZL7threshs_2_245_ROM_AUTO_1R.v"]"\
## "[file normalize "$origin_dir/MVAU_hls_3_Matrix_Vector_Activate_Stream_Batch_p_ZL7threshs_2_246_ROM_AUTO_1R.v"]"\
## "[file normalize "$origin_dir/MVAU_hls_3_Matrix_Vector_Activate_Stream_Batch_p_ZL7threshs_2_247_ROM_AUTO_1R.v"]"\
## "[file normalize "$origin_dir/MVAU_hls_3_Matrix_Vector_Activate_Stream_Batch_p_ZL7threshs_2_248_ROM_AUTO_1R.v"]"\
## "[file normalize "$origin_dir/MVAU_hls_3_Matrix_Vector_Activate_Stream_Batch_p_ZL7threshs_2_249_ROM_AUTO_1R.v"]"\
## "[file normalize "$origin_dir/MVAU_hls_3_Matrix_Vector_Activate_Stream_Batch_p_ZL7threshs_2_24_ROM_AUTO_1R.v"]"\
## "[file normalize "$origin_dir/MVAU_hls_3_Matrix_Vector_Activate_Stream_Batch_p_ZL7threshs_2_250_ROM_AUTO_1R.v"]"\
## "[file normalize "$origin_dir/MVAU_hls_3_Matrix_Vector_Activate_Stream_Batch_p_ZL7threshs_2_251_ROM_AUTO_1R.v"]"\
## "[file normalize "$origin_dir/MVAU_hls_3_Matrix_Vector_Activate_Stream_Batch_p_ZL7threshs_2_252_ROM_AUTO_1R.v"]"\
## "[file normalize "$origin_dir/MVAU_hls_3_Matrix_Vector_Activate_Stream_Batch_p_ZL7threshs_2_253_ROM_AUTO_1R.v"]"\
## "[file normalize "$origin_dir/MVAU_hls_3_Matrix_Vector_Activate_Stream_Batch_p_ZL7threshs_2_254_ROM_AUTO_1R.v"]"\
## "[file normalize "$origin_dir/MVAU_hls_3_Matrix_Vector_Activate_Stream_Batch_p_ZL7threshs_2_25_ROM_AUTO_1R.v"]"\
## "[file normalize "$origin_dir/MVAU_hls_3_Matrix_Vector_Activate_Stream_Batch_p_ZL7threshs_2_26_ROM_AUTO_1R.v"]"\
## "[file normalize "$origin_dir/MVAU_hls_3_Matrix_Vector_Activate_Stream_Batch_p_ZL7threshs_2_27_ROM_AUTO_1R.v"]"\
## "[file normalize "$origin_dir/MVAU_hls_3_Matrix_Vector_Activate_Stream_Batch_p_ZL7threshs_2_28_ROM_AUTO_1R.v"]"\
## "[file normalize "$origin_dir/MVAU_hls_3_Matrix_Vector_Activate_Stream_Batch_p_ZL7threshs_2_29_ROM_AUTO_1R.v"]"\
## "[file normalize "$origin_dir/MVAU_hls_3_Matrix_Vector_Activate_Stream_Batch_p_ZL7threshs_2_2_ROM_AUTO_1R.v"]"\
## "[file normalize "$origin_dir/MVAU_hls_3_Matrix_Vector_Activate_Stream_Batch_p_ZL7threshs_2_30_ROM_AUTO_1R.v"]"\
## "[file normalize "$origin_dir/MVAU_hls_3_Matrix_Vector_Activate_Stream_Batch_p_ZL7threshs_2_31_ROM_AUTO_1R.v"]"\
## "[file normalize "$origin_dir/MVAU_hls_3_Matrix_Vector_Activate_Stream_Batch_p_ZL7threshs_2_32_ROM_AUTO_1R.v"]"\
## "[file normalize "$origin_dir/MVAU_hls_3_Matrix_Vector_Activate_Stream_Batch_p_ZL7threshs_2_33_ROM_AUTO_1R.v"]"\
## "[file normalize "$origin_dir/MVAU_hls_3_Matrix_Vector_Activate_Stream_Batch_p_ZL7threshs_2_34_ROM_AUTO_1R.v"]"\
## "[file normalize "$origin_dir/MVAU_hls_3_Matrix_Vector_Activate_Stream_Batch_p_ZL7threshs_2_35_ROM_AUTO_1R.v"]"\
## "[file normalize "$origin_dir/MVAU_hls_3_Matrix_Vector_Activate_Stream_Batch_p_ZL7threshs_2_36_ROM_AUTO_1R.v"]"\
## "[file normalize "$origin_dir/MVAU_hls_3_Matrix_Vector_Activate_Stream_Batch_p_ZL7threshs_2_37_ROM_AUTO_1R.v"]"\
## "[file normalize "$origin_dir/MVAU_hls_3_Matrix_Vector_Activate_Stream_Batch_p_ZL7threshs_2_38_ROM_AUTO_1R.v"]"\
## "[file normalize "$origin_dir/MVAU_hls_3_Matrix_Vector_Activate_Stream_Batch_p_ZL7threshs_2_39_ROM_AUTO_1R.v"]"\
## "[file normalize "$origin_dir/MVAU_hls_3_Matrix_Vector_Activate_Stream_Batch_p_ZL7threshs_2_3_ROM_AUTO_1R.v"]"\
## "[file normalize "$origin_dir/MVAU_hls_3_Matrix_Vector_Activate_Stream_Batch_p_ZL7threshs_2_40_ROM_AUTO_1R.v"]"\
## "[file normalize "$origin_dir/MVAU_hls_3_Matrix_Vector_Activate_Stream_Batch_p_ZL7threshs_2_41_ROM_AUTO_1R.v"]"\
## "[file normalize "$origin_dir/MVAU_hls_3_Matrix_Vector_Activate_Stream_Batch_p_ZL7threshs_2_42_ROM_AUTO_1R.v"]"\
## "[file normalize "$origin_dir/MVAU_hls_3_Matrix_Vector_Activate_Stream_Batch_p_ZL7threshs_2_43_ROM_AUTO_1R.v"]"\
## "[file normalize "$origin_dir/MVAU_hls_3_Matrix_Vector_Activate_Stream_Batch_p_ZL7threshs_2_44_ROM_AUTO_1R.v"]"\
## "[file normalize "$origin_dir/MVAU_hls_3_Matrix_Vector_Activate_Stream_Batch_p_ZL7threshs_2_45_ROM_AUTO_1R.v"]"\
## "[file normalize "$origin_dir/MVAU_hls_3_Matrix_Vector_Activate_Stream_Batch_p_ZL7threshs_2_46_ROM_AUTO_1R.v"]"\
## "[file normalize "$origin_dir/MVAU_hls_3_Matrix_Vector_Activate_Stream_Batch_p_ZL7threshs_2_47_ROM_AUTO_1R.v"]"\
## "[file normalize "$origin_dir/MVAU_hls_3_Matrix_Vector_Activate_Stream_Batch_p_ZL7threshs_2_48_ROM_AUTO_1R.v"]"\
## "[file normalize "$origin_dir/MVAU_hls_3_Matrix_Vector_Activate_Stream_Batch_p_ZL7threshs_2_49_ROM_AUTO_1R.v"]"\
## "[file normalize "$origin_dir/MVAU_hls_3_Matrix_Vector_Activate_Stream_Batch_p_ZL7threshs_2_4_ROM_AUTO_1R.v"]"\
## "[file normalize "$origin_dir/MVAU_hls_3_Matrix_Vector_Activate_Stream_Batch_p_ZL7threshs_2_50_ROM_AUTO_1R.v"]"\
## "[file normalize "$origin_dir/MVAU_hls_3_Matrix_Vector_Activate_Stream_Batch_p_ZL7threshs_2_51_ROM_AUTO_1R.v"]"\
## "[file normalize "$origin_dir/MVAU_hls_3_Matrix_Vector_Activate_Stream_Batch_p_ZL7threshs_2_52_ROM_AUTO_1R.v"]"\
## "[file normalize "$origin_dir/MVAU_hls_3_Matrix_Vector_Activate_Stream_Batch_p_ZL7threshs_2_53_ROM_AUTO_1R.v"]"\
## "[file normalize "$origin_dir/MVAU_hls_3_Matrix_Vector_Activate_Stream_Batch_p_ZL7threshs_2_54_ROM_AUTO_1R.v"]"\
## "[file normalize "$origin_dir/MVAU_hls_3_Matrix_Vector_Activate_Stream_Batch_p_ZL7threshs_2_55_ROM_AUTO_1R.v"]"\
## "[file normalize "$origin_dir/MVAU_hls_3_Matrix_Vector_Activate_Stream_Batch_p_ZL7threshs_2_56_ROM_AUTO_1R.v"]"\
## "[file normalize "$origin_dir/MVAU_hls_3_Matrix_Vector_Activate_Stream_Batch_p_ZL7threshs_2_57_ROM_AUTO_1R.v"]"\
## "[file normalize "$origin_dir/MVAU_hls_3_Matrix_Vector_Activate_Stream_Batch_p_ZL7threshs_2_58_ROM_AUTO_1R.v"]"\
## "[file normalize "$origin_dir/MVAU_hls_3_Matrix_Vector_Activate_Stream_Batch_p_ZL7threshs_2_59_ROM_AUTO_1R.v"]"\
## "[file normalize "$origin_dir/MVAU_hls_3_Matrix_Vector_Activate_Stream_Batch_p_ZL7threshs_2_5_ROM_AUTO_1R.v"]"\
## "[file normalize "$origin_dir/MVAU_hls_3_Matrix_Vector_Activate_Stream_Batch_p_ZL7threshs_2_60_ROM_AUTO_1R.v"]"\
## "[file normalize "$origin_dir/MVAU_hls_3_Matrix_Vector_Activate_Stream_Batch_p_ZL7threshs_2_61_ROM_AUTO_1R.v"]"\
## "[file normalize "$origin_dir/MVAU_hls_3_Matrix_Vector_Activate_Stream_Batch_p_ZL7threshs_2_62_ROM_AUTO_1R.v"]"\
## "[file normalize "$origin_dir/MVAU_hls_3_Matrix_Vector_Activate_Stream_Batch_p_ZL7threshs_2_63_ROM_AUTO_1R.v"]"\
## "[file normalize "$origin_dir/MVAU_hls_3_Matrix_Vector_Activate_Stream_Batch_p_ZL7threshs_2_64_ROM_AUTO_1R.v"]"\
## "[file normalize "$origin_dir/MVAU_hls_3_Matrix_Vector_Activate_Stream_Batch_p_ZL7threshs_2_65_ROM_AUTO_1R.v"]"\
## "[file normalize "$origin_dir/MVAU_hls_3_Matrix_Vector_Activate_Stream_Batch_p_ZL7threshs_2_66_ROM_AUTO_1R.v"]"\
## "[file normalize "$origin_dir/MVAU_hls_3_Matrix_Vector_Activate_Stream_Batch_p_ZL7threshs_2_67_ROM_AUTO_1R.v"]"\
## "[file normalize "$origin_dir/MVAU_hls_3_Matrix_Vector_Activate_Stream_Batch_p_ZL7threshs_2_68_ROM_AUTO_1R.v"]"\
## "[file normalize "$origin_dir/MVAU_hls_3_Matrix_Vector_Activate_Stream_Batch_p_ZL7threshs_2_69_ROM_AUTO_1R.v"]"\
## "[file normalize "$origin_dir/MVAU_hls_3_Matrix_Vector_Activate_Stream_Batch_p_ZL7threshs_2_6_ROM_AUTO_1R.v"]"\
## "[file normalize "$origin_dir/MVAU_hls_3_Matrix_Vector_Activate_Stream_Batch_p_ZL7threshs_2_70_ROM_AUTO_1R.v"]"\
## "[file normalize "$origin_dir/MVAU_hls_3_Matrix_Vector_Activate_Stream_Batch_p_ZL7threshs_2_71_ROM_AUTO_1R.v"]"\
## "[file normalize "$origin_dir/MVAU_hls_3_Matrix_Vector_Activate_Stream_Batch_p_ZL7threshs_2_72_ROM_AUTO_1R.v"]"\
## "[file normalize "$origin_dir/MVAU_hls_3_Matrix_Vector_Activate_Stream_Batch_p_ZL7threshs_2_73_ROM_AUTO_1R.v"]"\
## "[file normalize "$origin_dir/MVAU_hls_3_Matrix_Vector_Activate_Stream_Batch_p_ZL7threshs_2_74_ROM_AUTO_1R.v"]"\
## "[file normalize "$origin_dir/MVAU_hls_3_Matrix_Vector_Activate_Stream_Batch_p_ZL7threshs_2_75_ROM_AUTO_1R.v"]"\
## "[file normalize "$origin_dir/MVAU_hls_3_Matrix_Vector_Activate_Stream_Batch_p_ZL7threshs_2_76_ROM_AUTO_1R.v"]"\
## "[file normalize "$origin_dir/MVAU_hls_3_Matrix_Vector_Activate_Stream_Batch_p_ZL7threshs_2_77_ROM_AUTO_1R.v"]"\
## "[file normalize "$origin_dir/MVAU_hls_3_Matrix_Vector_Activate_Stream_Batch_p_ZL7threshs_2_78_ROM_AUTO_1R.v"]"\
## "[file normalize "$origin_dir/MVAU_hls_3_Matrix_Vector_Activate_Stream_Batch_p_ZL7threshs_2_79_ROM_AUTO_1R.v"]"\
## "[file normalize "$origin_dir/MVAU_hls_3_Matrix_Vector_Activate_Stream_Batch_p_ZL7threshs_2_7_ROM_AUTO_1R.v"]"\
## "[file normalize "$origin_dir/MVAU_hls_3_Matrix_Vector_Activate_Stream_Batch_p_ZL7threshs_2_80_ROM_AUTO_1R.v"]"\
## "[file normalize "$origin_dir/MVAU_hls_3_Matrix_Vector_Activate_Stream_Batch_p_ZL7threshs_2_81_ROM_AUTO_1R.v"]"\
## "[file normalize "$origin_dir/MVAU_hls_3_Matrix_Vector_Activate_Stream_Batch_p_ZL7threshs_2_82_ROM_AUTO_1R.v"]"\
## "[file normalize "$origin_dir/MVAU_hls_3_Matrix_Vector_Activate_Stream_Batch_p_ZL7threshs_2_83_ROM_AUTO_1R.v"]"\
## "[file normalize "$origin_dir/MVAU_hls_3_Matrix_Vector_Activate_Stream_Batch_p_ZL7threshs_2_84_ROM_AUTO_1R.v"]"\
## "[file normalize "$origin_dir/MVAU_hls_3_Matrix_Vector_Activate_Stream_Batch_p_ZL7threshs_2_85_ROM_AUTO_1R.v"]"\
## "[file normalize "$origin_dir/MVAU_hls_3_Matrix_Vector_Activate_Stream_Batch_p_ZL7threshs_2_86_ROM_AUTO_1R.v"]"\
## "[file normalize "$origin_dir/MVAU_hls_3_Matrix_Vector_Activate_Stream_Batch_p_ZL7threshs_2_87_ROM_AUTO_1R.v"]"\
## "[file normalize "$origin_dir/MVAU_hls_3_Matrix_Vector_Activate_Stream_Batch_p_ZL7threshs_2_88_ROM_AUTO_1R.v"]"\
## "[file normalize "$origin_dir/MVAU_hls_3_Matrix_Vector_Activate_Stream_Batch_p_ZL7threshs_2_89_ROM_AUTO_1R.v"]"\
## "[file normalize "$origin_dir/MVAU_hls_3_Matrix_Vector_Activate_Stream_Batch_p_ZL7threshs_2_8_ROM_AUTO_1R.v"]"\
## "[file normalize "$origin_dir/MVAU_hls_3_Matrix_Vector_Activate_Stream_Batch_p_ZL7threshs_2_90_ROM_AUTO_1R.v"]"\
## "[file normalize "$origin_dir/MVAU_hls_3_Matrix_Vector_Activate_Stream_Batch_p_ZL7threshs_2_91_ROM_AUTO_1R.v"]"\
## "[file normalize "$origin_dir/MVAU_hls_3_Matrix_Vector_Activate_Stream_Batch_p_ZL7threshs_2_92_ROM_AUTO_1R.v"]"\
## "[file normalize "$origin_dir/MVAU_hls_3_Matrix_Vector_Activate_Stream_Batch_p_ZL7threshs_2_93_ROM_AUTO_1R.v"]"\
## "[file normalize "$origin_dir/MVAU_hls_3_Matrix_Vector_Activate_Stream_Batch_p_ZL7threshs_2_94_ROM_AUTO_1R.v"]"\
## "[file normalize "$origin_dir/MVAU_hls_3_Matrix_Vector_Activate_Stream_Batch_p_ZL7threshs_2_95_ROM_AUTO_1R.v"]"\
## "[file normalize "$origin_dir/MVAU_hls_3_Matrix_Vector_Activate_Stream_Batch_p_ZL7threshs_2_96_ROM_AUTO_1R.v"]"\
## "[file normalize "$origin_dir/MVAU_hls_3_Matrix_Vector_Activate_Stream_Batch_p_ZL7threshs_2_97_ROM_AUTO_1R.v"]"\
## "[file normalize "$origin_dir/MVAU_hls_3_Matrix_Vector_Activate_Stream_Batch_p_ZL7threshs_2_98_ROM_AUTO_1R.v"]"\
## "[file normalize "$origin_dir/MVAU_hls_3_Matrix_Vector_Activate_Stream_Batch_p_ZL7threshs_2_99_ROM_AUTO_1R.v"]"\
## "[file normalize "$origin_dir/MVAU_hls_3_Matrix_Vector_Activate_Stream_Batch_p_ZL7threshs_2_9_ROM_AUTO_1R.v"]"\
## "[file normalize "$origin_dir/MVAU_hls_3_Matrix_Vector_Activate_Stream_Batch_p_ZL7threshs_3_0_ROM_AUTO_1R.v"]"\
## "[file normalize "$origin_dir/MVAU_hls_3_Matrix_Vector_Activate_Stream_Batch_p_ZL7threshs_3_100_ROM_AUTO_1R.v"]"\
## "[file normalize "$origin_dir/MVAU_hls_3_Matrix_Vector_Activate_Stream_Batch_p_ZL7threshs_3_101_ROM_AUTO_1R.v"]"\
## "[file normalize "$origin_dir/MVAU_hls_3_Matrix_Vector_Activate_Stream_Batch_p_ZL7threshs_3_102_ROM_AUTO_1R.v"]"\
## "[file normalize "$origin_dir/MVAU_hls_3_Matrix_Vector_Activate_Stream_Batch_p_ZL7threshs_3_103_ROM_AUTO_1R.v"]"\
## "[file normalize "$origin_dir/MVAU_hls_3_Matrix_Vector_Activate_Stream_Batch_p_ZL7threshs_3_104_ROM_AUTO_1R.v"]"\
## "[file normalize "$origin_dir/MVAU_hls_3_Matrix_Vector_Activate_Stream_Batch_p_ZL7threshs_3_105_ROM_AUTO_1R.v"]"\
## "[file normalize "$origin_dir/MVAU_hls_3_Matrix_Vector_Activate_Stream_Batch_p_ZL7threshs_3_106_ROM_AUTO_1R.v"]"\
## "[file normalize "$origin_dir/MVAU_hls_3_Matrix_Vector_Activate_Stream_Batch_p_ZL7threshs_3_107_ROM_AUTO_1R.v"]"\
## "[file normalize "$origin_dir/MVAU_hls_3_Matrix_Vector_Activate_Stream_Batch_p_ZL7threshs_3_108_ROM_AUTO_1R.v"]"\
## "[file normalize "$origin_dir/MVAU_hls_3_Matrix_Vector_Activate_Stream_Batch_p_ZL7threshs_3_109_ROM_AUTO_1R.v"]"\
## "[file normalize "$origin_dir/MVAU_hls_3_Matrix_Vector_Activate_Stream_Batch_p_ZL7threshs_3_10_ROM_AUTO_1R.v"]"\
## "[file normalize "$origin_dir/MVAU_hls_3_Matrix_Vector_Activate_Stream_Batch_p_ZL7threshs_3_110_ROM_AUTO_1R.v"]"\
## "[file normalize "$origin_dir/MVAU_hls_3_Matrix_Vector_Activate_Stream_Batch_p_ZL7threshs_3_111_ROM_AUTO_1R.v"]"\
## "[file normalize "$origin_dir/MVAU_hls_3_Matrix_Vector_Activate_Stream_Batch_p_ZL7threshs_3_112_ROM_AUTO_1R.v"]"\
## "[file normalize "$origin_dir/MVAU_hls_3_Matrix_Vector_Activate_Stream_Batch_p_ZL7threshs_3_113_ROM_AUTO_1R.v"]"\
## "[file normalize "$origin_dir/MVAU_hls_3_Matrix_Vector_Activate_Stream_Batch_p_ZL7threshs_3_114_ROM_AUTO_1R.v"]"\
## "[file normalize "$origin_dir/MVAU_hls_3_Matrix_Vector_Activate_Stream_Batch_p_ZL7threshs_3_115_ROM_AUTO_1R.v"]"\
## "[file normalize "$origin_dir/MVAU_hls_3_Matrix_Vector_Activate_Stream_Batch_p_ZL7threshs_3_116_ROM_AUTO_1R.v"]"\
## "[file normalize "$origin_dir/MVAU_hls_3_Matrix_Vector_Activate_Stream_Batch_p_ZL7threshs_3_117_ROM_AUTO_1R.v"]"\
## "[file normalize "$origin_dir/MVAU_hls_3_Matrix_Vector_Activate_Stream_Batch_p_ZL7threshs_3_118_ROM_AUTO_1R.v"]"\
## "[file normalize "$origin_dir/MVAU_hls_3_Matrix_Vector_Activate_Stream_Batch_p_ZL7threshs_3_119_ROM_AUTO_1R.v"]"\
## "[file normalize "$origin_dir/MVAU_hls_3_Matrix_Vector_Activate_Stream_Batch_p_ZL7threshs_3_11_ROM_AUTO_1R.v"]"\
## "[file normalize "$origin_dir/MVAU_hls_3_Matrix_Vector_Activate_Stream_Batch_p_ZL7threshs_3_120_ROM_AUTO_1R.v"]"\
## "[file normalize "$origin_dir/MVAU_hls_3_Matrix_Vector_Activate_Stream_Batch_p_ZL7threshs_3_121_ROM_AUTO_1R.v"]"\
## "[file normalize "$origin_dir/MVAU_hls_3_Matrix_Vector_Activate_Stream_Batch_p_ZL7threshs_3_122_ROM_AUTO_1R.v"]"\
## "[file normalize "$origin_dir/MVAU_hls_3_Matrix_Vector_Activate_Stream_Batch_p_ZL7threshs_3_123_ROM_AUTO_1R.v"]"\
## "[file normalize "$origin_dir/MVAU_hls_3_Matrix_Vector_Activate_Stream_Batch_p_ZL7threshs_3_124_ROM_AUTO_1R.v"]"\
## "[file normalize "$origin_dir/MVAU_hls_3_Matrix_Vector_Activate_Stream_Batch_p_ZL7threshs_3_125_ROM_AUTO_1R.v"]"\
## "[file normalize "$origin_dir/MVAU_hls_3_Matrix_Vector_Activate_Stream_Batch_p_ZL7threshs_3_126_ROM_AUTO_1R.v"]"\
## "[file normalize "$origin_dir/MVAU_hls_3_Matrix_Vector_Activate_Stream_Batch_p_ZL7threshs_3_127_ROM_AUTO_1R.v"]"\
## "[file normalize "$origin_dir/MVAU_hls_3_Matrix_Vector_Activate_Stream_Batch_p_ZL7threshs_3_128_ROM_AUTO_1R.v"]"\
## "[file normalize "$origin_dir/MVAU_hls_3_Matrix_Vector_Activate_Stream_Batch_p_ZL7threshs_3_129_ROM_AUTO_1R.v"]"\
## "[file normalize "$origin_dir/MVAU_hls_3_Matrix_Vector_Activate_Stream_Batch_p_ZL7threshs_3_12_ROM_AUTO_1R.v"]"\
## "[file normalize "$origin_dir/MVAU_hls_3_Matrix_Vector_Activate_Stream_Batch_p_ZL7threshs_3_130_ROM_AUTO_1R.v"]"\
## "[file normalize "$origin_dir/MVAU_hls_3_Matrix_Vector_Activate_Stream_Batch_p_ZL7threshs_3_131_ROM_AUTO_1R.v"]"\
## "[file normalize "$origin_dir/MVAU_hls_3_Matrix_Vector_Activate_Stream_Batch_p_ZL7threshs_3_132_ROM_AUTO_1R.v"]"\
## "[file normalize "$origin_dir/MVAU_hls_3_Matrix_Vector_Activate_Stream_Batch_p_ZL7threshs_3_133_ROM_AUTO_1R.v"]"\
## "[file normalize "$origin_dir/MVAU_hls_3_Matrix_Vector_Activate_Stream_Batch_p_ZL7threshs_3_134_ROM_AUTO_1R.v"]"\
## "[file normalize "$origin_dir/MVAU_hls_3_Matrix_Vector_Activate_Stream_Batch_p_ZL7threshs_3_135_ROM_AUTO_1R.v"]"\
## "[file normalize "$origin_dir/MVAU_hls_3_Matrix_Vector_Activate_Stream_Batch_p_ZL7threshs_3_136_ROM_AUTO_1R.v"]"\
## "[file normalize "$origin_dir/MVAU_hls_3_Matrix_Vector_Activate_Stream_Batch_p_ZL7threshs_3_137_ROM_AUTO_1R.v"]"\
## "[file normalize "$origin_dir/MVAU_hls_3_Matrix_Vector_Activate_Stream_Batch_p_ZL7threshs_3_138_ROM_AUTO_1R.v"]"\
## "[file normalize "$origin_dir/MVAU_hls_3_Matrix_Vector_Activate_Stream_Batch_p_ZL7threshs_3_139_ROM_AUTO_1R.v"]"\
## "[file normalize "$origin_dir/MVAU_hls_3_Matrix_Vector_Activate_Stream_Batch_p_ZL7threshs_3_13_ROM_AUTO_1R.v"]"\
## "[file normalize "$origin_dir/MVAU_hls_3_Matrix_Vector_Activate_Stream_Batch_p_ZL7threshs_3_140_ROM_AUTO_1R.v"]"\
## "[file normalize "$origin_dir/MVAU_hls_3_Matrix_Vector_Activate_Stream_Batch_p_ZL7threshs_3_141_ROM_AUTO_1R.v"]"\
## "[file normalize "$origin_dir/MVAU_hls_3_Matrix_Vector_Activate_Stream_Batch_p_ZL7threshs_3_142_ROM_AUTO_1R.v"]"\
## "[file normalize "$origin_dir/MVAU_hls_3_Matrix_Vector_Activate_Stream_Batch_p_ZL7threshs_3_143_ROM_AUTO_1R.v"]"\
## "[file normalize "$origin_dir/MVAU_hls_3_Matrix_Vector_Activate_Stream_Batch_p_ZL7threshs_3_144_ROM_AUTO_1R.v"]"\
## "[file normalize "$origin_dir/MVAU_hls_3_Matrix_Vector_Activate_Stream_Batch_p_ZL7threshs_3_145_ROM_AUTO_1R.v"]"\
## "[file normalize "$origin_dir/MVAU_hls_3_Matrix_Vector_Activate_Stream_Batch_p_ZL7threshs_3_146_ROM_AUTO_1R.v"]"\
## "[file normalize "$origin_dir/MVAU_hls_3_Matrix_Vector_Activate_Stream_Batch_p_ZL7threshs_3_147_ROM_AUTO_1R.v"]"\
## "[file normalize "$origin_dir/MVAU_hls_3_Matrix_Vector_Activate_Stream_Batch_p_ZL7threshs_3_148_ROM_AUTO_1R.v"]"\
## "[file normalize "$origin_dir/MVAU_hls_3_Matrix_Vector_Activate_Stream_Batch_p_ZL7threshs_3_149_ROM_AUTO_1R.v"]"\
## "[file normalize "$origin_dir/MVAU_hls_3_Matrix_Vector_Activate_Stream_Batch_p_ZL7threshs_3_14_ROM_AUTO_1R.v"]"\
## "[file normalize "$origin_dir/MVAU_hls_3_Matrix_Vector_Activate_Stream_Batch_p_ZL7threshs_3_150_ROM_AUTO_1R.v"]"\
## "[file normalize "$origin_dir/MVAU_hls_3_Matrix_Vector_Activate_Stream_Batch_p_ZL7threshs_3_151_ROM_AUTO_1R.v"]"\
## "[file normalize "$origin_dir/MVAU_hls_3_Matrix_Vector_Activate_Stream_Batch_p_ZL7threshs_3_152_ROM_AUTO_1R.v"]"\
## "[file normalize "$origin_dir/MVAU_hls_3_Matrix_Vector_Activate_Stream_Batch_p_ZL7threshs_3_153_ROM_AUTO_1R.v"]"\
## "[file normalize "$origin_dir/MVAU_hls_3_Matrix_Vector_Activate_Stream_Batch_p_ZL7threshs_3_154_ROM_AUTO_1R.v"]"\
## "[file normalize "$origin_dir/MVAU_hls_3_Matrix_Vector_Activate_Stream_Batch_p_ZL7threshs_3_155_ROM_AUTO_1R.v"]"\
## "[file normalize "$origin_dir/MVAU_hls_3_Matrix_Vector_Activate_Stream_Batch_p_ZL7threshs_3_156_ROM_AUTO_1R.v"]"\
## "[file normalize "$origin_dir/MVAU_hls_3_Matrix_Vector_Activate_Stream_Batch_p_ZL7threshs_3_157_ROM_AUTO_1R.v"]"\
## "[file normalize "$origin_dir/MVAU_hls_3_Matrix_Vector_Activate_Stream_Batch_p_ZL7threshs_3_158_ROM_AUTO_1R.v"]"\
## "[file normalize "$origin_dir/MVAU_hls_3_Matrix_Vector_Activate_Stream_Batch_p_ZL7threshs_3_159_ROM_AUTO_1R.v"]"\
## "[file normalize "$origin_dir/MVAU_hls_3_Matrix_Vector_Activate_Stream_Batch_p_ZL7threshs_3_15_ROM_AUTO_1R.v"]"\
## "[file normalize "$origin_dir/MVAU_hls_3_Matrix_Vector_Activate_Stream_Batch_p_ZL7threshs_3_160_ROM_AUTO_1R.v"]"\
## "[file normalize "$origin_dir/MVAU_hls_3_Matrix_Vector_Activate_Stream_Batch_p_ZL7threshs_3_161_ROM_AUTO_1R.v"]"\
## "[file normalize "$origin_dir/MVAU_hls_3_Matrix_Vector_Activate_Stream_Batch_p_ZL7threshs_3_162_ROM_AUTO_1R.v"]"\
## "[file normalize "$origin_dir/MVAU_hls_3_Matrix_Vector_Activate_Stream_Batch_p_ZL7threshs_3_163_ROM_AUTO_1R.v"]"\
## "[file normalize "$origin_dir/MVAU_hls_3_Matrix_Vector_Activate_Stream_Batch_p_ZL7threshs_3_164_ROM_AUTO_1R.v"]"\
## "[file normalize "$origin_dir/MVAU_hls_3_Matrix_Vector_Activate_Stream_Batch_p_ZL7threshs_3_165_ROM_AUTO_1R.v"]"\
## "[file normalize "$origin_dir/MVAU_hls_3_Matrix_Vector_Activate_Stream_Batch_p_ZL7threshs_3_166_ROM_AUTO_1R.v"]"\
## "[file normalize "$origin_dir/MVAU_hls_3_Matrix_Vector_Activate_Stream_Batch_p_ZL7threshs_3_167_ROM_AUTO_1R.v"]"\
## "[file normalize "$origin_dir/MVAU_hls_3_Matrix_Vector_Activate_Stream_Batch_p_ZL7threshs_3_168_ROM_AUTO_1R.v"]"\
## "[file normalize "$origin_dir/MVAU_hls_3_Matrix_Vector_Activate_Stream_Batch_p_ZL7threshs_3_169_ROM_AUTO_1R.v"]"\
## "[file normalize "$origin_dir/MVAU_hls_3_Matrix_Vector_Activate_Stream_Batch_p_ZL7threshs_3_16_ROM_AUTO_1R.v"]"\
## "[file normalize "$origin_dir/MVAU_hls_3_Matrix_Vector_Activate_Stream_Batch_p_ZL7threshs_3_170_ROM_AUTO_1R.v"]"\
## "[file normalize "$origin_dir/MVAU_hls_3_Matrix_Vector_Activate_Stream_Batch_p_ZL7threshs_3_171_ROM_AUTO_1R.v"]"\
## "[file normalize "$origin_dir/MVAU_hls_3_Matrix_Vector_Activate_Stream_Batch_p_ZL7threshs_3_172_ROM_AUTO_1R.v"]"\
## "[file normalize "$origin_dir/MVAU_hls_3_Matrix_Vector_Activate_Stream_Batch_p_ZL7threshs_3_173_ROM_AUTO_1R.v"]"\
## "[file normalize "$origin_dir/MVAU_hls_3_Matrix_Vector_Activate_Stream_Batch_p_ZL7threshs_3_174_ROM_AUTO_1R.v"]"\
## "[file normalize "$origin_dir/MVAU_hls_3_Matrix_Vector_Activate_Stream_Batch_p_ZL7threshs_3_175_ROM_AUTO_1R.v"]"\
## "[file normalize "$origin_dir/MVAU_hls_3_Matrix_Vector_Activate_Stream_Batch_p_ZL7threshs_3_176_ROM_AUTO_1R.v"]"\
## "[file normalize "$origin_dir/MVAU_hls_3_Matrix_Vector_Activate_Stream_Batch_p_ZL7threshs_3_177_ROM_AUTO_1R.v"]"\
## "[file normalize "$origin_dir/MVAU_hls_3_Matrix_Vector_Activate_Stream_Batch_p_ZL7threshs_3_178_ROM_AUTO_1R.v"]"\
## "[file normalize "$origin_dir/MVAU_hls_3_Matrix_Vector_Activate_Stream_Batch_p_ZL7threshs_3_179_ROM_AUTO_1R.v"]"\
## "[file normalize "$origin_dir/MVAU_hls_3_Matrix_Vector_Activate_Stream_Batch_p_ZL7threshs_3_17_ROM_AUTO_1R.v"]"\
## "[file normalize "$origin_dir/MVAU_hls_3_Matrix_Vector_Activate_Stream_Batch_p_ZL7threshs_3_180_ROM_AUTO_1R.v"]"\
## "[file normalize "$origin_dir/MVAU_hls_3_Matrix_Vector_Activate_Stream_Batch_p_ZL7threshs_3_181_ROM_AUTO_1R.v"]"\
## "[file normalize "$origin_dir/MVAU_hls_3_Matrix_Vector_Activate_Stream_Batch_p_ZL7threshs_3_182_ROM_AUTO_1R.v"]"\
## "[file normalize "$origin_dir/MVAU_hls_3_Matrix_Vector_Activate_Stream_Batch_p_ZL7threshs_3_183_ROM_AUTO_1R.v"]"\
## "[file normalize "$origin_dir/MVAU_hls_3_Matrix_Vector_Activate_Stream_Batch_p_ZL7threshs_3_184_ROM_AUTO_1R.v"]"\
## "[file normalize "$origin_dir/MVAU_hls_3_Matrix_Vector_Activate_Stream_Batch_p_ZL7threshs_3_185_ROM_AUTO_1R.v"]"\
## "[file normalize "$origin_dir/MVAU_hls_3_Matrix_Vector_Activate_Stream_Batch_p_ZL7threshs_3_186_ROM_AUTO_1R.v"]"\
## "[file normalize "$origin_dir/MVAU_hls_3_Matrix_Vector_Activate_Stream_Batch_p_ZL7threshs_3_187_ROM_AUTO_1R.v"]"\
## "[file normalize "$origin_dir/MVAU_hls_3_Matrix_Vector_Activate_Stream_Batch_p_ZL7threshs_3_188_ROM_AUTO_1R.v"]"\
## "[file normalize "$origin_dir/MVAU_hls_3_Matrix_Vector_Activate_Stream_Batch_p_ZL7threshs_3_189_ROM_AUTO_1R.v"]"\
## "[file normalize "$origin_dir/MVAU_hls_3_Matrix_Vector_Activate_Stream_Batch_p_ZL7threshs_3_18_ROM_AUTO_1R.v"]"\
## "[file normalize "$origin_dir/MVAU_hls_3_Matrix_Vector_Activate_Stream_Batch_p_ZL7threshs_3_190_ROM_AUTO_1R.v"]"\
## "[file normalize "$origin_dir/MVAU_hls_3_Matrix_Vector_Activate_Stream_Batch_p_ZL7threshs_3_191_ROM_AUTO_1R.v"]"\
## "[file normalize "$origin_dir/MVAU_hls_3_Matrix_Vector_Activate_Stream_Batch_p_ZL7threshs_3_192_ROM_AUTO_1R.v"]"\
## "[file normalize "$origin_dir/MVAU_hls_3_Matrix_Vector_Activate_Stream_Batch_p_ZL7threshs_3_193_ROM_AUTO_1R.v"]"\
## "[file normalize "$origin_dir/MVAU_hls_3_Matrix_Vector_Activate_Stream_Batch_p_ZL7threshs_3_194_ROM_AUTO_1R.v"]"\
## "[file normalize "$origin_dir/MVAU_hls_3_Matrix_Vector_Activate_Stream_Batch_p_ZL7threshs_3_195_ROM_AUTO_1R.v"]"\
## "[file normalize "$origin_dir/MVAU_hls_3_Matrix_Vector_Activate_Stream_Batch_p_ZL7threshs_3_196_ROM_AUTO_1R.v"]"\
## "[file normalize "$origin_dir/MVAU_hls_3_Matrix_Vector_Activate_Stream_Batch_p_ZL7threshs_3_197_ROM_AUTO_1R.v"]"\
## "[file normalize "$origin_dir/MVAU_hls_3_Matrix_Vector_Activate_Stream_Batch_p_ZL7threshs_3_198_ROM_AUTO_1R.v"]"\
## "[file normalize "$origin_dir/MVAU_hls_3_Matrix_Vector_Activate_Stream_Batch_p_ZL7threshs_3_199_ROM_AUTO_1R.v"]"\
## "[file normalize "$origin_dir/MVAU_hls_3_Matrix_Vector_Activate_Stream_Batch_p_ZL7threshs_3_19_ROM_AUTO_1R.v"]"\
## "[file normalize "$origin_dir/MVAU_hls_3_Matrix_Vector_Activate_Stream_Batch_p_ZL7threshs_3_1_ROM_AUTO_1R.v"]"\
## "[file normalize "$origin_dir/MVAU_hls_3_Matrix_Vector_Activate_Stream_Batch_p_ZL7threshs_3_200_ROM_AUTO_1R.v"]"\
## "[file normalize "$origin_dir/MVAU_hls_3_Matrix_Vector_Activate_Stream_Batch_p_ZL7threshs_3_201_ROM_AUTO_1R.v"]"\
## "[file normalize "$origin_dir/MVAU_hls_3_Matrix_Vector_Activate_Stream_Batch_p_ZL7threshs_3_202_ROM_AUTO_1R.v"]"\
## "[file normalize "$origin_dir/MVAU_hls_3_Matrix_Vector_Activate_Stream_Batch_p_ZL7threshs_3_203_ROM_AUTO_1R.v"]"\
## "[file normalize "$origin_dir/MVAU_hls_3_Matrix_Vector_Activate_Stream_Batch_p_ZL7threshs_3_204_ROM_AUTO_1R.v"]"\
## "[file normalize "$origin_dir/MVAU_hls_3_Matrix_Vector_Activate_Stream_Batch_p_ZL7threshs_3_205_ROM_AUTO_1R.v"]"\
## "[file normalize "$origin_dir/MVAU_hls_3_Matrix_Vector_Activate_Stream_Batch_p_ZL7threshs_3_206_ROM_AUTO_1R.v"]"\
## "[file normalize "$origin_dir/MVAU_hls_3_Matrix_Vector_Activate_Stream_Batch_p_ZL7threshs_3_207_ROM_AUTO_1R.v"]"\
## "[file normalize "$origin_dir/MVAU_hls_3_Matrix_Vector_Activate_Stream_Batch_p_ZL7threshs_3_208_ROM_AUTO_1R.v"]"\
## "[file normalize "$origin_dir/MVAU_hls_3_Matrix_Vector_Activate_Stream_Batch_p_ZL7threshs_3_209_ROM_AUTO_1R.v"]"\
## "[file normalize "$origin_dir/MVAU_hls_3_Matrix_Vector_Activate_Stream_Batch_p_ZL7threshs_3_20_ROM_AUTO_1R.v"]"\
## "[file normalize "$origin_dir/MVAU_hls_3_Matrix_Vector_Activate_Stream_Batch_p_ZL7threshs_3_210_ROM_AUTO_1R.v"]"\
## "[file normalize "$origin_dir/MVAU_hls_3_Matrix_Vector_Activate_Stream_Batch_p_ZL7threshs_3_211_ROM_AUTO_1R.v"]"\
## "[file normalize "$origin_dir/MVAU_hls_3_Matrix_Vector_Activate_Stream_Batch_p_ZL7threshs_3_212_ROM_AUTO_1R.v"]"\
## "[file normalize "$origin_dir/MVAU_hls_3_Matrix_Vector_Activate_Stream_Batch_p_ZL7threshs_3_213_ROM_AUTO_1R.v"]"\
## "[file normalize "$origin_dir/MVAU_hls_3_Matrix_Vector_Activate_Stream_Batch_p_ZL7threshs_3_214_ROM_AUTO_1R.v"]"\
## "[file normalize "$origin_dir/MVAU_hls_3_Matrix_Vector_Activate_Stream_Batch_p_ZL7threshs_3_215_ROM_AUTO_1R.v"]"\
## "[file normalize "$origin_dir/MVAU_hls_3_Matrix_Vector_Activate_Stream_Batch_p_ZL7threshs_3_216_ROM_AUTO_1R.v"]"\
## "[file normalize "$origin_dir/MVAU_hls_3_Matrix_Vector_Activate_Stream_Batch_p_ZL7threshs_3_217_ROM_AUTO_1R.v"]"\
## "[file normalize "$origin_dir/MVAU_hls_3_Matrix_Vector_Activate_Stream_Batch_p_ZL7threshs_3_218_ROM_AUTO_1R.v"]"\
## "[file normalize "$origin_dir/MVAU_hls_3_Matrix_Vector_Activate_Stream_Batch_p_ZL7threshs_3_219_ROM_AUTO_1R.v"]"\
## "[file normalize "$origin_dir/MVAU_hls_3_Matrix_Vector_Activate_Stream_Batch_p_ZL7threshs_3_21_ROM_AUTO_1R.v"]"\
## "[file normalize "$origin_dir/MVAU_hls_3_Matrix_Vector_Activate_Stream_Batch_p_ZL7threshs_3_220_ROM_AUTO_1R.v"]"\
## "[file normalize "$origin_dir/MVAU_hls_3_Matrix_Vector_Activate_Stream_Batch_p_ZL7threshs_3_221_ROM_AUTO_1R.v"]"\
## "[file normalize "$origin_dir/MVAU_hls_3_Matrix_Vector_Activate_Stream_Batch_p_ZL7threshs_3_222_ROM_AUTO_1R.v"]"\
## "[file normalize "$origin_dir/MVAU_hls_3_Matrix_Vector_Activate_Stream_Batch_p_ZL7threshs_3_223_ROM_AUTO_1R.v"]"\
## "[file normalize "$origin_dir/MVAU_hls_3_Matrix_Vector_Activate_Stream_Batch_p_ZL7threshs_3_224_ROM_AUTO_1R.v"]"\
## "[file normalize "$origin_dir/MVAU_hls_3_Matrix_Vector_Activate_Stream_Batch_p_ZL7threshs_3_225_ROM_AUTO_1R.v"]"\
## "[file normalize "$origin_dir/MVAU_hls_3_Matrix_Vector_Activate_Stream_Batch_p_ZL7threshs_3_226_ROM_AUTO_1R.v"]"\
## "[file normalize "$origin_dir/MVAU_hls_3_Matrix_Vector_Activate_Stream_Batch_p_ZL7threshs_3_227_ROM_AUTO_1R.v"]"\
## "[file normalize "$origin_dir/MVAU_hls_3_Matrix_Vector_Activate_Stream_Batch_p_ZL7threshs_3_228_ROM_AUTO_1R.v"]"\
## "[file normalize "$origin_dir/MVAU_hls_3_Matrix_Vector_Activate_Stream_Batch_p_ZL7threshs_3_229_ROM_AUTO_1R.v"]"\
## "[file normalize "$origin_dir/MVAU_hls_3_Matrix_Vector_Activate_Stream_Batch_p_ZL7threshs_3_22_ROM_AUTO_1R.v"]"\
## "[file normalize "$origin_dir/MVAU_hls_3_Matrix_Vector_Activate_Stream_Batch_p_ZL7threshs_3_230_ROM_AUTO_1R.v"]"\
## "[file normalize "$origin_dir/MVAU_hls_3_Matrix_Vector_Activate_Stream_Batch_p_ZL7threshs_3_231_ROM_AUTO_1R.v"]"\
## "[file normalize "$origin_dir/MVAU_hls_3_Matrix_Vector_Activate_Stream_Batch_p_ZL7threshs_3_232_ROM_AUTO_1R.v"]"\
## "[file normalize "$origin_dir/MVAU_hls_3_Matrix_Vector_Activate_Stream_Batch_p_ZL7threshs_3_233_ROM_AUTO_1R.v"]"\
## "[file normalize "$origin_dir/MVAU_hls_3_Matrix_Vector_Activate_Stream_Batch_p_ZL7threshs_3_234_ROM_AUTO_1R.v"]"\
## "[file normalize "$origin_dir/MVAU_hls_3_Matrix_Vector_Activate_Stream_Batch_p_ZL7threshs_3_235_ROM_AUTO_1R.v"]"\
## "[file normalize "$origin_dir/MVAU_hls_3_Matrix_Vector_Activate_Stream_Batch_p_ZL7threshs_3_236_ROM_AUTO_1R.v"]"\
## "[file normalize "$origin_dir/MVAU_hls_3_Matrix_Vector_Activate_Stream_Batch_p_ZL7threshs_3_237_ROM_AUTO_1R.v"]"\
## "[file normalize "$origin_dir/MVAU_hls_3_Matrix_Vector_Activate_Stream_Batch_p_ZL7threshs_3_238_ROM_AUTO_1R.v"]"\
## "[file normalize "$origin_dir/MVAU_hls_3_Matrix_Vector_Activate_Stream_Batch_p_ZL7threshs_3_239_ROM_AUTO_1R.v"]"\
## "[file normalize "$origin_dir/MVAU_hls_3_Matrix_Vector_Activate_Stream_Batch_p_ZL7threshs_3_23_ROM_AUTO_1R.v"]"\
## "[file normalize "$origin_dir/MVAU_hls_3_Matrix_Vector_Activate_Stream_Batch_p_ZL7threshs_3_240_ROM_AUTO_1R.v"]"\
## "[file normalize "$origin_dir/MVAU_hls_3_Matrix_Vector_Activate_Stream_Batch_p_ZL7threshs_3_241_ROM_AUTO_1R.v"]"\
## "[file normalize "$origin_dir/MVAU_hls_3_Matrix_Vector_Activate_Stream_Batch_p_ZL7threshs_3_242_ROM_AUTO_1R.v"]"\
## "[file normalize "$origin_dir/MVAU_hls_3_Matrix_Vector_Activate_Stream_Batch_p_ZL7threshs_3_243_ROM_AUTO_1R.v"]"\
## "[file normalize "$origin_dir/MVAU_hls_3_Matrix_Vector_Activate_Stream_Batch_p_ZL7threshs_3_244_ROM_AUTO_1R.v"]"\
## "[file normalize "$origin_dir/MVAU_hls_3_Matrix_Vector_Activate_Stream_Batch_p_ZL7threshs_3_245_ROM_AUTO_1R.v"]"\
## "[file normalize "$origin_dir/MVAU_hls_3_Matrix_Vector_Activate_Stream_Batch_p_ZL7threshs_3_246_ROM_AUTO_1R.v"]"\
## "[file normalize "$origin_dir/MVAU_hls_3_Matrix_Vector_Activate_Stream_Batch_p_ZL7threshs_3_247_ROM_AUTO_1R.v"]"\
## "[file normalize "$origin_dir/MVAU_hls_3_Matrix_Vector_Activate_Stream_Batch_p_ZL7threshs_3_248_ROM_AUTO_1R.v"]"\
## "[file normalize "$origin_dir/MVAU_hls_3_Matrix_Vector_Activate_Stream_Batch_p_ZL7threshs_3_249_ROM_AUTO_1R.v"]"\
## "[file normalize "$origin_dir/MVAU_hls_3_Matrix_Vector_Activate_Stream_Batch_p_ZL7threshs_3_24_ROM_AUTO_1R.v"]"\
## "[file normalize "$origin_dir/MVAU_hls_3_Matrix_Vector_Activate_Stream_Batch_p_ZL7threshs_3_250_ROM_AUTO_1R.v"]"\
## "[file normalize "$origin_dir/MVAU_hls_3_Matrix_Vector_Activate_Stream_Batch_p_ZL7threshs_3_251_ROM_AUTO_1R.v"]"\
## "[file normalize "$origin_dir/MVAU_hls_3_Matrix_Vector_Activate_Stream_Batch_p_ZL7threshs_3_252_ROM_AUTO_1R.v"]"\
## "[file normalize "$origin_dir/MVAU_hls_3_Matrix_Vector_Activate_Stream_Batch_p_ZL7threshs_3_253_ROM_AUTO_1R.v"]"\
## "[file normalize "$origin_dir/MVAU_hls_3_Matrix_Vector_Activate_Stream_Batch_p_ZL7threshs_3_254_ROM_AUTO_1R.v"]"\
## "[file normalize "$origin_dir/MVAU_hls_3_Matrix_Vector_Activate_Stream_Batch_p_ZL7threshs_3_25_ROM_AUTO_1R.v"]"\
## "[file normalize "$origin_dir/MVAU_hls_3_Matrix_Vector_Activate_Stream_Batch_p_ZL7threshs_3_26_ROM_AUTO_1R.v"]"\
## "[file normalize "$origin_dir/MVAU_hls_3_Matrix_Vector_Activate_Stream_Batch_p_ZL7threshs_3_27_ROM_AUTO_1R.v"]"\
## "[file normalize "$origin_dir/MVAU_hls_3_Matrix_Vector_Activate_Stream_Batch_p_ZL7threshs_3_28_ROM_AUTO_1R.v"]"\
## "[file normalize "$origin_dir/MVAU_hls_3_Matrix_Vector_Activate_Stream_Batch_p_ZL7threshs_3_29_ROM_AUTO_1R.v"]"\
## "[file normalize "$origin_dir/MVAU_hls_3_Matrix_Vector_Activate_Stream_Batch_p_ZL7threshs_3_2_ROM_AUTO_1R.v"]"\
## "[file normalize "$origin_dir/MVAU_hls_3_Matrix_Vector_Activate_Stream_Batch_p_ZL7threshs_3_30_ROM_AUTO_1R.v"]"\
## "[file normalize "$origin_dir/MVAU_hls_3_Matrix_Vector_Activate_Stream_Batch_p_ZL7threshs_3_31_ROM_AUTO_1R.v"]"\
## "[file normalize "$origin_dir/MVAU_hls_3_Matrix_Vector_Activate_Stream_Batch_p_ZL7threshs_3_32_ROM_AUTO_1R.v"]"\
## "[file normalize "$origin_dir/MVAU_hls_3_Matrix_Vector_Activate_Stream_Batch_p_ZL7threshs_3_33_ROM_AUTO_1R.v"]"\
## "[file normalize "$origin_dir/MVAU_hls_3_Matrix_Vector_Activate_Stream_Batch_p_ZL7threshs_3_34_ROM_AUTO_1R.v"]"\
## "[file normalize "$origin_dir/MVAU_hls_3_Matrix_Vector_Activate_Stream_Batch_p_ZL7threshs_3_35_ROM_AUTO_1R.v"]"\
## "[file normalize "$origin_dir/MVAU_hls_3_Matrix_Vector_Activate_Stream_Batch_p_ZL7threshs_3_36_ROM_AUTO_1R.v"]"\
## "[file normalize "$origin_dir/MVAU_hls_3_Matrix_Vector_Activate_Stream_Batch_p_ZL7threshs_3_37_ROM_AUTO_1R.v"]"\
## "[file normalize "$origin_dir/MVAU_hls_3_Matrix_Vector_Activate_Stream_Batch_p_ZL7threshs_3_38_ROM_AUTO_1R.v"]"\
## "[file normalize "$origin_dir/MVAU_hls_3_Matrix_Vector_Activate_Stream_Batch_p_ZL7threshs_3_39_ROM_AUTO_1R.v"]"\
## "[file normalize "$origin_dir/MVAU_hls_3_Matrix_Vector_Activate_Stream_Batch_p_ZL7threshs_3_3_ROM_AUTO_1R.v"]"\
## "[file normalize "$origin_dir/MVAU_hls_3_Matrix_Vector_Activate_Stream_Batch_p_ZL7threshs_3_40_ROM_AUTO_1R.v"]"\
## "[file normalize "$origin_dir/MVAU_hls_3_Matrix_Vector_Activate_Stream_Batch_p_ZL7threshs_3_41_ROM_AUTO_1R.v"]"\
## "[file normalize "$origin_dir/MVAU_hls_3_Matrix_Vector_Activate_Stream_Batch_p_ZL7threshs_3_42_ROM_AUTO_1R.v"]"\
## "[file normalize "$origin_dir/MVAU_hls_3_Matrix_Vector_Activate_Stream_Batch_p_ZL7threshs_3_43_ROM_AUTO_1R.v"]"\
## "[file normalize "$origin_dir/MVAU_hls_3_Matrix_Vector_Activate_Stream_Batch_p_ZL7threshs_3_44_ROM_AUTO_1R.v"]"\
## "[file normalize "$origin_dir/MVAU_hls_3_Matrix_Vector_Activate_Stream_Batch_p_ZL7threshs_3_45_ROM_AUTO_1R.v"]"\
## "[file normalize "$origin_dir/MVAU_hls_3_Matrix_Vector_Activate_Stream_Batch_p_ZL7threshs_3_46_ROM_AUTO_1R.v"]"\
## "[file normalize "$origin_dir/MVAU_hls_3_Matrix_Vector_Activate_Stream_Batch_p_ZL7threshs_3_47_ROM_AUTO_1R.v"]"\
## "[file normalize "$origin_dir/MVAU_hls_3_Matrix_Vector_Activate_Stream_Batch_p_ZL7threshs_3_48_ROM_AUTO_1R.v"]"\
## "[file normalize "$origin_dir/MVAU_hls_3_Matrix_Vector_Activate_Stream_Batch_p_ZL7threshs_3_49_ROM_AUTO_1R.v"]"\
## "[file normalize "$origin_dir/MVAU_hls_3_Matrix_Vector_Activate_Stream_Batch_p_ZL7threshs_3_4_ROM_AUTO_1R.v"]"\
## "[file normalize "$origin_dir/MVAU_hls_3_Matrix_Vector_Activate_Stream_Batch_p_ZL7threshs_3_50_ROM_AUTO_1R.v"]"\
## "[file normalize "$origin_dir/MVAU_hls_3_Matrix_Vector_Activate_Stream_Batch_p_ZL7threshs_3_51_ROM_AUTO_1R.v"]"\
## "[file normalize "$origin_dir/MVAU_hls_3_Matrix_Vector_Activate_Stream_Batch_p_ZL7threshs_3_52_ROM_AUTO_1R.v"]"\
## "[file normalize "$origin_dir/MVAU_hls_3_Matrix_Vector_Activate_Stream_Batch_p_ZL7threshs_3_53_ROM_AUTO_1R.v"]"\
## "[file normalize "$origin_dir/MVAU_hls_3_Matrix_Vector_Activate_Stream_Batch_p_ZL7threshs_3_54_ROM_AUTO_1R.v"]"\
## "[file normalize "$origin_dir/MVAU_hls_3_Matrix_Vector_Activate_Stream_Batch_p_ZL7threshs_3_55_ROM_AUTO_1R.v"]"\
## "[file normalize "$origin_dir/MVAU_hls_3_Matrix_Vector_Activate_Stream_Batch_p_ZL7threshs_3_56_ROM_AUTO_1R.v"]"\
## "[file normalize "$origin_dir/MVAU_hls_3_Matrix_Vector_Activate_Stream_Batch_p_ZL7threshs_3_57_ROM_AUTO_1R.v"]"\
## "[file normalize "$origin_dir/MVAU_hls_3_Matrix_Vector_Activate_Stream_Batch_p_ZL7threshs_3_58_ROM_AUTO_1R.v"]"\
## "[file normalize "$origin_dir/MVAU_hls_3_Matrix_Vector_Activate_Stream_Batch_p_ZL7threshs_3_59_ROM_AUTO_1R.v"]"\
## "[file normalize "$origin_dir/MVAU_hls_3_Matrix_Vector_Activate_Stream_Batch_p_ZL7threshs_3_5_ROM_AUTO_1R.v"]"\
## "[file normalize "$origin_dir/MVAU_hls_3_Matrix_Vector_Activate_Stream_Batch_p_ZL7threshs_3_60_ROM_AUTO_1R.v"]"\
## "[file normalize "$origin_dir/MVAU_hls_3_Matrix_Vector_Activate_Stream_Batch_p_ZL7threshs_3_61_ROM_AUTO_1R.v"]"\
## "[file normalize "$origin_dir/MVAU_hls_3_Matrix_Vector_Activate_Stream_Batch_p_ZL7threshs_3_62_ROM_AUTO_1R.v"]"\
## "[file normalize "$origin_dir/MVAU_hls_3_Matrix_Vector_Activate_Stream_Batch_p_ZL7threshs_3_63_ROM_AUTO_1R.v"]"\
## "[file normalize "$origin_dir/MVAU_hls_3_Matrix_Vector_Activate_Stream_Batch_p_ZL7threshs_3_64_ROM_AUTO_1R.v"]"\
## "[file normalize "$origin_dir/MVAU_hls_3_Matrix_Vector_Activate_Stream_Batch_p_ZL7threshs_3_65_ROM_AUTO_1R.v"]"\
## "[file normalize "$origin_dir/MVAU_hls_3_Matrix_Vector_Activate_Stream_Batch_p_ZL7threshs_3_66_ROM_AUTO_1R.v"]"\
## "[file normalize "$origin_dir/MVAU_hls_3_Matrix_Vector_Activate_Stream_Batch_p_ZL7threshs_3_67_ROM_AUTO_1R.v"]"\
## "[file normalize "$origin_dir/MVAU_hls_3_Matrix_Vector_Activate_Stream_Batch_p_ZL7threshs_3_68_ROM_AUTO_1R.v"]"\
## "[file normalize "$origin_dir/MVAU_hls_3_Matrix_Vector_Activate_Stream_Batch_p_ZL7threshs_3_69_ROM_AUTO_1R.v"]"\
## "[file normalize "$origin_dir/MVAU_hls_3_Matrix_Vector_Activate_Stream_Batch_p_ZL7threshs_3_6_ROM_AUTO_1R.v"]"\
## "[file normalize "$origin_dir/MVAU_hls_3_Matrix_Vector_Activate_Stream_Batch_p_ZL7threshs_3_70_ROM_AUTO_1R.v"]"\
## "[file normalize "$origin_dir/MVAU_hls_3_Matrix_Vector_Activate_Stream_Batch_p_ZL7threshs_3_71_ROM_AUTO_1R.v"]"\
## "[file normalize "$origin_dir/MVAU_hls_3_Matrix_Vector_Activate_Stream_Batch_p_ZL7threshs_3_72_ROM_AUTO_1R.v"]"\
## "[file normalize "$origin_dir/MVAU_hls_3_Matrix_Vector_Activate_Stream_Batch_p_ZL7threshs_3_73_ROM_AUTO_1R.v"]"\
## "[file normalize "$origin_dir/MVAU_hls_3_Matrix_Vector_Activate_Stream_Batch_p_ZL7threshs_3_74_ROM_AUTO_1R.v"]"\
## "[file normalize "$origin_dir/MVAU_hls_3_Matrix_Vector_Activate_Stream_Batch_p_ZL7threshs_3_75_ROM_AUTO_1R.v"]"\
## "[file normalize "$origin_dir/MVAU_hls_3_Matrix_Vector_Activate_Stream_Batch_p_ZL7threshs_3_76_ROM_AUTO_1R.v"]"\
## "[file normalize "$origin_dir/MVAU_hls_3_Matrix_Vector_Activate_Stream_Batch_p_ZL7threshs_3_77_ROM_AUTO_1R.v"]"\
## "[file normalize "$origin_dir/MVAU_hls_3_Matrix_Vector_Activate_Stream_Batch_p_ZL7threshs_3_78_ROM_AUTO_1R.v"]"\
## "[file normalize "$origin_dir/MVAU_hls_3_Matrix_Vector_Activate_Stream_Batch_p_ZL7threshs_3_79_ROM_AUTO_1R.v"]"\
## "[file normalize "$origin_dir/MVAU_hls_3_Matrix_Vector_Activate_Stream_Batch_p_ZL7threshs_3_7_ROM_AUTO_1R.v"]"\
## "[file normalize "$origin_dir/MVAU_hls_3_Matrix_Vector_Activate_Stream_Batch_p_ZL7threshs_3_80_ROM_AUTO_1R.v"]"\
## "[file normalize "$origin_dir/MVAU_hls_3_Matrix_Vector_Activate_Stream_Batch_p_ZL7threshs_3_81_ROM_AUTO_1R.v"]"\
## "[file normalize "$origin_dir/MVAU_hls_3_Matrix_Vector_Activate_Stream_Batch_p_ZL7threshs_3_82_ROM_AUTO_1R.v"]"\
## "[file normalize "$origin_dir/MVAU_hls_3_Matrix_Vector_Activate_Stream_Batch_p_ZL7threshs_3_83_ROM_AUTO_1R.v"]"\
## "[file normalize "$origin_dir/MVAU_hls_3_Matrix_Vector_Activate_Stream_Batch_p_ZL7threshs_3_84_ROM_AUTO_1R.v"]"\
## "[file normalize "$origin_dir/MVAU_hls_3_Matrix_Vector_Activate_Stream_Batch_p_ZL7threshs_3_85_ROM_AUTO_1R.v"]"\
## "[file normalize "$origin_dir/MVAU_hls_3_Matrix_Vector_Activate_Stream_Batch_p_ZL7threshs_3_86_ROM_AUTO_1R.v"]"\
## "[file normalize "$origin_dir/MVAU_hls_3_Matrix_Vector_Activate_Stream_Batch_p_ZL7threshs_3_87_ROM_AUTO_1R.v"]"\
## "[file normalize "$origin_dir/MVAU_hls_3_Matrix_Vector_Activate_Stream_Batch_p_ZL7threshs_3_88_ROM_AUTO_1R.v"]"\
## "[file normalize "$origin_dir/MVAU_hls_3_Matrix_Vector_Activate_Stream_Batch_p_ZL7threshs_3_89_ROM_AUTO_1R.v"]"\
## "[file normalize "$origin_dir/MVAU_hls_3_Matrix_Vector_Activate_Stream_Batch_p_ZL7threshs_3_8_ROM_AUTO_1R.v"]"\
## "[file normalize "$origin_dir/MVAU_hls_3_Matrix_Vector_Activate_Stream_Batch_p_ZL7threshs_3_90_ROM_AUTO_1R.v"]"\
## "[file normalize "$origin_dir/MVAU_hls_3_Matrix_Vector_Activate_Stream_Batch_p_ZL7threshs_3_91_ROM_AUTO_1R.v"]"\
## "[file normalize "$origin_dir/MVAU_hls_3_Matrix_Vector_Activate_Stream_Batch_p_ZL7threshs_3_92_ROM_AUTO_1R.v"]"\
## "[file normalize "$origin_dir/MVAU_hls_3_Matrix_Vector_Activate_Stream_Batch_p_ZL7threshs_3_93_ROM_AUTO_1R.v"]"\
## "[file normalize "$origin_dir/MVAU_hls_3_Matrix_Vector_Activate_Stream_Batch_p_ZL7threshs_3_94_ROM_AUTO_1R.v"]"\
## "[file normalize "$origin_dir/MVAU_hls_3_Matrix_Vector_Activate_Stream_Batch_p_ZL7threshs_3_95_ROM_AUTO_1R.v"]"\
## "[file normalize "$origin_dir/MVAU_hls_3_Matrix_Vector_Activate_Stream_Batch_p_ZL7threshs_3_96_ROM_AUTO_1R.v"]"\
## "[file normalize "$origin_dir/MVAU_hls_3_Matrix_Vector_Activate_Stream_Batch_p_ZL7threshs_3_97_ROM_AUTO_1R.v"]"\
## "[file normalize "$origin_dir/MVAU_hls_3_Matrix_Vector_Activate_Stream_Batch_p_ZL7threshs_3_98_ROM_AUTO_1R.v"]"\
## "[file normalize "$origin_dir/MVAU_hls_3_Matrix_Vector_Activate_Stream_Batch_p_ZL7threshs_3_99_ROM_AUTO_1R.v"]"\
## "[file normalize "$origin_dir/MVAU_hls_3_Matrix_Vector_Activate_Stream_Batch_p_ZL7threshs_3_9_ROM_AUTO_1R.v"]"\
## "[file normalize "$origin_dir/MVAU_hls_3_Matrix_Vector_Activate_Stream_Batch.v"]"\
## "[file normalize "$origin_dir/MVAU_hls_3_mul_8ns_8s_16_1_1.v"]"\
## "[file normalize "$origin_dir/MVAU_hls_3_mul_8s_8ns_16_1_1.v"]"\
## "[file normalize "$origin_dir/MVAU_hls_3_mux_727_32_1_1.v"]"\
## "[file normalize "$origin_dir/MVAU_hls_3_regslice_both.v"]"\
## "[file normalize "$origin_dir/MVAU_hls_3.v"]"\
## "[file normalize "$origin_dir/MVAU_hls_4_flow_control_loop_pipe_sequential_init.v"]"\
## "[file normalize "$origin_dir/MVAU_hls_4_hls_deadlock_idx0_monitor.v"]"\
## "[file normalize "$origin_dir/MVAU_hls_4_hls_deadlock_idx1_monitor.v"]"\
## "[file normalize "$origin_dir/MVAU_hls_4_mac_muladd_8ns_8s_19s_19_4_1.v"]"\
## "[file normalize "$origin_dir/MVAU_hls_4_Matrix_Vector_Activate_Stream_Batch_p_ZL7threshs_0_ROM_AUTO_1R.v"]"\
## "[file normalize "$origin_dir/MVAU_hls_4_Matrix_Vector_Activate_Stream_Batch_p_ZL7threshs_100_ROM_AUTO_1R.v"]"\
## "[file normalize "$origin_dir/MVAU_hls_4_Matrix_Vector_Activate_Stream_Batch_p_ZL7threshs_101_ROM_AUTO_1R.v"]"\
## "[file normalize "$origin_dir/MVAU_hls_4_Matrix_Vector_Activate_Stream_Batch_p_ZL7threshs_102_ROM_AUTO_1R.v"]"\
## "[file normalize "$origin_dir/MVAU_hls_4_Matrix_Vector_Activate_Stream_Batch_p_ZL7threshs_103_ROM_AUTO_1R.v"]"\
## "[file normalize "$origin_dir/MVAU_hls_4_Matrix_Vector_Activate_Stream_Batch_p_ZL7threshs_104_ROM_AUTO_1R.v"]"\
## "[file normalize "$origin_dir/MVAU_hls_4_Matrix_Vector_Activate_Stream_Batch_p_ZL7threshs_105_ROM_AUTO_1R.v"]"\
## "[file normalize "$origin_dir/MVAU_hls_4_Matrix_Vector_Activate_Stream_Batch_p_ZL7threshs_106_ROM_AUTO_1R.v"]"\
## "[file normalize "$origin_dir/MVAU_hls_4_Matrix_Vector_Activate_Stream_Batch_p_ZL7threshs_107_ROM_AUTO_1R.v"]"\
## "[file normalize "$origin_dir/MVAU_hls_4_Matrix_Vector_Activate_Stream_Batch_p_ZL7threshs_108_ROM_AUTO_1R.v"]"\
## "[file normalize "$origin_dir/MVAU_hls_4_Matrix_Vector_Activate_Stream_Batch_p_ZL7threshs_109_ROM_AUTO_1R.v"]"\
## "[file normalize "$origin_dir/MVAU_hls_4_Matrix_Vector_Activate_Stream_Batch_p_ZL7threshs_10_ROM_AUTO_1R.v"]"\
## "[file normalize "$origin_dir/MVAU_hls_4_Matrix_Vector_Activate_Stream_Batch_p_ZL7threshs_110_ROM_AUTO_1R.v"]"\
## "[file normalize "$origin_dir/MVAU_hls_4_Matrix_Vector_Activate_Stream_Batch_p_ZL7threshs_111_ROM_AUTO_1R.v"]"\
## "[file normalize "$origin_dir/MVAU_hls_4_Matrix_Vector_Activate_Stream_Batch_p_ZL7threshs_112_ROM_AUTO_1R.v"]"\
## "[file normalize "$origin_dir/MVAU_hls_4_Matrix_Vector_Activate_Stream_Batch_p_ZL7threshs_113_ROM_AUTO_1R.v"]"\
## "[file normalize "$origin_dir/MVAU_hls_4_Matrix_Vector_Activate_Stream_Batch_p_ZL7threshs_114_ROM_AUTO_1R.v"]"\
## "[file normalize "$origin_dir/MVAU_hls_4_Matrix_Vector_Activate_Stream_Batch_p_ZL7threshs_115_ROM_AUTO_1R.v"]"\
## "[file normalize "$origin_dir/MVAU_hls_4_Matrix_Vector_Activate_Stream_Batch_p_ZL7threshs_116_ROM_AUTO_1R.v"]"\
## "[file normalize "$origin_dir/MVAU_hls_4_Matrix_Vector_Activate_Stream_Batch_p_ZL7threshs_117_ROM_AUTO_1R.v"]"\
## "[file normalize "$origin_dir/MVAU_hls_4_Matrix_Vector_Activate_Stream_Batch_p_ZL7threshs_118_ROM_AUTO_1R.v"]"\
## "[file normalize "$origin_dir/MVAU_hls_4_Matrix_Vector_Activate_Stream_Batch_p_ZL7threshs_119_ROM_AUTO_1R.v"]"\
## "[file normalize "$origin_dir/MVAU_hls_4_Matrix_Vector_Activate_Stream_Batch_p_ZL7threshs_11_ROM_AUTO_1R.v"]"\
## "[file normalize "$origin_dir/MVAU_hls_4_Matrix_Vector_Activate_Stream_Batch_p_ZL7threshs_120_ROM_AUTO_1R.v"]"\
## "[file normalize "$origin_dir/MVAU_hls_4_Matrix_Vector_Activate_Stream_Batch_p_ZL7threshs_121_ROM_AUTO_1R.v"]"\
## "[file normalize "$origin_dir/MVAU_hls_4_Matrix_Vector_Activate_Stream_Batch_p_ZL7threshs_122_ROM_AUTO_1R.v"]"\
## "[file normalize "$origin_dir/MVAU_hls_4_Matrix_Vector_Activate_Stream_Batch_p_ZL7threshs_123_ROM_AUTO_1R.v"]"\
## "[file normalize "$origin_dir/MVAU_hls_4_Matrix_Vector_Activate_Stream_Batch_p_ZL7threshs_124_ROM_AUTO_1R.v"]"\
## "[file normalize "$origin_dir/MVAU_hls_4_Matrix_Vector_Activate_Stream_Batch_p_ZL7threshs_125_ROM_AUTO_1R.v"]"\
## "[file normalize "$origin_dir/MVAU_hls_4_Matrix_Vector_Activate_Stream_Batch_p_ZL7threshs_126_ROM_AUTO_1R.v"]"\
## "[file normalize "$origin_dir/MVAU_hls_4_Matrix_Vector_Activate_Stream_Batch_p_ZL7threshs_127_ROM_AUTO_1R.v"]"\
## "[file normalize "$origin_dir/MVAU_hls_4_Matrix_Vector_Activate_Stream_Batch_p_ZL7threshs_128_ROM_AUTO_1R.v"]"\
## "[file normalize "$origin_dir/MVAU_hls_4_Matrix_Vector_Activate_Stream_Batch_p_ZL7threshs_129_ROM_AUTO_1R.v"]"\
## "[file normalize "$origin_dir/MVAU_hls_4_Matrix_Vector_Activate_Stream_Batch_p_ZL7threshs_12_ROM_AUTO_1R.v"]"\
## "[file normalize "$origin_dir/MVAU_hls_4_Matrix_Vector_Activate_Stream_Batch_p_ZL7threshs_130_ROM_AUTO_1R.v"]"\
## "[file normalize "$origin_dir/MVAU_hls_4_Matrix_Vector_Activate_Stream_Batch_p_ZL7threshs_131_ROM_AUTO_1R.v"]"\
## "[file normalize "$origin_dir/MVAU_hls_4_Matrix_Vector_Activate_Stream_Batch_p_ZL7threshs_132_ROM_AUTO_1R.v"]"\
## "[file normalize "$origin_dir/MVAU_hls_4_Matrix_Vector_Activate_Stream_Batch_p_ZL7threshs_133_ROM_AUTO_1R.v"]"\
## "[file normalize "$origin_dir/MVAU_hls_4_Matrix_Vector_Activate_Stream_Batch_p_ZL7threshs_134_ROM_AUTO_1R.v"]"\
## "[file normalize "$origin_dir/MVAU_hls_4_Matrix_Vector_Activate_Stream_Batch_p_ZL7threshs_135_ROM_AUTO_1R.v"]"\
## "[file normalize "$origin_dir/MVAU_hls_4_Matrix_Vector_Activate_Stream_Batch_p_ZL7threshs_136_ROM_AUTO_1R.v"]"\
## "[file normalize "$origin_dir/MVAU_hls_4_Matrix_Vector_Activate_Stream_Batch_p_ZL7threshs_137_ROM_AUTO_1R.v"]"\
## "[file normalize "$origin_dir/MVAU_hls_4_Matrix_Vector_Activate_Stream_Batch_p_ZL7threshs_138_ROM_AUTO_1R.v"]"\
## "[file normalize "$origin_dir/MVAU_hls_4_Matrix_Vector_Activate_Stream_Batch_p_ZL7threshs_139_ROM_AUTO_1R.v"]"\
## "[file normalize "$origin_dir/MVAU_hls_4_Matrix_Vector_Activate_Stream_Batch_p_ZL7threshs_13_ROM_AUTO_1R.v"]"\
## "[file normalize "$origin_dir/MVAU_hls_4_Matrix_Vector_Activate_Stream_Batch_p_ZL7threshs_140_ROM_AUTO_1R.v"]"\
## "[file normalize "$origin_dir/MVAU_hls_4_Matrix_Vector_Activate_Stream_Batch_p_ZL7threshs_141_ROM_AUTO_1R.v"]"\
## "[file normalize "$origin_dir/MVAU_hls_4_Matrix_Vector_Activate_Stream_Batch_p_ZL7threshs_142_ROM_AUTO_1R.v"]"\
## "[file normalize "$origin_dir/MVAU_hls_4_Matrix_Vector_Activate_Stream_Batch_p_ZL7threshs_143_ROM_AUTO_1R.v"]"\
## "[file normalize "$origin_dir/MVAU_hls_4_Matrix_Vector_Activate_Stream_Batch_p_ZL7threshs_144_ROM_AUTO_1R.v"]"\
## "[file normalize "$origin_dir/MVAU_hls_4_Matrix_Vector_Activate_Stream_Batch_p_ZL7threshs_145_ROM_AUTO_1R.v"]"\
## "[file normalize "$origin_dir/MVAU_hls_4_Matrix_Vector_Activate_Stream_Batch_p_ZL7threshs_146_ROM_AUTO_1R.v"]"\
## "[file normalize "$origin_dir/MVAU_hls_4_Matrix_Vector_Activate_Stream_Batch_p_ZL7threshs_147_ROM_AUTO_1R.v"]"\
## "[file normalize "$origin_dir/MVAU_hls_4_Matrix_Vector_Activate_Stream_Batch_p_ZL7threshs_148_ROM_AUTO_1R.v"]"\
## "[file normalize "$origin_dir/MVAU_hls_4_Matrix_Vector_Activate_Stream_Batch_p_ZL7threshs_149_ROM_AUTO_1R.v"]"\
## "[file normalize "$origin_dir/MVAU_hls_4_Matrix_Vector_Activate_Stream_Batch_p_ZL7threshs_14_ROM_AUTO_1R.v"]"\
## "[file normalize "$origin_dir/MVAU_hls_4_Matrix_Vector_Activate_Stream_Batch_p_ZL7threshs_150_ROM_AUTO_1R.v"]"\
## "[file normalize "$origin_dir/MVAU_hls_4_Matrix_Vector_Activate_Stream_Batch_p_ZL7threshs_151_ROM_AUTO_1R.v"]"\
## "[file normalize "$origin_dir/MVAU_hls_4_Matrix_Vector_Activate_Stream_Batch_p_ZL7threshs_152_ROM_AUTO_1R.v"]"\
## "[file normalize "$origin_dir/MVAU_hls_4_Matrix_Vector_Activate_Stream_Batch_p_ZL7threshs_153_ROM_AUTO_1R.v"]"\
## "[file normalize "$origin_dir/MVAU_hls_4_Matrix_Vector_Activate_Stream_Batch_p_ZL7threshs_154_ROM_AUTO_1R.v"]"\
## "[file normalize "$origin_dir/MVAU_hls_4_Matrix_Vector_Activate_Stream_Batch_p_ZL7threshs_155_ROM_AUTO_1R.v"]"\
## "[file normalize "$origin_dir/MVAU_hls_4_Matrix_Vector_Activate_Stream_Batch_p_ZL7threshs_156_ROM_AUTO_1R.v"]"\
## "[file normalize "$origin_dir/MVAU_hls_4_Matrix_Vector_Activate_Stream_Batch_p_ZL7threshs_157_ROM_AUTO_1R.v"]"\
## "[file normalize "$origin_dir/MVAU_hls_4_Matrix_Vector_Activate_Stream_Batch_p_ZL7threshs_158_ROM_AUTO_1R.v"]"\
## "[file normalize "$origin_dir/MVAU_hls_4_Matrix_Vector_Activate_Stream_Batch_p_ZL7threshs_159_ROM_AUTO_1R.v"]"\
## "[file normalize "$origin_dir/MVAU_hls_4_Matrix_Vector_Activate_Stream_Batch_p_ZL7threshs_15_ROM_AUTO_1R.v"]"\
## "[file normalize "$origin_dir/MVAU_hls_4_Matrix_Vector_Activate_Stream_Batch_p_ZL7threshs_160_ROM_AUTO_1R.v"]"\
## "[file normalize "$origin_dir/MVAU_hls_4_Matrix_Vector_Activate_Stream_Batch_p_ZL7threshs_161_ROM_AUTO_1R.v"]"\
## "[file normalize "$origin_dir/MVAU_hls_4_Matrix_Vector_Activate_Stream_Batch_p_ZL7threshs_162_ROM_AUTO_1R.v"]"\
## "[file normalize "$origin_dir/MVAU_hls_4_Matrix_Vector_Activate_Stream_Batch_p_ZL7threshs_163_ROM_AUTO_1R.v"]"\
## "[file normalize "$origin_dir/MVAU_hls_4_Matrix_Vector_Activate_Stream_Batch_p_ZL7threshs_164_ROM_AUTO_1R.v"]"\
## "[file normalize "$origin_dir/MVAU_hls_4_Matrix_Vector_Activate_Stream_Batch_p_ZL7threshs_165_ROM_AUTO_1R.v"]"\
## "[file normalize "$origin_dir/MVAU_hls_4_Matrix_Vector_Activate_Stream_Batch_p_ZL7threshs_166_ROM_AUTO_1R.v"]"\
## "[file normalize "$origin_dir/MVAU_hls_4_Matrix_Vector_Activate_Stream_Batch_p_ZL7threshs_167_ROM_AUTO_1R.v"]"\
## "[file normalize "$origin_dir/MVAU_hls_4_Matrix_Vector_Activate_Stream_Batch_p_ZL7threshs_168_ROM_AUTO_1R.v"]"\
## "[file normalize "$origin_dir/MVAU_hls_4_Matrix_Vector_Activate_Stream_Batch_p_ZL7threshs_169_ROM_AUTO_1R.v"]"\
## "[file normalize "$origin_dir/MVAU_hls_4_Matrix_Vector_Activate_Stream_Batch_p_ZL7threshs_16_ROM_AUTO_1R.v"]"\
## "[file normalize "$origin_dir/MVAU_hls_4_Matrix_Vector_Activate_Stream_Batch_p_ZL7threshs_170_ROM_AUTO_1R.v"]"\
## "[file normalize "$origin_dir/MVAU_hls_4_Matrix_Vector_Activate_Stream_Batch_p_ZL7threshs_171_ROM_AUTO_1R.v"]"\
## "[file normalize "$origin_dir/MVAU_hls_4_Matrix_Vector_Activate_Stream_Batch_p_ZL7threshs_172_ROM_AUTO_1R.v"]"\
## "[file normalize "$origin_dir/MVAU_hls_4_Matrix_Vector_Activate_Stream_Batch_p_ZL7threshs_173_ROM_AUTO_1R.v"]"\
## "[file normalize "$origin_dir/MVAU_hls_4_Matrix_Vector_Activate_Stream_Batch_p_ZL7threshs_174_ROM_AUTO_1R.v"]"\
## "[file normalize "$origin_dir/MVAU_hls_4_Matrix_Vector_Activate_Stream_Batch_p_ZL7threshs_175_ROM_AUTO_1R.v"]"\
## "[file normalize "$origin_dir/MVAU_hls_4_Matrix_Vector_Activate_Stream_Batch_p_ZL7threshs_176_ROM_AUTO_1R.v"]"\
## "[file normalize "$origin_dir/MVAU_hls_4_Matrix_Vector_Activate_Stream_Batch_p_ZL7threshs_177_ROM_AUTO_1R.v"]"\
## "[file normalize "$origin_dir/MVAU_hls_4_Matrix_Vector_Activate_Stream_Batch_p_ZL7threshs_178_ROM_AUTO_1R.v"]"\
## "[file normalize "$origin_dir/MVAU_hls_4_Matrix_Vector_Activate_Stream_Batch_p_ZL7threshs_179_ROM_AUTO_1R.v"]"\
## "[file normalize "$origin_dir/MVAU_hls_4_Matrix_Vector_Activate_Stream_Batch_p_ZL7threshs_17_ROM_AUTO_1R.v"]"\
## "[file normalize "$origin_dir/MVAU_hls_4_Matrix_Vector_Activate_Stream_Batch_p_ZL7threshs_180_ROM_AUTO_1R.v"]"\
## "[file normalize "$origin_dir/MVAU_hls_4_Matrix_Vector_Activate_Stream_Batch_p_ZL7threshs_181_ROM_AUTO_1R.v"]"\
## "[file normalize "$origin_dir/MVAU_hls_4_Matrix_Vector_Activate_Stream_Batch_p_ZL7threshs_182_ROM_AUTO_1R.v"]"\
## "[file normalize "$origin_dir/MVAU_hls_4_Matrix_Vector_Activate_Stream_Batch_p_ZL7threshs_183_ROM_AUTO_1R.v"]"\
## "[file normalize "$origin_dir/MVAU_hls_4_Matrix_Vector_Activate_Stream_Batch_p_ZL7threshs_184_ROM_AUTO_1R.v"]"\
## "[file normalize "$origin_dir/MVAU_hls_4_Matrix_Vector_Activate_Stream_Batch_p_ZL7threshs_185_ROM_AUTO_1R.v"]"\
## "[file normalize "$origin_dir/MVAU_hls_4_Matrix_Vector_Activate_Stream_Batch_p_ZL7threshs_186_ROM_AUTO_1R.v"]"\
## "[file normalize "$origin_dir/MVAU_hls_4_Matrix_Vector_Activate_Stream_Batch_p_ZL7threshs_187_ROM_AUTO_1R.v"]"\
## "[file normalize "$origin_dir/MVAU_hls_4_Matrix_Vector_Activate_Stream_Batch_p_ZL7threshs_188_ROM_AUTO_1R.v"]"\
## "[file normalize "$origin_dir/MVAU_hls_4_Matrix_Vector_Activate_Stream_Batch_p_ZL7threshs_189_ROM_AUTO_1R.v"]"\
## "[file normalize "$origin_dir/MVAU_hls_4_Matrix_Vector_Activate_Stream_Batch_p_ZL7threshs_18_ROM_AUTO_1R.v"]"\
## "[file normalize "$origin_dir/MVAU_hls_4_Matrix_Vector_Activate_Stream_Batch_p_ZL7threshs_190_ROM_AUTO_1R.v"]"\
## "[file normalize "$origin_dir/MVAU_hls_4_Matrix_Vector_Activate_Stream_Batch_p_ZL7threshs_191_ROM_AUTO_1R.v"]"\
## "[file normalize "$origin_dir/MVAU_hls_4_Matrix_Vector_Activate_Stream_Batch_p_ZL7threshs_192_ROM_AUTO_1R.v"]"\
## "[file normalize "$origin_dir/MVAU_hls_4_Matrix_Vector_Activate_Stream_Batch_p_ZL7threshs_193_ROM_AUTO_1R.v"]"\
## "[file normalize "$origin_dir/MVAU_hls_4_Matrix_Vector_Activate_Stream_Batch_p_ZL7threshs_194_ROM_AUTO_1R.v"]"\
## "[file normalize "$origin_dir/MVAU_hls_4_Matrix_Vector_Activate_Stream_Batch_p_ZL7threshs_195_ROM_AUTO_1R.v"]"\
## "[file normalize "$origin_dir/MVAU_hls_4_Matrix_Vector_Activate_Stream_Batch_p_ZL7threshs_196_ROM_AUTO_1R.v"]"\
## "[file normalize "$origin_dir/MVAU_hls_4_Matrix_Vector_Activate_Stream_Batch_p_ZL7threshs_197_ROM_AUTO_1R.v"]"\
## "[file normalize "$origin_dir/MVAU_hls_4_Matrix_Vector_Activate_Stream_Batch_p_ZL7threshs_198_ROM_AUTO_1R.v"]"\
## "[file normalize "$origin_dir/MVAU_hls_4_Matrix_Vector_Activate_Stream_Batch_p_ZL7threshs_199_ROM_AUTO_1R.v"]"\
## "[file normalize "$origin_dir/MVAU_hls_4_Matrix_Vector_Activate_Stream_Batch_p_ZL7threshs_19_ROM_AUTO_1R.v"]"\
## "[file normalize "$origin_dir/MVAU_hls_4_Matrix_Vector_Activate_Stream_Batch_p_ZL7threshs_1_ROM_AUTO_1R.v"]"\
## "[file normalize "$origin_dir/MVAU_hls_4_Matrix_Vector_Activate_Stream_Batch_p_ZL7threshs_200_ROM_AUTO_1R.v"]"\
## "[file normalize "$origin_dir/MVAU_hls_4_Matrix_Vector_Activate_Stream_Batch_p_ZL7threshs_201_ROM_AUTO_1R.v"]"\
## "[file normalize "$origin_dir/MVAU_hls_4_Matrix_Vector_Activate_Stream_Batch_p_ZL7threshs_202_ROM_AUTO_1R.v"]"\
## "[file normalize "$origin_dir/MVAU_hls_4_Matrix_Vector_Activate_Stream_Batch_p_ZL7threshs_203_ROM_AUTO_1R.v"]"\
## "[file normalize "$origin_dir/MVAU_hls_4_Matrix_Vector_Activate_Stream_Batch_p_ZL7threshs_204_ROM_AUTO_1R.v"]"\
## "[file normalize "$origin_dir/MVAU_hls_4_Matrix_Vector_Activate_Stream_Batch_p_ZL7threshs_205_ROM_AUTO_1R.v"]"\
## "[file normalize "$origin_dir/MVAU_hls_4_Matrix_Vector_Activate_Stream_Batch_p_ZL7threshs_206_ROM_AUTO_1R.v"]"\
## "[file normalize "$origin_dir/MVAU_hls_4_Matrix_Vector_Activate_Stream_Batch_p_ZL7threshs_207_ROM_AUTO_1R.v"]"\
## "[file normalize "$origin_dir/MVAU_hls_4_Matrix_Vector_Activate_Stream_Batch_p_ZL7threshs_208_ROM_AUTO_1R.v"]"\
## "[file normalize "$origin_dir/MVAU_hls_4_Matrix_Vector_Activate_Stream_Batch_p_ZL7threshs_209_ROM_AUTO_1R.v"]"\
## "[file normalize "$origin_dir/MVAU_hls_4_Matrix_Vector_Activate_Stream_Batch_p_ZL7threshs_20_ROM_AUTO_1R.v"]"\
## "[file normalize "$origin_dir/MVAU_hls_4_Matrix_Vector_Activate_Stream_Batch_p_ZL7threshs_210_ROM_AUTO_1R.v"]"\
## "[file normalize "$origin_dir/MVAU_hls_4_Matrix_Vector_Activate_Stream_Batch_p_ZL7threshs_211_ROM_AUTO_1R.v"]"\
## "[file normalize "$origin_dir/MVAU_hls_4_Matrix_Vector_Activate_Stream_Batch_p_ZL7threshs_212_ROM_AUTO_1R.v"]"\
## "[file normalize "$origin_dir/MVAU_hls_4_Matrix_Vector_Activate_Stream_Batch_p_ZL7threshs_213_ROM_AUTO_1R.v"]"\
## "[file normalize "$origin_dir/MVAU_hls_4_Matrix_Vector_Activate_Stream_Batch_p_ZL7threshs_214_ROM_AUTO_1R.v"]"\
## "[file normalize "$origin_dir/MVAU_hls_4_Matrix_Vector_Activate_Stream_Batch_p_ZL7threshs_215_ROM_AUTO_1R.v"]"\
## "[file normalize "$origin_dir/MVAU_hls_4_Matrix_Vector_Activate_Stream_Batch_p_ZL7threshs_216_ROM_AUTO_1R.v"]"\
## "[file normalize "$origin_dir/MVAU_hls_4_Matrix_Vector_Activate_Stream_Batch_p_ZL7threshs_217_ROM_AUTO_1R.v"]"\
## "[file normalize "$origin_dir/MVAU_hls_4_Matrix_Vector_Activate_Stream_Batch_p_ZL7threshs_218_ROM_AUTO_1R.v"]"\
## "[file normalize "$origin_dir/MVAU_hls_4_Matrix_Vector_Activate_Stream_Batch_p_ZL7threshs_219_ROM_AUTO_1R.v"]"\
## "[file normalize "$origin_dir/MVAU_hls_4_Matrix_Vector_Activate_Stream_Batch_p_ZL7threshs_21_ROM_AUTO_1R.v"]"\
## "[file normalize "$origin_dir/MVAU_hls_4_Matrix_Vector_Activate_Stream_Batch_p_ZL7threshs_220_ROM_AUTO_1R.v"]"\
## "[file normalize "$origin_dir/MVAU_hls_4_Matrix_Vector_Activate_Stream_Batch_p_ZL7threshs_221_ROM_AUTO_1R.v"]"\
## "[file normalize "$origin_dir/MVAU_hls_4_Matrix_Vector_Activate_Stream_Batch_p_ZL7threshs_222_ROM_AUTO_1R.v"]"\
## "[file normalize "$origin_dir/MVAU_hls_4_Matrix_Vector_Activate_Stream_Batch_p_ZL7threshs_223_ROM_AUTO_1R.v"]"\
## "[file normalize "$origin_dir/MVAU_hls_4_Matrix_Vector_Activate_Stream_Batch_p_ZL7threshs_224_ROM_AUTO_1R.v"]"\
## "[file normalize "$origin_dir/MVAU_hls_4_Matrix_Vector_Activate_Stream_Batch_p_ZL7threshs_225_ROM_AUTO_1R.v"]"\
## "[file normalize "$origin_dir/MVAU_hls_4_Matrix_Vector_Activate_Stream_Batch_p_ZL7threshs_226_ROM_AUTO_1R.v"]"\
## "[file normalize "$origin_dir/MVAU_hls_4_Matrix_Vector_Activate_Stream_Batch_p_ZL7threshs_227_ROM_AUTO_1R.v"]"\
## "[file normalize "$origin_dir/MVAU_hls_4_Matrix_Vector_Activate_Stream_Batch_p_ZL7threshs_228_ROM_AUTO_1R.v"]"\
## "[file normalize "$origin_dir/MVAU_hls_4_Matrix_Vector_Activate_Stream_Batch_p_ZL7threshs_229_ROM_AUTO_1R.v"]"\
## "[file normalize "$origin_dir/MVAU_hls_4_Matrix_Vector_Activate_Stream_Batch_p_ZL7threshs_22_ROM_AUTO_1R.v"]"\
## "[file normalize "$origin_dir/MVAU_hls_4_Matrix_Vector_Activate_Stream_Batch_p_ZL7threshs_230_ROM_AUTO_1R.v"]"\
## "[file normalize "$origin_dir/MVAU_hls_4_Matrix_Vector_Activate_Stream_Batch_p_ZL7threshs_231_ROM_AUTO_1R.v"]"\
## "[file normalize "$origin_dir/MVAU_hls_4_Matrix_Vector_Activate_Stream_Batch_p_ZL7threshs_232_ROM_AUTO_1R.v"]"\
## "[file normalize "$origin_dir/MVAU_hls_4_Matrix_Vector_Activate_Stream_Batch_p_ZL7threshs_233_ROM_AUTO_1R.v"]"\
## "[file normalize "$origin_dir/MVAU_hls_4_Matrix_Vector_Activate_Stream_Batch_p_ZL7threshs_234_ROM_AUTO_1R.v"]"\
## "[file normalize "$origin_dir/MVAU_hls_4_Matrix_Vector_Activate_Stream_Batch_p_ZL7threshs_235_ROM_AUTO_1R.v"]"\
## "[file normalize "$origin_dir/MVAU_hls_4_Matrix_Vector_Activate_Stream_Batch_p_ZL7threshs_236_ROM_AUTO_1R.v"]"\
## "[file normalize "$origin_dir/MVAU_hls_4_Matrix_Vector_Activate_Stream_Batch_p_ZL7threshs_237_ROM_AUTO_1R.v"]"\
## "[file normalize "$origin_dir/MVAU_hls_4_Matrix_Vector_Activate_Stream_Batch_p_ZL7threshs_238_ROM_AUTO_1R.v"]"\
## "[file normalize "$origin_dir/MVAU_hls_4_Matrix_Vector_Activate_Stream_Batch_p_ZL7threshs_239_ROM_AUTO_1R.v"]"\
## "[file normalize "$origin_dir/MVAU_hls_4_Matrix_Vector_Activate_Stream_Batch_p_ZL7threshs_23_ROM_AUTO_1R.v"]"\
## "[file normalize "$origin_dir/MVAU_hls_4_Matrix_Vector_Activate_Stream_Batch_p_ZL7threshs_240_ROM_AUTO_1R.v"]"\
## "[file normalize "$origin_dir/MVAU_hls_4_Matrix_Vector_Activate_Stream_Batch_p_ZL7threshs_241_ROM_AUTO_1R.v"]"\
## "[file normalize "$origin_dir/MVAU_hls_4_Matrix_Vector_Activate_Stream_Batch_p_ZL7threshs_242_ROM_AUTO_1R.v"]"\
## "[file normalize "$origin_dir/MVAU_hls_4_Matrix_Vector_Activate_Stream_Batch_p_ZL7threshs_243_ROM_AUTO_1R.v"]"\
## "[file normalize "$origin_dir/MVAU_hls_4_Matrix_Vector_Activate_Stream_Batch_p_ZL7threshs_244_ROM_AUTO_1R.v"]"\
## "[file normalize "$origin_dir/MVAU_hls_4_Matrix_Vector_Activate_Stream_Batch_p_ZL7threshs_245_ROM_AUTO_1R.v"]"\
## "[file normalize "$origin_dir/MVAU_hls_4_Matrix_Vector_Activate_Stream_Batch_p_ZL7threshs_246_ROM_AUTO_1R.v"]"\
## "[file normalize "$origin_dir/MVAU_hls_4_Matrix_Vector_Activate_Stream_Batch_p_ZL7threshs_247_ROM_AUTO_1R.v"]"\
## "[file normalize "$origin_dir/MVAU_hls_4_Matrix_Vector_Activate_Stream_Batch_p_ZL7threshs_248_ROM_AUTO_1R.v"]"\
## "[file normalize "$origin_dir/MVAU_hls_4_Matrix_Vector_Activate_Stream_Batch_p_ZL7threshs_249_ROM_AUTO_1R.v"]"\
## "[file normalize "$origin_dir/MVAU_hls_4_Matrix_Vector_Activate_Stream_Batch_p_ZL7threshs_24_ROM_AUTO_1R.v"]"\
## "[file normalize "$origin_dir/MVAU_hls_4_Matrix_Vector_Activate_Stream_Batch_p_ZL7threshs_250_ROM_AUTO_1R.v"]"\
## "[file normalize "$origin_dir/MVAU_hls_4_Matrix_Vector_Activate_Stream_Batch_p_ZL7threshs_251_ROM_AUTO_1R.v"]"\
## "[file normalize "$origin_dir/MVAU_hls_4_Matrix_Vector_Activate_Stream_Batch_p_ZL7threshs_252_ROM_AUTO_1R.v"]"\
## "[file normalize "$origin_dir/MVAU_hls_4_Matrix_Vector_Activate_Stream_Batch_p_ZL7threshs_253_ROM_AUTO_1R.v"]"\
## "[file normalize "$origin_dir/MVAU_hls_4_Matrix_Vector_Activate_Stream_Batch_p_ZL7threshs_254_ROM_AUTO_1R.v"]"\
## "[file normalize "$origin_dir/MVAU_hls_4_Matrix_Vector_Activate_Stream_Batch_p_ZL7threshs_25_ROM_AUTO_1R.v"]"\
## "[file normalize "$origin_dir/MVAU_hls_4_Matrix_Vector_Activate_Stream_Batch_p_ZL7threshs_26_ROM_AUTO_1R.v"]"\
## "[file normalize "$origin_dir/MVAU_hls_4_Matrix_Vector_Activate_Stream_Batch_p_ZL7threshs_27_ROM_AUTO_1R.v"]"\
## "[file normalize "$origin_dir/MVAU_hls_4_Matrix_Vector_Activate_Stream_Batch_p_ZL7threshs_28_ROM_AUTO_1R.v"]"\
## "[file normalize "$origin_dir/MVAU_hls_4_Matrix_Vector_Activate_Stream_Batch_p_ZL7threshs_29_ROM_AUTO_1R.v"]"\
## "[file normalize "$origin_dir/MVAU_hls_4_Matrix_Vector_Activate_Stream_Batch_p_ZL7threshs_2_ROM_AUTO_1R.v"]"\
## "[file normalize "$origin_dir/MVAU_hls_4_Matrix_Vector_Activate_Stream_Batch_p_ZL7threshs_30_ROM_AUTO_1R.v"]"\
## "[file normalize "$origin_dir/MVAU_hls_4_Matrix_Vector_Activate_Stream_Batch_p_ZL7threshs_31_ROM_AUTO_1R.v"]"\
## "[file normalize "$origin_dir/MVAU_hls_4_Matrix_Vector_Activate_Stream_Batch_p_ZL7threshs_32_ROM_AUTO_1R.v"]"\
## "[file normalize "$origin_dir/MVAU_hls_4_Matrix_Vector_Activate_Stream_Batch_p_ZL7threshs_33_ROM_AUTO_1R.v"]"\
## "[file normalize "$origin_dir/MVAU_hls_4_Matrix_Vector_Activate_Stream_Batch_p_ZL7threshs_34_ROM_AUTO_1R.v"]"\
## "[file normalize "$origin_dir/MVAU_hls_4_Matrix_Vector_Activate_Stream_Batch_p_ZL7threshs_35_ROM_AUTO_1R.v"]"\
## "[file normalize "$origin_dir/MVAU_hls_4_Matrix_Vector_Activate_Stream_Batch_p_ZL7threshs_36_ROM_AUTO_1R.v"]"\
## "[file normalize "$origin_dir/MVAU_hls_4_Matrix_Vector_Activate_Stream_Batch_p_ZL7threshs_37_ROM_AUTO_1R.v"]"\
## "[file normalize "$origin_dir/MVAU_hls_4_Matrix_Vector_Activate_Stream_Batch_p_ZL7threshs_38_ROM_AUTO_1R.v"]"\
## "[file normalize "$origin_dir/MVAU_hls_4_Matrix_Vector_Activate_Stream_Batch_p_ZL7threshs_39_ROM_AUTO_1R.v"]"\
## "[file normalize "$origin_dir/MVAU_hls_4_Matrix_Vector_Activate_Stream_Batch_p_ZL7threshs_3_ROM_AUTO_1R.v"]"\
## "[file normalize "$origin_dir/MVAU_hls_4_Matrix_Vector_Activate_Stream_Batch_p_ZL7threshs_40_ROM_AUTO_1R.v"]"\
## "[file normalize "$origin_dir/MVAU_hls_4_Matrix_Vector_Activate_Stream_Batch_p_ZL7threshs_41_ROM_AUTO_1R.v"]"\
## "[file normalize "$origin_dir/MVAU_hls_4_Matrix_Vector_Activate_Stream_Batch_p_ZL7threshs_42_ROM_AUTO_1R.v"]"\
## "[file normalize "$origin_dir/MVAU_hls_4_Matrix_Vector_Activate_Stream_Batch_p_ZL7threshs_43_ROM_AUTO_1R.v"]"\
## "[file normalize "$origin_dir/MVAU_hls_4_Matrix_Vector_Activate_Stream_Batch_p_ZL7threshs_44_ROM_AUTO_1R.v"]"\
## "[file normalize "$origin_dir/MVAU_hls_4_Matrix_Vector_Activate_Stream_Batch_p_ZL7threshs_45_ROM_AUTO_1R.v"]"\
## "[file normalize "$origin_dir/MVAU_hls_4_Matrix_Vector_Activate_Stream_Batch_p_ZL7threshs_46_ROM_AUTO_1R.v"]"\
## "[file normalize "$origin_dir/MVAU_hls_4_Matrix_Vector_Activate_Stream_Batch_p_ZL7threshs_47_ROM_AUTO_1R.v"]"\
## "[file normalize "$origin_dir/MVAU_hls_4_Matrix_Vector_Activate_Stream_Batch_p_ZL7threshs_48_ROM_AUTO_1R.v"]"\
## "[file normalize "$origin_dir/MVAU_hls_4_Matrix_Vector_Activate_Stream_Batch_p_ZL7threshs_49_ROM_AUTO_1R.v"]"\
## "[file normalize "$origin_dir/MVAU_hls_4_Matrix_Vector_Activate_Stream_Batch_p_ZL7threshs_4_ROM_AUTO_1R.v"]"\
## "[file normalize "$origin_dir/MVAU_hls_4_Matrix_Vector_Activate_Stream_Batch_p_ZL7threshs_50_ROM_AUTO_1R.v"]"\
## "[file normalize "$origin_dir/MVAU_hls_4_Matrix_Vector_Activate_Stream_Batch_p_ZL7threshs_51_ROM_AUTO_1R.v"]"\
## "[file normalize "$origin_dir/MVAU_hls_4_Matrix_Vector_Activate_Stream_Batch_p_ZL7threshs_52_ROM_AUTO_1R.v"]"\
## "[file normalize "$origin_dir/MVAU_hls_4_Matrix_Vector_Activate_Stream_Batch_p_ZL7threshs_53_ROM_AUTO_1R.v"]"\
## "[file normalize "$origin_dir/MVAU_hls_4_Matrix_Vector_Activate_Stream_Batch_p_ZL7threshs_54_ROM_AUTO_1R.v"]"\
## "[file normalize "$origin_dir/MVAU_hls_4_Matrix_Vector_Activate_Stream_Batch_p_ZL7threshs_55_ROM_AUTO_1R.v"]"\
## "[file normalize "$origin_dir/MVAU_hls_4_Matrix_Vector_Activate_Stream_Batch_p_ZL7threshs_56_ROM_AUTO_1R.v"]"\
## "[file normalize "$origin_dir/MVAU_hls_4_Matrix_Vector_Activate_Stream_Batch_p_ZL7threshs_57_ROM_AUTO_1R.v"]"\
## "[file normalize "$origin_dir/MVAU_hls_4_Matrix_Vector_Activate_Stream_Batch_p_ZL7threshs_58_ROM_AUTO_1R.v"]"\
## "[file normalize "$origin_dir/MVAU_hls_4_Matrix_Vector_Activate_Stream_Batch_p_ZL7threshs_59_ROM_AUTO_1R.v"]"\
## "[file normalize "$origin_dir/MVAU_hls_4_Matrix_Vector_Activate_Stream_Batch_p_ZL7threshs_5_ROM_AUTO_1R.v"]"\
## "[file normalize "$origin_dir/MVAU_hls_4_Matrix_Vector_Activate_Stream_Batch_p_ZL7threshs_60_ROM_AUTO_1R.v"]"\
## "[file normalize "$origin_dir/MVAU_hls_4_Matrix_Vector_Activate_Stream_Batch_p_ZL7threshs_61_ROM_AUTO_1R.v"]"\
## "[file normalize "$origin_dir/MVAU_hls_4_Matrix_Vector_Activate_Stream_Batch_p_ZL7threshs_62_ROM_AUTO_1R.v"]"\
## "[file normalize "$origin_dir/MVAU_hls_4_Matrix_Vector_Activate_Stream_Batch_p_ZL7threshs_63_ROM_AUTO_1R.v"]"\
## "[file normalize "$origin_dir/MVAU_hls_4_Matrix_Vector_Activate_Stream_Batch_p_ZL7threshs_64_ROM_AUTO_1R.v"]"\
## "[file normalize "$origin_dir/MVAU_hls_4_Matrix_Vector_Activate_Stream_Batch_p_ZL7threshs_65_ROM_AUTO_1R.v"]"\
## "[file normalize "$origin_dir/MVAU_hls_4_Matrix_Vector_Activate_Stream_Batch_p_ZL7threshs_66_ROM_AUTO_1R.v"]"\
## "[file normalize "$origin_dir/MVAU_hls_4_Matrix_Vector_Activate_Stream_Batch_p_ZL7threshs_67_ROM_AUTO_1R.v"]"\
## "[file normalize "$origin_dir/MVAU_hls_4_Matrix_Vector_Activate_Stream_Batch_p_ZL7threshs_68_ROM_AUTO_1R.v"]"\
## "[file normalize "$origin_dir/MVAU_hls_4_Matrix_Vector_Activate_Stream_Batch_p_ZL7threshs_69_ROM_AUTO_1R.v"]"\
## "[file normalize "$origin_dir/MVAU_hls_4_Matrix_Vector_Activate_Stream_Batch_p_ZL7threshs_6_ROM_AUTO_1R.v"]"\
## "[file normalize "$origin_dir/MVAU_hls_4_Matrix_Vector_Activate_Stream_Batch_p_ZL7threshs_70_ROM_AUTO_1R.v"]"\
## "[file normalize "$origin_dir/MVAU_hls_4_Matrix_Vector_Activate_Stream_Batch_p_ZL7threshs_71_ROM_AUTO_1R.v"]"\
## "[file normalize "$origin_dir/MVAU_hls_4_Matrix_Vector_Activate_Stream_Batch_p_ZL7threshs_72_ROM_AUTO_1R.v"]"\
## "[file normalize "$origin_dir/MVAU_hls_4_Matrix_Vector_Activate_Stream_Batch_p_ZL7threshs_73_ROM_AUTO_1R.v"]"\
## "[file normalize "$origin_dir/MVAU_hls_4_Matrix_Vector_Activate_Stream_Batch_p_ZL7threshs_74_ROM_AUTO_1R.v"]"\
## "[file normalize "$origin_dir/MVAU_hls_4_Matrix_Vector_Activate_Stream_Batch_p_ZL7threshs_75_ROM_AUTO_1R.v"]"\
## "[file normalize "$origin_dir/MVAU_hls_4_Matrix_Vector_Activate_Stream_Batch_p_ZL7threshs_76_ROM_AUTO_1R.v"]"\
## "[file normalize "$origin_dir/MVAU_hls_4_Matrix_Vector_Activate_Stream_Batch_p_ZL7threshs_77_ROM_AUTO_1R.v"]"\
## "[file normalize "$origin_dir/MVAU_hls_4_Matrix_Vector_Activate_Stream_Batch_p_ZL7threshs_78_ROM_AUTO_1R.v"]"\
## "[file normalize "$origin_dir/MVAU_hls_4_Matrix_Vector_Activate_Stream_Batch_p_ZL7threshs_79_ROM_AUTO_1R.v"]"\
## "[file normalize "$origin_dir/MVAU_hls_4_Matrix_Vector_Activate_Stream_Batch_p_ZL7threshs_7_ROM_AUTO_1R.v"]"\
## "[file normalize "$origin_dir/MVAU_hls_4_Matrix_Vector_Activate_Stream_Batch_p_ZL7threshs_80_ROM_AUTO_1R.v"]"\
## "[file normalize "$origin_dir/MVAU_hls_4_Matrix_Vector_Activate_Stream_Batch_p_ZL7threshs_81_ROM_AUTO_1R.v"]"\
## "[file normalize "$origin_dir/MVAU_hls_4_Matrix_Vector_Activate_Stream_Batch_p_ZL7threshs_82_ROM_AUTO_1R.v"]"\
## "[file normalize "$origin_dir/MVAU_hls_4_Matrix_Vector_Activate_Stream_Batch_p_ZL7threshs_83_ROM_AUTO_1R.v"]"\
## "[file normalize "$origin_dir/MVAU_hls_4_Matrix_Vector_Activate_Stream_Batch_p_ZL7threshs_84_ROM_AUTO_1R.v"]"\
## "[file normalize "$origin_dir/MVAU_hls_4_Matrix_Vector_Activate_Stream_Batch_p_ZL7threshs_85_ROM_AUTO_1R.v"]"\
## "[file normalize "$origin_dir/MVAU_hls_4_Matrix_Vector_Activate_Stream_Batch_p_ZL7threshs_86_ROM_AUTO_1R.v"]"\
## "[file normalize "$origin_dir/MVAU_hls_4_Matrix_Vector_Activate_Stream_Batch_p_ZL7threshs_87_ROM_AUTO_1R.v"]"\
## "[file normalize "$origin_dir/MVAU_hls_4_Matrix_Vector_Activate_Stream_Batch_p_ZL7threshs_88_ROM_AUTO_1R.v"]"\
## "[file normalize "$origin_dir/MVAU_hls_4_Matrix_Vector_Activate_Stream_Batch_p_ZL7threshs_89_ROM_AUTO_1R.v"]"\
## "[file normalize "$origin_dir/MVAU_hls_4_Matrix_Vector_Activate_Stream_Batch_p_ZL7threshs_8_ROM_AUTO_1R.v"]"\
## "[file normalize "$origin_dir/MVAU_hls_4_Matrix_Vector_Activate_Stream_Batch_p_ZL7threshs_90_ROM_AUTO_1R.v"]"\
## "[file normalize "$origin_dir/MVAU_hls_4_Matrix_Vector_Activate_Stream_Batch_p_ZL7threshs_91_ROM_AUTO_1R.v"]"\
## "[file normalize "$origin_dir/MVAU_hls_4_Matrix_Vector_Activate_Stream_Batch_p_ZL7threshs_92_ROM_AUTO_1R.v"]"\
## "[file normalize "$origin_dir/MVAU_hls_4_Matrix_Vector_Activate_Stream_Batch_p_ZL7threshs_93_ROM_AUTO_1R.v"]"\
## "[file normalize "$origin_dir/MVAU_hls_4_Matrix_Vector_Activate_Stream_Batch_p_ZL7threshs_94_ROM_AUTO_1R.v"]"\
## "[file normalize "$origin_dir/MVAU_hls_4_Matrix_Vector_Activate_Stream_Batch_p_ZL7threshs_95_ROM_AUTO_1R.v"]"\
## "[file normalize "$origin_dir/MVAU_hls_4_Matrix_Vector_Activate_Stream_Batch_p_ZL7threshs_96_ROM_AUTO_1R.v"]"\
## "[file normalize "$origin_dir/MVAU_hls_4_Matrix_Vector_Activate_Stream_Batch_p_ZL7threshs_97_ROM_AUTO_1R.v"]"\
## "[file normalize "$origin_dir/MVAU_hls_4_Matrix_Vector_Activate_Stream_Batch_p_ZL7threshs_98_ROM_AUTO_1R.v"]"\
## "[file normalize "$origin_dir/MVAU_hls_4_Matrix_Vector_Activate_Stream_Batch_p_ZL7threshs_99_ROM_AUTO_1R.v"]"\
## "[file normalize "$origin_dir/MVAU_hls_4_Matrix_Vector_Activate_Stream_Batch_p_ZL7threshs_9_ROM_AUTO_1R.v"]"\
## "[file normalize "$origin_dir/MVAU_hls_4_Matrix_Vector_Activate_Stream_Batch.v"]"\
## "[file normalize "$origin_dir/MVAU_hls_4_mux_325_8_1_1.v"]"\
## "[file normalize "$origin_dir/MVAU_hls_4_regslice_both.v"]"\
## "[file normalize "$origin_dir/MVAU_hls_4.v"]"\
## "[file normalize "$origin_dir/MVAU_hls_5_flow_control_loop_pipe_sequential_init.v"]"\
## "[file normalize "$origin_dir/MVAU_hls_5_hls_deadlock_idx0_monitor.v"]"\
## "[file normalize "$origin_dir/MVAU_hls_5_hls_deadlock_idx1_monitor.v"]"\
## "[file normalize "$origin_dir/MVAU_hls_5_mac_muladd_8ns_8s_16s_17_4_1.v"]"\
## "[file normalize "$origin_dir/MVAU_hls_5_Matrix_Vector_Activate_Stream_Batch_p_ZL7threshs_0_ROM_AUTO_1R.v"]"\
## "[file normalize "$origin_dir/MVAU_hls_5_Matrix_Vector_Activate_Stream_Batch_p_ZL7threshs_100_ROM_AUTO_1R.v"]"\
## "[file normalize "$origin_dir/MVAU_hls_5_Matrix_Vector_Activate_Stream_Batch_p_ZL7threshs_101_ROM_AUTO_1R.v"]"\
## "[file normalize "$origin_dir/MVAU_hls_5_Matrix_Vector_Activate_Stream_Batch_p_ZL7threshs_102_ROM_AUTO_1R.v"]"\
## "[file normalize "$origin_dir/MVAU_hls_5_Matrix_Vector_Activate_Stream_Batch_p_ZL7threshs_103_ROM_AUTO_1R.v"]"\
## "[file normalize "$origin_dir/MVAU_hls_5_Matrix_Vector_Activate_Stream_Batch_p_ZL7threshs_104_ROM_AUTO_1R.v"]"\
## "[file normalize "$origin_dir/MVAU_hls_5_Matrix_Vector_Activate_Stream_Batch_p_ZL7threshs_105_ROM_AUTO_1R.v"]"\
## "[file normalize "$origin_dir/MVAU_hls_5_Matrix_Vector_Activate_Stream_Batch_p_ZL7threshs_106_ROM_AUTO_1R.v"]"\
## "[file normalize "$origin_dir/MVAU_hls_5_Matrix_Vector_Activate_Stream_Batch_p_ZL7threshs_107_ROM_AUTO_1R.v"]"\
## "[file normalize "$origin_dir/MVAU_hls_5_Matrix_Vector_Activate_Stream_Batch_p_ZL7threshs_108_ROM_AUTO_1R.v"]"\
## "[file normalize "$origin_dir/MVAU_hls_5_Matrix_Vector_Activate_Stream_Batch_p_ZL7threshs_109_ROM_AUTO_1R.v"]"\
## "[file normalize "$origin_dir/MVAU_hls_5_Matrix_Vector_Activate_Stream_Batch_p_ZL7threshs_10_ROM_AUTO_1R.v"]"\
## "[file normalize "$origin_dir/MVAU_hls_5_Matrix_Vector_Activate_Stream_Batch_p_ZL7threshs_110_ROM_AUTO_1R.v"]"\
## "[file normalize "$origin_dir/MVAU_hls_5_Matrix_Vector_Activate_Stream_Batch_p_ZL7threshs_111_ROM_AUTO_1R.v"]"\
## "[file normalize "$origin_dir/MVAU_hls_5_Matrix_Vector_Activate_Stream_Batch_p_ZL7threshs_112_ROM_AUTO_1R.v"]"\
## "[file normalize "$origin_dir/MVAU_hls_5_Matrix_Vector_Activate_Stream_Batch_p_ZL7threshs_113_ROM_AUTO_1R.v"]"\
## "[file normalize "$origin_dir/MVAU_hls_5_Matrix_Vector_Activate_Stream_Batch_p_ZL7threshs_114_ROM_AUTO_1R.v"]"\
## "[file normalize "$origin_dir/MVAU_hls_5_Matrix_Vector_Activate_Stream_Batch_p_ZL7threshs_115_ROM_AUTO_1R.v"]"\
## "[file normalize "$origin_dir/MVAU_hls_5_Matrix_Vector_Activate_Stream_Batch_p_ZL7threshs_116_ROM_AUTO_1R.v"]"\
## "[file normalize "$origin_dir/MVAU_hls_5_Matrix_Vector_Activate_Stream_Batch_p_ZL7threshs_117_ROM_AUTO_1R.v"]"\
## "[file normalize "$origin_dir/MVAU_hls_5_Matrix_Vector_Activate_Stream_Batch_p_ZL7threshs_118_ROM_AUTO_1R.v"]"\
## "[file normalize "$origin_dir/MVAU_hls_5_Matrix_Vector_Activate_Stream_Batch_p_ZL7threshs_119_ROM_AUTO_1R.v"]"\
## "[file normalize "$origin_dir/MVAU_hls_5_Matrix_Vector_Activate_Stream_Batch_p_ZL7threshs_11_ROM_AUTO_1R.v"]"\
## "[file normalize "$origin_dir/MVAU_hls_5_Matrix_Vector_Activate_Stream_Batch_p_ZL7threshs_120_ROM_AUTO_1R.v"]"\
## "[file normalize "$origin_dir/MVAU_hls_5_Matrix_Vector_Activate_Stream_Batch_p_ZL7threshs_121_ROM_AUTO_1R.v"]"\
## "[file normalize "$origin_dir/MVAU_hls_5_Matrix_Vector_Activate_Stream_Batch_p_ZL7threshs_122_ROM_AUTO_1R.v"]"\
## "[file normalize "$origin_dir/MVAU_hls_5_Matrix_Vector_Activate_Stream_Batch_p_ZL7threshs_123_ROM_AUTO_1R.v"]"\
## "[file normalize "$origin_dir/MVAU_hls_5_Matrix_Vector_Activate_Stream_Batch_p_ZL7threshs_124_ROM_AUTO_1R.v"]"\
## "[file normalize "$origin_dir/MVAU_hls_5_Matrix_Vector_Activate_Stream_Batch_p_ZL7threshs_125_ROM_AUTO_1R.v"]"\
## "[file normalize "$origin_dir/MVAU_hls_5_Matrix_Vector_Activate_Stream_Batch_p_ZL7threshs_126_ROM_AUTO_1R.v"]"\
## "[file normalize "$origin_dir/MVAU_hls_5_Matrix_Vector_Activate_Stream_Batch_p_ZL7threshs_127_ROM_AUTO_1R.v"]"\
## "[file normalize "$origin_dir/MVAU_hls_5_Matrix_Vector_Activate_Stream_Batch_p_ZL7threshs_128_ROM_AUTO_1R.v"]"\
## "[file normalize "$origin_dir/MVAU_hls_5_Matrix_Vector_Activate_Stream_Batch_p_ZL7threshs_129_ROM_AUTO_1R.v"]"\
## "[file normalize "$origin_dir/MVAU_hls_5_Matrix_Vector_Activate_Stream_Batch_p_ZL7threshs_12_ROM_AUTO_1R.v"]"\
## "[file normalize "$origin_dir/MVAU_hls_5_Matrix_Vector_Activate_Stream_Batch_p_ZL7threshs_130_ROM_AUTO_1R.v"]"\
## "[file normalize "$origin_dir/MVAU_hls_5_Matrix_Vector_Activate_Stream_Batch_p_ZL7threshs_131_ROM_AUTO_1R.v"]"\
## "[file normalize "$origin_dir/MVAU_hls_5_Matrix_Vector_Activate_Stream_Batch_p_ZL7threshs_132_ROM_AUTO_1R.v"]"\
## "[file normalize "$origin_dir/MVAU_hls_5_Matrix_Vector_Activate_Stream_Batch_p_ZL7threshs_133_ROM_AUTO_1R.v"]"\
## "[file normalize "$origin_dir/MVAU_hls_5_Matrix_Vector_Activate_Stream_Batch_p_ZL7threshs_134_ROM_AUTO_1R.v"]"\
## "[file normalize "$origin_dir/MVAU_hls_5_Matrix_Vector_Activate_Stream_Batch_p_ZL7threshs_135_ROM_AUTO_1R.v"]"\
## "[file normalize "$origin_dir/MVAU_hls_5_Matrix_Vector_Activate_Stream_Batch_p_ZL7threshs_136_ROM_AUTO_1R.v"]"\
## "[file normalize "$origin_dir/MVAU_hls_5_Matrix_Vector_Activate_Stream_Batch_p_ZL7threshs_137_ROM_AUTO_1R.v"]"\
## "[file normalize "$origin_dir/MVAU_hls_5_Matrix_Vector_Activate_Stream_Batch_p_ZL7threshs_138_ROM_AUTO_1R.v"]"\
## "[file normalize "$origin_dir/MVAU_hls_5_Matrix_Vector_Activate_Stream_Batch_p_ZL7threshs_139_ROM_AUTO_1R.v"]"\
## "[file normalize "$origin_dir/MVAU_hls_5_Matrix_Vector_Activate_Stream_Batch_p_ZL7threshs_13_ROM_AUTO_1R.v"]"\
## "[file normalize "$origin_dir/MVAU_hls_5_Matrix_Vector_Activate_Stream_Batch_p_ZL7threshs_140_ROM_AUTO_1R.v"]"\
## "[file normalize "$origin_dir/MVAU_hls_5_Matrix_Vector_Activate_Stream_Batch_p_ZL7threshs_141_ROM_AUTO_1R.v"]"\
## "[file normalize "$origin_dir/MVAU_hls_5_Matrix_Vector_Activate_Stream_Batch_p_ZL7threshs_142_ROM_AUTO_1R.v"]"\
## "[file normalize "$origin_dir/MVAU_hls_5_Matrix_Vector_Activate_Stream_Batch_p_ZL7threshs_143_ROM_AUTO_1R.v"]"\
## "[file normalize "$origin_dir/MVAU_hls_5_Matrix_Vector_Activate_Stream_Batch_p_ZL7threshs_144_ROM_AUTO_1R.v"]"\
## "[file normalize "$origin_dir/MVAU_hls_5_Matrix_Vector_Activate_Stream_Batch_p_ZL7threshs_145_ROM_AUTO_1R.v"]"\
## "[file normalize "$origin_dir/MVAU_hls_5_Matrix_Vector_Activate_Stream_Batch_p_ZL7threshs_146_ROM_AUTO_1R.v"]"\
## "[file normalize "$origin_dir/MVAU_hls_5_Matrix_Vector_Activate_Stream_Batch_p_ZL7threshs_147_ROM_AUTO_1R.v"]"\
## "[file normalize "$origin_dir/MVAU_hls_5_Matrix_Vector_Activate_Stream_Batch_p_ZL7threshs_148_ROM_AUTO_1R.v"]"\
## "[file normalize "$origin_dir/MVAU_hls_5_Matrix_Vector_Activate_Stream_Batch_p_ZL7threshs_149_ROM_AUTO_1R.v"]"\
## "[file normalize "$origin_dir/MVAU_hls_5_Matrix_Vector_Activate_Stream_Batch_p_ZL7threshs_14_ROM_AUTO_1R.v"]"\
## "[file normalize "$origin_dir/MVAU_hls_5_Matrix_Vector_Activate_Stream_Batch_p_ZL7threshs_150_ROM_AUTO_1R.v"]"\
## "[file normalize "$origin_dir/MVAU_hls_5_Matrix_Vector_Activate_Stream_Batch_p_ZL7threshs_151_ROM_AUTO_1R.v"]"\
## "[file normalize "$origin_dir/MVAU_hls_5_Matrix_Vector_Activate_Stream_Batch_p_ZL7threshs_152_ROM_AUTO_1R.v"]"\
## "[file normalize "$origin_dir/MVAU_hls_5_Matrix_Vector_Activate_Stream_Batch_p_ZL7threshs_153_ROM_AUTO_1R.v"]"\
## "[file normalize "$origin_dir/MVAU_hls_5_Matrix_Vector_Activate_Stream_Batch_p_ZL7threshs_154_ROM_AUTO_1R.v"]"\
## "[file normalize "$origin_dir/MVAU_hls_5_Matrix_Vector_Activate_Stream_Batch_p_ZL7threshs_155_ROM_AUTO_1R.v"]"\
## "[file normalize "$origin_dir/MVAU_hls_5_Matrix_Vector_Activate_Stream_Batch_p_ZL7threshs_156_ROM_AUTO_1R.v"]"\
## "[file normalize "$origin_dir/MVAU_hls_5_Matrix_Vector_Activate_Stream_Batch_p_ZL7threshs_157_ROM_AUTO_1R.v"]"\
## "[file normalize "$origin_dir/MVAU_hls_5_Matrix_Vector_Activate_Stream_Batch_p_ZL7threshs_158_ROM_AUTO_1R.v"]"\
## "[file normalize "$origin_dir/MVAU_hls_5_Matrix_Vector_Activate_Stream_Batch_p_ZL7threshs_159_ROM_AUTO_1R.v"]"\
## "[file normalize "$origin_dir/MVAU_hls_5_Matrix_Vector_Activate_Stream_Batch_p_ZL7threshs_15_ROM_AUTO_1R.v"]"\
## "[file normalize "$origin_dir/MVAU_hls_5_Matrix_Vector_Activate_Stream_Batch_p_ZL7threshs_160_ROM_AUTO_1R.v"]"\
## "[file normalize "$origin_dir/MVAU_hls_5_Matrix_Vector_Activate_Stream_Batch_p_ZL7threshs_161_ROM_AUTO_1R.v"]"\
## "[file normalize "$origin_dir/MVAU_hls_5_Matrix_Vector_Activate_Stream_Batch_p_ZL7threshs_162_ROM_AUTO_1R.v"]"\
## "[file normalize "$origin_dir/MVAU_hls_5_Matrix_Vector_Activate_Stream_Batch_p_ZL7threshs_163_ROM_AUTO_1R.v"]"\
## "[file normalize "$origin_dir/MVAU_hls_5_Matrix_Vector_Activate_Stream_Batch_p_ZL7threshs_164_ROM_AUTO_1R.v"]"\
## "[file normalize "$origin_dir/MVAU_hls_5_Matrix_Vector_Activate_Stream_Batch_p_ZL7threshs_165_ROM_AUTO_1R.v"]"\
## "[file normalize "$origin_dir/MVAU_hls_5_Matrix_Vector_Activate_Stream_Batch_p_ZL7threshs_166_ROM_AUTO_1R.v"]"\
## "[file normalize "$origin_dir/MVAU_hls_5_Matrix_Vector_Activate_Stream_Batch_p_ZL7threshs_167_ROM_AUTO_1R.v"]"\
## "[file normalize "$origin_dir/MVAU_hls_5_Matrix_Vector_Activate_Stream_Batch_p_ZL7threshs_168_ROM_AUTO_1R.v"]"\
## "[file normalize "$origin_dir/MVAU_hls_5_Matrix_Vector_Activate_Stream_Batch_p_ZL7threshs_169_ROM_AUTO_1R.v"]"\
## "[file normalize "$origin_dir/MVAU_hls_5_Matrix_Vector_Activate_Stream_Batch_p_ZL7threshs_16_ROM_AUTO_1R.v"]"\
## "[file normalize "$origin_dir/MVAU_hls_5_Matrix_Vector_Activate_Stream_Batch_p_ZL7threshs_170_ROM_AUTO_1R.v"]"\
## "[file normalize "$origin_dir/MVAU_hls_5_Matrix_Vector_Activate_Stream_Batch_p_ZL7threshs_171_ROM_AUTO_1R.v"]"\
## "[file normalize "$origin_dir/MVAU_hls_5_Matrix_Vector_Activate_Stream_Batch_p_ZL7threshs_172_ROM_AUTO_1R.v"]"\
## "[file normalize "$origin_dir/MVAU_hls_5_Matrix_Vector_Activate_Stream_Batch_p_ZL7threshs_173_ROM_AUTO_1R.v"]"\
## "[file normalize "$origin_dir/MVAU_hls_5_Matrix_Vector_Activate_Stream_Batch_p_ZL7threshs_174_ROM_AUTO_1R.v"]"\
## "[file normalize "$origin_dir/MVAU_hls_5_Matrix_Vector_Activate_Stream_Batch_p_ZL7threshs_175_ROM_AUTO_1R.v"]"\
## "[file normalize "$origin_dir/MVAU_hls_5_Matrix_Vector_Activate_Stream_Batch_p_ZL7threshs_176_ROM_AUTO_1R.v"]"\
## "[file normalize "$origin_dir/MVAU_hls_5_Matrix_Vector_Activate_Stream_Batch_p_ZL7threshs_177_ROM_AUTO_1R.v"]"\
## "[file normalize "$origin_dir/MVAU_hls_5_Matrix_Vector_Activate_Stream_Batch_p_ZL7threshs_178_ROM_AUTO_1R.v"]"\
## "[file normalize "$origin_dir/MVAU_hls_5_Matrix_Vector_Activate_Stream_Batch_p_ZL7threshs_179_ROM_AUTO_1R.v"]"\
## "[file normalize "$origin_dir/MVAU_hls_5_Matrix_Vector_Activate_Stream_Batch_p_ZL7threshs_17_ROM_AUTO_1R.v"]"\
## "[file normalize "$origin_dir/MVAU_hls_5_Matrix_Vector_Activate_Stream_Batch_p_ZL7threshs_180_ROM_AUTO_1R.v"]"\
## "[file normalize "$origin_dir/MVAU_hls_5_Matrix_Vector_Activate_Stream_Batch_p_ZL7threshs_181_ROM_AUTO_1R.v"]"\
## "[file normalize "$origin_dir/MVAU_hls_5_Matrix_Vector_Activate_Stream_Batch_p_ZL7threshs_182_ROM_AUTO_1R.v"]"\
## "[file normalize "$origin_dir/MVAU_hls_5_Matrix_Vector_Activate_Stream_Batch_p_ZL7threshs_183_ROM_AUTO_1R.v"]"\
## "[file normalize "$origin_dir/MVAU_hls_5_Matrix_Vector_Activate_Stream_Batch_p_ZL7threshs_184_ROM_AUTO_1R.v"]"\
## "[file normalize "$origin_dir/MVAU_hls_5_Matrix_Vector_Activate_Stream_Batch_p_ZL7threshs_185_ROM_AUTO_1R.v"]"\
## "[file normalize "$origin_dir/MVAU_hls_5_Matrix_Vector_Activate_Stream_Batch_p_ZL7threshs_186_ROM_AUTO_1R.v"]"\
## "[file normalize "$origin_dir/MVAU_hls_5_Matrix_Vector_Activate_Stream_Batch_p_ZL7threshs_187_ROM_AUTO_1R.v"]"\
## "[file normalize "$origin_dir/MVAU_hls_5_Matrix_Vector_Activate_Stream_Batch_p_ZL7threshs_188_ROM_AUTO_1R.v"]"\
## "[file normalize "$origin_dir/MVAU_hls_5_Matrix_Vector_Activate_Stream_Batch_p_ZL7threshs_189_ROM_AUTO_1R.v"]"\
## "[file normalize "$origin_dir/MVAU_hls_5_Matrix_Vector_Activate_Stream_Batch_p_ZL7threshs_18_ROM_AUTO_1R.v"]"\
## "[file normalize "$origin_dir/MVAU_hls_5_Matrix_Vector_Activate_Stream_Batch_p_ZL7threshs_190_ROM_AUTO_1R.v"]"\
## "[file normalize "$origin_dir/MVAU_hls_5_Matrix_Vector_Activate_Stream_Batch_p_ZL7threshs_191_ROM_AUTO_1R.v"]"\
## "[file normalize "$origin_dir/MVAU_hls_5_Matrix_Vector_Activate_Stream_Batch_p_ZL7threshs_192_ROM_AUTO_1R.v"]"\
## "[file normalize "$origin_dir/MVAU_hls_5_Matrix_Vector_Activate_Stream_Batch_p_ZL7threshs_193_ROM_AUTO_1R.v"]"\
## "[file normalize "$origin_dir/MVAU_hls_5_Matrix_Vector_Activate_Stream_Batch_p_ZL7threshs_194_ROM_AUTO_1R.v"]"\
## "[file normalize "$origin_dir/MVAU_hls_5_Matrix_Vector_Activate_Stream_Batch_p_ZL7threshs_195_ROM_AUTO_1R.v"]"\
## "[file normalize "$origin_dir/MVAU_hls_5_Matrix_Vector_Activate_Stream_Batch_p_ZL7threshs_196_ROM_AUTO_1R.v"]"\
## "[file normalize "$origin_dir/MVAU_hls_5_Matrix_Vector_Activate_Stream_Batch_p_ZL7threshs_197_ROM_AUTO_1R.v"]"\
## "[file normalize "$origin_dir/MVAU_hls_5_Matrix_Vector_Activate_Stream_Batch_p_ZL7threshs_198_ROM_AUTO_1R.v"]"\
## "[file normalize "$origin_dir/MVAU_hls_5_Matrix_Vector_Activate_Stream_Batch_p_ZL7threshs_199_ROM_AUTO_1R.v"]"\
## "[file normalize "$origin_dir/MVAU_hls_5_Matrix_Vector_Activate_Stream_Batch_p_ZL7threshs_19_ROM_AUTO_1R.v"]"\
## "[file normalize "$origin_dir/MVAU_hls_5_Matrix_Vector_Activate_Stream_Batch_p_ZL7threshs_1_ROM_AUTO_1R.v"]"\
## "[file normalize "$origin_dir/MVAU_hls_5_Matrix_Vector_Activate_Stream_Batch_p_ZL7threshs_200_ROM_AUTO_1R.v"]"\
## "[file normalize "$origin_dir/MVAU_hls_5_Matrix_Vector_Activate_Stream_Batch_p_ZL7threshs_201_ROM_AUTO_1R.v"]"\
## "[file normalize "$origin_dir/MVAU_hls_5_Matrix_Vector_Activate_Stream_Batch_p_ZL7threshs_202_ROM_AUTO_1R.v"]"\
## "[file normalize "$origin_dir/MVAU_hls_5_Matrix_Vector_Activate_Stream_Batch_p_ZL7threshs_203_ROM_AUTO_1R.v"]"\
## "[file normalize "$origin_dir/MVAU_hls_5_Matrix_Vector_Activate_Stream_Batch_p_ZL7threshs_204_ROM_AUTO_1R.v"]"\
## "[file normalize "$origin_dir/MVAU_hls_5_Matrix_Vector_Activate_Stream_Batch_p_ZL7threshs_205_ROM_AUTO_1R.v"]"\
## "[file normalize "$origin_dir/MVAU_hls_5_Matrix_Vector_Activate_Stream_Batch_p_ZL7threshs_206_ROM_AUTO_1R.v"]"\
## "[file normalize "$origin_dir/MVAU_hls_5_Matrix_Vector_Activate_Stream_Batch_p_ZL7threshs_207_ROM_AUTO_1R.v"]"\
## "[file normalize "$origin_dir/MVAU_hls_5_Matrix_Vector_Activate_Stream_Batch_p_ZL7threshs_208_ROM_AUTO_1R.v"]"\
## "[file normalize "$origin_dir/MVAU_hls_5_Matrix_Vector_Activate_Stream_Batch_p_ZL7threshs_209_ROM_AUTO_1R.v"]"\
## "[file normalize "$origin_dir/MVAU_hls_5_Matrix_Vector_Activate_Stream_Batch_p_ZL7threshs_20_ROM_AUTO_1R.v"]"\
## "[file normalize "$origin_dir/MVAU_hls_5_Matrix_Vector_Activate_Stream_Batch_p_ZL7threshs_210_ROM_AUTO_1R.v"]"\
## "[file normalize "$origin_dir/MVAU_hls_5_Matrix_Vector_Activate_Stream_Batch_p_ZL7threshs_211_ROM_AUTO_1R.v"]"\
## "[file normalize "$origin_dir/MVAU_hls_5_Matrix_Vector_Activate_Stream_Batch_p_ZL7threshs_212_ROM_AUTO_1R.v"]"\
## "[file normalize "$origin_dir/MVAU_hls_5_Matrix_Vector_Activate_Stream_Batch_p_ZL7threshs_213_ROM_AUTO_1R.v"]"\
## "[file normalize "$origin_dir/MVAU_hls_5_Matrix_Vector_Activate_Stream_Batch_p_ZL7threshs_214_ROM_AUTO_1R.v"]"\
## "[file normalize "$origin_dir/MVAU_hls_5_Matrix_Vector_Activate_Stream_Batch_p_ZL7threshs_215_ROM_AUTO_1R.v"]"\
## "[file normalize "$origin_dir/MVAU_hls_5_Matrix_Vector_Activate_Stream_Batch_p_ZL7threshs_216_ROM_AUTO_1R.v"]"\
## "[file normalize "$origin_dir/MVAU_hls_5_Matrix_Vector_Activate_Stream_Batch_p_ZL7threshs_217_ROM_AUTO_1R.v"]"\
## "[file normalize "$origin_dir/MVAU_hls_5_Matrix_Vector_Activate_Stream_Batch_p_ZL7threshs_218_ROM_AUTO_1R.v"]"\
## "[file normalize "$origin_dir/MVAU_hls_5_Matrix_Vector_Activate_Stream_Batch_p_ZL7threshs_219_ROM_AUTO_1R.v"]"\
## "[file normalize "$origin_dir/MVAU_hls_5_Matrix_Vector_Activate_Stream_Batch_p_ZL7threshs_21_ROM_AUTO_1R.v"]"\
## "[file normalize "$origin_dir/MVAU_hls_5_Matrix_Vector_Activate_Stream_Batch_p_ZL7threshs_220_ROM_AUTO_1R.v"]"\
## "[file normalize "$origin_dir/MVAU_hls_5_Matrix_Vector_Activate_Stream_Batch_p_ZL7threshs_221_ROM_AUTO_1R.v"]"\
## "[file normalize "$origin_dir/MVAU_hls_5_Matrix_Vector_Activate_Stream_Batch_p_ZL7threshs_222_ROM_AUTO_1R.v"]"\
## "[file normalize "$origin_dir/MVAU_hls_5_Matrix_Vector_Activate_Stream_Batch_p_ZL7threshs_223_ROM_AUTO_1R.v"]"\
## "[file normalize "$origin_dir/MVAU_hls_5_Matrix_Vector_Activate_Stream_Batch_p_ZL7threshs_224_ROM_AUTO_1R.v"]"\
## "[file normalize "$origin_dir/MVAU_hls_5_Matrix_Vector_Activate_Stream_Batch_p_ZL7threshs_225_ROM_AUTO_1R.v"]"\
## "[file normalize "$origin_dir/MVAU_hls_5_Matrix_Vector_Activate_Stream_Batch_p_ZL7threshs_226_ROM_AUTO_1R.v"]"\
## "[file normalize "$origin_dir/MVAU_hls_5_Matrix_Vector_Activate_Stream_Batch_p_ZL7threshs_227_ROM_AUTO_1R.v"]"\
## "[file normalize "$origin_dir/MVAU_hls_5_Matrix_Vector_Activate_Stream_Batch_p_ZL7threshs_228_ROM_AUTO_1R.v"]"\
## "[file normalize "$origin_dir/MVAU_hls_5_Matrix_Vector_Activate_Stream_Batch_p_ZL7threshs_229_ROM_AUTO_1R.v"]"\
## "[file normalize "$origin_dir/MVAU_hls_5_Matrix_Vector_Activate_Stream_Batch_p_ZL7threshs_22_ROM_AUTO_1R.v"]"\
## "[file normalize "$origin_dir/MVAU_hls_5_Matrix_Vector_Activate_Stream_Batch_p_ZL7threshs_230_ROM_AUTO_1R.v"]"\
## "[file normalize "$origin_dir/MVAU_hls_5_Matrix_Vector_Activate_Stream_Batch_p_ZL7threshs_231_ROM_AUTO_1R.v"]"\
## "[file normalize "$origin_dir/MVAU_hls_5_Matrix_Vector_Activate_Stream_Batch_p_ZL7threshs_232_ROM_AUTO_1R.v"]"\
## "[file normalize "$origin_dir/MVAU_hls_5_Matrix_Vector_Activate_Stream_Batch_p_ZL7threshs_233_ROM_AUTO_1R.v"]"\
## "[file normalize "$origin_dir/MVAU_hls_5_Matrix_Vector_Activate_Stream_Batch_p_ZL7threshs_234_ROM_AUTO_1R.v"]"\
## "[file normalize "$origin_dir/MVAU_hls_5_Matrix_Vector_Activate_Stream_Batch_p_ZL7threshs_235_ROM_AUTO_1R.v"]"\
## "[file normalize "$origin_dir/MVAU_hls_5_Matrix_Vector_Activate_Stream_Batch_p_ZL7threshs_236_ROM_AUTO_1R.v"]"\
## "[file normalize "$origin_dir/MVAU_hls_5_Matrix_Vector_Activate_Stream_Batch_p_ZL7threshs_237_ROM_AUTO_1R.v"]"\
## "[file normalize "$origin_dir/MVAU_hls_5_Matrix_Vector_Activate_Stream_Batch_p_ZL7threshs_238_ROM_AUTO_1R.v"]"\
## "[file normalize "$origin_dir/MVAU_hls_5_Matrix_Vector_Activate_Stream_Batch_p_ZL7threshs_239_ROM_AUTO_1R.v"]"\
## "[file normalize "$origin_dir/MVAU_hls_5_Matrix_Vector_Activate_Stream_Batch_p_ZL7threshs_23_ROM_AUTO_1R.v"]"\
## "[file normalize "$origin_dir/MVAU_hls_5_Matrix_Vector_Activate_Stream_Batch_p_ZL7threshs_240_ROM_AUTO_1R.v"]"\
## "[file normalize "$origin_dir/MVAU_hls_5_Matrix_Vector_Activate_Stream_Batch_p_ZL7threshs_241_ROM_AUTO_1R.v"]"\
## "[file normalize "$origin_dir/MVAU_hls_5_Matrix_Vector_Activate_Stream_Batch_p_ZL7threshs_242_ROM_AUTO_1R.v"]"\
## "[file normalize "$origin_dir/MVAU_hls_5_Matrix_Vector_Activate_Stream_Batch_p_ZL7threshs_243_ROM_AUTO_1R.v"]"\
## "[file normalize "$origin_dir/MVAU_hls_5_Matrix_Vector_Activate_Stream_Batch_p_ZL7threshs_244_ROM_AUTO_1R.v"]"\
## "[file normalize "$origin_dir/MVAU_hls_5_Matrix_Vector_Activate_Stream_Batch_p_ZL7threshs_245_ROM_AUTO_1R.v"]"\
## "[file normalize "$origin_dir/MVAU_hls_5_Matrix_Vector_Activate_Stream_Batch_p_ZL7threshs_246_ROM_AUTO_1R.v"]"\
## "[file normalize "$origin_dir/MVAU_hls_5_Matrix_Vector_Activate_Stream_Batch_p_ZL7threshs_247_ROM_AUTO_1R.v"]"\
## "[file normalize "$origin_dir/MVAU_hls_5_Matrix_Vector_Activate_Stream_Batch_p_ZL7threshs_248_ROM_AUTO_1R.v"]"\
## "[file normalize "$origin_dir/MVAU_hls_5_Matrix_Vector_Activate_Stream_Batch_p_ZL7threshs_249_ROM_AUTO_1R.v"]"\
## "[file normalize "$origin_dir/MVAU_hls_5_Matrix_Vector_Activate_Stream_Batch_p_ZL7threshs_24_ROM_AUTO_1R.v"]"\
## "[file normalize "$origin_dir/MVAU_hls_5_Matrix_Vector_Activate_Stream_Batch_p_ZL7threshs_250_ROM_AUTO_1R.v"]"\
## "[file normalize "$origin_dir/MVAU_hls_5_Matrix_Vector_Activate_Stream_Batch_p_ZL7threshs_251_ROM_AUTO_1R.v"]"\
## "[file normalize "$origin_dir/MVAU_hls_5_Matrix_Vector_Activate_Stream_Batch_p_ZL7threshs_252_ROM_AUTO_1R.v"]"\
## "[file normalize "$origin_dir/MVAU_hls_5_Matrix_Vector_Activate_Stream_Batch_p_ZL7threshs_253_ROM_AUTO_1R.v"]"\
## "[file normalize "$origin_dir/MVAU_hls_5_Matrix_Vector_Activate_Stream_Batch_p_ZL7threshs_254_ROM_AUTO_1R.v"]"\
## "[file normalize "$origin_dir/MVAU_hls_5_Matrix_Vector_Activate_Stream_Batch_p_ZL7threshs_25_ROM_AUTO_1R.v"]"\
## "[file normalize "$origin_dir/MVAU_hls_5_Matrix_Vector_Activate_Stream_Batch_p_ZL7threshs_26_ROM_AUTO_1R.v"]"\
## "[file normalize "$origin_dir/MVAU_hls_5_Matrix_Vector_Activate_Stream_Batch_p_ZL7threshs_27_ROM_AUTO_1R.v"]"\
## "[file normalize "$origin_dir/MVAU_hls_5_Matrix_Vector_Activate_Stream_Batch_p_ZL7threshs_28_ROM_AUTO_1R.v"]"\
## "[file normalize "$origin_dir/MVAU_hls_5_Matrix_Vector_Activate_Stream_Batch_p_ZL7threshs_29_ROM_AUTO_1R.v"]"\
## "[file normalize "$origin_dir/MVAU_hls_5_Matrix_Vector_Activate_Stream_Batch_p_ZL7threshs_2_ROM_AUTO_1R.v"]"\
## "[file normalize "$origin_dir/MVAU_hls_5_Matrix_Vector_Activate_Stream_Batch_p_ZL7threshs_30_ROM_AUTO_1R.v"]"\
## "[file normalize "$origin_dir/MVAU_hls_5_Matrix_Vector_Activate_Stream_Batch_p_ZL7threshs_31_ROM_AUTO_1R.v"]"\
## "[file normalize "$origin_dir/MVAU_hls_5_Matrix_Vector_Activate_Stream_Batch_p_ZL7threshs_32_ROM_AUTO_1R.v"]"\
## "[file normalize "$origin_dir/MVAU_hls_5_Matrix_Vector_Activate_Stream_Batch_p_ZL7threshs_33_ROM_AUTO_1R.v"]"\
## "[file normalize "$origin_dir/MVAU_hls_5_Matrix_Vector_Activate_Stream_Batch_p_ZL7threshs_34_ROM_AUTO_1R.v"]"\
## "[file normalize "$origin_dir/MVAU_hls_5_Matrix_Vector_Activate_Stream_Batch_p_ZL7threshs_35_ROM_AUTO_1R.v"]"\
## "[file normalize "$origin_dir/MVAU_hls_5_Matrix_Vector_Activate_Stream_Batch_p_ZL7threshs_36_ROM_AUTO_1R.v"]"\
## "[file normalize "$origin_dir/MVAU_hls_5_Matrix_Vector_Activate_Stream_Batch_p_ZL7threshs_37_ROM_AUTO_1R.v"]"\
## "[file normalize "$origin_dir/MVAU_hls_5_Matrix_Vector_Activate_Stream_Batch_p_ZL7threshs_38_ROM_AUTO_1R.v"]"\
## "[file normalize "$origin_dir/MVAU_hls_5_Matrix_Vector_Activate_Stream_Batch_p_ZL7threshs_39_ROM_AUTO_1R.v"]"\
## "[file normalize "$origin_dir/MVAU_hls_5_Matrix_Vector_Activate_Stream_Batch_p_ZL7threshs_3_ROM_AUTO_1R.v"]"\
## "[file normalize "$origin_dir/MVAU_hls_5_Matrix_Vector_Activate_Stream_Batch_p_ZL7threshs_40_ROM_AUTO_1R.v"]"\
## "[file normalize "$origin_dir/MVAU_hls_5_Matrix_Vector_Activate_Stream_Batch_p_ZL7threshs_41_ROM_AUTO_1R.v"]"\
## "[file normalize "$origin_dir/MVAU_hls_5_Matrix_Vector_Activate_Stream_Batch_p_ZL7threshs_42_ROM_AUTO_1R.v"]"\
## "[file normalize "$origin_dir/MVAU_hls_5_Matrix_Vector_Activate_Stream_Batch_p_ZL7threshs_43_ROM_AUTO_1R.v"]"\
## "[file normalize "$origin_dir/MVAU_hls_5_Matrix_Vector_Activate_Stream_Batch_p_ZL7threshs_44_ROM_AUTO_1R.v"]"\
## "[file normalize "$origin_dir/MVAU_hls_5_Matrix_Vector_Activate_Stream_Batch_p_ZL7threshs_45_ROM_AUTO_1R.v"]"\
## "[file normalize "$origin_dir/MVAU_hls_5_Matrix_Vector_Activate_Stream_Batch_p_ZL7threshs_46_ROM_AUTO_1R.v"]"\
## "[file normalize "$origin_dir/MVAU_hls_5_Matrix_Vector_Activate_Stream_Batch_p_ZL7threshs_47_ROM_AUTO_1R.v"]"\
## "[file normalize "$origin_dir/MVAU_hls_5_Matrix_Vector_Activate_Stream_Batch_p_ZL7threshs_48_ROM_AUTO_1R.v"]"\
## "[file normalize "$origin_dir/MVAU_hls_5_Matrix_Vector_Activate_Stream_Batch_p_ZL7threshs_49_ROM_AUTO_1R.v"]"\
## "[file normalize "$origin_dir/MVAU_hls_5_Matrix_Vector_Activate_Stream_Batch_p_ZL7threshs_4_ROM_AUTO_1R.v"]"\
## "[file normalize "$origin_dir/MVAU_hls_5_Matrix_Vector_Activate_Stream_Batch_p_ZL7threshs_50_ROM_AUTO_1R.v"]"\
## "[file normalize "$origin_dir/MVAU_hls_5_Matrix_Vector_Activate_Stream_Batch_p_ZL7threshs_51_ROM_AUTO_1R.v"]"\
## "[file normalize "$origin_dir/MVAU_hls_5_Matrix_Vector_Activate_Stream_Batch_p_ZL7threshs_52_ROM_AUTO_1R.v"]"\
## "[file normalize "$origin_dir/MVAU_hls_5_Matrix_Vector_Activate_Stream_Batch_p_ZL7threshs_53_ROM_AUTO_1R.v"]"\
## "[file normalize "$origin_dir/MVAU_hls_5_Matrix_Vector_Activate_Stream_Batch_p_ZL7threshs_54_ROM_AUTO_1R.v"]"\
## "[file normalize "$origin_dir/MVAU_hls_5_Matrix_Vector_Activate_Stream_Batch_p_ZL7threshs_55_ROM_AUTO_1R.v"]"\
## "[file normalize "$origin_dir/MVAU_hls_5_Matrix_Vector_Activate_Stream_Batch_p_ZL7threshs_56_ROM_AUTO_1R.v"]"\
## "[file normalize "$origin_dir/MVAU_hls_5_Matrix_Vector_Activate_Stream_Batch_p_ZL7threshs_57_ROM_AUTO_1R.v"]"\
## "[file normalize "$origin_dir/MVAU_hls_5_Matrix_Vector_Activate_Stream_Batch_p_ZL7threshs_58_ROM_AUTO_1R.v"]"\
## "[file normalize "$origin_dir/MVAU_hls_5_Matrix_Vector_Activate_Stream_Batch_p_ZL7threshs_59_ROM_AUTO_1R.v"]"\
## "[file normalize "$origin_dir/MVAU_hls_5_Matrix_Vector_Activate_Stream_Batch_p_ZL7threshs_5_ROM_AUTO_1R.v"]"\
## "[file normalize "$origin_dir/MVAU_hls_5_Matrix_Vector_Activate_Stream_Batch_p_ZL7threshs_60_ROM_AUTO_1R.v"]"\
## "[file normalize "$origin_dir/MVAU_hls_5_Matrix_Vector_Activate_Stream_Batch_p_ZL7threshs_61_ROM_AUTO_1R.v"]"\
## "[file normalize "$origin_dir/MVAU_hls_5_Matrix_Vector_Activate_Stream_Batch_p_ZL7threshs_62_ROM_AUTO_1R.v"]"\
## "[file normalize "$origin_dir/MVAU_hls_5_Matrix_Vector_Activate_Stream_Batch_p_ZL7threshs_63_ROM_AUTO_1R.v"]"\
## "[file normalize "$origin_dir/MVAU_hls_5_Matrix_Vector_Activate_Stream_Batch_p_ZL7threshs_64_ROM_AUTO_1R.v"]"\
## "[file normalize "$origin_dir/MVAU_hls_5_Matrix_Vector_Activate_Stream_Batch_p_ZL7threshs_65_ROM_AUTO_1R.v"]"\
## "[file normalize "$origin_dir/MVAU_hls_5_Matrix_Vector_Activate_Stream_Batch_p_ZL7threshs_66_ROM_AUTO_1R.v"]"\
## "[file normalize "$origin_dir/MVAU_hls_5_Matrix_Vector_Activate_Stream_Batch_p_ZL7threshs_67_ROM_AUTO_1R.v"]"\
## "[file normalize "$origin_dir/MVAU_hls_5_Matrix_Vector_Activate_Stream_Batch_p_ZL7threshs_68_ROM_AUTO_1R.v"]"\
## "[file normalize "$origin_dir/MVAU_hls_5_Matrix_Vector_Activate_Stream_Batch_p_ZL7threshs_69_ROM_AUTO_1R.v"]"\
## "[file normalize "$origin_dir/MVAU_hls_5_Matrix_Vector_Activate_Stream_Batch_p_ZL7threshs_6_ROM_AUTO_1R.v"]"\
## "[file normalize "$origin_dir/MVAU_hls_5_Matrix_Vector_Activate_Stream_Batch_p_ZL7threshs_70_ROM_AUTO_1R.v"]"\
## "[file normalize "$origin_dir/MVAU_hls_5_Matrix_Vector_Activate_Stream_Batch_p_ZL7threshs_71_ROM_AUTO_1R.v"]"\
## "[file normalize "$origin_dir/MVAU_hls_5_Matrix_Vector_Activate_Stream_Batch_p_ZL7threshs_72_ROM_AUTO_1R.v"]"\
## "[file normalize "$origin_dir/MVAU_hls_5_Matrix_Vector_Activate_Stream_Batch_p_ZL7threshs_73_ROM_AUTO_1R.v"]"\
## "[file normalize "$origin_dir/MVAU_hls_5_Matrix_Vector_Activate_Stream_Batch_p_ZL7threshs_74_ROM_AUTO_1R.v"]"\
## "[file normalize "$origin_dir/MVAU_hls_5_Matrix_Vector_Activate_Stream_Batch_p_ZL7threshs_75_ROM_AUTO_1R.v"]"\
## "[file normalize "$origin_dir/MVAU_hls_5_Matrix_Vector_Activate_Stream_Batch_p_ZL7threshs_76_ROM_AUTO_1R.v"]"\
## "[file normalize "$origin_dir/MVAU_hls_5_Matrix_Vector_Activate_Stream_Batch_p_ZL7threshs_77_ROM_AUTO_1R.v"]"\
## "[file normalize "$origin_dir/MVAU_hls_5_Matrix_Vector_Activate_Stream_Batch_p_ZL7threshs_78_ROM_AUTO_1R.v"]"\
## "[file normalize "$origin_dir/MVAU_hls_5_Matrix_Vector_Activate_Stream_Batch_p_ZL7threshs_79_ROM_AUTO_1R.v"]"\
## "[file normalize "$origin_dir/MVAU_hls_5_Matrix_Vector_Activate_Stream_Batch_p_ZL7threshs_7_ROM_AUTO_1R.v"]"\
## "[file normalize "$origin_dir/MVAU_hls_5_Matrix_Vector_Activate_Stream_Batch_p_ZL7threshs_80_ROM_AUTO_1R.v"]"\
## "[file normalize "$origin_dir/MVAU_hls_5_Matrix_Vector_Activate_Stream_Batch_p_ZL7threshs_81_ROM_AUTO_1R.v"]"\
## "[file normalize "$origin_dir/MVAU_hls_5_Matrix_Vector_Activate_Stream_Batch_p_ZL7threshs_82_ROM_AUTO_1R.v"]"\
## "[file normalize "$origin_dir/MVAU_hls_5_Matrix_Vector_Activate_Stream_Batch_p_ZL7threshs_83_ROM_AUTO_1R.v"]"\
## "[file normalize "$origin_dir/MVAU_hls_5_Matrix_Vector_Activate_Stream_Batch_p_ZL7threshs_84_ROM_AUTO_1R.v"]"\
## "[file normalize "$origin_dir/MVAU_hls_5_Matrix_Vector_Activate_Stream_Batch_p_ZL7threshs_85_ROM_AUTO_1R.v"]"\
## "[file normalize "$origin_dir/MVAU_hls_5_Matrix_Vector_Activate_Stream_Batch_p_ZL7threshs_86_ROM_AUTO_1R.v"]"\
## "[file normalize "$origin_dir/MVAU_hls_5_Matrix_Vector_Activate_Stream_Batch_p_ZL7threshs_87_ROM_AUTO_1R.v"]"\
## "[file normalize "$origin_dir/MVAU_hls_5_Matrix_Vector_Activate_Stream_Batch_p_ZL7threshs_88_ROM_AUTO_1R.v"]"\
## "[file normalize "$origin_dir/MVAU_hls_5_Matrix_Vector_Activate_Stream_Batch_p_ZL7threshs_89_ROM_AUTO_1R.v"]"\
## "[file normalize "$origin_dir/MVAU_hls_5_Matrix_Vector_Activate_Stream_Batch_p_ZL7threshs_8_ROM_AUTO_1R.v"]"\
## "[file normalize "$origin_dir/MVAU_hls_5_Matrix_Vector_Activate_Stream_Batch_p_ZL7threshs_90_ROM_AUTO_1R.v"]"\
## "[file normalize "$origin_dir/MVAU_hls_5_Matrix_Vector_Activate_Stream_Batch_p_ZL7threshs_91_ROM_AUTO_1R.v"]"\
## "[file normalize "$origin_dir/MVAU_hls_5_Matrix_Vector_Activate_Stream_Batch_p_ZL7threshs_92_ROM_AUTO_1R.v"]"\
## "[file normalize "$origin_dir/MVAU_hls_5_Matrix_Vector_Activate_Stream_Batch_p_ZL7threshs_93_ROM_AUTO_1R.v"]"\
## "[file normalize "$origin_dir/MVAU_hls_5_Matrix_Vector_Activate_Stream_Batch_p_ZL7threshs_94_ROM_AUTO_1R.v"]"\
## "[file normalize "$origin_dir/MVAU_hls_5_Matrix_Vector_Activate_Stream_Batch_p_ZL7threshs_95_ROM_AUTO_1R.v"]"\
## "[file normalize "$origin_dir/MVAU_hls_5_Matrix_Vector_Activate_Stream_Batch_p_ZL7threshs_96_ROM_AUTO_1R.v"]"\
## "[file normalize "$origin_dir/MVAU_hls_5_Matrix_Vector_Activate_Stream_Batch_p_ZL7threshs_97_ROM_AUTO_1R.v"]"\
## "[file normalize "$origin_dir/MVAU_hls_5_Matrix_Vector_Activate_Stream_Batch_p_ZL7threshs_98_ROM_AUTO_1R.v"]"\
## "[file normalize "$origin_dir/MVAU_hls_5_Matrix_Vector_Activate_Stream_Batch_p_ZL7threshs_99_ROM_AUTO_1R.v"]"\
## "[file normalize "$origin_dir/MVAU_hls_5_Matrix_Vector_Activate_Stream_Batch_p_ZL7threshs_9_ROM_AUTO_1R.v"]"\
## "[file normalize "$origin_dir/MVAU_hls_5_Matrix_Vector_Activate_Stream_Batch.v"]"\
## "[file normalize "$origin_dir/MVAU_hls_5_mul_8ns_8s_16_1_1.v"]"\
## "[file normalize "$origin_dir/MVAU_hls_5_mux_486_48_1_1.v"]"\
## "[file normalize "$origin_dir/MVAU_hls_5_regslice_both.v"]"\
## "[file normalize "$origin_dir/MVAU_hls_5.v"]"\
## "[file normalize "$origin_dir/MVAU_hls_6_flow_control_loop_pipe_sequential_init.v"]"\
## "[file normalize "$origin_dir/MVAU_hls_6_hls_deadlock_idx0_monitor.v"]"\
## "[file normalize "$origin_dir/MVAU_hls_6_hls_deadlock_idx1_monitor.v"]"\
## "[file normalize "$origin_dir/MVAU_hls_6_mac_muladd_8ns_8s_16s_17_4_1.v"]"\
## "[file normalize "$origin_dir/MVAU_hls_6_mac_muladd_8ns_8s_17s_18_4_1.v"]"\
## "[file normalize "$origin_dir/MVAU_hls_6_mac_muladd_8ns_8s_22s_22_4_1.v"]"\
## "[file normalize "$origin_dir/MVAU_hls_6_mac_muladd_8s_8ns_16s_17_4_1.v"]"\
## "[file normalize "$origin_dir/MVAU_hls_6_mac_muladd_8s_8ns_17s_18_4_1.v"]"\
## "[file normalize "$origin_dir/MVAU_hls_6_mac_muladd_8s_8ns_22s_22_4_1.v"]"\
## "[file normalize "$origin_dir/MVAU_hls_6_Matrix_Vector_Activate_Stream_Batch_p_ZL7threshs_0_0_ROM_AUTO_1R.v"]"\
## "[file normalize "$origin_dir/MVAU_hls_6_Matrix_Vector_Activate_Stream_Batch_p_ZL7threshs_0_100_ROM_AUTO_1R.v"]"\
## "[file normalize "$origin_dir/MVAU_hls_6_Matrix_Vector_Activate_Stream_Batch_p_ZL7threshs_0_101_ROM_AUTO_1R.v"]"\
## "[file normalize "$origin_dir/MVAU_hls_6_Matrix_Vector_Activate_Stream_Batch_p_ZL7threshs_0_102_ROM_AUTO_1R.v"]"\
## "[file normalize "$origin_dir/MVAU_hls_6_Matrix_Vector_Activate_Stream_Batch_p_ZL7threshs_0_103_ROM_AUTO_1R.v"]"\
## "[file normalize "$origin_dir/MVAU_hls_6_Matrix_Vector_Activate_Stream_Batch_p_ZL7threshs_0_104_ROM_AUTO_1R.v"]"\
## "[file normalize "$origin_dir/MVAU_hls_6_Matrix_Vector_Activate_Stream_Batch_p_ZL7threshs_0_105_ROM_AUTO_1R.v"]"\
## "[file normalize "$origin_dir/MVAU_hls_6_Matrix_Vector_Activate_Stream_Batch_p_ZL7threshs_0_106_ROM_AUTO_1R.v"]"\
## "[file normalize "$origin_dir/MVAU_hls_6_Matrix_Vector_Activate_Stream_Batch_p_ZL7threshs_0_107_ROM_AUTO_1R.v"]"\
## "[file normalize "$origin_dir/MVAU_hls_6_Matrix_Vector_Activate_Stream_Batch_p_ZL7threshs_0_108_ROM_AUTO_1R.v"]"\
## "[file normalize "$origin_dir/MVAU_hls_6_Matrix_Vector_Activate_Stream_Batch_p_ZL7threshs_0_109_ROM_AUTO_1R.v"]"\
## "[file normalize "$origin_dir/MVAU_hls_6_Matrix_Vector_Activate_Stream_Batch_p_ZL7threshs_0_10_ROM_AUTO_1R.v"]"\
## "[file normalize "$origin_dir/MVAU_hls_6_Matrix_Vector_Activate_Stream_Batch_p_ZL7threshs_0_110_ROM_AUTO_1R.v"]"\
## "[file normalize "$origin_dir/MVAU_hls_6_Matrix_Vector_Activate_Stream_Batch_p_ZL7threshs_0_111_ROM_AUTO_1R.v"]"\
## "[file normalize "$origin_dir/MVAU_hls_6_Matrix_Vector_Activate_Stream_Batch_p_ZL7threshs_0_112_ROM_AUTO_1R.v"]"\
## "[file normalize "$origin_dir/MVAU_hls_6_Matrix_Vector_Activate_Stream_Batch_p_ZL7threshs_0_113_ROM_AUTO_1R.v"]"\
## "[file normalize "$origin_dir/MVAU_hls_6_Matrix_Vector_Activate_Stream_Batch_p_ZL7threshs_0_114_ROM_AUTO_1R.v"]"\
## "[file normalize "$origin_dir/MVAU_hls_6_Matrix_Vector_Activate_Stream_Batch_p_ZL7threshs_0_115_ROM_AUTO_1R.v"]"\
## "[file normalize "$origin_dir/MVAU_hls_6_Matrix_Vector_Activate_Stream_Batch_p_ZL7threshs_0_116_ROM_AUTO_1R.v"]"\
## "[file normalize "$origin_dir/MVAU_hls_6_Matrix_Vector_Activate_Stream_Batch_p_ZL7threshs_0_117_ROM_AUTO_1R.v"]"\
## "[file normalize "$origin_dir/MVAU_hls_6_Matrix_Vector_Activate_Stream_Batch_p_ZL7threshs_0_118_ROM_AUTO_1R.v"]"\
## "[file normalize "$origin_dir/MVAU_hls_6_Matrix_Vector_Activate_Stream_Batch_p_ZL7threshs_0_119_ROM_AUTO_1R.v"]"\
## "[file normalize "$origin_dir/MVAU_hls_6_Matrix_Vector_Activate_Stream_Batch_p_ZL7threshs_0_11_ROM_AUTO_1R.v"]"\
## "[file normalize "$origin_dir/MVAU_hls_6_Matrix_Vector_Activate_Stream_Batch_p_ZL7threshs_0_120_ROM_AUTO_1R.v"]"\
## "[file normalize "$origin_dir/MVAU_hls_6_Matrix_Vector_Activate_Stream_Batch_p_ZL7threshs_0_121_ROM_AUTO_1R.v"]"\
## "[file normalize "$origin_dir/MVAU_hls_6_Matrix_Vector_Activate_Stream_Batch_p_ZL7threshs_0_122_ROM_AUTO_1R.v"]"\
## "[file normalize "$origin_dir/MVAU_hls_6_Matrix_Vector_Activate_Stream_Batch_p_ZL7threshs_0_123_ROM_AUTO_1R.v"]"\
## "[file normalize "$origin_dir/MVAU_hls_6_Matrix_Vector_Activate_Stream_Batch_p_ZL7threshs_0_124_ROM_AUTO_1R.v"]"\
## "[file normalize "$origin_dir/MVAU_hls_6_Matrix_Vector_Activate_Stream_Batch_p_ZL7threshs_0_125_ROM_AUTO_1R.v"]"\
## "[file normalize "$origin_dir/MVAU_hls_6_Matrix_Vector_Activate_Stream_Batch_p_ZL7threshs_0_126_ROM_AUTO_1R.v"]"\
## "[file normalize "$origin_dir/MVAU_hls_6_Matrix_Vector_Activate_Stream_Batch_p_ZL7threshs_0_127_ROM_AUTO_1R.v"]"\
## "[file normalize "$origin_dir/MVAU_hls_6_Matrix_Vector_Activate_Stream_Batch_p_ZL7threshs_0_128_ROM_AUTO_1R.v"]"\
## "[file normalize "$origin_dir/MVAU_hls_6_Matrix_Vector_Activate_Stream_Batch_p_ZL7threshs_0_129_ROM_AUTO_1R.v"]"\
## "[file normalize "$origin_dir/MVAU_hls_6_Matrix_Vector_Activate_Stream_Batch_p_ZL7threshs_0_12_ROM_AUTO_1R.v"]"\
## "[file normalize "$origin_dir/MVAU_hls_6_Matrix_Vector_Activate_Stream_Batch_p_ZL7threshs_0_130_ROM_AUTO_1R.v"]"\
## "[file normalize "$origin_dir/MVAU_hls_6_Matrix_Vector_Activate_Stream_Batch_p_ZL7threshs_0_131_ROM_AUTO_1R.v"]"\
## "[file normalize "$origin_dir/MVAU_hls_6_Matrix_Vector_Activate_Stream_Batch_p_ZL7threshs_0_132_ROM_AUTO_1R.v"]"\
## "[file normalize "$origin_dir/MVAU_hls_6_Matrix_Vector_Activate_Stream_Batch_p_ZL7threshs_0_133_ROM_AUTO_1R.v"]"\
## "[file normalize "$origin_dir/MVAU_hls_6_Matrix_Vector_Activate_Stream_Batch_p_ZL7threshs_0_134_ROM_AUTO_1R.v"]"\
## "[file normalize "$origin_dir/MVAU_hls_6_Matrix_Vector_Activate_Stream_Batch_p_ZL7threshs_0_135_ROM_AUTO_1R.v"]"\
## "[file normalize "$origin_dir/MVAU_hls_6_Matrix_Vector_Activate_Stream_Batch_p_ZL7threshs_0_136_ROM_AUTO_1R.v"]"\
## "[file normalize "$origin_dir/MVAU_hls_6_Matrix_Vector_Activate_Stream_Batch_p_ZL7threshs_0_137_ROM_AUTO_1R.v"]"\
## "[file normalize "$origin_dir/MVAU_hls_6_Matrix_Vector_Activate_Stream_Batch_p_ZL7threshs_0_138_ROM_AUTO_1R.v"]"\
## "[file normalize "$origin_dir/MVAU_hls_6_Matrix_Vector_Activate_Stream_Batch_p_ZL7threshs_0_139_ROM_AUTO_1R.v"]"\
## "[file normalize "$origin_dir/MVAU_hls_6_Matrix_Vector_Activate_Stream_Batch_p_ZL7threshs_0_13_ROM_AUTO_1R.v"]"\
## "[file normalize "$origin_dir/MVAU_hls_6_Matrix_Vector_Activate_Stream_Batch_p_ZL7threshs_0_140_ROM_AUTO_1R.v"]"\
## "[file normalize "$origin_dir/MVAU_hls_6_Matrix_Vector_Activate_Stream_Batch_p_ZL7threshs_0_141_ROM_AUTO_1R.v"]"\
## "[file normalize "$origin_dir/MVAU_hls_6_Matrix_Vector_Activate_Stream_Batch_p_ZL7threshs_0_142_ROM_AUTO_1R.v"]"\
## "[file normalize "$origin_dir/MVAU_hls_6_Matrix_Vector_Activate_Stream_Batch_p_ZL7threshs_0_143_ROM_AUTO_1R.v"]"\
## "[file normalize "$origin_dir/MVAU_hls_6_Matrix_Vector_Activate_Stream_Batch_p_ZL7threshs_0_144_ROM_AUTO_1R.v"]"\
## "[file normalize "$origin_dir/MVAU_hls_6_Matrix_Vector_Activate_Stream_Batch_p_ZL7threshs_0_145_ROM_AUTO_1R.v"]"\
## "[file normalize "$origin_dir/MVAU_hls_6_Matrix_Vector_Activate_Stream_Batch_p_ZL7threshs_0_146_ROM_AUTO_1R.v"]"\
## "[file normalize "$origin_dir/MVAU_hls_6_Matrix_Vector_Activate_Stream_Batch_p_ZL7threshs_0_147_ROM_AUTO_1R.v"]"\
## "[file normalize "$origin_dir/MVAU_hls_6_Matrix_Vector_Activate_Stream_Batch_p_ZL7threshs_0_148_ROM_AUTO_1R.v"]"\
## "[file normalize "$origin_dir/MVAU_hls_6_Matrix_Vector_Activate_Stream_Batch_p_ZL7threshs_0_149_ROM_AUTO_1R.v"]"\
## "[file normalize "$origin_dir/MVAU_hls_6_Matrix_Vector_Activate_Stream_Batch_p_ZL7threshs_0_14_ROM_AUTO_1R.v"]"\
## "[file normalize "$origin_dir/MVAU_hls_6_Matrix_Vector_Activate_Stream_Batch_p_ZL7threshs_0_150_ROM_AUTO_1R.v"]"\
## "[file normalize "$origin_dir/MVAU_hls_6_Matrix_Vector_Activate_Stream_Batch_p_ZL7threshs_0_151_ROM_AUTO_1R.v"]"\
## "[file normalize "$origin_dir/MVAU_hls_6_Matrix_Vector_Activate_Stream_Batch_p_ZL7threshs_0_152_ROM_AUTO_1R.v"]"\
## "[file normalize "$origin_dir/MVAU_hls_6_Matrix_Vector_Activate_Stream_Batch_p_ZL7threshs_0_153_ROM_AUTO_1R.v"]"\
## "[file normalize "$origin_dir/MVAU_hls_6_Matrix_Vector_Activate_Stream_Batch_p_ZL7threshs_0_154_ROM_AUTO_1R.v"]"\
## "[file normalize "$origin_dir/MVAU_hls_6_Matrix_Vector_Activate_Stream_Batch_p_ZL7threshs_0_155_ROM_AUTO_1R.v"]"\
## "[file normalize "$origin_dir/MVAU_hls_6_Matrix_Vector_Activate_Stream_Batch_p_ZL7threshs_0_156_ROM_AUTO_1R.v"]"\
## "[file normalize "$origin_dir/MVAU_hls_6_Matrix_Vector_Activate_Stream_Batch_p_ZL7threshs_0_157_ROM_AUTO_1R.v"]"\
## "[file normalize "$origin_dir/MVAU_hls_6_Matrix_Vector_Activate_Stream_Batch_p_ZL7threshs_0_158_ROM_AUTO_1R.v"]"\
## "[file normalize "$origin_dir/MVAU_hls_6_Matrix_Vector_Activate_Stream_Batch_p_ZL7threshs_0_159_ROM_AUTO_1R.v"]"\
## "[file normalize "$origin_dir/MVAU_hls_6_Matrix_Vector_Activate_Stream_Batch_p_ZL7threshs_0_15_ROM_AUTO_1R.v"]"\
## "[file normalize "$origin_dir/MVAU_hls_6_Matrix_Vector_Activate_Stream_Batch_p_ZL7threshs_0_160_ROM_AUTO_1R.v"]"\
## "[file normalize "$origin_dir/MVAU_hls_6_Matrix_Vector_Activate_Stream_Batch_p_ZL7threshs_0_161_ROM_AUTO_1R.v"]"\
## "[file normalize "$origin_dir/MVAU_hls_6_Matrix_Vector_Activate_Stream_Batch_p_ZL7threshs_0_162_ROM_AUTO_1R.v"]"\
## "[file normalize "$origin_dir/MVAU_hls_6_Matrix_Vector_Activate_Stream_Batch_p_ZL7threshs_0_163_ROM_AUTO_1R.v"]"\
## "[file normalize "$origin_dir/MVAU_hls_6_Matrix_Vector_Activate_Stream_Batch_p_ZL7threshs_0_164_ROM_AUTO_1R.v"]"\
## "[file normalize "$origin_dir/MVAU_hls_6_Matrix_Vector_Activate_Stream_Batch_p_ZL7threshs_0_165_ROM_AUTO_1R.v"]"\
## "[file normalize "$origin_dir/MVAU_hls_6_Matrix_Vector_Activate_Stream_Batch_p_ZL7threshs_0_166_ROM_AUTO_1R.v"]"\
## "[file normalize "$origin_dir/MVAU_hls_6_Matrix_Vector_Activate_Stream_Batch_p_ZL7threshs_0_167_ROM_AUTO_1R.v"]"\
## "[file normalize "$origin_dir/MVAU_hls_6_Matrix_Vector_Activate_Stream_Batch_p_ZL7threshs_0_168_ROM_AUTO_1R.v"]"\
## "[file normalize "$origin_dir/MVAU_hls_6_Matrix_Vector_Activate_Stream_Batch_p_ZL7threshs_0_169_ROM_AUTO_1R.v"]"\
## "[file normalize "$origin_dir/MVAU_hls_6_Matrix_Vector_Activate_Stream_Batch_p_ZL7threshs_0_16_ROM_AUTO_1R.v"]"\
## "[file normalize "$origin_dir/MVAU_hls_6_Matrix_Vector_Activate_Stream_Batch_p_ZL7threshs_0_170_ROM_AUTO_1R.v"]"\
## "[file normalize "$origin_dir/MVAU_hls_6_Matrix_Vector_Activate_Stream_Batch_p_ZL7threshs_0_171_ROM_AUTO_1R.v"]"\
## "[file normalize "$origin_dir/MVAU_hls_6_Matrix_Vector_Activate_Stream_Batch_p_ZL7threshs_0_172_ROM_AUTO_1R.v"]"\
## "[file normalize "$origin_dir/MVAU_hls_6_Matrix_Vector_Activate_Stream_Batch_p_ZL7threshs_0_173_ROM_AUTO_1R.v"]"\
## "[file normalize "$origin_dir/MVAU_hls_6_Matrix_Vector_Activate_Stream_Batch_p_ZL7threshs_0_174_ROM_AUTO_1R.v"]"\
## "[file normalize "$origin_dir/MVAU_hls_6_Matrix_Vector_Activate_Stream_Batch_p_ZL7threshs_0_175_ROM_AUTO_1R.v"]"\
## "[file normalize "$origin_dir/MVAU_hls_6_Matrix_Vector_Activate_Stream_Batch_p_ZL7threshs_0_176_ROM_AUTO_1R.v"]"\
## "[file normalize "$origin_dir/MVAU_hls_6_Matrix_Vector_Activate_Stream_Batch_p_ZL7threshs_0_177_ROM_AUTO_1R.v"]"\
## "[file normalize "$origin_dir/MVAU_hls_6_Matrix_Vector_Activate_Stream_Batch_p_ZL7threshs_0_178_ROM_AUTO_1R.v"]"\
## "[file normalize "$origin_dir/MVAU_hls_6_Matrix_Vector_Activate_Stream_Batch_p_ZL7threshs_0_179_ROM_AUTO_1R.v"]"\
## "[file normalize "$origin_dir/MVAU_hls_6_Matrix_Vector_Activate_Stream_Batch_p_ZL7threshs_0_17_ROM_AUTO_1R.v"]"\
## "[file normalize "$origin_dir/MVAU_hls_6_Matrix_Vector_Activate_Stream_Batch_p_ZL7threshs_0_180_ROM_AUTO_1R.v"]"\
## "[file normalize "$origin_dir/MVAU_hls_6_Matrix_Vector_Activate_Stream_Batch_p_ZL7threshs_0_181_ROM_AUTO_1R.v"]"\
## "[file normalize "$origin_dir/MVAU_hls_6_Matrix_Vector_Activate_Stream_Batch_p_ZL7threshs_0_182_ROM_AUTO_1R.v"]"\
## "[file normalize "$origin_dir/MVAU_hls_6_Matrix_Vector_Activate_Stream_Batch_p_ZL7threshs_0_183_ROM_AUTO_1R.v"]"\
## "[file normalize "$origin_dir/MVAU_hls_6_Matrix_Vector_Activate_Stream_Batch_p_ZL7threshs_0_184_ROM_AUTO_1R.v"]"\
## "[file normalize "$origin_dir/MVAU_hls_6_Matrix_Vector_Activate_Stream_Batch_p_ZL7threshs_0_185_ROM_AUTO_1R.v"]"\
## "[file normalize "$origin_dir/MVAU_hls_6_Matrix_Vector_Activate_Stream_Batch_p_ZL7threshs_0_186_ROM_AUTO_1R.v"]"\
## "[file normalize "$origin_dir/MVAU_hls_6_Matrix_Vector_Activate_Stream_Batch_p_ZL7threshs_0_187_ROM_AUTO_1R.v"]"\
## "[file normalize "$origin_dir/MVAU_hls_6_Matrix_Vector_Activate_Stream_Batch_p_ZL7threshs_0_188_ROM_AUTO_1R.v"]"\
## "[file normalize "$origin_dir/MVAU_hls_6_Matrix_Vector_Activate_Stream_Batch_p_ZL7threshs_0_189_ROM_AUTO_1R.v"]"\
## "[file normalize "$origin_dir/MVAU_hls_6_Matrix_Vector_Activate_Stream_Batch_p_ZL7threshs_0_18_ROM_AUTO_1R.v"]"\
## "[file normalize "$origin_dir/MVAU_hls_6_Matrix_Vector_Activate_Stream_Batch_p_ZL7threshs_0_190_ROM_AUTO_1R.v"]"\
## "[file normalize "$origin_dir/MVAU_hls_6_Matrix_Vector_Activate_Stream_Batch_p_ZL7threshs_0_191_ROM_AUTO_1R.v"]"\
## "[file normalize "$origin_dir/MVAU_hls_6_Matrix_Vector_Activate_Stream_Batch_p_ZL7threshs_0_192_ROM_AUTO_1R.v"]"\
## "[file normalize "$origin_dir/MVAU_hls_6_Matrix_Vector_Activate_Stream_Batch_p_ZL7threshs_0_193_ROM_AUTO_1R.v"]"\
## "[file normalize "$origin_dir/MVAU_hls_6_Matrix_Vector_Activate_Stream_Batch_p_ZL7threshs_0_194_ROM_AUTO_1R.v"]"\
## "[file normalize "$origin_dir/MVAU_hls_6_Matrix_Vector_Activate_Stream_Batch_p_ZL7threshs_0_195_ROM_AUTO_1R.v"]"\
## "[file normalize "$origin_dir/MVAU_hls_6_Matrix_Vector_Activate_Stream_Batch_p_ZL7threshs_0_196_ROM_AUTO_1R.v"]"\
## "[file normalize "$origin_dir/MVAU_hls_6_Matrix_Vector_Activate_Stream_Batch_p_ZL7threshs_0_197_ROM_AUTO_1R.v"]"\
## "[file normalize "$origin_dir/MVAU_hls_6_Matrix_Vector_Activate_Stream_Batch_p_ZL7threshs_0_198_ROM_AUTO_1R.v"]"\
## "[file normalize "$origin_dir/MVAU_hls_6_Matrix_Vector_Activate_Stream_Batch_p_ZL7threshs_0_199_ROM_AUTO_1R.v"]"\
## "[file normalize "$origin_dir/MVAU_hls_6_Matrix_Vector_Activate_Stream_Batch_p_ZL7threshs_0_19_ROM_AUTO_1R.v"]"\
## "[file normalize "$origin_dir/MVAU_hls_6_Matrix_Vector_Activate_Stream_Batch_p_ZL7threshs_0_1_ROM_AUTO_1R.v"]"\
## "[file normalize "$origin_dir/MVAU_hls_6_Matrix_Vector_Activate_Stream_Batch_p_ZL7threshs_0_200_ROM_AUTO_1R.v"]"\
## "[file normalize "$origin_dir/MVAU_hls_6_Matrix_Vector_Activate_Stream_Batch_p_ZL7threshs_0_201_ROM_AUTO_1R.v"]"\
## "[file normalize "$origin_dir/MVAU_hls_6_Matrix_Vector_Activate_Stream_Batch_p_ZL7threshs_0_202_ROM_AUTO_1R.v"]"\
## "[file normalize "$origin_dir/MVAU_hls_6_Matrix_Vector_Activate_Stream_Batch_p_ZL7threshs_0_203_ROM_AUTO_1R.v"]"\
## "[file normalize "$origin_dir/MVAU_hls_6_Matrix_Vector_Activate_Stream_Batch_p_ZL7threshs_0_204_ROM_AUTO_1R.v"]"\
## "[file normalize "$origin_dir/MVAU_hls_6_Matrix_Vector_Activate_Stream_Batch_p_ZL7threshs_0_205_ROM_AUTO_1R.v"]"\
## "[file normalize "$origin_dir/MVAU_hls_6_Matrix_Vector_Activate_Stream_Batch_p_ZL7threshs_0_206_ROM_AUTO_1R.v"]"\
## "[file normalize "$origin_dir/MVAU_hls_6_Matrix_Vector_Activate_Stream_Batch_p_ZL7threshs_0_207_ROM_AUTO_1R.v"]"\
## "[file normalize "$origin_dir/MVAU_hls_6_Matrix_Vector_Activate_Stream_Batch_p_ZL7threshs_0_208_ROM_AUTO_1R.v"]"\
## "[file normalize "$origin_dir/MVAU_hls_6_Matrix_Vector_Activate_Stream_Batch_p_ZL7threshs_0_209_ROM_AUTO_1R.v"]"\
## "[file normalize "$origin_dir/MVAU_hls_6_Matrix_Vector_Activate_Stream_Batch_p_ZL7threshs_0_20_ROM_AUTO_1R.v"]"\
## "[file normalize "$origin_dir/MVAU_hls_6_Matrix_Vector_Activate_Stream_Batch_p_ZL7threshs_0_210_ROM_AUTO_1R.v"]"\
## "[file normalize "$origin_dir/MVAU_hls_6_Matrix_Vector_Activate_Stream_Batch_p_ZL7threshs_0_211_ROM_AUTO_1R.v"]"\
## "[file normalize "$origin_dir/MVAU_hls_6_Matrix_Vector_Activate_Stream_Batch_p_ZL7threshs_0_212_ROM_AUTO_1R.v"]"\
## "[file normalize "$origin_dir/MVAU_hls_6_Matrix_Vector_Activate_Stream_Batch_p_ZL7threshs_0_213_ROM_AUTO_1R.v"]"\
## "[file normalize "$origin_dir/MVAU_hls_6_Matrix_Vector_Activate_Stream_Batch_p_ZL7threshs_0_214_ROM_AUTO_1R.v"]"\
## "[file normalize "$origin_dir/MVAU_hls_6_Matrix_Vector_Activate_Stream_Batch_p_ZL7threshs_0_215_ROM_AUTO_1R.v"]"\
## "[file normalize "$origin_dir/MVAU_hls_6_Matrix_Vector_Activate_Stream_Batch_p_ZL7threshs_0_216_ROM_AUTO_1R.v"]"\
## "[file normalize "$origin_dir/MVAU_hls_6_Matrix_Vector_Activate_Stream_Batch_p_ZL7threshs_0_217_ROM_AUTO_1R.v"]"\
## "[file normalize "$origin_dir/MVAU_hls_6_Matrix_Vector_Activate_Stream_Batch_p_ZL7threshs_0_218_ROM_AUTO_1R.v"]"\
## "[file normalize "$origin_dir/MVAU_hls_6_Matrix_Vector_Activate_Stream_Batch_p_ZL7threshs_0_219_ROM_AUTO_1R.v"]"\
## "[file normalize "$origin_dir/MVAU_hls_6_Matrix_Vector_Activate_Stream_Batch_p_ZL7threshs_0_21_ROM_AUTO_1R.v"]"\
## "[file normalize "$origin_dir/MVAU_hls_6_Matrix_Vector_Activate_Stream_Batch_p_ZL7threshs_0_220_ROM_AUTO_1R.v"]"\
## "[file normalize "$origin_dir/MVAU_hls_6_Matrix_Vector_Activate_Stream_Batch_p_ZL7threshs_0_221_ROM_AUTO_1R.v"]"\
## "[file normalize "$origin_dir/MVAU_hls_6_Matrix_Vector_Activate_Stream_Batch_p_ZL7threshs_0_222_ROM_AUTO_1R.v"]"\
## "[file normalize "$origin_dir/MVAU_hls_6_Matrix_Vector_Activate_Stream_Batch_p_ZL7threshs_0_223_ROM_AUTO_1R.v"]"\
## "[file normalize "$origin_dir/MVAU_hls_6_Matrix_Vector_Activate_Stream_Batch_p_ZL7threshs_0_224_ROM_AUTO_1R.v"]"\
## "[file normalize "$origin_dir/MVAU_hls_6_Matrix_Vector_Activate_Stream_Batch_p_ZL7threshs_0_225_ROM_AUTO_1R.v"]"\
## "[file normalize "$origin_dir/MVAU_hls_6_Matrix_Vector_Activate_Stream_Batch_p_ZL7threshs_0_226_ROM_AUTO_1R.v"]"\
## "[file normalize "$origin_dir/MVAU_hls_6_Matrix_Vector_Activate_Stream_Batch_p_ZL7threshs_0_227_ROM_AUTO_1R.v"]"\
## "[file normalize "$origin_dir/MVAU_hls_6_Matrix_Vector_Activate_Stream_Batch_p_ZL7threshs_0_228_ROM_AUTO_1R.v"]"\
## "[file normalize "$origin_dir/MVAU_hls_6_Matrix_Vector_Activate_Stream_Batch_p_ZL7threshs_0_229_ROM_AUTO_1R.v"]"\
## "[file normalize "$origin_dir/MVAU_hls_6_Matrix_Vector_Activate_Stream_Batch_p_ZL7threshs_0_22_ROM_AUTO_1R.v"]"\
## "[file normalize "$origin_dir/MVAU_hls_6_Matrix_Vector_Activate_Stream_Batch_p_ZL7threshs_0_230_ROM_AUTO_1R.v"]"\
## "[file normalize "$origin_dir/MVAU_hls_6_Matrix_Vector_Activate_Stream_Batch_p_ZL7threshs_0_231_ROM_AUTO_1R.v"]"\
## "[file normalize "$origin_dir/MVAU_hls_6_Matrix_Vector_Activate_Stream_Batch_p_ZL7threshs_0_232_ROM_AUTO_1R.v"]"\
## "[file normalize "$origin_dir/MVAU_hls_6_Matrix_Vector_Activate_Stream_Batch_p_ZL7threshs_0_233_ROM_AUTO_1R.v"]"\
## "[file normalize "$origin_dir/MVAU_hls_6_Matrix_Vector_Activate_Stream_Batch_p_ZL7threshs_0_234_ROM_AUTO_1R.v"]"\
## "[file normalize "$origin_dir/MVAU_hls_6_Matrix_Vector_Activate_Stream_Batch_p_ZL7threshs_0_235_ROM_AUTO_1R.v"]"\
## "[file normalize "$origin_dir/MVAU_hls_6_Matrix_Vector_Activate_Stream_Batch_p_ZL7threshs_0_236_ROM_AUTO_1R.v"]"\
## "[file normalize "$origin_dir/MVAU_hls_6_Matrix_Vector_Activate_Stream_Batch_p_ZL7threshs_0_237_ROM_AUTO_1R.v"]"\
## "[file normalize "$origin_dir/MVAU_hls_6_Matrix_Vector_Activate_Stream_Batch_p_ZL7threshs_0_238_ROM_AUTO_1R.v"]"\
## "[file normalize "$origin_dir/MVAU_hls_6_Matrix_Vector_Activate_Stream_Batch_p_ZL7threshs_0_239_ROM_AUTO_1R.v"]"\
## "[file normalize "$origin_dir/MVAU_hls_6_Matrix_Vector_Activate_Stream_Batch_p_ZL7threshs_0_23_ROM_AUTO_1R.v"]"\
## "[file normalize "$origin_dir/MVAU_hls_6_Matrix_Vector_Activate_Stream_Batch_p_ZL7threshs_0_240_ROM_AUTO_1R.v"]"\
## "[file normalize "$origin_dir/MVAU_hls_6_Matrix_Vector_Activate_Stream_Batch_p_ZL7threshs_0_241_ROM_AUTO_1R.v"]"\
## "[file normalize "$origin_dir/MVAU_hls_6_Matrix_Vector_Activate_Stream_Batch_p_ZL7threshs_0_242_ROM_AUTO_1R.v"]"\
## "[file normalize "$origin_dir/MVAU_hls_6_Matrix_Vector_Activate_Stream_Batch_p_ZL7threshs_0_243_ROM_AUTO_1R.v"]"\
## "[file normalize "$origin_dir/MVAU_hls_6_Matrix_Vector_Activate_Stream_Batch_p_ZL7threshs_0_244_ROM_AUTO_1R.v"]"\
## "[file normalize "$origin_dir/MVAU_hls_6_Matrix_Vector_Activate_Stream_Batch_p_ZL7threshs_0_245_ROM_AUTO_1R.v"]"\
## "[file normalize "$origin_dir/MVAU_hls_6_Matrix_Vector_Activate_Stream_Batch_p_ZL7threshs_0_246_ROM_AUTO_1R.v"]"\
## "[file normalize "$origin_dir/MVAU_hls_6_Matrix_Vector_Activate_Stream_Batch_p_ZL7threshs_0_247_ROM_AUTO_1R.v"]"\
## "[file normalize "$origin_dir/MVAU_hls_6_Matrix_Vector_Activate_Stream_Batch_p_ZL7threshs_0_248_ROM_AUTO_1R.v"]"\
## "[file normalize "$origin_dir/MVAU_hls_6_Matrix_Vector_Activate_Stream_Batch_p_ZL7threshs_0_249_ROM_AUTO_1R.v"]"\
## "[file normalize "$origin_dir/MVAU_hls_6_Matrix_Vector_Activate_Stream_Batch_p_ZL7threshs_0_24_ROM_AUTO_1R.v"]"\
## "[file normalize "$origin_dir/MVAU_hls_6_Matrix_Vector_Activate_Stream_Batch_p_ZL7threshs_0_250_ROM_AUTO_1R.v"]"\
## "[file normalize "$origin_dir/MVAU_hls_6_Matrix_Vector_Activate_Stream_Batch_p_ZL7threshs_0_251_ROM_AUTO_1R.v"]"\
## "[file normalize "$origin_dir/MVAU_hls_6_Matrix_Vector_Activate_Stream_Batch_p_ZL7threshs_0_252_ROM_AUTO_1R.v"]"\
## "[file normalize "$origin_dir/MVAU_hls_6_Matrix_Vector_Activate_Stream_Batch_p_ZL7threshs_0_253_ROM_AUTO_1R.v"]"\
## "[file normalize "$origin_dir/MVAU_hls_6_Matrix_Vector_Activate_Stream_Batch_p_ZL7threshs_0_254_ROM_AUTO_1R.v"]"\
## "[file normalize "$origin_dir/MVAU_hls_6_Matrix_Vector_Activate_Stream_Batch_p_ZL7threshs_0_25_ROM_AUTO_1R.v"]"\
## "[file normalize "$origin_dir/MVAU_hls_6_Matrix_Vector_Activate_Stream_Batch_p_ZL7threshs_0_26_ROM_AUTO_1R.v"]"\
## "[file normalize "$origin_dir/MVAU_hls_6_Matrix_Vector_Activate_Stream_Batch_p_ZL7threshs_0_27_ROM_AUTO_1R.v"]"\
## "[file normalize "$origin_dir/MVAU_hls_6_Matrix_Vector_Activate_Stream_Batch_p_ZL7threshs_0_28_ROM_AUTO_1R.v"]"\
## "[file normalize "$origin_dir/MVAU_hls_6_Matrix_Vector_Activate_Stream_Batch_p_ZL7threshs_0_29_ROM_AUTO_1R.v"]"\
## "[file normalize "$origin_dir/MVAU_hls_6_Matrix_Vector_Activate_Stream_Batch_p_ZL7threshs_0_2_ROM_AUTO_1R.v"]"\
## "[file normalize "$origin_dir/MVAU_hls_6_Matrix_Vector_Activate_Stream_Batch_p_ZL7threshs_0_30_ROM_AUTO_1R.v"]"\
## "[file normalize "$origin_dir/MVAU_hls_6_Matrix_Vector_Activate_Stream_Batch_p_ZL7threshs_0_31_ROM_AUTO_1R.v"]"\
## "[file normalize "$origin_dir/MVAU_hls_6_Matrix_Vector_Activate_Stream_Batch_p_ZL7threshs_0_32_ROM_AUTO_1R.v"]"\
## "[file normalize "$origin_dir/MVAU_hls_6_Matrix_Vector_Activate_Stream_Batch_p_ZL7threshs_0_33_ROM_AUTO_1R.v"]"\
## "[file normalize "$origin_dir/MVAU_hls_6_Matrix_Vector_Activate_Stream_Batch_p_ZL7threshs_0_34_ROM_AUTO_1R.v"]"\
## "[file normalize "$origin_dir/MVAU_hls_6_Matrix_Vector_Activate_Stream_Batch_p_ZL7threshs_0_35_ROM_AUTO_1R.v"]"\
## "[file normalize "$origin_dir/MVAU_hls_6_Matrix_Vector_Activate_Stream_Batch_p_ZL7threshs_0_36_ROM_AUTO_1R.v"]"\
## "[file normalize "$origin_dir/MVAU_hls_6_Matrix_Vector_Activate_Stream_Batch_p_ZL7threshs_0_37_ROM_AUTO_1R.v"]"\
## "[file normalize "$origin_dir/MVAU_hls_6_Matrix_Vector_Activate_Stream_Batch_p_ZL7threshs_0_38_ROM_AUTO_1R.v"]"\
## "[file normalize "$origin_dir/MVAU_hls_6_Matrix_Vector_Activate_Stream_Batch_p_ZL7threshs_0_39_ROM_AUTO_1R.v"]"\
## "[file normalize "$origin_dir/MVAU_hls_6_Matrix_Vector_Activate_Stream_Batch_p_ZL7threshs_0_3_ROM_AUTO_1R.v"]"\
## "[file normalize "$origin_dir/MVAU_hls_6_Matrix_Vector_Activate_Stream_Batch_p_ZL7threshs_0_40_ROM_AUTO_1R.v"]"\
## "[file normalize "$origin_dir/MVAU_hls_6_Matrix_Vector_Activate_Stream_Batch_p_ZL7threshs_0_41_ROM_AUTO_1R.v"]"\
## "[file normalize "$origin_dir/MVAU_hls_6_Matrix_Vector_Activate_Stream_Batch_p_ZL7threshs_0_42_ROM_AUTO_1R.v"]"\
## "[file normalize "$origin_dir/MVAU_hls_6_Matrix_Vector_Activate_Stream_Batch_p_ZL7threshs_0_43_ROM_AUTO_1R.v"]"\
## "[file normalize "$origin_dir/MVAU_hls_6_Matrix_Vector_Activate_Stream_Batch_p_ZL7threshs_0_44_ROM_AUTO_1R.v"]"\
## "[file normalize "$origin_dir/MVAU_hls_6_Matrix_Vector_Activate_Stream_Batch_p_ZL7threshs_0_45_ROM_AUTO_1R.v"]"\
## "[file normalize "$origin_dir/MVAU_hls_6_Matrix_Vector_Activate_Stream_Batch_p_ZL7threshs_0_46_ROM_AUTO_1R.v"]"\
## "[file normalize "$origin_dir/MVAU_hls_6_Matrix_Vector_Activate_Stream_Batch_p_ZL7threshs_0_47_ROM_AUTO_1R.v"]"\
## "[file normalize "$origin_dir/MVAU_hls_6_Matrix_Vector_Activate_Stream_Batch_p_ZL7threshs_0_48_ROM_AUTO_1R.v"]"\
## "[file normalize "$origin_dir/MVAU_hls_6_Matrix_Vector_Activate_Stream_Batch_p_ZL7threshs_0_49_ROM_AUTO_1R.v"]"\
## "[file normalize "$origin_dir/MVAU_hls_6_Matrix_Vector_Activate_Stream_Batch_p_ZL7threshs_0_4_ROM_AUTO_1R.v"]"\
## "[file normalize "$origin_dir/MVAU_hls_6_Matrix_Vector_Activate_Stream_Batch_p_ZL7threshs_0_50_ROM_AUTO_1R.v"]"\
## "[file normalize "$origin_dir/MVAU_hls_6_Matrix_Vector_Activate_Stream_Batch_p_ZL7threshs_0_51_ROM_AUTO_1R.v"]"\
## "[file normalize "$origin_dir/MVAU_hls_6_Matrix_Vector_Activate_Stream_Batch_p_ZL7threshs_0_52_ROM_AUTO_1R.v"]"\
## "[file normalize "$origin_dir/MVAU_hls_6_Matrix_Vector_Activate_Stream_Batch_p_ZL7threshs_0_53_ROM_AUTO_1R.v"]"\
## "[file normalize "$origin_dir/MVAU_hls_6_Matrix_Vector_Activate_Stream_Batch_p_ZL7threshs_0_54_ROM_AUTO_1R.v"]"\
## "[file normalize "$origin_dir/MVAU_hls_6_Matrix_Vector_Activate_Stream_Batch_p_ZL7threshs_0_55_ROM_AUTO_1R.v"]"\
## "[file normalize "$origin_dir/MVAU_hls_6_Matrix_Vector_Activate_Stream_Batch_p_ZL7threshs_0_56_ROM_AUTO_1R.v"]"\
## "[file normalize "$origin_dir/MVAU_hls_6_Matrix_Vector_Activate_Stream_Batch_p_ZL7threshs_0_57_ROM_AUTO_1R.v"]"\
## "[file normalize "$origin_dir/MVAU_hls_6_Matrix_Vector_Activate_Stream_Batch_p_ZL7threshs_0_58_ROM_AUTO_1R.v"]"\
## "[file normalize "$origin_dir/MVAU_hls_6_Matrix_Vector_Activate_Stream_Batch_p_ZL7threshs_0_59_ROM_AUTO_1R.v"]"\
## "[file normalize "$origin_dir/MVAU_hls_6_Matrix_Vector_Activate_Stream_Batch_p_ZL7threshs_0_5_ROM_AUTO_1R.v"]"\
## "[file normalize "$origin_dir/MVAU_hls_6_Matrix_Vector_Activate_Stream_Batch_p_ZL7threshs_0_60_ROM_AUTO_1R.v"]"\
## "[file normalize "$origin_dir/MVAU_hls_6_Matrix_Vector_Activate_Stream_Batch_p_ZL7threshs_0_61_ROM_AUTO_1R.v"]"\
## "[file normalize "$origin_dir/MVAU_hls_6_Matrix_Vector_Activate_Stream_Batch_p_ZL7threshs_0_62_ROM_AUTO_1R.v"]"\
## "[file normalize "$origin_dir/MVAU_hls_6_Matrix_Vector_Activate_Stream_Batch_p_ZL7threshs_0_63_ROM_AUTO_1R.v"]"\
## "[file normalize "$origin_dir/MVAU_hls_6_Matrix_Vector_Activate_Stream_Batch_p_ZL7threshs_0_64_ROM_AUTO_1R.v"]"\
## "[file normalize "$origin_dir/MVAU_hls_6_Matrix_Vector_Activate_Stream_Batch_p_ZL7threshs_0_65_ROM_AUTO_1R.v"]"\
## "[file normalize "$origin_dir/MVAU_hls_6_Matrix_Vector_Activate_Stream_Batch_p_ZL7threshs_0_66_ROM_AUTO_1R.v"]"\
## "[file normalize "$origin_dir/MVAU_hls_6_Matrix_Vector_Activate_Stream_Batch_p_ZL7threshs_0_67_ROM_AUTO_1R.v"]"\
## "[file normalize "$origin_dir/MVAU_hls_6_Matrix_Vector_Activate_Stream_Batch_p_ZL7threshs_0_68_ROM_AUTO_1R.v"]"\
## "[file normalize "$origin_dir/MVAU_hls_6_Matrix_Vector_Activate_Stream_Batch_p_ZL7threshs_0_69_ROM_AUTO_1R.v"]"\
## "[file normalize "$origin_dir/MVAU_hls_6_Matrix_Vector_Activate_Stream_Batch_p_ZL7threshs_0_6_ROM_AUTO_1R.v"]"\
## "[file normalize "$origin_dir/MVAU_hls_6_Matrix_Vector_Activate_Stream_Batch_p_ZL7threshs_0_70_ROM_AUTO_1R.v"]"\
## "[file normalize "$origin_dir/MVAU_hls_6_Matrix_Vector_Activate_Stream_Batch_p_ZL7threshs_0_71_ROM_AUTO_1R.v"]"\
## "[file normalize "$origin_dir/MVAU_hls_6_Matrix_Vector_Activate_Stream_Batch_p_ZL7threshs_0_72_ROM_AUTO_1R.v"]"\
## "[file normalize "$origin_dir/MVAU_hls_6_Matrix_Vector_Activate_Stream_Batch_p_ZL7threshs_0_73_ROM_AUTO_1R.v"]"\
## "[file normalize "$origin_dir/MVAU_hls_6_Matrix_Vector_Activate_Stream_Batch_p_ZL7threshs_0_74_ROM_AUTO_1R.v"]"\
## "[file normalize "$origin_dir/MVAU_hls_6_Matrix_Vector_Activate_Stream_Batch_p_ZL7threshs_0_75_ROM_AUTO_1R.v"]"\
## "[file normalize "$origin_dir/MVAU_hls_6_Matrix_Vector_Activate_Stream_Batch_p_ZL7threshs_0_76_ROM_AUTO_1R.v"]"\
## "[file normalize "$origin_dir/MVAU_hls_6_Matrix_Vector_Activate_Stream_Batch_p_ZL7threshs_0_77_ROM_AUTO_1R.v"]"\
## "[file normalize "$origin_dir/MVAU_hls_6_Matrix_Vector_Activate_Stream_Batch_p_ZL7threshs_0_78_ROM_AUTO_1R.v"]"\
## "[file normalize "$origin_dir/MVAU_hls_6_Matrix_Vector_Activate_Stream_Batch_p_ZL7threshs_0_79_ROM_AUTO_1R.v"]"\
## "[file normalize "$origin_dir/MVAU_hls_6_Matrix_Vector_Activate_Stream_Batch_p_ZL7threshs_0_7_ROM_AUTO_1R.v"]"\
## "[file normalize "$origin_dir/MVAU_hls_6_Matrix_Vector_Activate_Stream_Batch_p_ZL7threshs_0_80_ROM_AUTO_1R.v"]"\
## "[file normalize "$origin_dir/MVAU_hls_6_Matrix_Vector_Activate_Stream_Batch_p_ZL7threshs_0_81_ROM_AUTO_1R.v"]"\
## "[file normalize "$origin_dir/MVAU_hls_6_Matrix_Vector_Activate_Stream_Batch_p_ZL7threshs_0_82_ROM_AUTO_1R.v"]"\
## "[file normalize "$origin_dir/MVAU_hls_6_Matrix_Vector_Activate_Stream_Batch_p_ZL7threshs_0_83_ROM_AUTO_1R.v"]"\
## "[file normalize "$origin_dir/MVAU_hls_6_Matrix_Vector_Activate_Stream_Batch_p_ZL7threshs_0_84_ROM_AUTO_1R.v"]"\
## "[file normalize "$origin_dir/MVAU_hls_6_Matrix_Vector_Activate_Stream_Batch_p_ZL7threshs_0_85_ROM_AUTO_1R.v"]"\
## "[file normalize "$origin_dir/MVAU_hls_6_Matrix_Vector_Activate_Stream_Batch_p_ZL7threshs_0_86_ROM_AUTO_1R.v"]"\
## "[file normalize "$origin_dir/MVAU_hls_6_Matrix_Vector_Activate_Stream_Batch_p_ZL7threshs_0_87_ROM_AUTO_1R.v"]"\
## "[file normalize "$origin_dir/MVAU_hls_6_Matrix_Vector_Activate_Stream_Batch_p_ZL7threshs_0_88_ROM_AUTO_1R.v"]"\
## "[file normalize "$origin_dir/MVAU_hls_6_Matrix_Vector_Activate_Stream_Batch_p_ZL7threshs_0_89_ROM_AUTO_1R.v"]"\
## "[file normalize "$origin_dir/MVAU_hls_6_Matrix_Vector_Activate_Stream_Batch_p_ZL7threshs_0_8_ROM_AUTO_1R.v"]"\
## "[file normalize "$origin_dir/MVAU_hls_6_Matrix_Vector_Activate_Stream_Batch_p_ZL7threshs_0_90_ROM_AUTO_1R.v"]"\
## "[file normalize "$origin_dir/MVAU_hls_6_Matrix_Vector_Activate_Stream_Batch_p_ZL7threshs_0_91_ROM_AUTO_1R.v"]"\
## "[file normalize "$origin_dir/MVAU_hls_6_Matrix_Vector_Activate_Stream_Batch_p_ZL7threshs_0_92_ROM_AUTO_1R.v"]"\
## "[file normalize "$origin_dir/MVAU_hls_6_Matrix_Vector_Activate_Stream_Batch_p_ZL7threshs_0_93_ROM_AUTO_1R.v"]"\
## "[file normalize "$origin_dir/MVAU_hls_6_Matrix_Vector_Activate_Stream_Batch_p_ZL7threshs_0_94_ROM_AUTO_1R.v"]"\
## "[file normalize "$origin_dir/MVAU_hls_6_Matrix_Vector_Activate_Stream_Batch_p_ZL7threshs_0_95_ROM_AUTO_1R.v"]"\
## "[file normalize "$origin_dir/MVAU_hls_6_Matrix_Vector_Activate_Stream_Batch_p_ZL7threshs_0_96_ROM_AUTO_1R.v"]"\
## "[file normalize "$origin_dir/MVAU_hls_6_Matrix_Vector_Activate_Stream_Batch_p_ZL7threshs_0_97_ROM_AUTO_1R.v"]"\
## "[file normalize "$origin_dir/MVAU_hls_6_Matrix_Vector_Activate_Stream_Batch_p_ZL7threshs_0_98_ROM_AUTO_1R.v"]"\
## "[file normalize "$origin_dir/MVAU_hls_6_Matrix_Vector_Activate_Stream_Batch_p_ZL7threshs_0_99_ROM_AUTO_1R.v"]"\
## "[file normalize "$origin_dir/MVAU_hls_6_Matrix_Vector_Activate_Stream_Batch_p_ZL7threshs_0_9_ROM_AUTO_1R.v"]"\
## "[file normalize "$origin_dir/MVAU_hls_6_Matrix_Vector_Activate_Stream_Batch_p_ZL7threshs_1_0_ROM_AUTO_1R.v"]"\
## "[file normalize "$origin_dir/MVAU_hls_6_Matrix_Vector_Activate_Stream_Batch_p_ZL7threshs_1_100_ROM_AUTO_1R.v"]"\
## "[file normalize "$origin_dir/MVAU_hls_6_Matrix_Vector_Activate_Stream_Batch_p_ZL7threshs_1_101_ROM_AUTO_1R.v"]"\
## "[file normalize "$origin_dir/MVAU_hls_6_Matrix_Vector_Activate_Stream_Batch_p_ZL7threshs_1_102_ROM_AUTO_1R.v"]"\
## "[file normalize "$origin_dir/MVAU_hls_6_Matrix_Vector_Activate_Stream_Batch_p_ZL7threshs_1_103_ROM_AUTO_1R.v"]"\
## "[file normalize "$origin_dir/MVAU_hls_6_Matrix_Vector_Activate_Stream_Batch_p_ZL7threshs_1_104_ROM_AUTO_1R.v"]"\
## "[file normalize "$origin_dir/MVAU_hls_6_Matrix_Vector_Activate_Stream_Batch_p_ZL7threshs_1_105_ROM_AUTO_1R.v"]"\
## "[file normalize "$origin_dir/MVAU_hls_6_Matrix_Vector_Activate_Stream_Batch_p_ZL7threshs_1_106_ROM_AUTO_1R.v"]"\
## "[file normalize "$origin_dir/MVAU_hls_6_Matrix_Vector_Activate_Stream_Batch_p_ZL7threshs_1_107_ROM_AUTO_1R.v"]"\
## "[file normalize "$origin_dir/MVAU_hls_6_Matrix_Vector_Activate_Stream_Batch_p_ZL7threshs_1_108_ROM_AUTO_1R.v"]"\
## "[file normalize "$origin_dir/MVAU_hls_6_Matrix_Vector_Activate_Stream_Batch_p_ZL7threshs_1_109_ROM_AUTO_1R.v"]"\
## "[file normalize "$origin_dir/MVAU_hls_6_Matrix_Vector_Activate_Stream_Batch_p_ZL7threshs_1_10_ROM_AUTO_1R.v"]"\
## "[file normalize "$origin_dir/MVAU_hls_6_Matrix_Vector_Activate_Stream_Batch_p_ZL7threshs_1_110_ROM_AUTO_1R.v"]"\
## "[file normalize "$origin_dir/MVAU_hls_6_Matrix_Vector_Activate_Stream_Batch_p_ZL7threshs_1_111_ROM_AUTO_1R.v"]"\
## "[file normalize "$origin_dir/MVAU_hls_6_Matrix_Vector_Activate_Stream_Batch_p_ZL7threshs_1_112_ROM_AUTO_1R.v"]"\
## "[file normalize "$origin_dir/MVAU_hls_6_Matrix_Vector_Activate_Stream_Batch_p_ZL7threshs_1_113_ROM_AUTO_1R.v"]"\
## "[file normalize "$origin_dir/MVAU_hls_6_Matrix_Vector_Activate_Stream_Batch_p_ZL7threshs_1_114_ROM_AUTO_1R.v"]"\
## "[file normalize "$origin_dir/MVAU_hls_6_Matrix_Vector_Activate_Stream_Batch_p_ZL7threshs_1_115_ROM_AUTO_1R.v"]"\
## "[file normalize "$origin_dir/MVAU_hls_6_Matrix_Vector_Activate_Stream_Batch_p_ZL7threshs_1_116_ROM_AUTO_1R.v"]"\
## "[file normalize "$origin_dir/MVAU_hls_6_Matrix_Vector_Activate_Stream_Batch_p_ZL7threshs_1_117_ROM_AUTO_1R.v"]"\
## "[file normalize "$origin_dir/MVAU_hls_6_Matrix_Vector_Activate_Stream_Batch_p_ZL7threshs_1_118_ROM_AUTO_1R.v"]"\
## "[file normalize "$origin_dir/MVAU_hls_6_Matrix_Vector_Activate_Stream_Batch_p_ZL7threshs_1_119_ROM_AUTO_1R.v"]"\
## "[file normalize "$origin_dir/MVAU_hls_6_Matrix_Vector_Activate_Stream_Batch_p_ZL7threshs_1_11_ROM_AUTO_1R.v"]"\
## "[file normalize "$origin_dir/MVAU_hls_6_Matrix_Vector_Activate_Stream_Batch_p_ZL7threshs_1_120_ROM_AUTO_1R.v"]"\
## "[file normalize "$origin_dir/MVAU_hls_6_Matrix_Vector_Activate_Stream_Batch_p_ZL7threshs_1_121_ROM_AUTO_1R.v"]"\
## "[file normalize "$origin_dir/MVAU_hls_6_Matrix_Vector_Activate_Stream_Batch_p_ZL7threshs_1_122_ROM_AUTO_1R.v"]"\
## "[file normalize "$origin_dir/MVAU_hls_6_Matrix_Vector_Activate_Stream_Batch_p_ZL7threshs_1_123_ROM_AUTO_1R.v"]"\
## "[file normalize "$origin_dir/MVAU_hls_6_Matrix_Vector_Activate_Stream_Batch_p_ZL7threshs_1_124_ROM_AUTO_1R.v"]"\
## "[file normalize "$origin_dir/MVAU_hls_6_Matrix_Vector_Activate_Stream_Batch_p_ZL7threshs_1_125_ROM_AUTO_1R.v"]"\
## "[file normalize "$origin_dir/MVAU_hls_6_Matrix_Vector_Activate_Stream_Batch_p_ZL7threshs_1_126_ROM_AUTO_1R.v"]"\
## "[file normalize "$origin_dir/MVAU_hls_6_Matrix_Vector_Activate_Stream_Batch_p_ZL7threshs_1_127_ROM_AUTO_1R.v"]"\
## "[file normalize "$origin_dir/MVAU_hls_6_Matrix_Vector_Activate_Stream_Batch_p_ZL7threshs_1_128_ROM_AUTO_1R.v"]"\
## "[file normalize "$origin_dir/MVAU_hls_6_Matrix_Vector_Activate_Stream_Batch_p_ZL7threshs_1_129_ROM_AUTO_1R.v"]"\
## "[file normalize "$origin_dir/MVAU_hls_6_Matrix_Vector_Activate_Stream_Batch_p_ZL7threshs_1_12_ROM_AUTO_1R.v"]"\
## "[file normalize "$origin_dir/MVAU_hls_6_Matrix_Vector_Activate_Stream_Batch_p_ZL7threshs_1_130_ROM_AUTO_1R.v"]"\
## "[file normalize "$origin_dir/MVAU_hls_6_Matrix_Vector_Activate_Stream_Batch_p_ZL7threshs_1_131_ROM_AUTO_1R.v"]"\
## "[file normalize "$origin_dir/MVAU_hls_6_Matrix_Vector_Activate_Stream_Batch_p_ZL7threshs_1_132_ROM_AUTO_1R.v"]"\
## "[file normalize "$origin_dir/MVAU_hls_6_Matrix_Vector_Activate_Stream_Batch_p_ZL7threshs_1_133_ROM_AUTO_1R.v"]"\
## "[file normalize "$origin_dir/MVAU_hls_6_Matrix_Vector_Activate_Stream_Batch_p_ZL7threshs_1_134_ROM_AUTO_1R.v"]"\
## "[file normalize "$origin_dir/MVAU_hls_6_Matrix_Vector_Activate_Stream_Batch_p_ZL7threshs_1_135_ROM_AUTO_1R.v"]"\
## "[file normalize "$origin_dir/MVAU_hls_6_Matrix_Vector_Activate_Stream_Batch_p_ZL7threshs_1_136_ROM_AUTO_1R.v"]"\
## "[file normalize "$origin_dir/MVAU_hls_6_Matrix_Vector_Activate_Stream_Batch_p_ZL7threshs_1_137_ROM_AUTO_1R.v"]"\
## "[file normalize "$origin_dir/MVAU_hls_6_Matrix_Vector_Activate_Stream_Batch_p_ZL7threshs_1_138_ROM_AUTO_1R.v"]"\
## "[file normalize "$origin_dir/MVAU_hls_6_Matrix_Vector_Activate_Stream_Batch_p_ZL7threshs_1_139_ROM_AUTO_1R.v"]"\
## "[file normalize "$origin_dir/MVAU_hls_6_Matrix_Vector_Activate_Stream_Batch_p_ZL7threshs_1_13_ROM_AUTO_1R.v"]"\
## "[file normalize "$origin_dir/MVAU_hls_6_Matrix_Vector_Activate_Stream_Batch_p_ZL7threshs_1_140_ROM_AUTO_1R.v"]"\
## "[file normalize "$origin_dir/MVAU_hls_6_Matrix_Vector_Activate_Stream_Batch_p_ZL7threshs_1_141_ROM_AUTO_1R.v"]"\
## "[file normalize "$origin_dir/MVAU_hls_6_Matrix_Vector_Activate_Stream_Batch_p_ZL7threshs_1_142_ROM_AUTO_1R.v"]"\
## "[file normalize "$origin_dir/MVAU_hls_6_Matrix_Vector_Activate_Stream_Batch_p_ZL7threshs_1_143_ROM_AUTO_1R.v"]"\
## "[file normalize "$origin_dir/MVAU_hls_6_Matrix_Vector_Activate_Stream_Batch_p_ZL7threshs_1_144_ROM_AUTO_1R.v"]"\
## "[file normalize "$origin_dir/MVAU_hls_6_Matrix_Vector_Activate_Stream_Batch_p_ZL7threshs_1_145_ROM_AUTO_1R.v"]"\
## "[file normalize "$origin_dir/MVAU_hls_6_Matrix_Vector_Activate_Stream_Batch_p_ZL7threshs_1_146_ROM_AUTO_1R.v"]"\
## "[file normalize "$origin_dir/MVAU_hls_6_Matrix_Vector_Activate_Stream_Batch_p_ZL7threshs_1_147_ROM_AUTO_1R.v"]"\
## "[file normalize "$origin_dir/MVAU_hls_6_Matrix_Vector_Activate_Stream_Batch_p_ZL7threshs_1_148_ROM_AUTO_1R.v"]"\
## "[file normalize "$origin_dir/MVAU_hls_6_Matrix_Vector_Activate_Stream_Batch_p_ZL7threshs_1_149_ROM_AUTO_1R.v"]"\
## "[file normalize "$origin_dir/MVAU_hls_6_Matrix_Vector_Activate_Stream_Batch_p_ZL7threshs_1_14_ROM_AUTO_1R.v"]"\
## "[file normalize "$origin_dir/MVAU_hls_6_Matrix_Vector_Activate_Stream_Batch_p_ZL7threshs_1_150_ROM_AUTO_1R.v"]"\
## "[file normalize "$origin_dir/MVAU_hls_6_Matrix_Vector_Activate_Stream_Batch_p_ZL7threshs_1_151_ROM_AUTO_1R.v"]"\
## "[file normalize "$origin_dir/MVAU_hls_6_Matrix_Vector_Activate_Stream_Batch_p_ZL7threshs_1_152_ROM_AUTO_1R.v"]"\
## "[file normalize "$origin_dir/MVAU_hls_6_Matrix_Vector_Activate_Stream_Batch_p_ZL7threshs_1_153_ROM_AUTO_1R.v"]"\
## "[file normalize "$origin_dir/MVAU_hls_6_Matrix_Vector_Activate_Stream_Batch_p_ZL7threshs_1_154_ROM_AUTO_1R.v"]"\
## "[file normalize "$origin_dir/MVAU_hls_6_Matrix_Vector_Activate_Stream_Batch_p_ZL7threshs_1_155_ROM_AUTO_1R.v"]"\
## "[file normalize "$origin_dir/MVAU_hls_6_Matrix_Vector_Activate_Stream_Batch_p_ZL7threshs_1_156_ROM_AUTO_1R.v"]"\
## "[file normalize "$origin_dir/MVAU_hls_6_Matrix_Vector_Activate_Stream_Batch_p_ZL7threshs_1_157_ROM_AUTO_1R.v"]"\
## "[file normalize "$origin_dir/MVAU_hls_6_Matrix_Vector_Activate_Stream_Batch_p_ZL7threshs_1_158_ROM_AUTO_1R.v"]"\
## "[file normalize "$origin_dir/MVAU_hls_6_Matrix_Vector_Activate_Stream_Batch_p_ZL7threshs_1_159_ROM_AUTO_1R.v"]"\
## "[file normalize "$origin_dir/MVAU_hls_6_Matrix_Vector_Activate_Stream_Batch_p_ZL7threshs_1_15_ROM_AUTO_1R.v"]"\
## "[file normalize "$origin_dir/MVAU_hls_6_Matrix_Vector_Activate_Stream_Batch_p_ZL7threshs_1_160_ROM_AUTO_1R.v"]"\
## "[file normalize "$origin_dir/MVAU_hls_6_Matrix_Vector_Activate_Stream_Batch_p_ZL7threshs_1_161_ROM_AUTO_1R.v"]"\
## "[file normalize "$origin_dir/MVAU_hls_6_Matrix_Vector_Activate_Stream_Batch_p_ZL7threshs_1_162_ROM_AUTO_1R.v"]"\
## "[file normalize "$origin_dir/MVAU_hls_6_Matrix_Vector_Activate_Stream_Batch_p_ZL7threshs_1_163_ROM_AUTO_1R.v"]"\
## "[file normalize "$origin_dir/MVAU_hls_6_Matrix_Vector_Activate_Stream_Batch_p_ZL7threshs_1_164_ROM_AUTO_1R.v"]"\
## "[file normalize "$origin_dir/MVAU_hls_6_Matrix_Vector_Activate_Stream_Batch_p_ZL7threshs_1_165_ROM_AUTO_1R.v"]"\
## "[file normalize "$origin_dir/MVAU_hls_6_Matrix_Vector_Activate_Stream_Batch_p_ZL7threshs_1_166_ROM_AUTO_1R.v"]"\
## "[file normalize "$origin_dir/MVAU_hls_6_Matrix_Vector_Activate_Stream_Batch_p_ZL7threshs_1_167_ROM_AUTO_1R.v"]"\
## "[file normalize "$origin_dir/MVAU_hls_6_Matrix_Vector_Activate_Stream_Batch_p_ZL7threshs_1_168_ROM_AUTO_1R.v"]"\
## "[file normalize "$origin_dir/MVAU_hls_6_Matrix_Vector_Activate_Stream_Batch_p_ZL7threshs_1_169_ROM_AUTO_1R.v"]"\
## "[file normalize "$origin_dir/MVAU_hls_6_Matrix_Vector_Activate_Stream_Batch_p_ZL7threshs_1_16_ROM_AUTO_1R.v"]"\
## "[file normalize "$origin_dir/MVAU_hls_6_Matrix_Vector_Activate_Stream_Batch_p_ZL7threshs_1_170_ROM_AUTO_1R.v"]"\
## "[file normalize "$origin_dir/MVAU_hls_6_Matrix_Vector_Activate_Stream_Batch_p_ZL7threshs_1_171_ROM_AUTO_1R.v"]"\
## "[file normalize "$origin_dir/MVAU_hls_6_Matrix_Vector_Activate_Stream_Batch_p_ZL7threshs_1_172_ROM_AUTO_1R.v"]"\
## "[file normalize "$origin_dir/MVAU_hls_6_Matrix_Vector_Activate_Stream_Batch_p_ZL7threshs_1_173_ROM_AUTO_1R.v"]"\
## "[file normalize "$origin_dir/MVAU_hls_6_Matrix_Vector_Activate_Stream_Batch_p_ZL7threshs_1_174_ROM_AUTO_1R.v"]"\
## "[file normalize "$origin_dir/MVAU_hls_6_Matrix_Vector_Activate_Stream_Batch_p_ZL7threshs_1_175_ROM_AUTO_1R.v"]"\
## "[file normalize "$origin_dir/MVAU_hls_6_Matrix_Vector_Activate_Stream_Batch_p_ZL7threshs_1_176_ROM_AUTO_1R.v"]"\
## "[file normalize "$origin_dir/MVAU_hls_6_Matrix_Vector_Activate_Stream_Batch_p_ZL7threshs_1_177_ROM_AUTO_1R.v"]"\
## "[file normalize "$origin_dir/MVAU_hls_6_Matrix_Vector_Activate_Stream_Batch_p_ZL7threshs_1_178_ROM_AUTO_1R.v"]"\
## "[file normalize "$origin_dir/MVAU_hls_6_Matrix_Vector_Activate_Stream_Batch_p_ZL7threshs_1_179_ROM_AUTO_1R.v"]"\
## "[file normalize "$origin_dir/MVAU_hls_6_Matrix_Vector_Activate_Stream_Batch_p_ZL7threshs_1_17_ROM_AUTO_1R.v"]"\
## "[file normalize "$origin_dir/MVAU_hls_6_Matrix_Vector_Activate_Stream_Batch_p_ZL7threshs_1_180_ROM_AUTO_1R.v"]"\
## "[file normalize "$origin_dir/MVAU_hls_6_Matrix_Vector_Activate_Stream_Batch_p_ZL7threshs_1_181_ROM_AUTO_1R.v"]"\
## "[file normalize "$origin_dir/MVAU_hls_6_Matrix_Vector_Activate_Stream_Batch_p_ZL7threshs_1_182_ROM_AUTO_1R.v"]"\
## "[file normalize "$origin_dir/MVAU_hls_6_Matrix_Vector_Activate_Stream_Batch_p_ZL7threshs_1_183_ROM_AUTO_1R.v"]"\
## "[file normalize "$origin_dir/MVAU_hls_6_Matrix_Vector_Activate_Stream_Batch_p_ZL7threshs_1_184_ROM_AUTO_1R.v"]"\
## "[file normalize "$origin_dir/MVAU_hls_6_Matrix_Vector_Activate_Stream_Batch_p_ZL7threshs_1_185_ROM_AUTO_1R.v"]"\
## "[file normalize "$origin_dir/MVAU_hls_6_Matrix_Vector_Activate_Stream_Batch_p_ZL7threshs_1_186_ROM_AUTO_1R.v"]"\
## "[file normalize "$origin_dir/MVAU_hls_6_Matrix_Vector_Activate_Stream_Batch_p_ZL7threshs_1_187_ROM_AUTO_1R.v"]"\
## "[file normalize "$origin_dir/MVAU_hls_6_Matrix_Vector_Activate_Stream_Batch_p_ZL7threshs_1_188_ROM_AUTO_1R.v"]"\
## "[file normalize "$origin_dir/MVAU_hls_6_Matrix_Vector_Activate_Stream_Batch_p_ZL7threshs_1_189_ROM_AUTO_1R.v"]"\
## "[file normalize "$origin_dir/MVAU_hls_6_Matrix_Vector_Activate_Stream_Batch_p_ZL7threshs_1_18_ROM_AUTO_1R.v"]"\
## "[file normalize "$origin_dir/MVAU_hls_6_Matrix_Vector_Activate_Stream_Batch_p_ZL7threshs_1_190_ROM_AUTO_1R.v"]"\
## "[file normalize "$origin_dir/MVAU_hls_6_Matrix_Vector_Activate_Stream_Batch_p_ZL7threshs_1_191_ROM_AUTO_1R.v"]"\
## "[file normalize "$origin_dir/MVAU_hls_6_Matrix_Vector_Activate_Stream_Batch_p_ZL7threshs_1_192_ROM_AUTO_1R.v"]"\
## "[file normalize "$origin_dir/MVAU_hls_6_Matrix_Vector_Activate_Stream_Batch_p_ZL7threshs_1_193_ROM_AUTO_1R.v"]"\
## "[file normalize "$origin_dir/MVAU_hls_6_Matrix_Vector_Activate_Stream_Batch_p_ZL7threshs_1_194_ROM_AUTO_1R.v"]"\
## "[file normalize "$origin_dir/MVAU_hls_6_Matrix_Vector_Activate_Stream_Batch_p_ZL7threshs_1_195_ROM_AUTO_1R.v"]"\
## "[file normalize "$origin_dir/MVAU_hls_6_Matrix_Vector_Activate_Stream_Batch_p_ZL7threshs_1_196_ROM_AUTO_1R.v"]"\
## "[file normalize "$origin_dir/MVAU_hls_6_Matrix_Vector_Activate_Stream_Batch_p_ZL7threshs_1_197_ROM_AUTO_1R.v"]"\
## "[file normalize "$origin_dir/MVAU_hls_6_Matrix_Vector_Activate_Stream_Batch_p_ZL7threshs_1_198_ROM_AUTO_1R.v"]"\
## "[file normalize "$origin_dir/MVAU_hls_6_Matrix_Vector_Activate_Stream_Batch_p_ZL7threshs_1_199_ROM_AUTO_1R.v"]"\
## "[file normalize "$origin_dir/MVAU_hls_6_Matrix_Vector_Activate_Stream_Batch_p_ZL7threshs_1_19_ROM_AUTO_1R.v"]"\
## "[file normalize "$origin_dir/MVAU_hls_6_Matrix_Vector_Activate_Stream_Batch_p_ZL7threshs_1_1_ROM_AUTO_1R.v"]"\
## "[file normalize "$origin_dir/MVAU_hls_6_Matrix_Vector_Activate_Stream_Batch_p_ZL7threshs_1_200_ROM_AUTO_1R.v"]"\
## "[file normalize "$origin_dir/MVAU_hls_6_Matrix_Vector_Activate_Stream_Batch_p_ZL7threshs_1_201_ROM_AUTO_1R.v"]"\
## "[file normalize "$origin_dir/MVAU_hls_6_Matrix_Vector_Activate_Stream_Batch_p_ZL7threshs_1_202_ROM_AUTO_1R.v"]"\
## "[file normalize "$origin_dir/MVAU_hls_6_Matrix_Vector_Activate_Stream_Batch_p_ZL7threshs_1_203_ROM_AUTO_1R.v"]"\
## "[file normalize "$origin_dir/MVAU_hls_6_Matrix_Vector_Activate_Stream_Batch_p_ZL7threshs_1_204_ROM_AUTO_1R.v"]"\
## "[file normalize "$origin_dir/MVAU_hls_6_Matrix_Vector_Activate_Stream_Batch_p_ZL7threshs_1_205_ROM_AUTO_1R.v"]"\
## "[file normalize "$origin_dir/MVAU_hls_6_Matrix_Vector_Activate_Stream_Batch_p_ZL7threshs_1_206_ROM_AUTO_1R.v"]"\
## "[file normalize "$origin_dir/MVAU_hls_6_Matrix_Vector_Activate_Stream_Batch_p_ZL7threshs_1_207_ROM_AUTO_1R.v"]"\
## "[file normalize "$origin_dir/MVAU_hls_6_Matrix_Vector_Activate_Stream_Batch_p_ZL7threshs_1_208_ROM_AUTO_1R.v"]"\
## "[file normalize "$origin_dir/MVAU_hls_6_Matrix_Vector_Activate_Stream_Batch_p_ZL7threshs_1_209_ROM_AUTO_1R.v"]"\
## "[file normalize "$origin_dir/MVAU_hls_6_Matrix_Vector_Activate_Stream_Batch_p_ZL7threshs_1_20_ROM_AUTO_1R.v"]"\
## "[file normalize "$origin_dir/MVAU_hls_6_Matrix_Vector_Activate_Stream_Batch_p_ZL7threshs_1_210_ROM_AUTO_1R.v"]"\
## "[file normalize "$origin_dir/MVAU_hls_6_Matrix_Vector_Activate_Stream_Batch_p_ZL7threshs_1_211_ROM_AUTO_1R.v"]"\
## "[file normalize "$origin_dir/MVAU_hls_6_Matrix_Vector_Activate_Stream_Batch_p_ZL7threshs_1_212_ROM_AUTO_1R.v"]"\
## "[file normalize "$origin_dir/MVAU_hls_6_Matrix_Vector_Activate_Stream_Batch_p_ZL7threshs_1_213_ROM_AUTO_1R.v"]"\
## "[file normalize "$origin_dir/MVAU_hls_6_Matrix_Vector_Activate_Stream_Batch_p_ZL7threshs_1_214_ROM_AUTO_1R.v"]"\
## "[file normalize "$origin_dir/MVAU_hls_6_Matrix_Vector_Activate_Stream_Batch_p_ZL7threshs_1_215_ROM_AUTO_1R.v"]"\
## "[file normalize "$origin_dir/MVAU_hls_6_Matrix_Vector_Activate_Stream_Batch_p_ZL7threshs_1_216_ROM_AUTO_1R.v"]"\
## "[file normalize "$origin_dir/MVAU_hls_6_Matrix_Vector_Activate_Stream_Batch_p_ZL7threshs_1_217_ROM_AUTO_1R.v"]"\
## "[file normalize "$origin_dir/MVAU_hls_6_Matrix_Vector_Activate_Stream_Batch_p_ZL7threshs_1_218_ROM_AUTO_1R.v"]"\
## "[file normalize "$origin_dir/MVAU_hls_6_Matrix_Vector_Activate_Stream_Batch_p_ZL7threshs_1_219_ROM_AUTO_1R.v"]"\
## "[file normalize "$origin_dir/MVAU_hls_6_Matrix_Vector_Activate_Stream_Batch_p_ZL7threshs_1_21_ROM_AUTO_1R.v"]"\
## "[file normalize "$origin_dir/MVAU_hls_6_Matrix_Vector_Activate_Stream_Batch_p_ZL7threshs_1_220_ROM_AUTO_1R.v"]"\
## "[file normalize "$origin_dir/MVAU_hls_6_Matrix_Vector_Activate_Stream_Batch_p_ZL7threshs_1_221_ROM_AUTO_1R.v"]"\
## "[file normalize "$origin_dir/MVAU_hls_6_Matrix_Vector_Activate_Stream_Batch_p_ZL7threshs_1_222_ROM_AUTO_1R.v"]"\
## "[file normalize "$origin_dir/MVAU_hls_6_Matrix_Vector_Activate_Stream_Batch_p_ZL7threshs_1_223_ROM_AUTO_1R.v"]"\
## "[file normalize "$origin_dir/MVAU_hls_6_Matrix_Vector_Activate_Stream_Batch_p_ZL7threshs_1_224_ROM_AUTO_1R.v"]"\
## "[file normalize "$origin_dir/MVAU_hls_6_Matrix_Vector_Activate_Stream_Batch_p_ZL7threshs_1_225_ROM_AUTO_1R.v"]"\
## "[file normalize "$origin_dir/MVAU_hls_6_Matrix_Vector_Activate_Stream_Batch_p_ZL7threshs_1_226_ROM_AUTO_1R.v"]"\
## "[file normalize "$origin_dir/MVAU_hls_6_Matrix_Vector_Activate_Stream_Batch_p_ZL7threshs_1_227_ROM_AUTO_1R.v"]"\
## "[file normalize "$origin_dir/MVAU_hls_6_Matrix_Vector_Activate_Stream_Batch_p_ZL7threshs_1_228_ROM_AUTO_1R.v"]"\
## "[file normalize "$origin_dir/MVAU_hls_6_Matrix_Vector_Activate_Stream_Batch_p_ZL7threshs_1_229_ROM_AUTO_1R.v"]"\
## "[file normalize "$origin_dir/MVAU_hls_6_Matrix_Vector_Activate_Stream_Batch_p_ZL7threshs_1_22_ROM_AUTO_1R.v"]"\
## "[file normalize "$origin_dir/MVAU_hls_6_Matrix_Vector_Activate_Stream_Batch_p_ZL7threshs_1_230_ROM_AUTO_1R.v"]"\
## "[file normalize "$origin_dir/MVAU_hls_6_Matrix_Vector_Activate_Stream_Batch_p_ZL7threshs_1_231_ROM_AUTO_1R.v"]"\
## "[file normalize "$origin_dir/MVAU_hls_6_Matrix_Vector_Activate_Stream_Batch_p_ZL7threshs_1_232_ROM_AUTO_1R.v"]"\
## "[file normalize "$origin_dir/MVAU_hls_6_Matrix_Vector_Activate_Stream_Batch_p_ZL7threshs_1_233_ROM_AUTO_1R.v"]"\
## "[file normalize "$origin_dir/MVAU_hls_6_Matrix_Vector_Activate_Stream_Batch_p_ZL7threshs_1_234_ROM_AUTO_1R.v"]"\
## "[file normalize "$origin_dir/MVAU_hls_6_Matrix_Vector_Activate_Stream_Batch_p_ZL7threshs_1_235_ROM_AUTO_1R.v"]"\
## "[file normalize "$origin_dir/MVAU_hls_6_Matrix_Vector_Activate_Stream_Batch_p_ZL7threshs_1_236_ROM_AUTO_1R.v"]"\
## "[file normalize "$origin_dir/MVAU_hls_6_Matrix_Vector_Activate_Stream_Batch_p_ZL7threshs_1_237_ROM_AUTO_1R.v"]"\
## "[file normalize "$origin_dir/MVAU_hls_6_Matrix_Vector_Activate_Stream_Batch_p_ZL7threshs_1_238_ROM_AUTO_1R.v"]"\
## "[file normalize "$origin_dir/MVAU_hls_6_Matrix_Vector_Activate_Stream_Batch_p_ZL7threshs_1_239_ROM_AUTO_1R.v"]"\
## "[file normalize "$origin_dir/MVAU_hls_6_Matrix_Vector_Activate_Stream_Batch_p_ZL7threshs_1_23_ROM_AUTO_1R.v"]"\
## "[file normalize "$origin_dir/MVAU_hls_6_Matrix_Vector_Activate_Stream_Batch_p_ZL7threshs_1_240_ROM_AUTO_1R.v"]"\
## "[file normalize "$origin_dir/MVAU_hls_6_Matrix_Vector_Activate_Stream_Batch_p_ZL7threshs_1_241_ROM_AUTO_1R.v"]"\
## "[file normalize "$origin_dir/MVAU_hls_6_Matrix_Vector_Activate_Stream_Batch_p_ZL7threshs_1_242_ROM_AUTO_1R.v"]"\
## "[file normalize "$origin_dir/MVAU_hls_6_Matrix_Vector_Activate_Stream_Batch_p_ZL7threshs_1_243_ROM_AUTO_1R.v"]"\
## "[file normalize "$origin_dir/MVAU_hls_6_Matrix_Vector_Activate_Stream_Batch_p_ZL7threshs_1_244_ROM_AUTO_1R.v"]"\
## "[file normalize "$origin_dir/MVAU_hls_6_Matrix_Vector_Activate_Stream_Batch_p_ZL7threshs_1_245_ROM_AUTO_1R.v"]"\
## "[file normalize "$origin_dir/MVAU_hls_6_Matrix_Vector_Activate_Stream_Batch_p_ZL7threshs_1_246_ROM_AUTO_1R.v"]"\
## "[file normalize "$origin_dir/MVAU_hls_6_Matrix_Vector_Activate_Stream_Batch_p_ZL7threshs_1_247_ROM_AUTO_1R.v"]"\
## "[file normalize "$origin_dir/MVAU_hls_6_Matrix_Vector_Activate_Stream_Batch_p_ZL7threshs_1_248_ROM_AUTO_1R.v"]"\
## "[file normalize "$origin_dir/MVAU_hls_6_Matrix_Vector_Activate_Stream_Batch_p_ZL7threshs_1_249_ROM_AUTO_1R.v"]"\
## "[file normalize "$origin_dir/MVAU_hls_6_Matrix_Vector_Activate_Stream_Batch_p_ZL7threshs_1_24_ROM_AUTO_1R.v"]"\
## "[file normalize "$origin_dir/MVAU_hls_6_Matrix_Vector_Activate_Stream_Batch_p_ZL7threshs_1_250_ROM_AUTO_1R.v"]"\
## "[file normalize "$origin_dir/MVAU_hls_6_Matrix_Vector_Activate_Stream_Batch_p_ZL7threshs_1_251_ROM_AUTO_1R.v"]"\
## "[file normalize "$origin_dir/MVAU_hls_6_Matrix_Vector_Activate_Stream_Batch_p_ZL7threshs_1_252_ROM_AUTO_1R.v"]"\
## "[file normalize "$origin_dir/MVAU_hls_6_Matrix_Vector_Activate_Stream_Batch_p_ZL7threshs_1_253_ROM_AUTO_1R.v"]"\
## "[file normalize "$origin_dir/MVAU_hls_6_Matrix_Vector_Activate_Stream_Batch_p_ZL7threshs_1_254_ROM_AUTO_1R.v"]"\
## "[file normalize "$origin_dir/MVAU_hls_6_Matrix_Vector_Activate_Stream_Batch_p_ZL7threshs_1_25_ROM_AUTO_1R.v"]"\
## "[file normalize "$origin_dir/MVAU_hls_6_Matrix_Vector_Activate_Stream_Batch_p_ZL7threshs_1_26_ROM_AUTO_1R.v"]"\
## "[file normalize "$origin_dir/MVAU_hls_6_Matrix_Vector_Activate_Stream_Batch_p_ZL7threshs_1_27_ROM_AUTO_1R.v"]"\
## "[file normalize "$origin_dir/MVAU_hls_6_Matrix_Vector_Activate_Stream_Batch_p_ZL7threshs_1_28_ROM_AUTO_1R.v"]"\
## "[file normalize "$origin_dir/MVAU_hls_6_Matrix_Vector_Activate_Stream_Batch_p_ZL7threshs_1_29_ROM_AUTO_1R.v"]"\
## "[file normalize "$origin_dir/MVAU_hls_6_Matrix_Vector_Activate_Stream_Batch_p_ZL7threshs_1_2_ROM_AUTO_1R.v"]"\
## "[file normalize "$origin_dir/MVAU_hls_6_Matrix_Vector_Activate_Stream_Batch_p_ZL7threshs_1_30_ROM_AUTO_1R.v"]"\
## "[file normalize "$origin_dir/MVAU_hls_6_Matrix_Vector_Activate_Stream_Batch_p_ZL7threshs_1_31_ROM_AUTO_1R.v"]"\
## "[file normalize "$origin_dir/MVAU_hls_6_Matrix_Vector_Activate_Stream_Batch_p_ZL7threshs_1_32_ROM_AUTO_1R.v"]"\
## "[file normalize "$origin_dir/MVAU_hls_6_Matrix_Vector_Activate_Stream_Batch_p_ZL7threshs_1_33_ROM_AUTO_1R.v"]"\
## "[file normalize "$origin_dir/MVAU_hls_6_Matrix_Vector_Activate_Stream_Batch_p_ZL7threshs_1_34_ROM_AUTO_1R.v"]"\
## "[file normalize "$origin_dir/MVAU_hls_6_Matrix_Vector_Activate_Stream_Batch_p_ZL7threshs_1_35_ROM_AUTO_1R.v"]"\
## "[file normalize "$origin_dir/MVAU_hls_6_Matrix_Vector_Activate_Stream_Batch_p_ZL7threshs_1_36_ROM_AUTO_1R.v"]"\
## "[file normalize "$origin_dir/MVAU_hls_6_Matrix_Vector_Activate_Stream_Batch_p_ZL7threshs_1_37_ROM_AUTO_1R.v"]"\
## "[file normalize "$origin_dir/MVAU_hls_6_Matrix_Vector_Activate_Stream_Batch_p_ZL7threshs_1_38_ROM_AUTO_1R.v"]"\
## "[file normalize "$origin_dir/MVAU_hls_6_Matrix_Vector_Activate_Stream_Batch_p_ZL7threshs_1_39_ROM_AUTO_1R.v"]"\
## "[file normalize "$origin_dir/MVAU_hls_6_Matrix_Vector_Activate_Stream_Batch_p_ZL7threshs_1_3_ROM_AUTO_1R.v"]"\
## "[file normalize "$origin_dir/MVAU_hls_6_Matrix_Vector_Activate_Stream_Batch_p_ZL7threshs_1_40_ROM_AUTO_1R.v"]"\
## "[file normalize "$origin_dir/MVAU_hls_6_Matrix_Vector_Activate_Stream_Batch_p_ZL7threshs_1_41_ROM_AUTO_1R.v"]"\
## "[file normalize "$origin_dir/MVAU_hls_6_Matrix_Vector_Activate_Stream_Batch_p_ZL7threshs_1_42_ROM_AUTO_1R.v"]"\
## "[file normalize "$origin_dir/MVAU_hls_6_Matrix_Vector_Activate_Stream_Batch_p_ZL7threshs_1_43_ROM_AUTO_1R.v"]"\
## "[file normalize "$origin_dir/MVAU_hls_6_Matrix_Vector_Activate_Stream_Batch_p_ZL7threshs_1_44_ROM_AUTO_1R.v"]"\
## "[file normalize "$origin_dir/MVAU_hls_6_Matrix_Vector_Activate_Stream_Batch_p_ZL7threshs_1_45_ROM_AUTO_1R.v"]"\
## "[file normalize "$origin_dir/MVAU_hls_6_Matrix_Vector_Activate_Stream_Batch_p_ZL7threshs_1_46_ROM_AUTO_1R.v"]"\
## "[file normalize "$origin_dir/MVAU_hls_6_Matrix_Vector_Activate_Stream_Batch_p_ZL7threshs_1_47_ROM_AUTO_1R.v"]"\
## "[file normalize "$origin_dir/MVAU_hls_6_Matrix_Vector_Activate_Stream_Batch_p_ZL7threshs_1_48_ROM_AUTO_1R.v"]"\
## "[file normalize "$origin_dir/MVAU_hls_6_Matrix_Vector_Activate_Stream_Batch_p_ZL7threshs_1_49_ROM_AUTO_1R.v"]"\
## "[file normalize "$origin_dir/MVAU_hls_6_Matrix_Vector_Activate_Stream_Batch_p_ZL7threshs_1_4_ROM_AUTO_1R.v"]"\
## "[file normalize "$origin_dir/MVAU_hls_6_Matrix_Vector_Activate_Stream_Batch_p_ZL7threshs_1_50_ROM_AUTO_1R.v"]"\
## "[file normalize "$origin_dir/MVAU_hls_6_Matrix_Vector_Activate_Stream_Batch_p_ZL7threshs_1_51_ROM_AUTO_1R.v"]"\
## "[file normalize "$origin_dir/MVAU_hls_6_Matrix_Vector_Activate_Stream_Batch_p_ZL7threshs_1_52_ROM_AUTO_1R.v"]"\
## "[file normalize "$origin_dir/MVAU_hls_6_Matrix_Vector_Activate_Stream_Batch_p_ZL7threshs_1_53_ROM_AUTO_1R.v"]"\
## "[file normalize "$origin_dir/MVAU_hls_6_Matrix_Vector_Activate_Stream_Batch_p_ZL7threshs_1_54_ROM_AUTO_1R.v"]"\
## "[file normalize "$origin_dir/MVAU_hls_6_Matrix_Vector_Activate_Stream_Batch_p_ZL7threshs_1_55_ROM_AUTO_1R.v"]"\
## "[file normalize "$origin_dir/MVAU_hls_6_Matrix_Vector_Activate_Stream_Batch_p_ZL7threshs_1_56_ROM_AUTO_1R.v"]"\
## "[file normalize "$origin_dir/MVAU_hls_6_Matrix_Vector_Activate_Stream_Batch_p_ZL7threshs_1_57_ROM_AUTO_1R.v"]"\
## "[file normalize "$origin_dir/MVAU_hls_6_Matrix_Vector_Activate_Stream_Batch_p_ZL7threshs_1_58_ROM_AUTO_1R.v"]"\
## "[file normalize "$origin_dir/MVAU_hls_6_Matrix_Vector_Activate_Stream_Batch_p_ZL7threshs_1_59_ROM_AUTO_1R.v"]"\
## "[file normalize "$origin_dir/MVAU_hls_6_Matrix_Vector_Activate_Stream_Batch_p_ZL7threshs_1_5_ROM_AUTO_1R.v"]"\
## "[file normalize "$origin_dir/MVAU_hls_6_Matrix_Vector_Activate_Stream_Batch_p_ZL7threshs_1_60_ROM_AUTO_1R.v"]"\
## "[file normalize "$origin_dir/MVAU_hls_6_Matrix_Vector_Activate_Stream_Batch_p_ZL7threshs_1_61_ROM_AUTO_1R.v"]"\
## "[file normalize "$origin_dir/MVAU_hls_6_Matrix_Vector_Activate_Stream_Batch_p_ZL7threshs_1_62_ROM_AUTO_1R.v"]"\
## "[file normalize "$origin_dir/MVAU_hls_6_Matrix_Vector_Activate_Stream_Batch_p_ZL7threshs_1_63_ROM_AUTO_1R.v"]"\
## "[file normalize "$origin_dir/MVAU_hls_6_Matrix_Vector_Activate_Stream_Batch_p_ZL7threshs_1_64_ROM_AUTO_1R.v"]"\
## "[file normalize "$origin_dir/MVAU_hls_6_Matrix_Vector_Activate_Stream_Batch_p_ZL7threshs_1_65_ROM_AUTO_1R.v"]"\
## "[file normalize "$origin_dir/MVAU_hls_6_Matrix_Vector_Activate_Stream_Batch_p_ZL7threshs_1_66_ROM_AUTO_1R.v"]"\
## "[file normalize "$origin_dir/MVAU_hls_6_Matrix_Vector_Activate_Stream_Batch_p_ZL7threshs_1_67_ROM_AUTO_1R.v"]"\
## "[file normalize "$origin_dir/MVAU_hls_6_Matrix_Vector_Activate_Stream_Batch_p_ZL7threshs_1_68_ROM_AUTO_1R.v"]"\
## "[file normalize "$origin_dir/MVAU_hls_6_Matrix_Vector_Activate_Stream_Batch_p_ZL7threshs_1_69_ROM_AUTO_1R.v"]"\
## "[file normalize "$origin_dir/MVAU_hls_6_Matrix_Vector_Activate_Stream_Batch_p_ZL7threshs_1_6_ROM_AUTO_1R.v"]"\
## "[file normalize "$origin_dir/MVAU_hls_6_Matrix_Vector_Activate_Stream_Batch_p_ZL7threshs_1_70_ROM_AUTO_1R.v"]"\
## "[file normalize "$origin_dir/MVAU_hls_6_Matrix_Vector_Activate_Stream_Batch_p_ZL7threshs_1_71_ROM_AUTO_1R.v"]"\
## "[file normalize "$origin_dir/MVAU_hls_6_Matrix_Vector_Activate_Stream_Batch_p_ZL7threshs_1_72_ROM_AUTO_1R.v"]"\
## "[file normalize "$origin_dir/MVAU_hls_6_Matrix_Vector_Activate_Stream_Batch_p_ZL7threshs_1_73_ROM_AUTO_1R.v"]"\
## "[file normalize "$origin_dir/MVAU_hls_6_Matrix_Vector_Activate_Stream_Batch_p_ZL7threshs_1_74_ROM_AUTO_1R.v"]"\
## "[file normalize "$origin_dir/MVAU_hls_6_Matrix_Vector_Activate_Stream_Batch_p_ZL7threshs_1_75_ROM_AUTO_1R.v"]"\
## "[file normalize "$origin_dir/MVAU_hls_6_Matrix_Vector_Activate_Stream_Batch_p_ZL7threshs_1_76_ROM_AUTO_1R.v"]"\
## "[file normalize "$origin_dir/MVAU_hls_6_Matrix_Vector_Activate_Stream_Batch_p_ZL7threshs_1_77_ROM_AUTO_1R.v"]"\
## "[file normalize "$origin_dir/MVAU_hls_6_Matrix_Vector_Activate_Stream_Batch_p_ZL7threshs_1_78_ROM_AUTO_1R.v"]"\
## "[file normalize "$origin_dir/MVAU_hls_6_Matrix_Vector_Activate_Stream_Batch_p_ZL7threshs_1_79_ROM_AUTO_1R.v"]"\
## "[file normalize "$origin_dir/MVAU_hls_6_Matrix_Vector_Activate_Stream_Batch_p_ZL7threshs_1_7_ROM_AUTO_1R.v"]"\
## "[file normalize "$origin_dir/MVAU_hls_6_Matrix_Vector_Activate_Stream_Batch_p_ZL7threshs_1_80_ROM_AUTO_1R.v"]"\
## "[file normalize "$origin_dir/MVAU_hls_6_Matrix_Vector_Activate_Stream_Batch_p_ZL7threshs_1_81_ROM_AUTO_1R.v"]"\
## "[file normalize "$origin_dir/MVAU_hls_6_Matrix_Vector_Activate_Stream_Batch_p_ZL7threshs_1_82_ROM_AUTO_1R.v"]"\
## "[file normalize "$origin_dir/MVAU_hls_6_Matrix_Vector_Activate_Stream_Batch_p_ZL7threshs_1_83_ROM_AUTO_1R.v"]"\
## "[file normalize "$origin_dir/MVAU_hls_6_Matrix_Vector_Activate_Stream_Batch_p_ZL7threshs_1_84_ROM_AUTO_1R.v"]"\
## "[file normalize "$origin_dir/MVAU_hls_6_Matrix_Vector_Activate_Stream_Batch_p_ZL7threshs_1_85_ROM_AUTO_1R.v"]"\
## "[file normalize "$origin_dir/MVAU_hls_6_Matrix_Vector_Activate_Stream_Batch_p_ZL7threshs_1_86_ROM_AUTO_1R.v"]"\
## "[file normalize "$origin_dir/MVAU_hls_6_Matrix_Vector_Activate_Stream_Batch_p_ZL7threshs_1_87_ROM_AUTO_1R.v"]"\
## "[file normalize "$origin_dir/MVAU_hls_6_Matrix_Vector_Activate_Stream_Batch_p_ZL7threshs_1_88_ROM_AUTO_1R.v"]"\
## "[file normalize "$origin_dir/MVAU_hls_6_Matrix_Vector_Activate_Stream_Batch_p_ZL7threshs_1_89_ROM_AUTO_1R.v"]"\
## "[file normalize "$origin_dir/MVAU_hls_6_Matrix_Vector_Activate_Stream_Batch_p_ZL7threshs_1_8_ROM_AUTO_1R.v"]"\
## "[file normalize "$origin_dir/MVAU_hls_6_Matrix_Vector_Activate_Stream_Batch_p_ZL7threshs_1_90_ROM_AUTO_1R.v"]"\
## "[file normalize "$origin_dir/MVAU_hls_6_Matrix_Vector_Activate_Stream_Batch_p_ZL7threshs_1_91_ROM_AUTO_1R.v"]"\
## "[file normalize "$origin_dir/MVAU_hls_6_Matrix_Vector_Activate_Stream_Batch_p_ZL7threshs_1_92_ROM_AUTO_1R.v"]"\
## "[file normalize "$origin_dir/MVAU_hls_6_Matrix_Vector_Activate_Stream_Batch_p_ZL7threshs_1_93_ROM_AUTO_1R.v"]"\
## "[file normalize "$origin_dir/MVAU_hls_6_Matrix_Vector_Activate_Stream_Batch_p_ZL7threshs_1_94_ROM_AUTO_1R.v"]"\
## "[file normalize "$origin_dir/MVAU_hls_6_Matrix_Vector_Activate_Stream_Batch_p_ZL7threshs_1_95_ROM_AUTO_1R.v"]"\
## "[file normalize "$origin_dir/MVAU_hls_6_Matrix_Vector_Activate_Stream_Batch_p_ZL7threshs_1_96_ROM_AUTO_1R.v"]"\
## "[file normalize "$origin_dir/MVAU_hls_6_Matrix_Vector_Activate_Stream_Batch_p_ZL7threshs_1_97_ROM_AUTO_1R.v"]"\
## "[file normalize "$origin_dir/MVAU_hls_6_Matrix_Vector_Activate_Stream_Batch_p_ZL7threshs_1_98_ROM_AUTO_1R.v"]"\
## "[file normalize "$origin_dir/MVAU_hls_6_Matrix_Vector_Activate_Stream_Batch_p_ZL7threshs_1_99_ROM_AUTO_1R.v"]"\
## "[file normalize "$origin_dir/MVAU_hls_6_Matrix_Vector_Activate_Stream_Batch_p_ZL7threshs_1_9_ROM_AUTO_1R.v"]"\
## "[file normalize "$origin_dir/MVAU_hls_6_Matrix_Vector_Activate_Stream_Batch_p_ZL7threshs_2_0_ROM_AUTO_1R.v"]"\
## "[file normalize "$origin_dir/MVAU_hls_6_Matrix_Vector_Activate_Stream_Batch_p_ZL7threshs_2_100_ROM_AUTO_1R.v"]"\
## "[file normalize "$origin_dir/MVAU_hls_6_Matrix_Vector_Activate_Stream_Batch_p_ZL7threshs_2_101_ROM_AUTO_1R.v"]"\
## "[file normalize "$origin_dir/MVAU_hls_6_Matrix_Vector_Activate_Stream_Batch_p_ZL7threshs_2_102_ROM_AUTO_1R.v"]"\
## "[file normalize "$origin_dir/MVAU_hls_6_Matrix_Vector_Activate_Stream_Batch_p_ZL7threshs_2_103_ROM_AUTO_1R.v"]"\
## "[file normalize "$origin_dir/MVAU_hls_6_Matrix_Vector_Activate_Stream_Batch_p_ZL7threshs_2_104_ROM_AUTO_1R.v"]"\
## "[file normalize "$origin_dir/MVAU_hls_6_Matrix_Vector_Activate_Stream_Batch_p_ZL7threshs_2_105_ROM_AUTO_1R.v"]"\
## "[file normalize "$origin_dir/MVAU_hls_6_Matrix_Vector_Activate_Stream_Batch_p_ZL7threshs_2_106_ROM_AUTO_1R.v"]"\
## "[file normalize "$origin_dir/MVAU_hls_6_Matrix_Vector_Activate_Stream_Batch_p_ZL7threshs_2_107_ROM_AUTO_1R.v"]"\
## "[file normalize "$origin_dir/MVAU_hls_6_Matrix_Vector_Activate_Stream_Batch_p_ZL7threshs_2_108_ROM_AUTO_1R.v"]"\
## "[file normalize "$origin_dir/MVAU_hls_6_Matrix_Vector_Activate_Stream_Batch_p_ZL7threshs_2_109_ROM_AUTO_1R.v"]"\
## "[file normalize "$origin_dir/MVAU_hls_6_Matrix_Vector_Activate_Stream_Batch_p_ZL7threshs_2_10_ROM_AUTO_1R.v"]"\
## "[file normalize "$origin_dir/MVAU_hls_6_Matrix_Vector_Activate_Stream_Batch_p_ZL7threshs_2_110_ROM_AUTO_1R.v"]"\
## "[file normalize "$origin_dir/MVAU_hls_6_Matrix_Vector_Activate_Stream_Batch_p_ZL7threshs_2_111_ROM_AUTO_1R.v"]"\
## "[file normalize "$origin_dir/MVAU_hls_6_Matrix_Vector_Activate_Stream_Batch_p_ZL7threshs_2_112_ROM_AUTO_1R.v"]"\
## "[file normalize "$origin_dir/MVAU_hls_6_Matrix_Vector_Activate_Stream_Batch_p_ZL7threshs_2_113_ROM_AUTO_1R.v"]"\
## "[file normalize "$origin_dir/MVAU_hls_6_Matrix_Vector_Activate_Stream_Batch_p_ZL7threshs_2_114_ROM_AUTO_1R.v"]"\
## "[file normalize "$origin_dir/MVAU_hls_6_Matrix_Vector_Activate_Stream_Batch_p_ZL7threshs_2_115_ROM_AUTO_1R.v"]"\
## "[file normalize "$origin_dir/MVAU_hls_6_Matrix_Vector_Activate_Stream_Batch_p_ZL7threshs_2_116_ROM_AUTO_1R.v"]"\
## "[file normalize "$origin_dir/MVAU_hls_6_Matrix_Vector_Activate_Stream_Batch_p_ZL7threshs_2_117_ROM_AUTO_1R.v"]"\
## "[file normalize "$origin_dir/MVAU_hls_6_Matrix_Vector_Activate_Stream_Batch_p_ZL7threshs_2_118_ROM_AUTO_1R.v"]"\
## "[file normalize "$origin_dir/MVAU_hls_6_Matrix_Vector_Activate_Stream_Batch_p_ZL7threshs_2_119_ROM_AUTO_1R.v"]"\
## "[file normalize "$origin_dir/MVAU_hls_6_Matrix_Vector_Activate_Stream_Batch_p_ZL7threshs_2_11_ROM_AUTO_1R.v"]"\
## "[file normalize "$origin_dir/MVAU_hls_6_Matrix_Vector_Activate_Stream_Batch_p_ZL7threshs_2_120_ROM_AUTO_1R.v"]"\
## "[file normalize "$origin_dir/MVAU_hls_6_Matrix_Vector_Activate_Stream_Batch_p_ZL7threshs_2_121_ROM_AUTO_1R.v"]"\
## "[file normalize "$origin_dir/MVAU_hls_6_Matrix_Vector_Activate_Stream_Batch_p_ZL7threshs_2_122_ROM_AUTO_1R.v"]"\
## "[file normalize "$origin_dir/MVAU_hls_6_Matrix_Vector_Activate_Stream_Batch_p_ZL7threshs_2_123_ROM_AUTO_1R.v"]"\
## "[file normalize "$origin_dir/MVAU_hls_6_Matrix_Vector_Activate_Stream_Batch_p_ZL7threshs_2_124_ROM_AUTO_1R.v"]"\
## "[file normalize "$origin_dir/MVAU_hls_6_Matrix_Vector_Activate_Stream_Batch_p_ZL7threshs_2_125_ROM_AUTO_1R.v"]"\
## "[file normalize "$origin_dir/MVAU_hls_6_Matrix_Vector_Activate_Stream_Batch_p_ZL7threshs_2_126_ROM_AUTO_1R.v"]"\
## "[file normalize "$origin_dir/MVAU_hls_6_Matrix_Vector_Activate_Stream_Batch_p_ZL7threshs_2_127_ROM_AUTO_1R.v"]"\
## "[file normalize "$origin_dir/MVAU_hls_6_Matrix_Vector_Activate_Stream_Batch_p_ZL7threshs_2_128_ROM_AUTO_1R.v"]"\
## "[file normalize "$origin_dir/MVAU_hls_6_Matrix_Vector_Activate_Stream_Batch_p_ZL7threshs_2_129_ROM_AUTO_1R.v"]"\
## "[file normalize "$origin_dir/MVAU_hls_6_Matrix_Vector_Activate_Stream_Batch_p_ZL7threshs_2_12_ROM_AUTO_1R.v"]"\
## "[file normalize "$origin_dir/MVAU_hls_6_Matrix_Vector_Activate_Stream_Batch_p_ZL7threshs_2_130_ROM_AUTO_1R.v"]"\
## "[file normalize "$origin_dir/MVAU_hls_6_Matrix_Vector_Activate_Stream_Batch_p_ZL7threshs_2_131_ROM_AUTO_1R.v"]"\
## "[file normalize "$origin_dir/MVAU_hls_6_Matrix_Vector_Activate_Stream_Batch_p_ZL7threshs_2_132_ROM_AUTO_1R.v"]"\
## "[file normalize "$origin_dir/MVAU_hls_6_Matrix_Vector_Activate_Stream_Batch_p_ZL7threshs_2_133_ROM_AUTO_1R.v"]"\
## "[file normalize "$origin_dir/MVAU_hls_6_Matrix_Vector_Activate_Stream_Batch_p_ZL7threshs_2_134_ROM_AUTO_1R.v"]"\
## "[file normalize "$origin_dir/MVAU_hls_6_Matrix_Vector_Activate_Stream_Batch_p_ZL7threshs_2_135_ROM_AUTO_1R.v"]"\
## "[file normalize "$origin_dir/MVAU_hls_6_Matrix_Vector_Activate_Stream_Batch_p_ZL7threshs_2_136_ROM_AUTO_1R.v"]"\
## "[file normalize "$origin_dir/MVAU_hls_6_Matrix_Vector_Activate_Stream_Batch_p_ZL7threshs_2_137_ROM_AUTO_1R.v"]"\
## "[file normalize "$origin_dir/MVAU_hls_6_Matrix_Vector_Activate_Stream_Batch_p_ZL7threshs_2_138_ROM_AUTO_1R.v"]"\
## "[file normalize "$origin_dir/MVAU_hls_6_Matrix_Vector_Activate_Stream_Batch_p_ZL7threshs_2_139_ROM_AUTO_1R.v"]"\
## "[file normalize "$origin_dir/MVAU_hls_6_Matrix_Vector_Activate_Stream_Batch_p_ZL7threshs_2_13_ROM_AUTO_1R.v"]"\
## "[file normalize "$origin_dir/MVAU_hls_6_Matrix_Vector_Activate_Stream_Batch_p_ZL7threshs_2_140_ROM_AUTO_1R.v"]"\
## "[file normalize "$origin_dir/MVAU_hls_6_Matrix_Vector_Activate_Stream_Batch_p_ZL7threshs_2_141_ROM_AUTO_1R.v"]"\
## "[file normalize "$origin_dir/MVAU_hls_6_Matrix_Vector_Activate_Stream_Batch_p_ZL7threshs_2_142_ROM_AUTO_1R.v"]"\
## "[file normalize "$origin_dir/MVAU_hls_6_Matrix_Vector_Activate_Stream_Batch_p_ZL7threshs_2_143_ROM_AUTO_1R.v"]"\
## "[file normalize "$origin_dir/MVAU_hls_6_Matrix_Vector_Activate_Stream_Batch_p_ZL7threshs_2_144_ROM_AUTO_1R.v"]"\
## "[file normalize "$origin_dir/MVAU_hls_6_Matrix_Vector_Activate_Stream_Batch_p_ZL7threshs_2_145_ROM_AUTO_1R.v"]"\
## "[file normalize "$origin_dir/MVAU_hls_6_Matrix_Vector_Activate_Stream_Batch_p_ZL7threshs_2_146_ROM_AUTO_1R.v"]"\
## "[file normalize "$origin_dir/MVAU_hls_6_Matrix_Vector_Activate_Stream_Batch_p_ZL7threshs_2_147_ROM_AUTO_1R.v"]"\
## "[file normalize "$origin_dir/MVAU_hls_6_Matrix_Vector_Activate_Stream_Batch_p_ZL7threshs_2_148_ROM_AUTO_1R.v"]"\
## "[file normalize "$origin_dir/MVAU_hls_6_Matrix_Vector_Activate_Stream_Batch_p_ZL7threshs_2_149_ROM_AUTO_1R.v"]"\
## "[file normalize "$origin_dir/MVAU_hls_6_Matrix_Vector_Activate_Stream_Batch_p_ZL7threshs_2_14_ROM_AUTO_1R.v"]"\
## "[file normalize "$origin_dir/MVAU_hls_6_Matrix_Vector_Activate_Stream_Batch_p_ZL7threshs_2_150_ROM_AUTO_1R.v"]"\
## "[file normalize "$origin_dir/MVAU_hls_6_Matrix_Vector_Activate_Stream_Batch_p_ZL7threshs_2_151_ROM_AUTO_1R.v"]"\
## "[file normalize "$origin_dir/MVAU_hls_6_Matrix_Vector_Activate_Stream_Batch_p_ZL7threshs_2_152_ROM_AUTO_1R.v"]"\
## "[file normalize "$origin_dir/MVAU_hls_6_Matrix_Vector_Activate_Stream_Batch_p_ZL7threshs_2_153_ROM_AUTO_1R.v"]"\
## "[file normalize "$origin_dir/MVAU_hls_6_Matrix_Vector_Activate_Stream_Batch_p_ZL7threshs_2_154_ROM_AUTO_1R.v"]"\
## "[file normalize "$origin_dir/MVAU_hls_6_Matrix_Vector_Activate_Stream_Batch_p_ZL7threshs_2_155_ROM_AUTO_1R.v"]"\
## "[file normalize "$origin_dir/MVAU_hls_6_Matrix_Vector_Activate_Stream_Batch_p_ZL7threshs_2_156_ROM_AUTO_1R.v"]"\
## "[file normalize "$origin_dir/MVAU_hls_6_Matrix_Vector_Activate_Stream_Batch_p_ZL7threshs_2_157_ROM_AUTO_1R.v"]"\
## "[file normalize "$origin_dir/MVAU_hls_6_Matrix_Vector_Activate_Stream_Batch_p_ZL7threshs_2_158_ROM_AUTO_1R.v"]"\
## "[file normalize "$origin_dir/MVAU_hls_6_Matrix_Vector_Activate_Stream_Batch_p_ZL7threshs_2_159_ROM_AUTO_1R.v"]"\
## "[file normalize "$origin_dir/MVAU_hls_6_Matrix_Vector_Activate_Stream_Batch_p_ZL7threshs_2_15_ROM_AUTO_1R.v"]"\
## "[file normalize "$origin_dir/MVAU_hls_6_Matrix_Vector_Activate_Stream_Batch_p_ZL7threshs_2_160_ROM_AUTO_1R.v"]"\
## "[file normalize "$origin_dir/MVAU_hls_6_Matrix_Vector_Activate_Stream_Batch_p_ZL7threshs_2_161_ROM_AUTO_1R.v"]"\
## "[file normalize "$origin_dir/MVAU_hls_6_Matrix_Vector_Activate_Stream_Batch_p_ZL7threshs_2_162_ROM_AUTO_1R.v"]"\
## "[file normalize "$origin_dir/MVAU_hls_6_Matrix_Vector_Activate_Stream_Batch_p_ZL7threshs_2_163_ROM_AUTO_1R.v"]"\
## "[file normalize "$origin_dir/MVAU_hls_6_Matrix_Vector_Activate_Stream_Batch_p_ZL7threshs_2_164_ROM_AUTO_1R.v"]"\
## "[file normalize "$origin_dir/MVAU_hls_6_Matrix_Vector_Activate_Stream_Batch_p_ZL7threshs_2_165_ROM_AUTO_1R.v"]"\
## "[file normalize "$origin_dir/MVAU_hls_6_Matrix_Vector_Activate_Stream_Batch_p_ZL7threshs_2_166_ROM_AUTO_1R.v"]"\
## "[file normalize "$origin_dir/MVAU_hls_6_Matrix_Vector_Activate_Stream_Batch_p_ZL7threshs_2_167_ROM_AUTO_1R.v"]"\
## "[file normalize "$origin_dir/MVAU_hls_6_Matrix_Vector_Activate_Stream_Batch_p_ZL7threshs_2_168_ROM_AUTO_1R.v"]"\
## "[file normalize "$origin_dir/MVAU_hls_6_Matrix_Vector_Activate_Stream_Batch_p_ZL7threshs_2_169_ROM_AUTO_1R.v"]"\
## "[file normalize "$origin_dir/MVAU_hls_6_Matrix_Vector_Activate_Stream_Batch_p_ZL7threshs_2_16_ROM_AUTO_1R.v"]"\
## "[file normalize "$origin_dir/MVAU_hls_6_Matrix_Vector_Activate_Stream_Batch_p_ZL7threshs_2_170_ROM_AUTO_1R.v"]"\
## "[file normalize "$origin_dir/MVAU_hls_6_Matrix_Vector_Activate_Stream_Batch_p_ZL7threshs_2_171_ROM_AUTO_1R.v"]"\
## "[file normalize "$origin_dir/MVAU_hls_6_Matrix_Vector_Activate_Stream_Batch_p_ZL7threshs_2_172_ROM_AUTO_1R.v"]"\
## "[file normalize "$origin_dir/MVAU_hls_6_Matrix_Vector_Activate_Stream_Batch_p_ZL7threshs_2_173_ROM_AUTO_1R.v"]"\
## "[file normalize "$origin_dir/MVAU_hls_6_Matrix_Vector_Activate_Stream_Batch_p_ZL7threshs_2_174_ROM_AUTO_1R.v"]"\
## "[file normalize "$origin_dir/MVAU_hls_6_Matrix_Vector_Activate_Stream_Batch_p_ZL7threshs_2_175_ROM_AUTO_1R.v"]"\
## "[file normalize "$origin_dir/MVAU_hls_6_Matrix_Vector_Activate_Stream_Batch_p_ZL7threshs_2_176_ROM_AUTO_1R.v"]"\
## "[file normalize "$origin_dir/MVAU_hls_6_Matrix_Vector_Activate_Stream_Batch_p_ZL7threshs_2_177_ROM_AUTO_1R.v"]"\
## "[file normalize "$origin_dir/MVAU_hls_6_Matrix_Vector_Activate_Stream_Batch_p_ZL7threshs_2_178_ROM_AUTO_1R.v"]"\
## "[file normalize "$origin_dir/MVAU_hls_6_Matrix_Vector_Activate_Stream_Batch_p_ZL7threshs_2_179_ROM_AUTO_1R.v"]"\
## "[file normalize "$origin_dir/MVAU_hls_6_Matrix_Vector_Activate_Stream_Batch_p_ZL7threshs_2_17_ROM_AUTO_1R.v"]"\
## "[file normalize "$origin_dir/MVAU_hls_6_Matrix_Vector_Activate_Stream_Batch_p_ZL7threshs_2_180_ROM_AUTO_1R.v"]"\
## "[file normalize "$origin_dir/MVAU_hls_6_Matrix_Vector_Activate_Stream_Batch_p_ZL7threshs_2_181_ROM_AUTO_1R.v"]"\
## "[file normalize "$origin_dir/MVAU_hls_6_Matrix_Vector_Activate_Stream_Batch_p_ZL7threshs_2_182_ROM_AUTO_1R.v"]"\
## "[file normalize "$origin_dir/MVAU_hls_6_Matrix_Vector_Activate_Stream_Batch_p_ZL7threshs_2_183_ROM_AUTO_1R.v"]"\
## "[file normalize "$origin_dir/MVAU_hls_6_Matrix_Vector_Activate_Stream_Batch_p_ZL7threshs_2_184_ROM_AUTO_1R.v"]"\
## "[file normalize "$origin_dir/MVAU_hls_6_Matrix_Vector_Activate_Stream_Batch_p_ZL7threshs_2_185_ROM_AUTO_1R.v"]"\
## "[file normalize "$origin_dir/MVAU_hls_6_Matrix_Vector_Activate_Stream_Batch_p_ZL7threshs_2_186_ROM_AUTO_1R.v"]"\
## "[file normalize "$origin_dir/MVAU_hls_6_Matrix_Vector_Activate_Stream_Batch_p_ZL7threshs_2_187_ROM_AUTO_1R.v"]"\
## "[file normalize "$origin_dir/MVAU_hls_6_Matrix_Vector_Activate_Stream_Batch_p_ZL7threshs_2_188_ROM_AUTO_1R.v"]"\
## "[file normalize "$origin_dir/MVAU_hls_6_Matrix_Vector_Activate_Stream_Batch_p_ZL7threshs_2_189_ROM_AUTO_1R.v"]"\
## "[file normalize "$origin_dir/MVAU_hls_6_Matrix_Vector_Activate_Stream_Batch_p_ZL7threshs_2_18_ROM_AUTO_1R.v"]"\
## "[file normalize "$origin_dir/MVAU_hls_6_Matrix_Vector_Activate_Stream_Batch_p_ZL7threshs_2_190_ROM_AUTO_1R.v"]"\
## "[file normalize "$origin_dir/MVAU_hls_6_Matrix_Vector_Activate_Stream_Batch_p_ZL7threshs_2_191_ROM_AUTO_1R.v"]"\
## "[file normalize "$origin_dir/MVAU_hls_6_Matrix_Vector_Activate_Stream_Batch_p_ZL7threshs_2_192_ROM_AUTO_1R.v"]"\
## "[file normalize "$origin_dir/MVAU_hls_6_Matrix_Vector_Activate_Stream_Batch_p_ZL7threshs_2_193_ROM_AUTO_1R.v"]"\
## "[file normalize "$origin_dir/MVAU_hls_6_Matrix_Vector_Activate_Stream_Batch_p_ZL7threshs_2_194_ROM_AUTO_1R.v"]"\
## "[file normalize "$origin_dir/MVAU_hls_6_Matrix_Vector_Activate_Stream_Batch_p_ZL7threshs_2_195_ROM_AUTO_1R.v"]"\
## "[file normalize "$origin_dir/MVAU_hls_6_Matrix_Vector_Activate_Stream_Batch_p_ZL7threshs_2_196_ROM_AUTO_1R.v"]"\
## "[file normalize "$origin_dir/MVAU_hls_6_Matrix_Vector_Activate_Stream_Batch_p_ZL7threshs_2_197_ROM_AUTO_1R.v"]"\
## "[file normalize "$origin_dir/MVAU_hls_6_Matrix_Vector_Activate_Stream_Batch_p_ZL7threshs_2_198_ROM_AUTO_1R.v"]"\
## "[file normalize "$origin_dir/MVAU_hls_6_Matrix_Vector_Activate_Stream_Batch_p_ZL7threshs_2_199_ROM_AUTO_1R.v"]"\
## "[file normalize "$origin_dir/MVAU_hls_6_Matrix_Vector_Activate_Stream_Batch_p_ZL7threshs_2_19_ROM_AUTO_1R.v"]"\
## "[file normalize "$origin_dir/MVAU_hls_6_Matrix_Vector_Activate_Stream_Batch_p_ZL7threshs_2_1_ROM_AUTO_1R.v"]"\
## "[file normalize "$origin_dir/MVAU_hls_6_Matrix_Vector_Activate_Stream_Batch_p_ZL7threshs_2_200_ROM_AUTO_1R.v"]"\
## "[file normalize "$origin_dir/MVAU_hls_6_Matrix_Vector_Activate_Stream_Batch_p_ZL7threshs_2_201_ROM_AUTO_1R.v"]"\
## "[file normalize "$origin_dir/MVAU_hls_6_Matrix_Vector_Activate_Stream_Batch_p_ZL7threshs_2_202_ROM_AUTO_1R.v"]"\
## "[file normalize "$origin_dir/MVAU_hls_6_Matrix_Vector_Activate_Stream_Batch_p_ZL7threshs_2_203_ROM_AUTO_1R.v"]"\
## "[file normalize "$origin_dir/MVAU_hls_6_Matrix_Vector_Activate_Stream_Batch_p_ZL7threshs_2_204_ROM_AUTO_1R.v"]"\
## "[file normalize "$origin_dir/MVAU_hls_6_Matrix_Vector_Activate_Stream_Batch_p_ZL7threshs_2_205_ROM_AUTO_1R.v"]"\
## "[file normalize "$origin_dir/MVAU_hls_6_Matrix_Vector_Activate_Stream_Batch_p_ZL7threshs_2_206_ROM_AUTO_1R.v"]"\
## "[file normalize "$origin_dir/MVAU_hls_6_Matrix_Vector_Activate_Stream_Batch_p_ZL7threshs_2_207_ROM_AUTO_1R.v"]"\
## "[file normalize "$origin_dir/MVAU_hls_6_Matrix_Vector_Activate_Stream_Batch_p_ZL7threshs_2_208_ROM_AUTO_1R.v"]"\
## "[file normalize "$origin_dir/MVAU_hls_6_Matrix_Vector_Activate_Stream_Batch_p_ZL7threshs_2_209_ROM_AUTO_1R.v"]"\
## "[file normalize "$origin_dir/MVAU_hls_6_Matrix_Vector_Activate_Stream_Batch_p_ZL7threshs_2_20_ROM_AUTO_1R.v"]"\
## "[file normalize "$origin_dir/MVAU_hls_6_Matrix_Vector_Activate_Stream_Batch_p_ZL7threshs_2_210_ROM_AUTO_1R.v"]"\
## "[file normalize "$origin_dir/MVAU_hls_6_Matrix_Vector_Activate_Stream_Batch_p_ZL7threshs_2_211_ROM_AUTO_1R.v"]"\
## "[file normalize "$origin_dir/MVAU_hls_6_Matrix_Vector_Activate_Stream_Batch_p_ZL7threshs_2_212_ROM_AUTO_1R.v"]"\
## "[file normalize "$origin_dir/MVAU_hls_6_Matrix_Vector_Activate_Stream_Batch_p_ZL7threshs_2_213_ROM_AUTO_1R.v"]"\
## "[file normalize "$origin_dir/MVAU_hls_6_Matrix_Vector_Activate_Stream_Batch_p_ZL7threshs_2_214_ROM_AUTO_1R.v"]"\
## "[file normalize "$origin_dir/MVAU_hls_6_Matrix_Vector_Activate_Stream_Batch_p_ZL7threshs_2_215_ROM_AUTO_1R.v"]"\
## "[file normalize "$origin_dir/MVAU_hls_6_Matrix_Vector_Activate_Stream_Batch_p_ZL7threshs_2_216_ROM_AUTO_1R.v"]"\
## "[file normalize "$origin_dir/MVAU_hls_6_Matrix_Vector_Activate_Stream_Batch_p_ZL7threshs_2_217_ROM_AUTO_1R.v"]"\
## "[file normalize "$origin_dir/MVAU_hls_6_Matrix_Vector_Activate_Stream_Batch_p_ZL7threshs_2_218_ROM_AUTO_1R.v"]"\
## "[file normalize "$origin_dir/MVAU_hls_6_Matrix_Vector_Activate_Stream_Batch_p_ZL7threshs_2_219_ROM_AUTO_1R.v"]"\
## "[file normalize "$origin_dir/MVAU_hls_6_Matrix_Vector_Activate_Stream_Batch_p_ZL7threshs_2_21_ROM_AUTO_1R.v"]"\
## "[file normalize "$origin_dir/MVAU_hls_6_Matrix_Vector_Activate_Stream_Batch_p_ZL7threshs_2_220_ROM_AUTO_1R.v"]"\
## "[file normalize "$origin_dir/MVAU_hls_6_Matrix_Vector_Activate_Stream_Batch_p_ZL7threshs_2_221_ROM_AUTO_1R.v"]"\
## "[file normalize "$origin_dir/MVAU_hls_6_Matrix_Vector_Activate_Stream_Batch_p_ZL7threshs_2_222_ROM_AUTO_1R.v"]"\
## "[file normalize "$origin_dir/MVAU_hls_6_Matrix_Vector_Activate_Stream_Batch_p_ZL7threshs_2_223_ROM_AUTO_1R.v"]"\
## "[file normalize "$origin_dir/MVAU_hls_6_Matrix_Vector_Activate_Stream_Batch_p_ZL7threshs_2_224_ROM_AUTO_1R.v"]"\
## "[file normalize "$origin_dir/MVAU_hls_6_Matrix_Vector_Activate_Stream_Batch_p_ZL7threshs_2_225_ROM_AUTO_1R.v"]"\
## "[file normalize "$origin_dir/MVAU_hls_6_Matrix_Vector_Activate_Stream_Batch_p_ZL7threshs_2_226_ROM_AUTO_1R.v"]"\
## "[file normalize "$origin_dir/MVAU_hls_6_Matrix_Vector_Activate_Stream_Batch_p_ZL7threshs_2_227_ROM_AUTO_1R.v"]"\
## "[file normalize "$origin_dir/MVAU_hls_6_Matrix_Vector_Activate_Stream_Batch_p_ZL7threshs_2_228_ROM_AUTO_1R.v"]"\
## "[file normalize "$origin_dir/MVAU_hls_6_Matrix_Vector_Activate_Stream_Batch_p_ZL7threshs_2_229_ROM_AUTO_1R.v"]"\
## "[file normalize "$origin_dir/MVAU_hls_6_Matrix_Vector_Activate_Stream_Batch_p_ZL7threshs_2_22_ROM_AUTO_1R.v"]"\
## "[file normalize "$origin_dir/MVAU_hls_6_Matrix_Vector_Activate_Stream_Batch_p_ZL7threshs_2_230_ROM_AUTO_1R.v"]"\
## "[file normalize "$origin_dir/MVAU_hls_6_Matrix_Vector_Activate_Stream_Batch_p_ZL7threshs_2_231_ROM_AUTO_1R.v"]"\
## "[file normalize "$origin_dir/MVAU_hls_6_Matrix_Vector_Activate_Stream_Batch_p_ZL7threshs_2_232_ROM_AUTO_1R.v"]"\
## "[file normalize "$origin_dir/MVAU_hls_6_Matrix_Vector_Activate_Stream_Batch_p_ZL7threshs_2_233_ROM_AUTO_1R.v"]"\
## "[file normalize "$origin_dir/MVAU_hls_6_Matrix_Vector_Activate_Stream_Batch_p_ZL7threshs_2_234_ROM_AUTO_1R.v"]"\
## "[file normalize "$origin_dir/MVAU_hls_6_Matrix_Vector_Activate_Stream_Batch_p_ZL7threshs_2_235_ROM_AUTO_1R.v"]"\
## "[file normalize "$origin_dir/MVAU_hls_6_Matrix_Vector_Activate_Stream_Batch_p_ZL7threshs_2_236_ROM_AUTO_1R.v"]"\
## "[file normalize "$origin_dir/MVAU_hls_6_Matrix_Vector_Activate_Stream_Batch_p_ZL7threshs_2_237_ROM_AUTO_1R.v"]"\
## "[file normalize "$origin_dir/MVAU_hls_6_Matrix_Vector_Activate_Stream_Batch_p_ZL7threshs_2_238_ROM_AUTO_1R.v"]"\
## "[file normalize "$origin_dir/MVAU_hls_6_Matrix_Vector_Activate_Stream_Batch_p_ZL7threshs_2_239_ROM_AUTO_1R.v"]"\
## "[file normalize "$origin_dir/MVAU_hls_6_Matrix_Vector_Activate_Stream_Batch_p_ZL7threshs_2_23_ROM_AUTO_1R.v"]"\
## "[file normalize "$origin_dir/MVAU_hls_6_Matrix_Vector_Activate_Stream_Batch_p_ZL7threshs_2_240_ROM_AUTO_1R.v"]"\
## "[file normalize "$origin_dir/MVAU_hls_6_Matrix_Vector_Activate_Stream_Batch_p_ZL7threshs_2_241_ROM_AUTO_1R.v"]"\
## "[file normalize "$origin_dir/MVAU_hls_6_Matrix_Vector_Activate_Stream_Batch_p_ZL7threshs_2_242_ROM_AUTO_1R.v"]"\
## "[file normalize "$origin_dir/MVAU_hls_6_Matrix_Vector_Activate_Stream_Batch_p_ZL7threshs_2_243_ROM_AUTO_1R.v"]"\
## "[file normalize "$origin_dir/MVAU_hls_6_Matrix_Vector_Activate_Stream_Batch_p_ZL7threshs_2_244_ROM_AUTO_1R.v"]"\
## "[file normalize "$origin_dir/MVAU_hls_6_Matrix_Vector_Activate_Stream_Batch_p_ZL7threshs_2_245_ROM_AUTO_1R.v"]"\
## "[file normalize "$origin_dir/MVAU_hls_6_Matrix_Vector_Activate_Stream_Batch_p_ZL7threshs_2_246_ROM_AUTO_1R.v"]"\
## "[file normalize "$origin_dir/MVAU_hls_6_Matrix_Vector_Activate_Stream_Batch_p_ZL7threshs_2_247_ROM_AUTO_1R.v"]"\
## "[file normalize "$origin_dir/MVAU_hls_6_Matrix_Vector_Activate_Stream_Batch_p_ZL7threshs_2_248_ROM_AUTO_1R.v"]"\
## "[file normalize "$origin_dir/MVAU_hls_6_Matrix_Vector_Activate_Stream_Batch_p_ZL7threshs_2_249_ROM_AUTO_1R.v"]"\
## "[file normalize "$origin_dir/MVAU_hls_6_Matrix_Vector_Activate_Stream_Batch_p_ZL7threshs_2_24_ROM_AUTO_1R.v"]"\
## "[file normalize "$origin_dir/MVAU_hls_6_Matrix_Vector_Activate_Stream_Batch_p_ZL7threshs_2_250_ROM_AUTO_1R.v"]"\
## "[file normalize "$origin_dir/MVAU_hls_6_Matrix_Vector_Activate_Stream_Batch_p_ZL7threshs_2_251_ROM_AUTO_1R.v"]"\
## "[file normalize "$origin_dir/MVAU_hls_6_Matrix_Vector_Activate_Stream_Batch_p_ZL7threshs_2_252_ROM_AUTO_1R.v"]"\
## "[file normalize "$origin_dir/MVAU_hls_6_Matrix_Vector_Activate_Stream_Batch_p_ZL7threshs_2_253_ROM_AUTO_1R.v"]"\
## "[file normalize "$origin_dir/MVAU_hls_6_Matrix_Vector_Activate_Stream_Batch_p_ZL7threshs_2_254_ROM_AUTO_1R.v"]"\
## "[file normalize "$origin_dir/MVAU_hls_6_Matrix_Vector_Activate_Stream_Batch_p_ZL7threshs_2_25_ROM_AUTO_1R.v"]"\
## "[file normalize "$origin_dir/MVAU_hls_6_Matrix_Vector_Activate_Stream_Batch_p_ZL7threshs_2_26_ROM_AUTO_1R.v"]"\
## "[file normalize "$origin_dir/MVAU_hls_6_Matrix_Vector_Activate_Stream_Batch_p_ZL7threshs_2_27_ROM_AUTO_1R.v"]"\
## "[file normalize "$origin_dir/MVAU_hls_6_Matrix_Vector_Activate_Stream_Batch_p_ZL7threshs_2_28_ROM_AUTO_1R.v"]"\
## "[file normalize "$origin_dir/MVAU_hls_6_Matrix_Vector_Activate_Stream_Batch_p_ZL7threshs_2_29_ROM_AUTO_1R.v"]"\
## "[file normalize "$origin_dir/MVAU_hls_6_Matrix_Vector_Activate_Stream_Batch_p_ZL7threshs_2_2_ROM_AUTO_1R.v"]"\
## "[file normalize "$origin_dir/MVAU_hls_6_Matrix_Vector_Activate_Stream_Batch_p_ZL7threshs_2_30_ROM_AUTO_1R.v"]"\
## "[file normalize "$origin_dir/MVAU_hls_6_Matrix_Vector_Activate_Stream_Batch_p_ZL7threshs_2_31_ROM_AUTO_1R.v"]"\
## "[file normalize "$origin_dir/MVAU_hls_6_Matrix_Vector_Activate_Stream_Batch_p_ZL7threshs_2_32_ROM_AUTO_1R.v"]"\
## "[file normalize "$origin_dir/MVAU_hls_6_Matrix_Vector_Activate_Stream_Batch_p_ZL7threshs_2_33_ROM_AUTO_1R.v"]"\
## "[file normalize "$origin_dir/MVAU_hls_6_Matrix_Vector_Activate_Stream_Batch_p_ZL7threshs_2_34_ROM_AUTO_1R.v"]"\
## "[file normalize "$origin_dir/MVAU_hls_6_Matrix_Vector_Activate_Stream_Batch_p_ZL7threshs_2_35_ROM_AUTO_1R.v"]"\
## "[file normalize "$origin_dir/MVAU_hls_6_Matrix_Vector_Activate_Stream_Batch_p_ZL7threshs_2_36_ROM_AUTO_1R.v"]"\
## "[file normalize "$origin_dir/MVAU_hls_6_Matrix_Vector_Activate_Stream_Batch_p_ZL7threshs_2_37_ROM_AUTO_1R.v"]"\
## "[file normalize "$origin_dir/MVAU_hls_6_Matrix_Vector_Activate_Stream_Batch_p_ZL7threshs_2_38_ROM_AUTO_1R.v"]"\
## "[file normalize "$origin_dir/MVAU_hls_6_Matrix_Vector_Activate_Stream_Batch_p_ZL7threshs_2_39_ROM_AUTO_1R.v"]"\
## "[file normalize "$origin_dir/MVAU_hls_6_Matrix_Vector_Activate_Stream_Batch_p_ZL7threshs_2_3_ROM_AUTO_1R.v"]"\
## "[file normalize "$origin_dir/MVAU_hls_6_Matrix_Vector_Activate_Stream_Batch_p_ZL7threshs_2_40_ROM_AUTO_1R.v"]"\
## "[file normalize "$origin_dir/MVAU_hls_6_Matrix_Vector_Activate_Stream_Batch_p_ZL7threshs_2_41_ROM_AUTO_1R.v"]"\
## "[file normalize "$origin_dir/MVAU_hls_6_Matrix_Vector_Activate_Stream_Batch_p_ZL7threshs_2_42_ROM_AUTO_1R.v"]"\
## "[file normalize "$origin_dir/MVAU_hls_6_Matrix_Vector_Activate_Stream_Batch_p_ZL7threshs_2_43_ROM_AUTO_1R.v"]"\
## "[file normalize "$origin_dir/MVAU_hls_6_Matrix_Vector_Activate_Stream_Batch_p_ZL7threshs_2_44_ROM_AUTO_1R.v"]"\
## "[file normalize "$origin_dir/MVAU_hls_6_Matrix_Vector_Activate_Stream_Batch_p_ZL7threshs_2_45_ROM_AUTO_1R.v"]"\
## "[file normalize "$origin_dir/MVAU_hls_6_Matrix_Vector_Activate_Stream_Batch_p_ZL7threshs_2_46_ROM_AUTO_1R.v"]"\
## "[file normalize "$origin_dir/MVAU_hls_6_Matrix_Vector_Activate_Stream_Batch_p_ZL7threshs_2_47_ROM_AUTO_1R.v"]"\
## "[file normalize "$origin_dir/MVAU_hls_6_Matrix_Vector_Activate_Stream_Batch_p_ZL7threshs_2_48_ROM_AUTO_1R.v"]"\
## "[file normalize "$origin_dir/MVAU_hls_6_Matrix_Vector_Activate_Stream_Batch_p_ZL7threshs_2_49_ROM_AUTO_1R.v"]"\
## "[file normalize "$origin_dir/MVAU_hls_6_Matrix_Vector_Activate_Stream_Batch_p_ZL7threshs_2_4_ROM_AUTO_1R.v"]"\
## "[file normalize "$origin_dir/MVAU_hls_6_Matrix_Vector_Activate_Stream_Batch_p_ZL7threshs_2_50_ROM_AUTO_1R.v"]"\
## "[file normalize "$origin_dir/MVAU_hls_6_Matrix_Vector_Activate_Stream_Batch_p_ZL7threshs_2_51_ROM_AUTO_1R.v"]"\
## "[file normalize "$origin_dir/MVAU_hls_6_Matrix_Vector_Activate_Stream_Batch_p_ZL7threshs_2_52_ROM_AUTO_1R.v"]"\
## "[file normalize "$origin_dir/MVAU_hls_6_Matrix_Vector_Activate_Stream_Batch_p_ZL7threshs_2_53_ROM_AUTO_1R.v"]"\
## "[file normalize "$origin_dir/MVAU_hls_6_Matrix_Vector_Activate_Stream_Batch_p_ZL7threshs_2_54_ROM_AUTO_1R.v"]"\
## "[file normalize "$origin_dir/MVAU_hls_6_Matrix_Vector_Activate_Stream_Batch_p_ZL7threshs_2_55_ROM_AUTO_1R.v"]"\
## "[file normalize "$origin_dir/MVAU_hls_6_Matrix_Vector_Activate_Stream_Batch_p_ZL7threshs_2_56_ROM_AUTO_1R.v"]"\
## "[file normalize "$origin_dir/MVAU_hls_6_Matrix_Vector_Activate_Stream_Batch_p_ZL7threshs_2_57_ROM_AUTO_1R.v"]"\
## "[file normalize "$origin_dir/MVAU_hls_6_Matrix_Vector_Activate_Stream_Batch_p_ZL7threshs_2_58_ROM_AUTO_1R.v"]"\
## "[file normalize "$origin_dir/MVAU_hls_6_Matrix_Vector_Activate_Stream_Batch_p_ZL7threshs_2_59_ROM_AUTO_1R.v"]"\
## "[file normalize "$origin_dir/MVAU_hls_6_Matrix_Vector_Activate_Stream_Batch_p_ZL7threshs_2_5_ROM_AUTO_1R.v"]"\
## "[file normalize "$origin_dir/MVAU_hls_6_Matrix_Vector_Activate_Stream_Batch_p_ZL7threshs_2_60_ROM_AUTO_1R.v"]"\
## "[file normalize "$origin_dir/MVAU_hls_6_Matrix_Vector_Activate_Stream_Batch_p_ZL7threshs_2_61_ROM_AUTO_1R.v"]"\
## "[file normalize "$origin_dir/MVAU_hls_6_Matrix_Vector_Activate_Stream_Batch_p_ZL7threshs_2_62_ROM_AUTO_1R.v"]"\
## "[file normalize "$origin_dir/MVAU_hls_6_Matrix_Vector_Activate_Stream_Batch_p_ZL7threshs_2_63_ROM_AUTO_1R.v"]"\
## "[file normalize "$origin_dir/MVAU_hls_6_Matrix_Vector_Activate_Stream_Batch_p_ZL7threshs_2_64_ROM_AUTO_1R.v"]"\
## "[file normalize "$origin_dir/MVAU_hls_6_Matrix_Vector_Activate_Stream_Batch_p_ZL7threshs_2_65_ROM_AUTO_1R.v"]"\
## "[file normalize "$origin_dir/MVAU_hls_6_Matrix_Vector_Activate_Stream_Batch_p_ZL7threshs_2_66_ROM_AUTO_1R.v"]"\
## "[file normalize "$origin_dir/MVAU_hls_6_Matrix_Vector_Activate_Stream_Batch_p_ZL7threshs_2_67_ROM_AUTO_1R.v"]"\
## "[file normalize "$origin_dir/MVAU_hls_6_Matrix_Vector_Activate_Stream_Batch_p_ZL7threshs_2_68_ROM_AUTO_1R.v"]"\
## "[file normalize "$origin_dir/MVAU_hls_6_Matrix_Vector_Activate_Stream_Batch_p_ZL7threshs_2_69_ROM_AUTO_1R.v"]"\
## "[file normalize "$origin_dir/MVAU_hls_6_Matrix_Vector_Activate_Stream_Batch_p_ZL7threshs_2_6_ROM_AUTO_1R.v"]"\
## "[file normalize "$origin_dir/MVAU_hls_6_Matrix_Vector_Activate_Stream_Batch_p_ZL7threshs_2_70_ROM_AUTO_1R.v"]"\
## "[file normalize "$origin_dir/MVAU_hls_6_Matrix_Vector_Activate_Stream_Batch_p_ZL7threshs_2_71_ROM_AUTO_1R.v"]"\
## "[file normalize "$origin_dir/MVAU_hls_6_Matrix_Vector_Activate_Stream_Batch_p_ZL7threshs_2_72_ROM_AUTO_1R.v"]"\
## "[file normalize "$origin_dir/MVAU_hls_6_Matrix_Vector_Activate_Stream_Batch_p_ZL7threshs_2_73_ROM_AUTO_1R.v"]"\
## "[file normalize "$origin_dir/MVAU_hls_6_Matrix_Vector_Activate_Stream_Batch_p_ZL7threshs_2_74_ROM_AUTO_1R.v"]"\
## "[file normalize "$origin_dir/MVAU_hls_6_Matrix_Vector_Activate_Stream_Batch_p_ZL7threshs_2_75_ROM_AUTO_1R.v"]"\
## "[file normalize "$origin_dir/MVAU_hls_6_Matrix_Vector_Activate_Stream_Batch_p_ZL7threshs_2_76_ROM_AUTO_1R.v"]"\
## "[file normalize "$origin_dir/MVAU_hls_6_Matrix_Vector_Activate_Stream_Batch_p_ZL7threshs_2_77_ROM_AUTO_1R.v"]"\
## "[file normalize "$origin_dir/MVAU_hls_6_Matrix_Vector_Activate_Stream_Batch_p_ZL7threshs_2_78_ROM_AUTO_1R.v"]"\
## "[file normalize "$origin_dir/MVAU_hls_6_Matrix_Vector_Activate_Stream_Batch_p_ZL7threshs_2_79_ROM_AUTO_1R.v"]"\
## "[file normalize "$origin_dir/MVAU_hls_6_Matrix_Vector_Activate_Stream_Batch_p_ZL7threshs_2_7_ROM_AUTO_1R.v"]"\
## "[file normalize "$origin_dir/MVAU_hls_6_Matrix_Vector_Activate_Stream_Batch_p_ZL7threshs_2_80_ROM_AUTO_1R.v"]"\
## "[file normalize "$origin_dir/MVAU_hls_6_Matrix_Vector_Activate_Stream_Batch_p_ZL7threshs_2_81_ROM_AUTO_1R.v"]"\
## "[file normalize "$origin_dir/MVAU_hls_6_Matrix_Vector_Activate_Stream_Batch_p_ZL7threshs_2_82_ROM_AUTO_1R.v"]"\
## "[file normalize "$origin_dir/MVAU_hls_6_Matrix_Vector_Activate_Stream_Batch_p_ZL7threshs_2_83_ROM_AUTO_1R.v"]"\
## "[file normalize "$origin_dir/MVAU_hls_6_Matrix_Vector_Activate_Stream_Batch_p_ZL7threshs_2_84_ROM_AUTO_1R.v"]"\
## "[file normalize "$origin_dir/MVAU_hls_6_Matrix_Vector_Activate_Stream_Batch_p_ZL7threshs_2_85_ROM_AUTO_1R.v"]"\
## "[file normalize "$origin_dir/MVAU_hls_6_Matrix_Vector_Activate_Stream_Batch_p_ZL7threshs_2_86_ROM_AUTO_1R.v"]"\
## "[file normalize "$origin_dir/MVAU_hls_6_Matrix_Vector_Activate_Stream_Batch_p_ZL7threshs_2_87_ROM_AUTO_1R.v"]"\
## "[file normalize "$origin_dir/MVAU_hls_6_Matrix_Vector_Activate_Stream_Batch_p_ZL7threshs_2_88_ROM_AUTO_1R.v"]"\
## "[file normalize "$origin_dir/MVAU_hls_6_Matrix_Vector_Activate_Stream_Batch_p_ZL7threshs_2_89_ROM_AUTO_1R.v"]"\
## "[file normalize "$origin_dir/MVAU_hls_6_Matrix_Vector_Activate_Stream_Batch_p_ZL7threshs_2_8_ROM_AUTO_1R.v"]"\
## "[file normalize "$origin_dir/MVAU_hls_6_Matrix_Vector_Activate_Stream_Batch_p_ZL7threshs_2_90_ROM_AUTO_1R.v"]"\
## "[file normalize "$origin_dir/MVAU_hls_6_Matrix_Vector_Activate_Stream_Batch_p_ZL7threshs_2_91_ROM_AUTO_1R.v"]"\
## "[file normalize "$origin_dir/MVAU_hls_6_Matrix_Vector_Activate_Stream_Batch_p_ZL7threshs_2_92_ROM_AUTO_1R.v"]"\
## "[file normalize "$origin_dir/MVAU_hls_6_Matrix_Vector_Activate_Stream_Batch_p_ZL7threshs_2_93_ROM_AUTO_1R.v"]"\
## "[file normalize "$origin_dir/MVAU_hls_6_Matrix_Vector_Activate_Stream_Batch_p_ZL7threshs_2_94_ROM_AUTO_1R.v"]"\
## "[file normalize "$origin_dir/MVAU_hls_6_Matrix_Vector_Activate_Stream_Batch_p_ZL7threshs_2_95_ROM_AUTO_1R.v"]"\
## "[file normalize "$origin_dir/MVAU_hls_6_Matrix_Vector_Activate_Stream_Batch_p_ZL7threshs_2_96_ROM_AUTO_1R.v"]"\
## "[file normalize "$origin_dir/MVAU_hls_6_Matrix_Vector_Activate_Stream_Batch_p_ZL7threshs_2_97_ROM_AUTO_1R.v"]"\
## "[file normalize "$origin_dir/MVAU_hls_6_Matrix_Vector_Activate_Stream_Batch_p_ZL7threshs_2_98_ROM_AUTO_1R.v"]"\
## "[file normalize "$origin_dir/MVAU_hls_6_Matrix_Vector_Activate_Stream_Batch_p_ZL7threshs_2_99_ROM_AUTO_1R.v"]"\
## "[file normalize "$origin_dir/MVAU_hls_6_Matrix_Vector_Activate_Stream_Batch_p_ZL7threshs_2_9_ROM_AUTO_1R.v"]"\
## "[file normalize "$origin_dir/MVAU_hls_6_Matrix_Vector_Activate_Stream_Batch_p_ZL7threshs_3_0_ROM_AUTO_1R.v"]"\
## "[file normalize "$origin_dir/MVAU_hls_6_Matrix_Vector_Activate_Stream_Batch_p_ZL7threshs_3_100_ROM_AUTO_1R.v"]"\
## "[file normalize "$origin_dir/MVAU_hls_6_Matrix_Vector_Activate_Stream_Batch_p_ZL7threshs_3_101_ROM_AUTO_1R.v"]"\
## "[file normalize "$origin_dir/MVAU_hls_6_Matrix_Vector_Activate_Stream_Batch_p_ZL7threshs_3_102_ROM_AUTO_1R.v"]"\
## "[file normalize "$origin_dir/MVAU_hls_6_Matrix_Vector_Activate_Stream_Batch_p_ZL7threshs_3_103_ROM_AUTO_1R.v"]"\
## "[file normalize "$origin_dir/MVAU_hls_6_Matrix_Vector_Activate_Stream_Batch_p_ZL7threshs_3_104_ROM_AUTO_1R.v"]"\
## "[file normalize "$origin_dir/MVAU_hls_6_Matrix_Vector_Activate_Stream_Batch_p_ZL7threshs_3_105_ROM_AUTO_1R.v"]"\
## "[file normalize "$origin_dir/MVAU_hls_6_Matrix_Vector_Activate_Stream_Batch_p_ZL7threshs_3_106_ROM_AUTO_1R.v"]"\
## "[file normalize "$origin_dir/MVAU_hls_6_Matrix_Vector_Activate_Stream_Batch_p_ZL7threshs_3_107_ROM_AUTO_1R.v"]"\
## "[file normalize "$origin_dir/MVAU_hls_6_Matrix_Vector_Activate_Stream_Batch_p_ZL7threshs_3_108_ROM_AUTO_1R.v"]"\
## "[file normalize "$origin_dir/MVAU_hls_6_Matrix_Vector_Activate_Stream_Batch_p_ZL7threshs_3_109_ROM_AUTO_1R.v"]"\
## "[file normalize "$origin_dir/MVAU_hls_6_Matrix_Vector_Activate_Stream_Batch_p_ZL7threshs_3_10_ROM_AUTO_1R.v"]"\
## "[file normalize "$origin_dir/MVAU_hls_6_Matrix_Vector_Activate_Stream_Batch_p_ZL7threshs_3_110_ROM_AUTO_1R.v"]"\
## "[file normalize "$origin_dir/MVAU_hls_6_Matrix_Vector_Activate_Stream_Batch_p_ZL7threshs_3_111_ROM_AUTO_1R.v"]"\
## "[file normalize "$origin_dir/MVAU_hls_6_Matrix_Vector_Activate_Stream_Batch_p_ZL7threshs_3_112_ROM_AUTO_1R.v"]"\
## "[file normalize "$origin_dir/MVAU_hls_6_Matrix_Vector_Activate_Stream_Batch_p_ZL7threshs_3_113_ROM_AUTO_1R.v"]"\
## "[file normalize "$origin_dir/MVAU_hls_6_Matrix_Vector_Activate_Stream_Batch_p_ZL7threshs_3_114_ROM_AUTO_1R.v"]"\
## "[file normalize "$origin_dir/MVAU_hls_6_Matrix_Vector_Activate_Stream_Batch_p_ZL7threshs_3_115_ROM_AUTO_1R.v"]"\
## "[file normalize "$origin_dir/MVAU_hls_6_Matrix_Vector_Activate_Stream_Batch_p_ZL7threshs_3_116_ROM_AUTO_1R.v"]"\
## "[file normalize "$origin_dir/MVAU_hls_6_Matrix_Vector_Activate_Stream_Batch_p_ZL7threshs_3_117_ROM_AUTO_1R.v"]"\
## "[file normalize "$origin_dir/MVAU_hls_6_Matrix_Vector_Activate_Stream_Batch_p_ZL7threshs_3_118_ROM_AUTO_1R.v"]"\
## "[file normalize "$origin_dir/MVAU_hls_6_Matrix_Vector_Activate_Stream_Batch_p_ZL7threshs_3_119_ROM_AUTO_1R.v"]"\
## "[file normalize "$origin_dir/MVAU_hls_6_Matrix_Vector_Activate_Stream_Batch_p_ZL7threshs_3_11_ROM_AUTO_1R.v"]"\
## "[file normalize "$origin_dir/MVAU_hls_6_Matrix_Vector_Activate_Stream_Batch_p_ZL7threshs_3_120_ROM_AUTO_1R.v"]"\
## "[file normalize "$origin_dir/MVAU_hls_6_Matrix_Vector_Activate_Stream_Batch_p_ZL7threshs_3_121_ROM_AUTO_1R.v"]"\
## "[file normalize "$origin_dir/MVAU_hls_6_Matrix_Vector_Activate_Stream_Batch_p_ZL7threshs_3_122_ROM_AUTO_1R.v"]"\
## "[file normalize "$origin_dir/MVAU_hls_6_Matrix_Vector_Activate_Stream_Batch_p_ZL7threshs_3_123_ROM_AUTO_1R.v"]"\
## "[file normalize "$origin_dir/MVAU_hls_6_Matrix_Vector_Activate_Stream_Batch_p_ZL7threshs_3_124_ROM_AUTO_1R.v"]"\
## "[file normalize "$origin_dir/MVAU_hls_6_Matrix_Vector_Activate_Stream_Batch_p_ZL7threshs_3_125_ROM_AUTO_1R.v"]"\
## "[file normalize "$origin_dir/MVAU_hls_6_Matrix_Vector_Activate_Stream_Batch_p_ZL7threshs_3_126_ROM_AUTO_1R.v"]"\
## "[file normalize "$origin_dir/MVAU_hls_6_Matrix_Vector_Activate_Stream_Batch_p_ZL7threshs_3_127_ROM_AUTO_1R.v"]"\
## "[file normalize "$origin_dir/MVAU_hls_6_Matrix_Vector_Activate_Stream_Batch_p_ZL7threshs_3_128_ROM_AUTO_1R.v"]"\
## "[file normalize "$origin_dir/MVAU_hls_6_Matrix_Vector_Activate_Stream_Batch_p_ZL7threshs_3_129_ROM_AUTO_1R.v"]"\
## "[file normalize "$origin_dir/MVAU_hls_6_Matrix_Vector_Activate_Stream_Batch_p_ZL7threshs_3_12_ROM_AUTO_1R.v"]"\
## "[file normalize "$origin_dir/MVAU_hls_6_Matrix_Vector_Activate_Stream_Batch_p_ZL7threshs_3_130_ROM_AUTO_1R.v"]"\
## "[file normalize "$origin_dir/MVAU_hls_6_Matrix_Vector_Activate_Stream_Batch_p_ZL7threshs_3_131_ROM_AUTO_1R.v"]"\
## "[file normalize "$origin_dir/MVAU_hls_6_Matrix_Vector_Activate_Stream_Batch_p_ZL7threshs_3_132_ROM_AUTO_1R.v"]"\
## "[file normalize "$origin_dir/MVAU_hls_6_Matrix_Vector_Activate_Stream_Batch_p_ZL7threshs_3_133_ROM_AUTO_1R.v"]"\
## "[file normalize "$origin_dir/MVAU_hls_6_Matrix_Vector_Activate_Stream_Batch_p_ZL7threshs_3_134_ROM_AUTO_1R.v"]"\
## "[file normalize "$origin_dir/MVAU_hls_6_Matrix_Vector_Activate_Stream_Batch_p_ZL7threshs_3_135_ROM_AUTO_1R.v"]"\
## "[file normalize "$origin_dir/MVAU_hls_6_Matrix_Vector_Activate_Stream_Batch_p_ZL7threshs_3_136_ROM_AUTO_1R.v"]"\
## "[file normalize "$origin_dir/MVAU_hls_6_Matrix_Vector_Activate_Stream_Batch_p_ZL7threshs_3_137_ROM_AUTO_1R.v"]"\
## "[file normalize "$origin_dir/MVAU_hls_6_Matrix_Vector_Activate_Stream_Batch_p_ZL7threshs_3_138_ROM_AUTO_1R.v"]"\
## "[file normalize "$origin_dir/MVAU_hls_6_Matrix_Vector_Activate_Stream_Batch_p_ZL7threshs_3_139_ROM_AUTO_1R.v"]"\
## "[file normalize "$origin_dir/MVAU_hls_6_Matrix_Vector_Activate_Stream_Batch_p_ZL7threshs_3_13_ROM_AUTO_1R.v"]"\
## "[file normalize "$origin_dir/MVAU_hls_6_Matrix_Vector_Activate_Stream_Batch_p_ZL7threshs_3_140_ROM_AUTO_1R.v"]"\
## "[file normalize "$origin_dir/MVAU_hls_6_Matrix_Vector_Activate_Stream_Batch_p_ZL7threshs_3_141_ROM_AUTO_1R.v"]"\
## "[file normalize "$origin_dir/MVAU_hls_6_Matrix_Vector_Activate_Stream_Batch_p_ZL7threshs_3_142_ROM_AUTO_1R.v"]"\
## "[file normalize "$origin_dir/MVAU_hls_6_Matrix_Vector_Activate_Stream_Batch_p_ZL7threshs_3_143_ROM_AUTO_1R.v"]"\
## "[file normalize "$origin_dir/MVAU_hls_6_Matrix_Vector_Activate_Stream_Batch_p_ZL7threshs_3_144_ROM_AUTO_1R.v"]"\
## "[file normalize "$origin_dir/MVAU_hls_6_Matrix_Vector_Activate_Stream_Batch_p_ZL7threshs_3_145_ROM_AUTO_1R.v"]"\
## "[file normalize "$origin_dir/MVAU_hls_6_Matrix_Vector_Activate_Stream_Batch_p_ZL7threshs_3_146_ROM_AUTO_1R.v"]"\
## "[file normalize "$origin_dir/MVAU_hls_6_Matrix_Vector_Activate_Stream_Batch_p_ZL7threshs_3_147_ROM_AUTO_1R.v"]"\
## "[file normalize "$origin_dir/MVAU_hls_6_Matrix_Vector_Activate_Stream_Batch_p_ZL7threshs_3_148_ROM_AUTO_1R.v"]"\
## "[file normalize "$origin_dir/MVAU_hls_6_Matrix_Vector_Activate_Stream_Batch_p_ZL7threshs_3_149_ROM_AUTO_1R.v"]"\
## "[file normalize "$origin_dir/MVAU_hls_6_Matrix_Vector_Activate_Stream_Batch_p_ZL7threshs_3_14_ROM_AUTO_1R.v"]"\
## "[file normalize "$origin_dir/MVAU_hls_6_Matrix_Vector_Activate_Stream_Batch_p_ZL7threshs_3_150_ROM_AUTO_1R.v"]"\
## "[file normalize "$origin_dir/MVAU_hls_6_Matrix_Vector_Activate_Stream_Batch_p_ZL7threshs_3_151_ROM_AUTO_1R.v"]"\
## "[file normalize "$origin_dir/MVAU_hls_6_Matrix_Vector_Activate_Stream_Batch_p_ZL7threshs_3_152_ROM_AUTO_1R.v"]"\
## "[file normalize "$origin_dir/MVAU_hls_6_Matrix_Vector_Activate_Stream_Batch_p_ZL7threshs_3_153_ROM_AUTO_1R.v"]"\
## "[file normalize "$origin_dir/MVAU_hls_6_Matrix_Vector_Activate_Stream_Batch_p_ZL7threshs_3_154_ROM_AUTO_1R.v"]"\
## "[file normalize "$origin_dir/MVAU_hls_6_Matrix_Vector_Activate_Stream_Batch_p_ZL7threshs_3_155_ROM_AUTO_1R.v"]"\
## "[file normalize "$origin_dir/MVAU_hls_6_Matrix_Vector_Activate_Stream_Batch_p_ZL7threshs_3_156_ROM_AUTO_1R.v"]"\
## "[file normalize "$origin_dir/MVAU_hls_6_Matrix_Vector_Activate_Stream_Batch_p_ZL7threshs_3_157_ROM_AUTO_1R.v"]"\
## "[file normalize "$origin_dir/MVAU_hls_6_Matrix_Vector_Activate_Stream_Batch_p_ZL7threshs_3_158_ROM_AUTO_1R.v"]"\
## "[file normalize "$origin_dir/MVAU_hls_6_Matrix_Vector_Activate_Stream_Batch_p_ZL7threshs_3_159_ROM_AUTO_1R.v"]"\
## "[file normalize "$origin_dir/MVAU_hls_6_Matrix_Vector_Activate_Stream_Batch_p_ZL7threshs_3_15_ROM_AUTO_1R.v"]"\
## "[file normalize "$origin_dir/MVAU_hls_6_Matrix_Vector_Activate_Stream_Batch_p_ZL7threshs_3_160_ROM_AUTO_1R.v"]"\
## "[file normalize "$origin_dir/MVAU_hls_6_Matrix_Vector_Activate_Stream_Batch_p_ZL7threshs_3_161_ROM_AUTO_1R.v"]"\
## "[file normalize "$origin_dir/MVAU_hls_6_Matrix_Vector_Activate_Stream_Batch_p_ZL7threshs_3_162_ROM_AUTO_1R.v"]"\
## "[file normalize "$origin_dir/MVAU_hls_6_Matrix_Vector_Activate_Stream_Batch_p_ZL7threshs_3_163_ROM_AUTO_1R.v"]"\
## "[file normalize "$origin_dir/MVAU_hls_6_Matrix_Vector_Activate_Stream_Batch_p_ZL7threshs_3_164_ROM_AUTO_1R.v"]"\
## "[file normalize "$origin_dir/MVAU_hls_6_Matrix_Vector_Activate_Stream_Batch_p_ZL7threshs_3_165_ROM_AUTO_1R.v"]"\
## "[file normalize "$origin_dir/MVAU_hls_6_Matrix_Vector_Activate_Stream_Batch_p_ZL7threshs_3_166_ROM_AUTO_1R.v"]"\
## "[file normalize "$origin_dir/MVAU_hls_6_Matrix_Vector_Activate_Stream_Batch_p_ZL7threshs_3_167_ROM_AUTO_1R.v"]"\
## "[file normalize "$origin_dir/MVAU_hls_6_Matrix_Vector_Activate_Stream_Batch_p_ZL7threshs_3_168_ROM_AUTO_1R.v"]"\
## "[file normalize "$origin_dir/MVAU_hls_6_Matrix_Vector_Activate_Stream_Batch_p_ZL7threshs_3_169_ROM_AUTO_1R.v"]"\
## "[file normalize "$origin_dir/MVAU_hls_6_Matrix_Vector_Activate_Stream_Batch_p_ZL7threshs_3_16_ROM_AUTO_1R.v"]"\
## "[file normalize "$origin_dir/MVAU_hls_6_Matrix_Vector_Activate_Stream_Batch_p_ZL7threshs_3_170_ROM_AUTO_1R.v"]"\
## "[file normalize "$origin_dir/MVAU_hls_6_Matrix_Vector_Activate_Stream_Batch_p_ZL7threshs_3_171_ROM_AUTO_1R.v"]"\
## "[file normalize "$origin_dir/MVAU_hls_6_Matrix_Vector_Activate_Stream_Batch_p_ZL7threshs_3_172_ROM_AUTO_1R.v"]"\
## "[file normalize "$origin_dir/MVAU_hls_6_Matrix_Vector_Activate_Stream_Batch_p_ZL7threshs_3_173_ROM_AUTO_1R.v"]"\
## "[file normalize "$origin_dir/MVAU_hls_6_Matrix_Vector_Activate_Stream_Batch_p_ZL7threshs_3_174_ROM_AUTO_1R.v"]"\
## "[file normalize "$origin_dir/MVAU_hls_6_Matrix_Vector_Activate_Stream_Batch_p_ZL7threshs_3_175_ROM_AUTO_1R.v"]"\
## "[file normalize "$origin_dir/MVAU_hls_6_Matrix_Vector_Activate_Stream_Batch_p_ZL7threshs_3_176_ROM_AUTO_1R.v"]"\
## "[file normalize "$origin_dir/MVAU_hls_6_Matrix_Vector_Activate_Stream_Batch_p_ZL7threshs_3_177_ROM_AUTO_1R.v"]"\
## "[file normalize "$origin_dir/MVAU_hls_6_Matrix_Vector_Activate_Stream_Batch_p_ZL7threshs_3_178_ROM_AUTO_1R.v"]"\
## "[file normalize "$origin_dir/MVAU_hls_6_Matrix_Vector_Activate_Stream_Batch_p_ZL7threshs_3_179_ROM_AUTO_1R.v"]"\
## "[file normalize "$origin_dir/MVAU_hls_6_Matrix_Vector_Activate_Stream_Batch_p_ZL7threshs_3_17_ROM_AUTO_1R.v"]"\
## "[file normalize "$origin_dir/MVAU_hls_6_Matrix_Vector_Activate_Stream_Batch_p_ZL7threshs_3_180_ROM_AUTO_1R.v"]"\
## "[file normalize "$origin_dir/MVAU_hls_6_Matrix_Vector_Activate_Stream_Batch_p_ZL7threshs_3_181_ROM_AUTO_1R.v"]"\
## "[file normalize "$origin_dir/MVAU_hls_6_Matrix_Vector_Activate_Stream_Batch_p_ZL7threshs_3_182_ROM_AUTO_1R.v"]"\
## "[file normalize "$origin_dir/MVAU_hls_6_Matrix_Vector_Activate_Stream_Batch_p_ZL7threshs_3_183_ROM_AUTO_1R.v"]"\
## "[file normalize "$origin_dir/MVAU_hls_6_Matrix_Vector_Activate_Stream_Batch_p_ZL7threshs_3_184_ROM_AUTO_1R.v"]"\
## "[file normalize "$origin_dir/MVAU_hls_6_Matrix_Vector_Activate_Stream_Batch_p_ZL7threshs_3_185_ROM_AUTO_1R.v"]"\
## "[file normalize "$origin_dir/MVAU_hls_6_Matrix_Vector_Activate_Stream_Batch_p_ZL7threshs_3_186_ROM_AUTO_1R.v"]"\
## "[file normalize "$origin_dir/MVAU_hls_6_Matrix_Vector_Activate_Stream_Batch_p_ZL7threshs_3_187_ROM_AUTO_1R.v"]"\
## "[file normalize "$origin_dir/MVAU_hls_6_Matrix_Vector_Activate_Stream_Batch_p_ZL7threshs_3_188_ROM_AUTO_1R.v"]"\
## "[file normalize "$origin_dir/MVAU_hls_6_Matrix_Vector_Activate_Stream_Batch_p_ZL7threshs_3_189_ROM_AUTO_1R.v"]"\
## "[file normalize "$origin_dir/MVAU_hls_6_Matrix_Vector_Activate_Stream_Batch_p_ZL7threshs_3_18_ROM_AUTO_1R.v"]"\
## "[file normalize "$origin_dir/MVAU_hls_6_Matrix_Vector_Activate_Stream_Batch_p_ZL7threshs_3_190_ROM_AUTO_1R.v"]"\
## "[file normalize "$origin_dir/MVAU_hls_6_Matrix_Vector_Activate_Stream_Batch_p_ZL7threshs_3_191_ROM_AUTO_1R.v"]"\
## "[file normalize "$origin_dir/MVAU_hls_6_Matrix_Vector_Activate_Stream_Batch_p_ZL7threshs_3_192_ROM_AUTO_1R.v"]"\
## "[file normalize "$origin_dir/MVAU_hls_6_Matrix_Vector_Activate_Stream_Batch_p_ZL7threshs_3_193_ROM_AUTO_1R.v"]"\
## "[file normalize "$origin_dir/MVAU_hls_6_Matrix_Vector_Activate_Stream_Batch_p_ZL7threshs_3_194_ROM_AUTO_1R.v"]"\
## "[file normalize "$origin_dir/MVAU_hls_6_Matrix_Vector_Activate_Stream_Batch_p_ZL7threshs_3_195_ROM_AUTO_1R.v"]"\
## "[file normalize "$origin_dir/MVAU_hls_6_Matrix_Vector_Activate_Stream_Batch_p_ZL7threshs_3_196_ROM_AUTO_1R.v"]"\
## "[file normalize "$origin_dir/MVAU_hls_6_Matrix_Vector_Activate_Stream_Batch_p_ZL7threshs_3_197_ROM_AUTO_1R.v"]"\
## "[file normalize "$origin_dir/MVAU_hls_6_Matrix_Vector_Activate_Stream_Batch_p_ZL7threshs_3_198_ROM_AUTO_1R.v"]"\
## "[file normalize "$origin_dir/MVAU_hls_6_Matrix_Vector_Activate_Stream_Batch_p_ZL7threshs_3_199_ROM_AUTO_1R.v"]"\
## "[file normalize "$origin_dir/MVAU_hls_6_Matrix_Vector_Activate_Stream_Batch_p_ZL7threshs_3_19_ROM_AUTO_1R.v"]"\
## "[file normalize "$origin_dir/MVAU_hls_6_Matrix_Vector_Activate_Stream_Batch_p_ZL7threshs_3_1_ROM_AUTO_1R.v"]"\
## "[file normalize "$origin_dir/MVAU_hls_6_Matrix_Vector_Activate_Stream_Batch_p_ZL7threshs_3_200_ROM_AUTO_1R.v"]"\
## "[file normalize "$origin_dir/MVAU_hls_6_Matrix_Vector_Activate_Stream_Batch_p_ZL7threshs_3_201_ROM_AUTO_1R.v"]"\
## "[file normalize "$origin_dir/MVAU_hls_6_Matrix_Vector_Activate_Stream_Batch_p_ZL7threshs_3_202_ROM_AUTO_1R.v"]"\
## "[file normalize "$origin_dir/MVAU_hls_6_Matrix_Vector_Activate_Stream_Batch_p_ZL7threshs_3_203_ROM_AUTO_1R.v"]"\
## "[file normalize "$origin_dir/MVAU_hls_6_Matrix_Vector_Activate_Stream_Batch_p_ZL7threshs_3_204_ROM_AUTO_1R.v"]"\
## "[file normalize "$origin_dir/MVAU_hls_6_Matrix_Vector_Activate_Stream_Batch_p_ZL7threshs_3_205_ROM_AUTO_1R.v"]"\
## "[file normalize "$origin_dir/MVAU_hls_6_Matrix_Vector_Activate_Stream_Batch_p_ZL7threshs_3_206_ROM_AUTO_1R.v"]"\
## "[file normalize "$origin_dir/MVAU_hls_6_Matrix_Vector_Activate_Stream_Batch_p_ZL7threshs_3_207_ROM_AUTO_1R.v"]"\
## "[file normalize "$origin_dir/MVAU_hls_6_Matrix_Vector_Activate_Stream_Batch_p_ZL7threshs_3_208_ROM_AUTO_1R.v"]"\
## "[file normalize "$origin_dir/MVAU_hls_6_Matrix_Vector_Activate_Stream_Batch_p_ZL7threshs_3_209_ROM_AUTO_1R.v"]"\
## "[file normalize "$origin_dir/MVAU_hls_6_Matrix_Vector_Activate_Stream_Batch_p_ZL7threshs_3_20_ROM_AUTO_1R.v"]"\
## "[file normalize "$origin_dir/MVAU_hls_6_Matrix_Vector_Activate_Stream_Batch_p_ZL7threshs_3_210_ROM_AUTO_1R.v"]"\
## "[file normalize "$origin_dir/MVAU_hls_6_Matrix_Vector_Activate_Stream_Batch_p_ZL7threshs_3_211_ROM_AUTO_1R.v"]"\
## "[file normalize "$origin_dir/MVAU_hls_6_Matrix_Vector_Activate_Stream_Batch_p_ZL7threshs_3_212_ROM_AUTO_1R.v"]"\
## "[file normalize "$origin_dir/MVAU_hls_6_Matrix_Vector_Activate_Stream_Batch_p_ZL7threshs_3_213_ROM_AUTO_1R.v"]"\
## "[file normalize "$origin_dir/MVAU_hls_6_Matrix_Vector_Activate_Stream_Batch_p_ZL7threshs_3_214_ROM_AUTO_1R.v"]"\
## "[file normalize "$origin_dir/MVAU_hls_6_Matrix_Vector_Activate_Stream_Batch_p_ZL7threshs_3_215_ROM_AUTO_1R.v"]"\
## "[file normalize "$origin_dir/MVAU_hls_6_Matrix_Vector_Activate_Stream_Batch_p_ZL7threshs_3_216_ROM_AUTO_1R.v"]"\
## "[file normalize "$origin_dir/MVAU_hls_6_Matrix_Vector_Activate_Stream_Batch_p_ZL7threshs_3_217_ROM_AUTO_1R.v"]"\
## "[file normalize "$origin_dir/MVAU_hls_6_Matrix_Vector_Activate_Stream_Batch_p_ZL7threshs_3_218_ROM_AUTO_1R.v"]"\
## "[file normalize "$origin_dir/MVAU_hls_6_Matrix_Vector_Activate_Stream_Batch_p_ZL7threshs_3_219_ROM_AUTO_1R.v"]"\
## "[file normalize "$origin_dir/MVAU_hls_6_Matrix_Vector_Activate_Stream_Batch_p_ZL7threshs_3_21_ROM_AUTO_1R.v"]"\
## "[file normalize "$origin_dir/MVAU_hls_6_Matrix_Vector_Activate_Stream_Batch_p_ZL7threshs_3_220_ROM_AUTO_1R.v"]"\
## "[file normalize "$origin_dir/MVAU_hls_6_Matrix_Vector_Activate_Stream_Batch_p_ZL7threshs_3_221_ROM_AUTO_1R.v"]"\
## "[file normalize "$origin_dir/MVAU_hls_6_Matrix_Vector_Activate_Stream_Batch_p_ZL7threshs_3_222_ROM_AUTO_1R.v"]"\
## "[file normalize "$origin_dir/MVAU_hls_6_Matrix_Vector_Activate_Stream_Batch_p_ZL7threshs_3_223_ROM_AUTO_1R.v"]"\
## "[file normalize "$origin_dir/MVAU_hls_6_Matrix_Vector_Activate_Stream_Batch_p_ZL7threshs_3_224_ROM_AUTO_1R.v"]"\
## "[file normalize "$origin_dir/MVAU_hls_6_Matrix_Vector_Activate_Stream_Batch_p_ZL7threshs_3_225_ROM_AUTO_1R.v"]"\
## "[file normalize "$origin_dir/MVAU_hls_6_Matrix_Vector_Activate_Stream_Batch_p_ZL7threshs_3_226_ROM_AUTO_1R.v"]"\
## "[file normalize "$origin_dir/MVAU_hls_6_Matrix_Vector_Activate_Stream_Batch_p_ZL7threshs_3_227_ROM_AUTO_1R.v"]"\
## "[file normalize "$origin_dir/MVAU_hls_6_Matrix_Vector_Activate_Stream_Batch_p_ZL7threshs_3_228_ROM_AUTO_1R.v"]"\
## "[file normalize "$origin_dir/MVAU_hls_6_Matrix_Vector_Activate_Stream_Batch_p_ZL7threshs_3_229_ROM_AUTO_1R.v"]"\
## "[file normalize "$origin_dir/MVAU_hls_6_Matrix_Vector_Activate_Stream_Batch_p_ZL7threshs_3_22_ROM_AUTO_1R.v"]"\
## "[file normalize "$origin_dir/MVAU_hls_6_Matrix_Vector_Activate_Stream_Batch_p_ZL7threshs_3_230_ROM_AUTO_1R.v"]"\
## "[file normalize "$origin_dir/MVAU_hls_6_Matrix_Vector_Activate_Stream_Batch_p_ZL7threshs_3_231_ROM_AUTO_1R.v"]"\
## "[file normalize "$origin_dir/MVAU_hls_6_Matrix_Vector_Activate_Stream_Batch_p_ZL7threshs_3_232_ROM_AUTO_1R.v"]"\
## "[file normalize "$origin_dir/MVAU_hls_6_Matrix_Vector_Activate_Stream_Batch_p_ZL7threshs_3_233_ROM_AUTO_1R.v"]"\
## "[file normalize "$origin_dir/MVAU_hls_6_Matrix_Vector_Activate_Stream_Batch_p_ZL7threshs_3_234_ROM_AUTO_1R.v"]"\
## "[file normalize "$origin_dir/MVAU_hls_6_Matrix_Vector_Activate_Stream_Batch_p_ZL7threshs_3_235_ROM_AUTO_1R.v"]"\
## "[file normalize "$origin_dir/MVAU_hls_6_Matrix_Vector_Activate_Stream_Batch_p_ZL7threshs_3_236_ROM_AUTO_1R.v"]"\
## "[file normalize "$origin_dir/MVAU_hls_6_Matrix_Vector_Activate_Stream_Batch_p_ZL7threshs_3_237_ROM_AUTO_1R.v"]"\
## "[file normalize "$origin_dir/MVAU_hls_6_Matrix_Vector_Activate_Stream_Batch_p_ZL7threshs_3_238_ROM_AUTO_1R.v"]"\
## "[file normalize "$origin_dir/MVAU_hls_6_Matrix_Vector_Activate_Stream_Batch_p_ZL7threshs_3_239_ROM_AUTO_1R.v"]"\
## "[file normalize "$origin_dir/MVAU_hls_6_Matrix_Vector_Activate_Stream_Batch_p_ZL7threshs_3_23_ROM_AUTO_1R.v"]"\
## "[file normalize "$origin_dir/MVAU_hls_6_Matrix_Vector_Activate_Stream_Batch_p_ZL7threshs_3_240_ROM_AUTO_1R.v"]"\
## "[file normalize "$origin_dir/MVAU_hls_6_Matrix_Vector_Activate_Stream_Batch_p_ZL7threshs_3_241_ROM_AUTO_1R.v"]"\
## "[file normalize "$origin_dir/MVAU_hls_6_Matrix_Vector_Activate_Stream_Batch_p_ZL7threshs_3_242_ROM_AUTO_1R.v"]"\
## "[file normalize "$origin_dir/MVAU_hls_6_Matrix_Vector_Activate_Stream_Batch_p_ZL7threshs_3_243_ROM_AUTO_1R.v"]"\
## "[file normalize "$origin_dir/MVAU_hls_6_Matrix_Vector_Activate_Stream_Batch_p_ZL7threshs_3_244_ROM_AUTO_1R.v"]"\
## "[file normalize "$origin_dir/MVAU_hls_6_Matrix_Vector_Activate_Stream_Batch_p_ZL7threshs_3_245_ROM_AUTO_1R.v"]"\
## "[file normalize "$origin_dir/MVAU_hls_6_Matrix_Vector_Activate_Stream_Batch_p_ZL7threshs_3_246_ROM_AUTO_1R.v"]"\
## "[file normalize "$origin_dir/MVAU_hls_6_Matrix_Vector_Activate_Stream_Batch_p_ZL7threshs_3_247_ROM_AUTO_1R.v"]"\
## "[file normalize "$origin_dir/MVAU_hls_6_Matrix_Vector_Activate_Stream_Batch_p_ZL7threshs_3_248_ROM_AUTO_1R.v"]"\
## "[file normalize "$origin_dir/MVAU_hls_6_Matrix_Vector_Activate_Stream_Batch_p_ZL7threshs_3_249_ROM_AUTO_1R.v"]"\
## "[file normalize "$origin_dir/MVAU_hls_6_Matrix_Vector_Activate_Stream_Batch_p_ZL7threshs_3_24_ROM_AUTO_1R.v"]"\
## "[file normalize "$origin_dir/MVAU_hls_6_Matrix_Vector_Activate_Stream_Batch_p_ZL7threshs_3_250_ROM_AUTO_1R.v"]"\
## "[file normalize "$origin_dir/MVAU_hls_6_Matrix_Vector_Activate_Stream_Batch_p_ZL7threshs_3_251_ROM_AUTO_1R.v"]"\
## "[file normalize "$origin_dir/MVAU_hls_6_Matrix_Vector_Activate_Stream_Batch_p_ZL7threshs_3_252_ROM_AUTO_1R.v"]"\
## "[file normalize "$origin_dir/MVAU_hls_6_Matrix_Vector_Activate_Stream_Batch_p_ZL7threshs_3_253_ROM_AUTO_1R.v"]"\
## "[file normalize "$origin_dir/MVAU_hls_6_Matrix_Vector_Activate_Stream_Batch_p_ZL7threshs_3_254_ROM_AUTO_1R.v"]"\
## "[file normalize "$origin_dir/MVAU_hls_6_Matrix_Vector_Activate_Stream_Batch_p_ZL7threshs_3_25_ROM_AUTO_1R.v"]"\
## "[file normalize "$origin_dir/MVAU_hls_6_Matrix_Vector_Activate_Stream_Batch_p_ZL7threshs_3_26_ROM_AUTO_1R.v"]"\
## "[file normalize "$origin_dir/MVAU_hls_6_Matrix_Vector_Activate_Stream_Batch_p_ZL7threshs_3_27_ROM_AUTO_1R.v"]"\
## "[file normalize "$origin_dir/MVAU_hls_6_Matrix_Vector_Activate_Stream_Batch_p_ZL7threshs_3_28_ROM_AUTO_1R.v"]"\
## "[file normalize "$origin_dir/MVAU_hls_6_Matrix_Vector_Activate_Stream_Batch_p_ZL7threshs_3_29_ROM_AUTO_1R.v"]"\
## "[file normalize "$origin_dir/MVAU_hls_6_Matrix_Vector_Activate_Stream_Batch_p_ZL7threshs_3_2_ROM_AUTO_1R.v"]"\
## "[file normalize "$origin_dir/MVAU_hls_6_Matrix_Vector_Activate_Stream_Batch_p_ZL7threshs_3_30_ROM_AUTO_1R.v"]"\
## "[file normalize "$origin_dir/MVAU_hls_6_Matrix_Vector_Activate_Stream_Batch_p_ZL7threshs_3_31_ROM_AUTO_1R.v"]"\
## "[file normalize "$origin_dir/MVAU_hls_6_Matrix_Vector_Activate_Stream_Batch_p_ZL7threshs_3_32_ROM_AUTO_1R.v"]"\
## "[file normalize "$origin_dir/MVAU_hls_6_Matrix_Vector_Activate_Stream_Batch_p_ZL7threshs_3_33_ROM_AUTO_1R.v"]"\
## "[file normalize "$origin_dir/MVAU_hls_6_Matrix_Vector_Activate_Stream_Batch_p_ZL7threshs_3_34_ROM_AUTO_1R.v"]"\
## "[file normalize "$origin_dir/MVAU_hls_6_Matrix_Vector_Activate_Stream_Batch_p_ZL7threshs_3_35_ROM_AUTO_1R.v"]"\
## "[file normalize "$origin_dir/MVAU_hls_6_Matrix_Vector_Activate_Stream_Batch_p_ZL7threshs_3_36_ROM_AUTO_1R.v"]"\
## "[file normalize "$origin_dir/MVAU_hls_6_Matrix_Vector_Activate_Stream_Batch_p_ZL7threshs_3_37_ROM_AUTO_1R.v"]"\
## "[file normalize "$origin_dir/MVAU_hls_6_Matrix_Vector_Activate_Stream_Batch_p_ZL7threshs_3_38_ROM_AUTO_1R.v"]"\
## "[file normalize "$origin_dir/MVAU_hls_6_Matrix_Vector_Activate_Stream_Batch_p_ZL7threshs_3_39_ROM_AUTO_1R.v"]"\
## "[file normalize "$origin_dir/MVAU_hls_6_Matrix_Vector_Activate_Stream_Batch_p_ZL7threshs_3_3_ROM_AUTO_1R.v"]"\
## "[file normalize "$origin_dir/MVAU_hls_6_Matrix_Vector_Activate_Stream_Batch_p_ZL7threshs_3_40_ROM_AUTO_1R.v"]"\
## "[file normalize "$origin_dir/MVAU_hls_6_Matrix_Vector_Activate_Stream_Batch_p_ZL7threshs_3_41_ROM_AUTO_1R.v"]"\
## "[file normalize "$origin_dir/MVAU_hls_6_Matrix_Vector_Activate_Stream_Batch_p_ZL7threshs_3_42_ROM_AUTO_1R.v"]"\
## "[file normalize "$origin_dir/MVAU_hls_6_Matrix_Vector_Activate_Stream_Batch_p_ZL7threshs_3_43_ROM_AUTO_1R.v"]"\
## "[file normalize "$origin_dir/MVAU_hls_6_Matrix_Vector_Activate_Stream_Batch_p_ZL7threshs_3_44_ROM_AUTO_1R.v"]"\
## "[file normalize "$origin_dir/MVAU_hls_6_Matrix_Vector_Activate_Stream_Batch_p_ZL7threshs_3_45_ROM_AUTO_1R.v"]"\
## "[file normalize "$origin_dir/MVAU_hls_6_Matrix_Vector_Activate_Stream_Batch_p_ZL7threshs_3_46_ROM_AUTO_1R.v"]"\
## "[file normalize "$origin_dir/MVAU_hls_6_Matrix_Vector_Activate_Stream_Batch_p_ZL7threshs_3_47_ROM_AUTO_1R.v"]"\
## "[file normalize "$origin_dir/MVAU_hls_6_Matrix_Vector_Activate_Stream_Batch_p_ZL7threshs_3_48_ROM_AUTO_1R.v"]"\
## "[file normalize "$origin_dir/MVAU_hls_6_Matrix_Vector_Activate_Stream_Batch_p_ZL7threshs_3_49_ROM_AUTO_1R.v"]"\
## "[file normalize "$origin_dir/MVAU_hls_6_Matrix_Vector_Activate_Stream_Batch_p_ZL7threshs_3_4_ROM_AUTO_1R.v"]"\
## "[file normalize "$origin_dir/MVAU_hls_6_Matrix_Vector_Activate_Stream_Batch_p_ZL7threshs_3_50_ROM_AUTO_1R.v"]"\
## "[file normalize "$origin_dir/MVAU_hls_6_Matrix_Vector_Activate_Stream_Batch_p_ZL7threshs_3_51_ROM_AUTO_1R.v"]"\
## "[file normalize "$origin_dir/MVAU_hls_6_Matrix_Vector_Activate_Stream_Batch_p_ZL7threshs_3_52_ROM_AUTO_1R.v"]"\
## "[file normalize "$origin_dir/MVAU_hls_6_Matrix_Vector_Activate_Stream_Batch_p_ZL7threshs_3_53_ROM_AUTO_1R.v"]"\
## "[file normalize "$origin_dir/MVAU_hls_6_Matrix_Vector_Activate_Stream_Batch_p_ZL7threshs_3_54_ROM_AUTO_1R.v"]"\
## "[file normalize "$origin_dir/MVAU_hls_6_Matrix_Vector_Activate_Stream_Batch_p_ZL7threshs_3_55_ROM_AUTO_1R.v"]"\
## "[file normalize "$origin_dir/MVAU_hls_6_Matrix_Vector_Activate_Stream_Batch_p_ZL7threshs_3_56_ROM_AUTO_1R.v"]"\
## "[file normalize "$origin_dir/MVAU_hls_6_Matrix_Vector_Activate_Stream_Batch_p_ZL7threshs_3_57_ROM_AUTO_1R.v"]"\
## "[file normalize "$origin_dir/MVAU_hls_6_Matrix_Vector_Activate_Stream_Batch_p_ZL7threshs_3_58_ROM_AUTO_1R.v"]"\
## "[file normalize "$origin_dir/MVAU_hls_6_Matrix_Vector_Activate_Stream_Batch_p_ZL7threshs_3_59_ROM_AUTO_1R.v"]"\
## "[file normalize "$origin_dir/MVAU_hls_6_Matrix_Vector_Activate_Stream_Batch_p_ZL7threshs_3_5_ROM_AUTO_1R.v"]"\
## "[file normalize "$origin_dir/MVAU_hls_6_Matrix_Vector_Activate_Stream_Batch_p_ZL7threshs_3_60_ROM_AUTO_1R.v"]"\
## "[file normalize "$origin_dir/MVAU_hls_6_Matrix_Vector_Activate_Stream_Batch_p_ZL7threshs_3_61_ROM_AUTO_1R.v"]"\
## "[file normalize "$origin_dir/MVAU_hls_6_Matrix_Vector_Activate_Stream_Batch_p_ZL7threshs_3_62_ROM_AUTO_1R.v"]"\
## "[file normalize "$origin_dir/MVAU_hls_6_Matrix_Vector_Activate_Stream_Batch_p_ZL7threshs_3_63_ROM_AUTO_1R.v"]"\
## "[file normalize "$origin_dir/MVAU_hls_6_Matrix_Vector_Activate_Stream_Batch_p_ZL7threshs_3_64_ROM_AUTO_1R.v"]"\
## "[file normalize "$origin_dir/MVAU_hls_6_Matrix_Vector_Activate_Stream_Batch_p_ZL7threshs_3_65_ROM_AUTO_1R.v"]"\
## "[file normalize "$origin_dir/MVAU_hls_6_Matrix_Vector_Activate_Stream_Batch_p_ZL7threshs_3_66_ROM_AUTO_1R.v"]"\
## "[file normalize "$origin_dir/MVAU_hls_6_Matrix_Vector_Activate_Stream_Batch_p_ZL7threshs_3_67_ROM_AUTO_1R.v"]"\
## "[file normalize "$origin_dir/MVAU_hls_6_Matrix_Vector_Activate_Stream_Batch_p_ZL7threshs_3_68_ROM_AUTO_1R.v"]"\
## "[file normalize "$origin_dir/MVAU_hls_6_Matrix_Vector_Activate_Stream_Batch_p_ZL7threshs_3_69_ROM_AUTO_1R.v"]"\
## "[file normalize "$origin_dir/MVAU_hls_6_Matrix_Vector_Activate_Stream_Batch_p_ZL7threshs_3_6_ROM_AUTO_1R.v"]"\
## "[file normalize "$origin_dir/MVAU_hls_6_Matrix_Vector_Activate_Stream_Batch_p_ZL7threshs_3_70_ROM_AUTO_1R.v"]"\
## "[file normalize "$origin_dir/MVAU_hls_6_Matrix_Vector_Activate_Stream_Batch_p_ZL7threshs_3_71_ROM_AUTO_1R.v"]"\
## "[file normalize "$origin_dir/MVAU_hls_6_Matrix_Vector_Activate_Stream_Batch_p_ZL7threshs_3_72_ROM_AUTO_1R.v"]"\
## "[file normalize "$origin_dir/MVAU_hls_6_Matrix_Vector_Activate_Stream_Batch_p_ZL7threshs_3_73_ROM_AUTO_1R.v"]"\
## "[file normalize "$origin_dir/MVAU_hls_6_Matrix_Vector_Activate_Stream_Batch_p_ZL7threshs_3_74_ROM_AUTO_1R.v"]"\
## "[file normalize "$origin_dir/MVAU_hls_6_Matrix_Vector_Activate_Stream_Batch_p_ZL7threshs_3_75_ROM_AUTO_1R.v"]"\
## "[file normalize "$origin_dir/MVAU_hls_6_Matrix_Vector_Activate_Stream_Batch_p_ZL7threshs_3_76_ROM_AUTO_1R.v"]"\
## "[file normalize "$origin_dir/MVAU_hls_6_Matrix_Vector_Activate_Stream_Batch_p_ZL7threshs_3_77_ROM_AUTO_1R.v"]"\
## "[file normalize "$origin_dir/MVAU_hls_6_Matrix_Vector_Activate_Stream_Batch_p_ZL7threshs_3_78_ROM_AUTO_1R.v"]"\
## "[file normalize "$origin_dir/MVAU_hls_6_Matrix_Vector_Activate_Stream_Batch_p_ZL7threshs_3_79_ROM_AUTO_1R.v"]"\
## "[file normalize "$origin_dir/MVAU_hls_6_Matrix_Vector_Activate_Stream_Batch_p_ZL7threshs_3_7_ROM_AUTO_1R.v"]"\
## "[file normalize "$origin_dir/MVAU_hls_6_Matrix_Vector_Activate_Stream_Batch_p_ZL7threshs_3_80_ROM_AUTO_1R.v"]"\
## "[file normalize "$origin_dir/MVAU_hls_6_Matrix_Vector_Activate_Stream_Batch_p_ZL7threshs_3_81_ROM_AUTO_1R.v"]"\
## "[file normalize "$origin_dir/MVAU_hls_6_Matrix_Vector_Activate_Stream_Batch_p_ZL7threshs_3_82_ROM_AUTO_1R.v"]"\
## "[file normalize "$origin_dir/MVAU_hls_6_Matrix_Vector_Activate_Stream_Batch_p_ZL7threshs_3_83_ROM_AUTO_1R.v"]"\
## "[file normalize "$origin_dir/MVAU_hls_6_Matrix_Vector_Activate_Stream_Batch_p_ZL7threshs_3_84_ROM_AUTO_1R.v"]"\
## "[file normalize "$origin_dir/MVAU_hls_6_Matrix_Vector_Activate_Stream_Batch_p_ZL7threshs_3_85_ROM_AUTO_1R.v"]"\
## "[file normalize "$origin_dir/MVAU_hls_6_Matrix_Vector_Activate_Stream_Batch_p_ZL7threshs_3_86_ROM_AUTO_1R.v"]"\
## "[file normalize "$origin_dir/MVAU_hls_6_Matrix_Vector_Activate_Stream_Batch_p_ZL7threshs_3_87_ROM_AUTO_1R.v"]"\
## "[file normalize "$origin_dir/MVAU_hls_6_Matrix_Vector_Activate_Stream_Batch_p_ZL7threshs_3_88_ROM_AUTO_1R.v"]"\
## "[file normalize "$origin_dir/MVAU_hls_6_Matrix_Vector_Activate_Stream_Batch_p_ZL7threshs_3_89_ROM_AUTO_1R.v"]"\
## "[file normalize "$origin_dir/MVAU_hls_6_Matrix_Vector_Activate_Stream_Batch_p_ZL7threshs_3_8_ROM_AUTO_1R.v"]"\
## "[file normalize "$origin_dir/MVAU_hls_6_Matrix_Vector_Activate_Stream_Batch_p_ZL7threshs_3_90_ROM_AUTO_1R.v"]"\
## "[file normalize "$origin_dir/MVAU_hls_6_Matrix_Vector_Activate_Stream_Batch_p_ZL7threshs_3_91_ROM_AUTO_1R.v"]"\
## "[file normalize "$origin_dir/MVAU_hls_6_Matrix_Vector_Activate_Stream_Batch_p_ZL7threshs_3_92_ROM_AUTO_1R.v"]"\
## "[file normalize "$origin_dir/MVAU_hls_6_Matrix_Vector_Activate_Stream_Batch_p_ZL7threshs_3_93_ROM_AUTO_1R.v"]"\
## "[file normalize "$origin_dir/MVAU_hls_6_Matrix_Vector_Activate_Stream_Batch_p_ZL7threshs_3_94_ROM_AUTO_1R.v"]"\
## "[file normalize "$origin_dir/MVAU_hls_6_Matrix_Vector_Activate_Stream_Batch_p_ZL7threshs_3_95_ROM_AUTO_1R.v"]"\
## "[file normalize "$origin_dir/MVAU_hls_6_Matrix_Vector_Activate_Stream_Batch_p_ZL7threshs_3_96_ROM_AUTO_1R.v"]"\
## "[file normalize "$origin_dir/MVAU_hls_6_Matrix_Vector_Activate_Stream_Batch_p_ZL7threshs_3_97_ROM_AUTO_1R.v"]"\
## "[file normalize "$origin_dir/MVAU_hls_6_Matrix_Vector_Activate_Stream_Batch_p_ZL7threshs_3_98_ROM_AUTO_1R.v"]"\
## "[file normalize "$origin_dir/MVAU_hls_6_Matrix_Vector_Activate_Stream_Batch_p_ZL7threshs_3_99_ROM_AUTO_1R.v"]"\
## "[file normalize "$origin_dir/MVAU_hls_6_Matrix_Vector_Activate_Stream_Batch_p_ZL7threshs_3_9_ROM_AUTO_1R.v"]"\
## "[file normalize "$origin_dir/MVAU_hls_6_Matrix_Vector_Activate_Stream_Batch.v"]"\
## "[file normalize "$origin_dir/MVAU_hls_6_mul_8ns_8s_16_1_1.v"]"\
## "[file normalize "$origin_dir/MVAU_hls_6_mul_8s_8ns_16_1_1.v"]"\
## "[file normalize "$origin_dir/MVAU_hls_6_mux_1448_32_1_1.v"]"\
## "[file normalize "$origin_dir/MVAU_hls_6_regslice_both.v"]"\
## "[file normalize "$origin_dir/MVAU_hls_6.v"]"\
## "[file normalize "$origin_dir/MVAU_rtl_0_wrapper.v"]"\
## "[file normalize "$origin_dir/Pool_hls_0_flow_control_loop_pipe_no_ap_cont.v"]"\
## "[file normalize "$origin_dir/Pool_hls_0_hls_deadlock_idx0_monitor.v"]"\
## "[file normalize "$origin_dir/Pool_hls_0_regslice_both.v"]"\
## "[file normalize "$origin_dir/Pool_hls_0.v"]"\
## "[file normalize "$origin_dir/Q_srl.v"]"\
## "[file normalize "$origin_dir/StreamingDataWidthConverter_rtl_0.v"]"\
## "[file normalize "$origin_dir/StreamingDataWidthConverter_rtl_10.v"]"\
## "[file normalize "$origin_dir/StreamingDataWidthConverter_rtl_11.v"]"\
## "[file normalize "$origin_dir/StreamingDataWidthConverter_rtl_12.v"]"\
## "[file normalize "$origin_dir/StreamingDataWidthConverter_rtl_13.v"]"\
## "[file normalize "$origin_dir/StreamingDataWidthConverter_rtl_14.v"]"\
## "[file normalize "$origin_dir/StreamingDataWidthConverter_rtl_15.v"]"\
## "[file normalize "$origin_dir/StreamingDataWidthConverter_rtl_16.v"]"\
## "[file normalize "$origin_dir/StreamingDataWidthConverter_rtl_1.v"]"\
## "[file normalize "$origin_dir/StreamingDataWidthConverter_rtl_2.v"]"\
## "[file normalize "$origin_dir/StreamingDataWidthConverter_rtl_3.v"]"\
## "[file normalize "$origin_dir/StreamingDataWidthConverter_rtl_4.v"]"\
## "[file normalize "$origin_dir/StreamingDataWidthConverter_rtl_5.v"]"\
## "[file normalize "$origin_dir/StreamingDataWidthConverter_rtl_6.v"]"\
## "[file normalize "$origin_dir/StreamingDataWidthConverter_rtl_7.v"]"\
## "[file normalize "$origin_dir/StreamingDataWidthConverter_rtl_8.v"]"\
## "[file normalize "$origin_dir/StreamingDataWidthConverter_rtl_9.v"]"\
## "[file normalize "$origin_dir/StreamingFIFO_rtl_0.v"]"\
## "[file normalize "$origin_dir/StreamingFIFO_rtl_10.v"]"\
## "[file normalize "$origin_dir/StreamingFIFO_rtl_11.v"]"\
## "[file normalize "$origin_dir/StreamingFIFO_rtl_12.v"]"\
## "[file normalize "$origin_dir/StreamingFIFO_rtl_13.v"]"\
## "[file normalize "$origin_dir/StreamingFIFO_rtl_14.v"]"\
## "[file normalize "$origin_dir/StreamingFIFO_rtl_15.v"]"\
## "[file normalize "$origin_dir/StreamingFIFO_rtl_16.v"]"\
## "[file normalize "$origin_dir/StreamingFIFO_rtl_17.v"]"\
## "[file normalize "$origin_dir/StreamingFIFO_rtl_18.v"]"\
## "[file normalize "$origin_dir/StreamingFIFO_rtl_19.v"]"\
## "[file normalize "$origin_dir/StreamingFIFO_rtl_1.v"]"\
## "[file normalize "$origin_dir/StreamingFIFO_rtl_20.v"]"\
## "[file normalize "$origin_dir/StreamingFIFO_rtl_21.v"]"\
## "[file normalize "$origin_dir/StreamingFIFO_rtl_22.v"]"\
## "[file normalize "$origin_dir/StreamingFIFO_rtl_23.v"]"\
## "[file normalize "$origin_dir/StreamingFIFO_rtl_24.v"]"\
## "[file normalize "$origin_dir/StreamingFIFO_rtl_25.v"]"\
## "[file normalize "$origin_dir/StreamingFIFO_rtl_26.v"]"\
## "[file normalize "$origin_dir/StreamingFIFO_rtl_27.v"]"\
## "[file normalize "$origin_dir/StreamingFIFO_rtl_28.v"]"\
## "[file normalize "$origin_dir/StreamingFIFO_rtl_29.v"]"\
## "[file normalize "$origin_dir/StreamingFIFO_rtl_2.v"]"\
## "[file normalize "$origin_dir/StreamingFIFO_rtl_30.v"]"\
## "[file normalize "$origin_dir/StreamingFIFO_rtl_31.v"]"\
## "[file normalize "$origin_dir/StreamingFIFO_rtl_32.v"]"\
## "[file normalize "$origin_dir/StreamingFIFO_rtl_33.v"]"\
## "[file normalize "$origin_dir/StreamingFIFO_rtl_34.v"]"\
## "[file normalize "$origin_dir/StreamingFIFO_rtl_35.v"]"\
## "[file normalize "$origin_dir/StreamingFIFO_rtl_36.v"]"\
## "[file normalize "$origin_dir/StreamingFIFO_rtl_37.v"]"\
## "[file normalize "$origin_dir/StreamingFIFO_rtl_38.v"]"\
## "[file normalize "$origin_dir/StreamingFIFO_rtl_39.v"]"\
## "[file normalize "$origin_dir/StreamingFIFO_rtl_3.v"]"\
## "[file normalize "$origin_dir/StreamingFIFO_rtl_40.v"]"\
## "[file normalize "$origin_dir/StreamingFIFO_rtl_41.v"]"\
## "[file normalize "$origin_dir/StreamingFIFO_rtl_42.v"]"\
## "[file normalize "$origin_dir/StreamingFIFO_rtl_43.v"]"\
## "[file normalize "$origin_dir/StreamingFIFO_rtl_44.v"]"\
## "[file normalize "$origin_dir/StreamingFIFO_rtl_45.v"]"\
## "[file normalize "$origin_dir/StreamingFIFO_rtl_46.v"]"\
## "[file normalize "$origin_dir/StreamingFIFO_rtl_47.v"]"\
## "[file normalize "$origin_dir/StreamingFIFO_rtl_48.v"]"\
## "[file normalize "$origin_dir/StreamingFIFO_rtl_49.v"]"\
## "[file normalize "$origin_dir/StreamingFIFO_rtl_4.v"]"\
## "[file normalize "$origin_dir/StreamingFIFO_rtl_50.v"]"\
## "[file normalize "$origin_dir/StreamingFIFO_rtl_5.v"]"\
## "[file normalize "$origin_dir/StreamingFIFO_rtl_6.v"]"\
## "[file normalize "$origin_dir/StreamingFIFO_rtl_7.v"]"\
## "[file normalize "$origin_dir/StreamingFIFO_rtl_8.v"]"\
## "[file normalize "$origin_dir/StreamingFIFO_rtl_9.v"]"\
## "[file normalize "$origin_dir/Thresholding_rtl_0_axi_wrapper.v"]"\
## "[file normalize "$origin_dir/Thresholding_rtl_1_axi_wrapper.v"]"\
## "[file normalize "$origin_dir/Thresholding_rtl_2_axi_wrapper.v"]"\
## "[file normalize "$origin_dir/axi2we.sv"]"\
## "[file normalize "$origin_dir/ConvolutionInputGenerator_rtl_0_impl.sv"]"\
## "[file normalize "$origin_dir/ConvolutionInputGenerator_rtl_1_impl.sv"]"\
## "[file normalize "$origin_dir/ConvolutionInputGenerator_rtl_2_impl.sv"]"\
## "[file normalize "$origin_dir/ConvolutionInputGenerator_rtl_3_impl.sv"]"\
## "[file normalize "$origin_dir/ConvolutionInputGenerator_rtl_4_impl.sv"]"\
## "[file normalize "$origin_dir/ConvolutionInputGenerator_rtl_5_impl.sv"]"\
## "[file normalize "$origin_dir/dummy_sv_file.sv"]"\
## "[file normalize "$origin_dir/dwc_axi.sv"]"\
## "[file normalize "$origin_dir/dwc.sv"]"\
## "[file normalize "$origin_dir/fmpadding_axi.sv"]"\
## "[file normalize "$origin_dir/fmpadding.sv"]"\
## "[file normalize "$origin_dir/memstream_axi.sv"]"\
## "[file normalize "$origin_dir/memstream.sv"]"\
## "[file normalize "$origin_dir/mvu_4sx4u.sv"]"\
## "[file normalize "$origin_dir/mvu_8sx8u_dsp48.sv"]"\
## "[file normalize "$origin_dir/mvu_vvu_8sx9_dsp58.sv"]"\
## "[file normalize "$origin_dir/mvu_vvu_axi.sv"]"\
## "[file normalize "$origin_dir/replay_buffer.sv"]"\
## "[file normalize "$origin_dir/swg_common.sv"]"\
## "[file normalize "$origin_dir/swg_pkg.sv"]"\
## "[file normalize "$origin_dir/thresholding_axi.sv"]"\
## "[file normalize "$origin_dir/thresholding.sv"]"\
## "[file normalize "$origin_dir/dummy_vhdl_file.vhd"]"\
## ]
## add_files -norecurse -fileset $obj $files
# add_files -norecurse -fileset $obj $files
WARNING: [filemgmt 56-12] File '/tmp/finn_dev_samu/synth_out_of_context_ka72cy7z/results_finn_design_wrapper/dummy_nachiket_fooling_zsh_for_loops.h' cannot be added to the project because it already exists in the project, skipping this file
WARNING: [filemgmt 56-12] File '/tmp/finn_dev_samu/synth_out_of_context_ka72cy7z/results_finn_design_wrapper/AddStreams_hls_0_flow_control_loop_pipe_no_ap_cont.v' cannot be added to the project because it already exists in the project, skipping this file
WARNING: [filemgmt 56-12] File '/tmp/finn_dev_samu/synth_out_of_context_ka72cy7z/results_finn_design_wrapper/AddStreams_hls_0_hls_deadlock_idx0_monitor.v' cannot be added to the project because it already exists in the project, skipping this file
WARNING: [filemgmt 56-12] File '/tmp/finn_dev_samu/synth_out_of_context_ka72cy7z/results_finn_design_wrapper/AddStreams_hls_0_regslice_both.v' cannot be added to the project because it already exists in the project, skipping this file
WARNING: [filemgmt 56-12] File '/tmp/finn_dev_samu/synth_out_of_context_ka72cy7z/results_finn_design_wrapper/AddStreams_hls_0.v' cannot be added to the project because it already exists in the project, skipping this file
WARNING: [filemgmt 56-12] File '/tmp/finn_dev_samu/synth_out_of_context_ka72cy7z/results_finn_design_wrapper/AddStreams_hls_1_flow_control_loop_pipe_no_ap_cont.v' cannot be added to the project because it already exists in the project, skipping this file
WARNING: [filemgmt 56-12] File '/tmp/finn_dev_samu/synth_out_of_context_ka72cy7z/results_finn_design_wrapper/AddStreams_hls_1_hls_deadlock_idx0_monitor.v' cannot be added to the project because it already exists in the project, skipping this file
WARNING: [filemgmt 56-12] File '/tmp/finn_dev_samu/synth_out_of_context_ka72cy7z/results_finn_design_wrapper/AddStreams_hls_1_regslice_both.v' cannot be added to the project because it already exists in the project, skipping this file
WARNING: [filemgmt 56-12] File '/tmp/finn_dev_samu/synth_out_of_context_ka72cy7z/results_finn_design_wrapper/AddStreams_hls_1.v' cannot be added to the project because it already exists in the project, skipping this file
WARNING: [filemgmt 56-12] File '/tmp/finn_dev_samu/synth_out_of_context_ka72cy7z/results_finn_design_wrapper/AddStreams_hls_2_flow_control_loop_pipe_no_ap_cont.v' cannot be added to the project because it already exists in the project, skipping this file
WARNING: [filemgmt 56-12] File '/tmp/finn_dev_samu/synth_out_of_context_ka72cy7z/results_finn_design_wrapper/AddStreams_hls_2_hls_deadlock_idx0_monitor.v' cannot be added to the project because it already exists in the project, skipping this file
WARNING: [filemgmt 56-12] File '/tmp/finn_dev_samu/synth_out_of_context_ka72cy7z/results_finn_design_wrapper/AddStreams_hls_2_regslice_both.v' cannot be added to the project because it already exists in the project, skipping this file
WARNING: [filemgmt 56-12] File '/tmp/finn_dev_samu/synth_out_of_context_ka72cy7z/results_finn_design_wrapper/AddStreams_hls_2.v' cannot be added to the project because it already exists in the project, skipping this file
WARNING: [filemgmt 56-12] File '/tmp/finn_dev_samu/synth_out_of_context_ka72cy7z/results_finn_design_wrapper/axilite_if.v' cannot be added to the project because it already exists in the project, skipping this file
WARNING: [filemgmt 56-12] File '/tmp/finn_dev_samu/synth_out_of_context_ka72cy7z/results_finn_design_wrapper/ConvolutionInputGenerator_rtl_0_wrapper.v' cannot be added to the project because it already exists in the project, skipping this file
WARNING: [filemgmt 56-12] File '/tmp/finn_dev_samu/synth_out_of_context_ka72cy7z/results_finn_design_wrapper/ConvolutionInputGenerator_rtl_1_wrapper.v' cannot be added to the project because it already exists in the project, skipping this file
WARNING: [filemgmt 56-12] File '/tmp/finn_dev_samu/synth_out_of_context_ka72cy7z/results_finn_design_wrapper/ConvolutionInputGenerator_rtl_2_wrapper.v' cannot be added to the project because it already exists in the project, skipping this file
WARNING: [filemgmt 56-12] File '/tmp/finn_dev_samu/synth_out_of_context_ka72cy7z/results_finn_design_wrapper/ConvolutionInputGenerator_rtl_3_wrapper.v' cannot be added to the project because it already exists in the project, skipping this file
WARNING: [filemgmt 56-12] File '/tmp/finn_dev_samu/synth_out_of_context_ka72cy7z/results_finn_design_wrapper/ConvolutionInputGenerator_rtl_4_wrapper.v' cannot be added to the project because it already exists in the project, skipping this file
WARNING: [filemgmt 56-12] File '/tmp/finn_dev_samu/synth_out_of_context_ka72cy7z/results_finn_design_wrapper/ConvolutionInputGenerator_rtl_5_wrapper.v' cannot be added to the project because it already exists in the project, skipping this file
WARNING: [filemgmt 56-12] File '/tmp/finn_dev_samu/synth_out_of_context_ka72cy7z/results_finn_design_wrapper/DownSampler_hls_0_flow_control_loop_pipe_no_ap_cont.v' cannot be added to the project because it already exists in the project, skipping this file
WARNING: [filemgmt 56-12] File '/tmp/finn_dev_samu/synth_out_of_context_ka72cy7z/results_finn_design_wrapper/DownSampler_hls_0_hls_deadlock_idx0_monitor.v' cannot be added to the project because it already exists in the project, skipping this file
WARNING: [filemgmt 56-12] File '/tmp/finn_dev_samu/synth_out_of_context_ka72cy7z/results_finn_design_wrapper/DownSampler_hls_0_regslice_both.v' cannot be added to the project because it already exists in the project, skipping this file
WARNING: [filemgmt 56-12] File '/tmp/finn_dev_samu/synth_out_of_context_ka72cy7z/results_finn_design_wrapper/DownSampler_hls_0.v' cannot be added to the project because it already exists in the project, skipping this file
WARNING: [filemgmt 56-12] File '/tmp/finn_dev_samu/synth_out_of_context_ka72cy7z/results_finn_design_wrapper/DownSampler_hls_1_ConvolutionInputGenerator_2D_kernel1_32u_8u_16u_1u_2u_s.v' cannot be added to the project because it already exists in the project, skipping this file
WARNING: [filemgmt 56-12] File '/tmp/finn_dev_samu/synth_out_of_context_ka72cy7z/results_finn_design_wrapper/DownSampler_hls_1_flow_control_loop_pipe_sequential_init.v' cannot be added to the project because it already exists in the project, skipping this file
WARNING: [filemgmt 56-12] File '/tmp/finn_dev_samu/synth_out_of_context_ka72cy7z/results_finn_design_wrapper/DownSampler_hls_1_hls_deadlock_idx0_monitor.v' cannot be added to the project because it already exists in the project, skipping this file
WARNING: [filemgmt 56-12] File '/tmp/finn_dev_samu/synth_out_of_context_ka72cy7z/results_finn_design_wrapper/DownSampler_hls_1_hls_deadlock_idx1_monitor.v' cannot be added to the project because it already exists in the project, skipping this file
WARNING: [filemgmt 56-12] File '/tmp/finn_dev_samu/synth_out_of_context_ka72cy7z/results_finn_design_wrapper/DownSampler_hls_1_regslice_both.v' cannot be added to the project because it already exists in the project, skipping this file
WARNING: [filemgmt 56-12] File '/tmp/finn_dev_samu/synth_out_of_context_ka72cy7z/results_finn_design_wrapper/DownSampler_hls_1.v' cannot be added to the project because it already exists in the project, skipping this file
WARNING: [filemgmt 56-12] File '/tmp/finn_dev_samu/synth_out_of_context_ka72cy7z/results_finn_design_wrapper/DuplicateStreams_hls_0_flow_control_loop_pipe_no_ap_cont.v' cannot be added to the project because it already exists in the project, skipping this file
WARNING: [filemgmt 56-12] File '/tmp/finn_dev_samu/synth_out_of_context_ka72cy7z/results_finn_design_wrapper/DuplicateStreams_hls_0_hls_deadlock_idx0_monitor.v' cannot be added to the project because it already exists in the project, skipping this file
WARNING: [filemgmt 56-12] File '/tmp/finn_dev_samu/synth_out_of_context_ka72cy7z/results_finn_design_wrapper/DuplicateStreams_hls_0_regslice_both.v' cannot be added to the project because it already exists in the project, skipping this file
WARNING: [filemgmt 56-12] File '/tmp/finn_dev_samu/synth_out_of_context_ka72cy7z/results_finn_design_wrapper/DuplicateStreams_hls_0.v' cannot be added to the project because it already exists in the project, skipping this file
WARNING: [filemgmt 56-12] File '/tmp/finn_dev_samu/synth_out_of_context_ka72cy7z/results_finn_design_wrapper/DuplicateStreams_hls_1_flow_control_loop_pipe_no_ap_cont.v' cannot be added to the project because it already exists in the project, skipping this file
WARNING: [filemgmt 56-12] File '/tmp/finn_dev_samu/synth_out_of_context_ka72cy7z/results_finn_design_wrapper/DuplicateStreams_hls_1_hls_deadlock_idx0_monitor.v' cannot be added to the project because it already exists in the project, skipping this file
WARNING: [filemgmt 56-12] File '/tmp/finn_dev_samu/synth_out_of_context_ka72cy7z/results_finn_design_wrapper/DuplicateStreams_hls_1_regslice_both.v' cannot be added to the project because it already exists in the project, skipping this file
WARNING: [filemgmt 56-12] File '/tmp/finn_dev_samu/synth_out_of_context_ka72cy7z/results_finn_design_wrapper/DuplicateStreams_hls_1.v' cannot be added to the project because it already exists in the project, skipping this file
WARNING: [filemgmt 56-12] File '/tmp/finn_dev_samu/synth_out_of_context_ka72cy7z/results_finn_design_wrapper/finn_design_AddStreams_hls_0_0.v' cannot be added to the project because it already exists in the project, skipping this file
WARNING: [filemgmt 56-12] File '/tmp/finn_dev_samu/synth_out_of_context_ka72cy7z/results_finn_design_wrapper/finn_design_AddStreams_hls_1_0.v' cannot be added to the project because it already exists in the project, skipping this file
WARNING: [filemgmt 56-12] File '/tmp/finn_dev_samu/synth_out_of_context_ka72cy7z/results_finn_design_wrapper/finn_design_AddStreams_hls_2_0.v' cannot be added to the project because it already exists in the project, skipping this file
WARNING: [filemgmt 56-12] File '/tmp/finn_dev_samu/synth_out_of_context_ka72cy7z/results_finn_design_wrapper/finn_design_ConvolutionInputGenerator_rtl_0_0.v' cannot be added to the project because it already exists in the project, skipping this file
WARNING: [filemgmt 56-12] File '/tmp/finn_dev_samu/synth_out_of_context_ka72cy7z/results_finn_design_wrapper/finn_design_ConvolutionInputGenerator_rtl_1_0.v' cannot be added to the project because it already exists in the project, skipping this file
WARNING: [filemgmt 56-12] File '/tmp/finn_dev_samu/synth_out_of_context_ka72cy7z/results_finn_design_wrapper/finn_design_ConvolutionInputGenerator_rtl_2_0.v' cannot be added to the project because it already exists in the project, skipping this file
WARNING: [filemgmt 56-12] File '/tmp/finn_dev_samu/synth_out_of_context_ka72cy7z/results_finn_design_wrapper/finn_design_ConvolutionInputGenerator_rtl_3_0.v' cannot be added to the project because it already exists in the project, skipping this file
WARNING: [filemgmt 56-12] File '/tmp/finn_dev_samu/synth_out_of_context_ka72cy7z/results_finn_design_wrapper/finn_design_ConvolutionInputGenerator_rtl_4_0.v' cannot be added to the project because it already exists in the project, skipping this file
WARNING: [filemgmt 56-12] File '/tmp/finn_dev_samu/synth_out_of_context_ka72cy7z/results_finn_design_wrapper/finn_design_ConvolutionInputGenerator_rtl_5_0.v' cannot be added to the project because it already exists in the project, skipping this file
WARNING: [filemgmt 56-12] File '/tmp/finn_dev_samu/synth_out_of_context_ka72cy7z/results_finn_design_wrapper/finn_design_DownSampler_hls_0_0.v' cannot be added to the project because it already exists in the project, skipping this file
WARNING: [filemgmt 56-12] File '/tmp/finn_dev_samu/synth_out_of_context_ka72cy7z/results_finn_design_wrapper/finn_design_DownSampler_hls_1_0.v' cannot be added to the project because it already exists in the project, skipping this file
WARNING: [filemgmt 56-12] File '/tmp/finn_dev_samu/synth_out_of_context_ka72cy7z/results_finn_design_wrapper/finn_design_DuplicateStreams_hls_0_0.v' cannot be added to the project because it already exists in the project, skipping this file
WARNING: [filemgmt 56-12] File '/tmp/finn_dev_samu/synth_out_of_context_ka72cy7z/results_finn_design_wrapper/finn_design_DuplicateStreams_hls_1_0.v' cannot be added to the project because it already exists in the project, skipping this file
WARNING: [filemgmt 56-12] File '/tmp/finn_dev_samu/synth_out_of_context_ka72cy7z/results_finn_design_wrapper/finn_design_FMPadding_rtl_0_0.v' cannot be added to the project because it already exists in the project, skipping this file
WARNING: [filemgmt 56-12] File '/tmp/finn_dev_samu/synth_out_of_context_ka72cy7z/results_finn_design_wrapper/finn_design_FMPadding_rtl_1_0.v' cannot be added to the project because it already exists in the project, skipping this file
WARNING: [filemgmt 56-12] File '/tmp/finn_dev_samu/synth_out_of_context_ka72cy7z/results_finn_design_wrapper/finn_design_FMPadding_rtl_2_0.v' cannot be added to the project because it already exists in the project, skipping this file
WARNING: [filemgmt 56-12] File '/tmp/finn_dev_samu/synth_out_of_context_ka72cy7z/results_finn_design_wrapper/finn_design_FMPadding_rtl_3_0.v' cannot be added to the project because it already exists in the project, skipping this file
WARNING: [filemgmt 56-12] File '/tmp/finn_dev_samu/synth_out_of_context_ka72cy7z/results_finn_design_wrapper/finn_design_FMPadding_rtl_4_0.v' cannot be added to the project because it already exists in the project, skipping this file
WARNING: [filemgmt 56-12] File '/tmp/finn_dev_samu/synth_out_of_context_ka72cy7z/results_finn_design_wrapper/finn_design_MVAU_hls_0_0.v' cannot be added to the project because it already exists in the project, skipping this file
WARNING: [filemgmt 56-12] File '/tmp/finn_dev_samu/synth_out_of_context_ka72cy7z/results_finn_design_wrapper/finn_design_MVAU_hls_0_wstrm_0.v' cannot be added to the project because it already exists in the project, skipping this file
WARNING: [filemgmt 56-12] File '/tmp/finn_dev_samu/synth_out_of_context_ka72cy7z/results_finn_design_wrapper/finn_design_MVAU_hls_1_0.v' cannot be added to the project because it already exists in the project, skipping this file
WARNING: [filemgmt 56-12] File '/tmp/finn_dev_samu/synth_out_of_context_ka72cy7z/results_finn_design_wrapper/finn_design_MVAU_hls_1_wstrm_0.v' cannot be added to the project because it already exists in the project, skipping this file
WARNING: [filemgmt 56-12] File '/tmp/finn_dev_samu/synth_out_of_context_ka72cy7z/results_finn_design_wrapper/finn_design_MVAU_hls_2_0.v' cannot be added to the project because it already exists in the project, skipping this file
WARNING: [filemgmt 56-12] File '/tmp/finn_dev_samu/synth_out_of_context_ka72cy7z/results_finn_design_wrapper/finn_design_MVAU_hls_2_wstrm_0.v' cannot be added to the project because it already exists in the project, skipping this file
WARNING: [filemgmt 56-12] File '/tmp/finn_dev_samu/synth_out_of_context_ka72cy7z/results_finn_design_wrapper/finn_design_MVAU_hls_3_0.v' cannot be added to the project because it already exists in the project, skipping this file
WARNING: [filemgmt 56-12] File '/tmp/finn_dev_samu/synth_out_of_context_ka72cy7z/results_finn_design_wrapper/finn_design_MVAU_hls_3_wstrm_0.v' cannot be added to the project because it already exists in the project, skipping this file
WARNING: [filemgmt 56-12] File '/tmp/finn_dev_samu/synth_out_of_context_ka72cy7z/results_finn_design_wrapper/finn_design_MVAU_hls_4_0.v' cannot be added to the project because it already exists in the project, skipping this file
WARNING: [filemgmt 56-12] File '/tmp/finn_dev_samu/synth_out_of_context_ka72cy7z/results_finn_design_wrapper/finn_design_MVAU_hls_4_wstrm_0.v' cannot be added to the project because it already exists in the project, skipping this file
WARNING: [filemgmt 56-12] File '/tmp/finn_dev_samu/synth_out_of_context_ka72cy7z/results_finn_design_wrapper/finn_design_MVAU_hls_5_0.v' cannot be added to the project because it already exists in the project, skipping this file
WARNING: [filemgmt 56-12] File '/tmp/finn_dev_samu/synth_out_of_context_ka72cy7z/results_finn_design_wrapper/finn_design_MVAU_hls_5_wstrm_0.v' cannot be added to the project because it already exists in the project, skipping this file
WARNING: [filemgmt 56-12] File '/tmp/finn_dev_samu/synth_out_of_context_ka72cy7z/results_finn_design_wrapper/finn_design_MVAU_hls_6_0.v' cannot be added to the project because it already exists in the project, skipping this file
WARNING: [filemgmt 56-12] File '/tmp/finn_dev_samu/synth_out_of_context_ka72cy7z/results_finn_design_wrapper/finn_design_MVAU_hls_6_wstrm_0.v' cannot be added to the project because it already exists in the project, skipping this file
WARNING: [filemgmt 56-12] File '/tmp/finn_dev_samu/synth_out_of_context_ka72cy7z/results_finn_design_wrapper/finn_design_MVAU_rtl_0_0.v' cannot be added to the project because it already exists in the project, skipping this file
WARNING: [filemgmt 56-12] File '/tmp/finn_dev_samu/synth_out_of_context_ka72cy7z/results_finn_design_wrapper/finn_design_MVAU_rtl_0_wstrm_0.v' cannot be added to the project because it already exists in the project, skipping this file
WARNING: [filemgmt 56-12] File '/tmp/finn_dev_samu/synth_out_of_context_ka72cy7z/results_finn_design_wrapper/finn_design_Pool_hls_0_0.v' cannot be added to the project because it already exists in the project, skipping this file
WARNING: [filemgmt 56-12] File '/tmp/finn_dev_samu/synth_out_of_context_ka72cy7z/results_finn_design_wrapper/finn_design_StreamingDataWidthConverter_rtl_0_0.v' cannot be added to the project because it already exists in the project, skipping this file
WARNING: [filemgmt 56-12] File '/tmp/finn_dev_samu/synth_out_of_context_ka72cy7z/results_finn_design_wrapper/finn_design_StreamingDataWidthConverter_rtl_10_0.v' cannot be added to the project because it already exists in the project, skipping this file
WARNING: [filemgmt 56-12] File '/tmp/finn_dev_samu/synth_out_of_context_ka72cy7z/results_finn_design_wrapper/finn_design_StreamingDataWidthConverter_rtl_1_0.v' cannot be added to the project because it already exists in the project, skipping this file
WARNING: [filemgmt 56-12] File '/tmp/finn_dev_samu/synth_out_of_context_ka72cy7z/results_finn_design_wrapper/finn_design_StreamingDataWidthConverter_rtl_11_0.v' cannot be added to the project because it already exists in the project, skipping this file
WARNING: [filemgmt 56-12] File '/tmp/finn_dev_samu/synth_out_of_context_ka72cy7z/results_finn_design_wrapper/finn_design_StreamingDataWidthConverter_rtl_12_0.v' cannot be added to the project because it already exists in the project, skipping this file
WARNING: [filemgmt 56-12] File '/tmp/finn_dev_samu/synth_out_of_context_ka72cy7z/results_finn_design_wrapper/finn_design_StreamingDataWidthConverter_rtl_13_0.v' cannot be added to the project because it already exists in the project, skipping this file
WARNING: [filemgmt 56-12] File '/tmp/finn_dev_samu/synth_out_of_context_ka72cy7z/results_finn_design_wrapper/finn_design_StreamingDataWidthConverter_rtl_14_0.v' cannot be added to the project because it already exists in the project, skipping this file
WARNING: [filemgmt 56-12] File '/tmp/finn_dev_samu/synth_out_of_context_ka72cy7z/results_finn_design_wrapper/finn_design_StreamingDataWidthConverter_rtl_15_0.v' cannot be added to the project because it already exists in the project, skipping this file
WARNING: [filemgmt 56-12] File '/tmp/finn_dev_samu/synth_out_of_context_ka72cy7z/results_finn_design_wrapper/finn_design_StreamingDataWidthConverter_rtl_16_0.v' cannot be added to the project because it already exists in the project, skipping this file
WARNING: [filemgmt 56-12] File '/tmp/finn_dev_samu/synth_out_of_context_ka72cy7z/results_finn_design_wrapper/finn_design_StreamingDataWidthConverter_rtl_2_0.v' cannot be added to the project because it already exists in the project, skipping this file
WARNING: [filemgmt 56-12] File '/tmp/finn_dev_samu/synth_out_of_context_ka72cy7z/results_finn_design_wrapper/finn_design_StreamingDataWidthConverter_rtl_3_0.v' cannot be added to the project because it already exists in the project, skipping this file
WARNING: [filemgmt 56-12] File '/tmp/finn_dev_samu/synth_out_of_context_ka72cy7z/results_finn_design_wrapper/finn_design_StreamingDataWidthConverter_rtl_4_0.v' cannot be added to the project because it already exists in the project, skipping this file
WARNING: [filemgmt 56-12] File '/tmp/finn_dev_samu/synth_out_of_context_ka72cy7z/results_finn_design_wrapper/finn_design_StreamingDataWidthConverter_rtl_5_0.v' cannot be added to the project because it already exists in the project, skipping this file
WARNING: [filemgmt 56-12] File '/tmp/finn_dev_samu/synth_out_of_context_ka72cy7z/results_finn_design_wrapper/finn_design_StreamingDataWidthConverter_rtl_6_0.v' cannot be added to the project because it already exists in the project, skipping this file
WARNING: [filemgmt 56-12] File '/tmp/finn_dev_samu/synth_out_of_context_ka72cy7z/results_finn_design_wrapper/finn_design_StreamingDataWidthConverter_rtl_7_0.v' cannot be added to the project because it already exists in the project, skipping this file
WARNING: [filemgmt 56-12] File '/tmp/finn_dev_samu/synth_out_of_context_ka72cy7z/results_finn_design_wrapper/finn_design_StreamingDataWidthConverter_rtl_8_0.v' cannot be added to the project because it already exists in the project, skipping this file
WARNING: [filemgmt 56-12] File '/tmp/finn_dev_samu/synth_out_of_context_ka72cy7z/results_finn_design_wrapper/finn_design_StreamingDataWidthConverter_rtl_9_0.v' cannot be added to the project because it already exists in the project, skipping this file
WARNING: [filemgmt 56-12] File '/tmp/finn_dev_samu/synth_out_of_context_ka72cy7z/results_finn_design_wrapper/finn_design_StreamingFIFO_rtl_0_0.v' cannot be added to the project because it already exists in the project, skipping this file
WARNING: [filemgmt 56-12] File '/tmp/finn_dev_samu/synth_out_of_context_ka72cy7z/results_finn_design_wrapper/finn_design_StreamingFIFO_rtl_10_0.v' cannot be added to the project because it already exists in the project, skipping this file
WARNING: [filemgmt 56-12] File '/tmp/finn_dev_samu/synth_out_of_context_ka72cy7z/results_finn_design_wrapper/finn_design_StreamingFIFO_rtl_1_0.v' cannot be added to the project because it already exists in the project, skipping this file
WARNING: [filemgmt 56-12] File '/tmp/finn_dev_samu/synth_out_of_context_ka72cy7z/results_finn_design_wrapper/finn_design_StreamingFIFO_rtl_11_0.v' cannot be added to the project because it already exists in the project, skipping this file
WARNING: [filemgmt 56-12] File '/tmp/finn_dev_samu/synth_out_of_context_ka72cy7z/results_finn_design_wrapper/finn_design_StreamingFIFO_rtl_12_0.v' cannot be added to the project because it already exists in the project, skipping this file
WARNING: [filemgmt 56-12] File '/tmp/finn_dev_samu/synth_out_of_context_ka72cy7z/results_finn_design_wrapper/finn_design_StreamingFIFO_rtl_13_0.v' cannot be added to the project because it already exists in the project, skipping this file
WARNING: [filemgmt 56-12] File '/tmp/finn_dev_samu/synth_out_of_context_ka72cy7z/results_finn_design_wrapper/finn_design_StreamingFIFO_rtl_14_0.v' cannot be added to the project because it already exists in the project, skipping this file
WARNING: [filemgmt 56-12] File '/tmp/finn_dev_samu/synth_out_of_context_ka72cy7z/results_finn_design_wrapper/finn_design_StreamingFIFO_rtl_15_0.v' cannot be added to the project because it already exists in the project, skipping this file
WARNING: [filemgmt 56-12] File '/tmp/finn_dev_samu/synth_out_of_context_ka72cy7z/results_finn_design_wrapper/finn_design_StreamingFIFO_rtl_16_0.v' cannot be added to the project because it already exists in the project, skipping this file
WARNING: [filemgmt 56-12] File '/tmp/finn_dev_samu/synth_out_of_context_ka72cy7z/results_finn_design_wrapper/finn_design_StreamingFIFO_rtl_17_0.v' cannot be added to the project because it already exists in the project, skipping this file
INFO: [Common 17-14] Message 'filemgmt 56-12' appears 100 times and further instances of the messages will be disabled. Use the Tcl command set_msg_config to change the current settings.
# source headers.tcl
## set file "$origin_dir/dummy_nachiket_fooling_zsh_for_loops.h"
## set file [file normalize $file]
## set file_obj [get_files -of_objects [get_filesets sources_1] [list "*$file"]]
## set_property "file_type" "Verilog Header" $file_obj
# set obj [get_filesets sources_1]
# set_property "top" "$argv" $obj
# if {[string equal [get_filesets -quiet constrs_1] ""]} {
#   create_fileset -constrset constrs_1
# }
# set obj [get_filesets constrs_1]
# set file "[file normalize "$origin_dir/$argv.xdc"]"
# set file_added [add_files -norecurse -fileset $obj $file]
# set file "$origin_dir/$argv.xdc"
# set file [file normalize $file]
# set file_obj [get_files -of_objects [get_filesets constrs_1] [list "*$file"]]
# set_property "file_type" "XDC" $file_obj
# set obj [get_filesets constrs_1]
# if {[string equal [get_filesets -quiet sim_1] ""]} {
#   create_fileset -simset sim_1
# }
# set obj [get_filesets sim_1]
# set obj [get_filesets sim_1]
# set_property "top" "$argv" $obj
# set_property "xelab.nosort" "1" $obj
# set_property "xelab.unifast" "" $obj
# set_property strategy "Vivado Synthesis Defaults" [get_runs synth_1]
# set_property strategy "Flow_PerfOptimized_high" [get_runs synth_1]
# set_param synth.elaboration.rodinMoreOptions {rt::set_parameter ignoreVhdlAssertStmts false}
# set obj [get_runs synth_1]
# set_property -name {steps.synth_design.args.more options} -value {-mode out_of_context} -objects $obj
# set_property STEPS.SYNTH_DESIGN.ARGS.RETIMING true [get_runs synth_1]
# current_run -synthesis [get_runs synth_1]
# set_property strategy "Vivado Implementation Defaults" [get_runs impl_1]
# current_run -implementation [get_runs impl_1]
# puts "INFO: Project created:vivadocompile"
INFO: Project created:vivadocompile
# launch_runs -jobs 8 impl_1 -to_step route_design
[Tue Jun  9 02:50:59 2026] Launched synth_1...
Run output will be captured here: /tmp/finn_dev_samu/synth_out_of_context_ka72cy7z/results_finn_design_wrapper/vivadocompile/vivadocompile.runs/synth_1/runme.log
[Tue Jun  9 02:50:59 2026] Launched impl_1...
Run output will be captured here: /tmp/finn_dev_samu/synth_out_of_context_ka72cy7z/results_finn_design_wrapper/vivadocompile/vivadocompile.runs/impl_1/runme.log
launch_runs: Time (s): cpu = 00:00:06 ; elapsed = 00:00:07 . Memory (MB): peak = 1770.660 ; gain = 41.812 ; free physical = 38030 ; free virtual = 59186
# wait_on_run impl_1
[Tue Jun  9 02:50:59 2026] Waiting for impl_1 to finish...

*** Running vivado
    with args -log finn_design_wrapper.vdi -applog -m64 -product Vivado -messageDb vivado.pb -mode batch -source finn_design_wrapper.tcl -notrace


****** Vivado v2022.2 (64-bit)
  **** SW Build 3671981 on Fri Oct 14 04:59:54 MDT 2022
  **** IP Build 3669848 on Fri Oct 14 08:30:02 MDT 2022
    ** Copyright 1986-2022 Xilinx, Inc. All Rights Reserved.

source finn_design_wrapper.tcl -notrace
Command: link_design -top finn_design_wrapper -part xczu3eg-sbva484-1-e
Design is defaulting to srcset: sources_1
Design is defaulting to constrset: constrs_1
INFO: [Device 21-403] Loading part xczu3eg-sbva484-1-e
Netlist sorting complete. Time (s): cpu = 00:00:00.88 ; elapsed = 00:00:00.88 . Memory (MB): peak = 2710.035 ; gain = 0.000 ; free physical = 36084 ; free virtual = 57355
INFO: [Netlist 29-17] Analyzing 11020 Unisim elements for replacement
INFO: [Netlist 29-28] Unisim Transformation completed in 5 CPU seconds
INFO: [Project 1-479] Netlist was created with Vivado 2022.2
INFO: [Project 1-570] Preparing netlist for logic optimization
Parsing XDC File [/tmp/finn_dev_samu/synth_out_of_context_ka72cy7z/results_finn_design_wrapper/finn_design_wrapper.xdc]
Finished Parsing XDC File [/tmp/finn_dev_samu/synth_out_of_context_ka72cy7z/results_finn_design_wrapper/finn_design_wrapper.xdc]
INFO: [Opt 31-138] Pushed 0 inverter(s) to 0 load pin(s).
Netlist sorting complete. Time (s): cpu = 00:00:00.02 ; elapsed = 00:00:00.01 . Memory (MB): peak = 3016.812 ; gain = 0.000 ; free physical = 35695 ; free virtual = 56964
INFO: [Project 1-111] Unisim Transformation Summary:
  A total of 411 instances were transformed.
  DSP48E1 => DSP48E2 (DSP_ALU, DSP_A_B_DATA, DSP_C_DATA, DSP_MULTIPLIER, DSP_M_DATA, DSP_OUTPUT, DSP_PREADD, DSP_PREADD_DATA): 1 instance 
  DSP48E2 => DSP48E2 (DSP_ALU, DSP_A_B_DATA, DSP_C_DATA, DSP_MULTIPLIER, DSP_M_DATA, DSP_OUTPUT, DSP_PREADD, DSP_PREADD_DATA): 62 instances
  RAM64M8 => RAM64M8 (RAMD64E(x8)): 174 instances
  RAM64X1D => RAM64X1D (RAMD64E(x2)): 174 instances

7 Infos, 0 Warnings, 0 Critical Warnings and 0 Errors encountered.
link_design completed successfully
link_design: Time (s): cpu = 00:00:28 ; elapsed = 00:00:29 . Memory (MB): peak = 3016.812 ; gain = 1322.777 ; free physical = 35695 ; free virtual = 56964
Command: opt_design
Attempting to get a license for feature 'Implementation' and/or device 'xczu3eg'
INFO: [Common 17-349] Got license for feature 'Implementation' and/or device 'xczu3eg'
Running DRC as a precondition to command opt_design

Starting DRC Task
INFO: [DRC 23-27] Running DRC with 8 threads
INFO: [Project 1-461] DRC finished with 0 Errors
INFO: [Project 1-462] Please refer to the DRC report (report_drc) for more information.

Time (s): cpu = 00:00:02 ; elapsed = 00:00:00.94 . Memory (MB): peak = 3109.562 ; gain = 92.750 ; free physical = 35697 ; free virtual = 56967

Starting Cache Timing Information Task
INFO: [Timing 38-35] Done setting XDC timing constraints.
Ending Cache Timing Information Task | Checksum: 1e57c342c

Time (s): cpu = 00:00:12 ; elapsed = 00:00:05 . Memory (MB): peak = 3622.266 ; gain = 512.703 ; free physical = 35272 ; free virtual = 56541

Starting Logic Optimization Task

Phase 1 Retarget
INFO: [Opt 31-1287] Pulled Inverter finn_design_i/MVAU_hls_3/MVAU_hls_3/inst/grp_Matrix_Vector_Activate_Stream_Batch_fu_2070/flow_control_loop_pipe_sequential_init_U/nf_2_reg_49299[2]_i_1 into driver instance finn_design_i/MVAU_hls_3/MVAU_hls_3/inst/grp_Matrix_Vector_Activate_Stream_Batch_fu_2070/flow_control_loop_pipe_sequential_init_U/ap_CS_iter1_fsm[1]_i_2__0, which resulted in an inversion of 79 pins
INFO: [Opt 31-1287] Pulled Inverter finn_design_i/MVAU_hls_5/MVAU_hls_5/inst/grp_Matrix_Vector_Activate_Stream_Batch_fu_540/flow_control_loop_pipe_sequential_init_U/icmp_ln249_reg_13342[0]_i_1 into driver instance finn_design_i/MVAU_hls_5/MVAU_hls_5/inst/grp_Matrix_Vector_Activate_Stream_Batch_fu_540/flow_control_loop_pipe_sequential_init_U/ap_CS_iter1_fsm[1]_i_2__1, which resulted in an inversion of 6 pins
INFO: [Opt 31-1287] Pulled Inverter finn_design_i/MVAU_hls_6/MVAU_hls_6/inst/grp_Matrix_Vector_Activate_Stream_Batch_fu_2070/flow_control_loop_pipe_sequential_init_U/local_temp_V_7_reg_50817[7]_i_1 into driver instance finn_design_i/MVAU_hls_6/MVAU_hls_6/inst/grp_Matrix_Vector_Activate_Stream_Batch_fu_2070/flow_control_loop_pipe_sequential_init_U/local_temp_V_7_reg_50817[7]_i_3, which resulted in an inversion of 6 pins
INFO: [Opt 31-138] Pushed 7 inverter(s) to 4134 load pin(s).
INFO: [Opt 31-925] Fixed cascade connection for DSP: finn_design_i/MVAU_hls_0/MVAU_hls_0/inst/grp_Matrix_Vector_Activate_Stream_Batch_fu_30/mac_muladd_8ns_8s_17s_18_4_1_U1031/MVAU_hls_0_mac_muladd_8ns_8s_17s_18_4_1_DSP48_3_U/p_reg_reg
INFO: [Opt 31-925] Fixed cascade connection for DSP: finn_design_i/MVAU_hls_0/MVAU_hls_0/inst/grp_Matrix_Vector_Activate_Stream_Batch_fu_30/mac_muladd_8s_8ns_17s_18_4_1_U1033/MVAU_hls_0_mac_muladd_8s_8ns_17s_18_4_1_DSP48_5_U/p_reg_reg
INFO: [Opt 31-925] Fixed cascade connection for DSP: finn_design_i/MVAU_hls_0/MVAU_hls_0/inst/grp_Matrix_Vector_Activate_Stream_Batch_fu_30/mac_muladd_8s_8ns_17s_18_4_1_U1035/MVAU_hls_0_mac_muladd_8s_8ns_17s_18_4_1_DSP48_5_U/p_reg_reg
INFO: [Opt 31-925] Fixed cascade connection for DSP: finn_design_i/MVAU_hls_0/MVAU_hls_0/inst/grp_Matrix_Vector_Activate_Stream_Batch_fu_30/mac_muladd_8s_8ns_17s_18_4_1_U1037/MVAU_hls_0_mac_muladd_8s_8ns_17s_18_4_1_DSP48_5_U/p_reg_reg
INFO: [Opt 31-925] Fixed cascade connection for DSP: finn_design_i/MVAU_hls_3/MVAU_hls_3/inst/grp_Matrix_Vector_Activate_Stream_Batch_fu_2070/mac_muladd_8ns_8s_17s_18_4_1_U11/MVAU_hls_3_mac_muladd_8ns_8s_17s_18_4_1_DSP48_3_U/p_reg_reg
INFO: [Opt 31-925] Fixed cascade connection for DSP: finn_design_i/MVAU_hls_3/MVAU_hls_3/inst/grp_Matrix_Vector_Activate_Stream_Batch_fu_2070/mac_muladd_8s_8ns_17s_18_4_1_U13/MVAU_hls_3_mac_muladd_8s_8ns_17s_18_4_1_DSP48_5_U/p_reg_reg
INFO: [Opt 31-925] Fixed cascade connection for DSP: finn_design_i/MVAU_hls_3/MVAU_hls_3/inst/grp_Matrix_Vector_Activate_Stream_Batch_fu_2070/mac_muladd_8s_8ns_17s_18_4_1_U15/MVAU_hls_3_mac_muladd_8s_8ns_17s_18_4_1_DSP48_5_U/p_reg_reg
INFO: [Opt 31-925] Fixed cascade connection for DSP: finn_design_i/MVAU_hls_3/MVAU_hls_3/inst/grp_Matrix_Vector_Activate_Stream_Batch_fu_2070/mac_muladd_8s_8ns_17s_18_4_1_U17/MVAU_hls_3_mac_muladd_8s_8ns_17s_18_4_1_DSP48_5_U/p_reg_reg
INFO: [Opt 31-925] Fixed cascade connection for DSP: finn_design_i/MVAU_hls_6/MVAU_hls_6/inst/grp_Matrix_Vector_Activate_Stream_Batch_fu_2070/mac_muladd_8ns_8s_17s_18_4_1_U11/MVAU_hls_6_mac_muladd_8ns_8s_17s_18_4_1_DSP48_3_U/p_reg_reg
INFO: [Opt 31-925] Fixed cascade connection for DSP: finn_design_i/MVAU_hls_6/MVAU_hls_6/inst/grp_Matrix_Vector_Activate_Stream_Batch_fu_2070/mac_muladd_8s_8ns_17s_18_4_1_U13/MVAU_hls_6_mac_muladd_8s_8ns_17s_18_4_1_DSP48_5_U/p_reg_reg
INFO: [Opt 31-925] Fixed cascade connection for DSP: finn_design_i/MVAU_hls_6/MVAU_hls_6/inst/grp_Matrix_Vector_Activate_Stream_Batch_fu_2070/mac_muladd_8s_8ns_17s_18_4_1_U15/MVAU_hls_6_mac_muladd_8s_8ns_17s_18_4_1_DSP48_5_U/p_reg_reg
INFO: [Opt 31-925] Fixed cascade connection for DSP: finn_design_i/MVAU_hls_6/MVAU_hls_6/inst/grp_Matrix_Vector_Activate_Stream_Batch_fu_2070/mac_muladd_8s_8ns_17s_18_4_1_U17/MVAU_hls_6_mac_muladd_8s_8ns_17s_18_4_1_DSP48_5_U/p_reg_reg
INFO: [Opt 31-49] Retargeted 0 cell(s).
Phase 1 Retarget | Checksum: 1337882b7

Time (s): cpu = 00:00:09 ; elapsed = 00:00:05 . Memory (MB): peak = 3917.125 ; gain = 32.000 ; free physical = 35196 ; free virtual = 56466
INFO: [Opt 31-389] Phase Retarget created 0 cells and removed 10 cells

Phase 2 Constant propagation
INFO: [Opt 31-138] Pushed 0 inverter(s) to 0 load pin(s).
Phase 2 Constant propagation | Checksum: 108c214a8

Time (s): cpu = 00:00:10 ; elapsed = 00:00:06 . Memory (MB): peak = 3917.125 ; gain = 32.000 ; free physical = 35197 ; free virtual = 56466
INFO: [Opt 31-389] Phase Constant propagation created 0 cells and removed 0 cells

Phase 3 Sweep
Phase 3 Sweep | Checksum: 14d706e9a

Time (s): cpu = 00:00:12 ; elapsed = 00:00:08 . Memory (MB): peak = 3917.125 ; gain = 32.000 ; free physical = 35133 ; free virtual = 56402
INFO: [Opt 31-389] Phase Sweep created 0 cells and removed 0 cells

Phase 4 BUFG optimization
INFO: [Opt 31-1077] Phase BUFG optimization inserted 0 global clock buffer(s) for CLOCK_LOW_FANOUT.
Phase 4 BUFG optimization | Checksum: 14d706e9a

Time (s): cpu = 00:00:13 ; elapsed = 00:00:09 . Memory (MB): peak = 3949.141 ; gain = 64.016 ; free physical = 35136 ; free virtual = 56405
INFO: [Opt 31-662] Phase BUFG optimization created 0 cells of which 0 are BUFGs and removed 0 cells.

Phase 5 Shift Register Optimization
INFO: [Opt 31-1064] SRL Remap converted 0 SRLs to 0 registers and converted 0 registers of register chains to 0 SRLs
Phase 5 Shift Register Optimization | Checksum: 14d706e9a

Time (s): cpu = 00:00:13 ; elapsed = 00:00:09 . Memory (MB): peak = 3949.141 ; gain = 64.016 ; free physical = 35136 ; free virtual = 56406
INFO: [Opt 31-389] Phase Shift Register Optimization created 0 cells and removed 0 cells

Phase 6 Post Processing Netlist
Phase 6 Post Processing Netlist | Checksum: 14d706e9a

Time (s): cpu = 00:00:13 ; elapsed = 00:00:09 . Memory (MB): peak = 3949.141 ; gain = 64.016 ; free physical = 35136 ; free virtual = 56406
INFO: [Opt 31-389] Phase Post Processing Netlist created 0 cells and removed 0 cells
Opt_design Change Summary
=========================


-------------------------------------------------------------------------------------------------------------------------
|  Phase                        |  #Cells created  |  #Cells Removed  |  #Constrained objects preventing optimizations  |
-------------------------------------------------------------------------------------------------------------------------
|  Retarget                     |               0  |              10  |                                              0  |
|  Constant propagation         |               0  |               0  |                                              0  |
|  Sweep                        |               0  |               0  |                                              0  |
|  BUFG optimization            |               0  |               0  |                                              0  |
|  Shift Register Optimization  |               0  |               0  |                                              0  |
|  Post Processing Netlist      |               0  |               0  |                                              0  |
-------------------------------------------------------------------------------------------------------------------------



Starting Connectivity Check Task

Time (s): cpu = 00:00:00.26 ; elapsed = 00:00:00.26 . Memory (MB): peak = 3949.141 ; gain = 0.000 ; free physical = 35159 ; free virtual = 56429
Ending Logic Optimization Task | Checksum: f753492b

Time (s): cpu = 00:00:18 ; elapsed = 00:00:13 . Memory (MB): peak = 3949.141 ; gain = 64.016 ; free physical = 35160 ; free virtual = 56430

Starting Power Optimization Task
INFO: [Pwropt 34-132] Skipping clock gating for clocks with a period < 2.00 ns.
INFO: [Timing 38-35] Done setting XDC timing constraints.
INFO: [Pwropt 34-9] Applying IDT optimizations ...
INFO: [Pwropt 34-10] Applying ODC optimizations ...
Running Vector-less Activity Propagation...

Finished Running Vector-less Activity Propagation


Starting PowerOpt Patch Enables Task
INFO: [Pwropt 34-162] WRITE_MODE attribute of 0 BRAM(s) out of a total of 406 has been updated to save power. Run report_power_opt to get a complete listing of the BRAMs updated.
INFO: [Pwropt 34-201] Structural ODC has moved 0 WE to EN ports
Number of BRAM Ports augmented: 0 newly gated: 0 Total Ports: 812
Ending PowerOpt Patch Enables Task | Checksum: f753492b

Time (s): cpu = 00:00:01 ; elapsed = 00:00:01 . Memory (MB): peak = 5181.914 ; gain = 0.000 ; free physical = 34839 ; free virtual = 56109
Ending Power Optimization Task | Checksum: f753492b

Time (s): cpu = 00:00:58 ; elapsed = 00:00:21 . Memory (MB): peak = 5181.914 ; gain = 1232.773 ; free physical = 35035 ; free virtual = 56304

Starting Final Cleanup Task
Ending Final Cleanup Task | Checksum: f753492b

Time (s): cpu = 00:00:00 ; elapsed = 00:00:00.01 . Memory (MB): peak = 5181.914 ; gain = 0.000 ; free physical = 35035 ; free virtual = 56304

Starting Netlist Obfuscation Task
Netlist sorting complete. Time (s): cpu = 00:00:00.02 ; elapsed = 00:00:00.01 . Memory (MB): peak = 5181.914 ; gain = 0.000 ; free physical = 35035 ; free virtual = 56304
Ending Netlist Obfuscation Task | Checksum: f753492b

Time (s): cpu = 00:00:00.03 ; elapsed = 00:00:00.02 . Memory (MB): peak = 5181.914 ; gain = 0.000 ; free physical = 35035 ; free virtual = 56304
INFO: [Common 17-83] Releasing license: Implementation
45 Infos, 0 Warnings, 0 Critical Warnings and 0 Errors encountered.
opt_design completed successfully
opt_design: Time (s): cpu = 00:01:32 ; elapsed = 00:00:42 . Memory (MB): peak = 5181.914 ; gain = 2165.102 ; free physical = 35035 ; free virtual = 56304
INFO: [Timing 38-35] Done setting XDC timing constraints.
INFO: [Timing 38-480] Writing timing data to binary archive.
INFO: [Common 17-1381] The checkpoint '/tmp/finn_dev_samu/synth_out_of_context_ka72cy7z/results_finn_design_wrapper/vivadocompile/vivadocompile.runs/impl_1/finn_design_wrapper_opt.dcp' has been generated.
write_checkpoint: Time (s): cpu = 00:00:23 ; elapsed = 00:00:10 . Memory (MB): peak = 5181.914 ; gain = 0.000 ; free physical = 34788 ; free virtual = 56101
INFO: [runtcl-4] Executing : report_drc -file finn_design_wrapper_drc_opted.rpt -pb finn_design_wrapper_drc_opted.pb -rpx finn_design_wrapper_drc_opted.rpx
Command: report_drc -file finn_design_wrapper_drc_opted.rpt -pb finn_design_wrapper_drc_opted.pb -rpx finn_design_wrapper_drc_opted.rpx
INFO: [IP_Flow 19-234] Refreshing IP repositories
INFO: [IP_Flow 19-1704] No user IP repositories specified
INFO: [IP_Flow 19-2313] Loaded Vivado IP repository '/tools/Xilinx/Vivado/2022.2/data/ip'.
INFO: [DRC 23-27] Running DRC with 8 threads
INFO: [Vivado_Tcl 2-168] The results of DRC are in file /tmp/finn_dev_samu/synth_out_of_context_ka72cy7z/results_finn_design_wrapper/vivadocompile/vivadocompile.runs/impl_1/finn_design_wrapper_drc_opted.rpt.
report_drc completed successfully
Command: place_design
Attempting to get a license for feature 'Implementation' and/or device 'xczu3eg'
INFO: [Common 17-349] Got license for feature 'Implementation' and/or device 'xczu3eg'
INFO: [DRC 23-27] Running DRC with 8 threads
INFO: [Vivado_Tcl 4-198] DRC finished with 0 Errors
INFO: [Vivado_Tcl 4-199] Please refer to the DRC report (report_drc) for more information.
Running DRC as a precondition to command place_design
INFO: [DRC 23-27] Running DRC with 8 threads
ERROR: [DRC UTLZ-1] Resource utilization: LUT as Logic over-utilized in Top Level Design (This design requires more LUT as Logic cells than are available in the target device. This design requires 107503 of such cell types but only 70560 compatible sites are available in the target device. Please analyze your synthesis results and constraints to ensure the design is mapped to Xilinx primitives as expected. If so, please consider targeting a larger device. Please set tcl parameter "drc.disableLUTOverUtilError" to 1 to change this error to warning.)
ERROR: [DRC UTLZ-1] Resource utilization: LUT1 and LUT2 and LUT3 and LUT4 and LUT5 and LUT6 and RAMD64E and SRL16E and SRLC32E over-utilized in Top Level Design (This design requires more LUT1 and LUT2 and LUT3 and LUT4 and LUT5 and LUT6 and RAMD64E and SRL16E and SRLC32E cells than are available in the target device. This design requires 146676 of such cell types but only 141120 compatible sites are available in the target device. Please analyze your synthesis results and constraints to ensure the design is mapped to Xilinx primitives as expected. If so, please consider targeting a larger device.)
ERROR: [DRC UTLZ-1] Resource utilization: Slice LUTs over-utilized in Top Level Design (This design requires more Slice LUTs cells than are available in the target device. This design requires 109274 of such cell types but only 70560 compatible sites are available in the target device. Please analyze your synthesis results and constraints to ensure the design is mapped to Xilinx primitives as expected. If so, please consider targeting a larger device. Please set tcl parameter "drc.disableLUTOverUtilError" to 1 to change this error to warning.)
INFO: [Vivado_Tcl 4-198] DRC finished with 3 Errors
INFO: [Vivado_Tcl 4-199] Please refer to the DRC report (report_drc) for more information.
ERROR: [Vivado_Tcl 4-23] Error(s) found during DRC. Placer not run.
INFO: [Common 17-83] Releasing license: Implementation
62 Infos, 0 Warnings, 0 Critical Warnings and 4 Errors encountered.
place_design failed
ERROR: [Common 17-39] 'place_design' failed due to earlier errors.

INFO: [Common 17-206] Exiting Vivado at Tue Jun  9 02:59:38 2026...
[Tue Jun  9 02:59:39 2026] impl_1 finished
WARNING: [Vivado 12-13638] Failed runs(s) : 'impl_1'
wait_on_runs: Time (s): cpu = 00:06:24 ; elapsed = 00:08:40 . Memory (MB): peak = 1770.660 ; gain = 0.000 ; free physical = 34650 ; free virtual = 55962
# open_run impl_1
ERROR: [Common 17-69] Command failed: Run 'impl_1' failed. Unable to open
INFO: [Common 17-206] Exiting Vivado at Tue Jun  9 02:59:39 2026...
