
*** Running vivado
    with args -log top_wrapper.vdi -applog -m64 -product Vivado -messageDb vivado.pb -mode batch -source top_wrapper.tcl -notrace


****** Vivado v2022.2 (64-bit)
  **** SW Build 3671981 on Fri Oct 14 04:59:54 MDT 2022
  **** IP Build 3669848 on Fri Oct 14 08:30:02 MDT 2022
    ** Copyright 1986-2022 Xilinx, Inc. All Rights Reserved.

source top_wrapper.tcl -notrace
INFO: [IP_Flow 19-234] Refreshing IP repositories
INFO: [IP_Flow 19-1700] Loaded user IP repository '/tmp/finn_qi_int8_sweep/code_gen_ipgen_StreamingDataflowPartition_0_IODMA_hls_0_u7jen26e/project_StreamingDataflowPartition_0_IODMA_hls_0/sol1/impl/ip'.
INFO: [IP_Flow 19-1700] Loaded user IP repository '/tmp/finn_qi_int8_sweep/vivado_stitch_proj_r24tc_8d/ip'.
INFO: [IP_Flow 19-1700] Loaded user IP repository '/tmp/finn_qi_int8_sweep/code_gen_ipgen_StreamingFIFO_rtl_0_yla3yuan'.
INFO: [IP_Flow 19-1700] Loaded user IP repository '/tmp/finn_qi_int8_sweep/code_gen_ipgen_FMPadding_rtl_0_jt2aaq90'.
INFO: [IP_Flow 19-1700] Loaded user IP repository '/tmp/finn_qi_int8_sweep/code_gen_ipgen_StreamingFIFO_rtl_1_amnf_8f1'.
INFO: [IP_Flow 19-1700] Loaded user IP repository '/tmp/finn_qi_int8_sweep/code_gen_ipgen_ConvolutionInputGenerator_rtl_0_dgp94y0f'.
INFO: [IP_Flow 19-1700] Loaded user IP repository '/tmp/finn_qi_int8_sweep/code_gen_ipgen_StreamingFIFO_rtl_2_o004abcf'.
INFO: [IP_Flow 19-1700] Loaded user IP repository '/tmp/finn_qi_int8_sweep/code_gen_ipgen_StreamingDataWidthConverter_rtl_0_z7whbrdw'.
INFO: [IP_Flow 19-1700] Loaded user IP repository '/tmp/finn_qi_int8_sweep/code_gen_ipgen_StreamingFIFO_rtl_3_hzu2xzbh'.
INFO: [IP_Flow 19-1700] Loaded user IP repository '/tmp/finn_qi_int8_sweep/code_gen_ipgen_MVAU_hls_0_7b_xf8af/project_MVAU_hls_0/sol1/impl/ip'.
INFO: [IP_Flow 19-1700] Loaded user IP repository '/tmp/finn_qi_int8_sweep/code_gen_ipgen_StreamingFIFO_rtl_4_ixtbjyrj'.
INFO: [IP_Flow 19-1700] Loaded user IP repository '/tmp/finn_qi_int8_sweep/code_gen_ipgen_StreamingDataWidthConverter_rtl_1_2e03ocno'.
INFO: [IP_Flow 19-1700] Loaded user IP repository '/tmp/finn_qi_int8_sweep/code_gen_ipgen_StreamingFIFO_rtl_5_poehadvg'.
INFO: [IP_Flow 19-1700] Loaded user IP repository '/tmp/finn_qi_int8_sweep/code_gen_ipgen_StreamingMaxPool_hls_0_p7woy01r/project_StreamingMaxPool_hls_0/sol1/impl/ip'.
INFO: [IP_Flow 19-1700] Loaded user IP repository '/tmp/finn_qi_int8_sweep/code_gen_ipgen_StreamingFIFO_rtl_6_8n6wwli2'.
INFO: [IP_Flow 19-1700] Loaded user IP repository '/tmp/finn_qi_int8_sweep/code_gen_ipgen_FMPadding_rtl_1__63psbl0'.
INFO: [IP_Flow 19-1700] Loaded user IP repository '/tmp/finn_qi_int8_sweep/code_gen_ipgen_StreamingFIFO_rtl_7_e62fcekf'.
INFO: [IP_Flow 19-1700] Loaded user IP repository '/tmp/finn_qi_int8_sweep/code_gen_ipgen_StreamingDataWidthConverter_rtl_2_co5wu7u4'.
INFO: [IP_Flow 19-1700] Loaded user IP repository '/tmp/finn_qi_int8_sweep/code_gen_ipgen_StreamingFIFO_rtl_8_pjfukwak'.
INFO: [IP_Flow 19-1700] Loaded user IP repository '/tmp/finn_qi_int8_sweep/code_gen_ipgen_ConvolutionInputGenerator_rtl_1_e_qxkv9d'.
INFO: [IP_Flow 19-1700] Loaded user IP repository '/tmp/finn_qi_int8_sweep/code_gen_ipgen_StreamingFIFO_rtl_9_fnvh66rc'.
INFO: [IP_Flow 19-1700] Loaded user IP repository '/tmp/finn_qi_int8_sweep/code_gen_ipgen_StreamingDataWidthConverter_rtl_3_a7b0dikc'.
INFO: [IP_Flow 19-1700] Loaded user IP repository '/tmp/finn_qi_int8_sweep/code_gen_ipgen_StreamingFIFO_rtl_10_96y678sw'.
INFO: [IP_Flow 19-1700] Loaded user IP repository '/tmp/finn_qi_int8_sweep/code_gen_ipgen_MVAU_hls_1_0py9s1pk/project_MVAU_hls_1/sol1/impl/ip'.
INFO: [IP_Flow 19-1700] Loaded user IP repository '/tmp/finn_qi_int8_sweep/code_gen_ipgen_StreamingFIFO_rtl_11_cfxumnj2'.
INFO: [IP_Flow 19-1700] Loaded user IP repository '/tmp/finn_qi_int8_sweep/code_gen_ipgen_StreamingDataWidthConverter_rtl_4_7ny1rmvs'.
INFO: [IP_Flow 19-1700] Loaded user IP repository '/tmp/finn_qi_int8_sweep/code_gen_ipgen_StreamingFIFO_rtl_12_upyxfb89'.
INFO: [IP_Flow 19-1700] Loaded user IP repository '/tmp/finn_qi_int8_sweep/code_gen_ipgen_StreamingMaxPool_hls_1_3qtsria6/project_StreamingMaxPool_hls_1/sol1/impl/ip'.
INFO: [IP_Flow 19-1700] Loaded user IP repository '/tmp/finn_qi_int8_sweep/code_gen_ipgen_StreamingFIFO_rtl_13_unuzf2kz'.
INFO: [IP_Flow 19-1700] Loaded user IP repository '/tmp/finn_qi_int8_sweep/vivado_stitch_proj_yhdgkmm1/ip'.
INFO: [IP_Flow 19-1700] Loaded user IP repository '/home/samu/dev/CEN571-final/finn-vs-vitisai/finn-repo/finn-rtllib/memstream'.
INFO: [IP_Flow 19-1700] Loaded user IP repository '/tmp/finn_qi_int8_sweep/code_gen_ipgen_StreamingDataflowPartition_2_IODMA_hls_0_nosizz5u/project_StreamingDataflowPartition_2_IODMA_hls_0/sol1/impl/ip'.
INFO: [IP_Flow 19-1700] Loaded user IP repository '/tmp/finn_qi_int8_sweep/vivado_stitch_proj_s7zvspsr/ip'.
INFO: [IP_Flow 19-2313] Loaded Vivado IP repository '/tools/Xilinx/Vivado/2022.2/data/ip'.
Command: link_design -top top_wrapper -part xczu3eg-sbva484-1-e
Design is defaulting to srcset: sources_1
Design is defaulting to constrset: constrs_1
INFO: [Device 21-403] Loading part xczu3eg-sbva484-1-e
INFO: [Project 1-454] Reading design checkpoint '/tmp/finn_qi_int8_sweep/vivado_zynq_proj_3sv9eogz/finn_zynq_link.gen/sources_1/bd/top/ip/top_StreamingDataflowPartition_1_0/top_StreamingDataflowPartition_1_0.dcp' for cell 'top_i/StreamingDataflowPartition_1'
INFO: [Project 1-454] Reading design checkpoint '/tmp/finn_qi_int8_sweep/vivado_zynq_proj_3sv9eogz/finn_zynq_link.gen/sources_1/bd/top/ip/top_idma0_0/top_idma0_0.dcp' for cell 'top_i/idma0'
INFO: [Project 1-454] Reading design checkpoint '/tmp/finn_qi_int8_sweep/vivado_zynq_proj_3sv9eogz/finn_zynq_link.gen/sources_1/bd/top/ip/top_odma0_0/top_odma0_0.dcp' for cell 'top_i/odma0'
INFO: [Project 1-454] Reading design checkpoint '/tmp/finn_qi_int8_sweep/vivado_zynq_proj_3sv9eogz/finn_zynq_link.gen/sources_1/bd/top/ip/top_rst_zynq_ps_100M_0/top_rst_zynq_ps_100M_0.dcp' for cell 'top_i/rst_zynq_ps_100M'
INFO: [Project 1-454] Reading design checkpoint '/tmp/finn_qi_int8_sweep/vivado_zynq_proj_3sv9eogz/finn_zynq_link.gen/sources_1/bd/top/ip/top_smartconnect_0_0/top_smartconnect_0_0.dcp' for cell 'top_i/smartconnect_0'
INFO: [Project 1-454] Reading design checkpoint '/tmp/finn_qi_int8_sweep/vivado_zynq_proj_3sv9eogz/finn_zynq_link.gen/sources_1/bd/top/ip/top_zynq_ps_0/top_zynq_ps_0.dcp' for cell 'top_i/zynq_ps'
INFO: [Project 1-454] Reading design checkpoint '/tmp/finn_qi_int8_sweep/vivado_zynq_proj_3sv9eogz/finn_zynq_link.gen/sources_1/bd/top/ip/top_xbar_0/top_xbar_0.dcp' for cell 'top_i/axi_interconnect_0/xbar'
INFO: [Project 1-454] Reading design checkpoint '/tmp/finn_qi_int8_sweep/vivado_zynq_proj_3sv9eogz/finn_zynq_link.gen/sources_1/bd/top/ip/top_auto_ds_0/top_auto_ds_0.dcp' for cell 'top_i/axi_interconnect_0/s00_couplers/auto_ds'
INFO: [Project 1-454] Reading design checkpoint '/tmp/finn_qi_int8_sweep/vivado_zynq_proj_3sv9eogz/finn_zynq_link.gen/sources_1/bd/top/ip/top_auto_pc_0/top_auto_pc_0.dcp' for cell 'top_i/axi_interconnect_0/s00_couplers/auto_pc'
Netlist sorting complete. Time (s): cpu = 00:00:00.54 ; elapsed = 00:00:00.54 . Memory (MB): peak = 2719.977 ; gain = 0.000 ; free physical = 24653 ; free virtual = 50900
INFO: [Netlist 29-17] Analyzing 5852 Unisim elements for replacement
INFO: [Netlist 29-28] Unisim Transformation completed in 0 CPU seconds
INFO: [Project 1-479] Netlist was created with Vivado 2022.2
INFO: [Project 1-570] Preparing netlist for logic optimization
Parsing XDC File [/tmp/finn_qi_int8_sweep/vivado_zynq_proj_3sv9eogz/finn_zynq_link.gen/sources_1/bd/top/ip/top_zynq_ps_0/top_zynq_ps_0.xdc] for cell 'top_i/zynq_ps/inst'
Finished Parsing XDC File [/tmp/finn_qi_int8_sweep/vivado_zynq_proj_3sv9eogz/finn_zynq_link.gen/sources_1/bd/top/ip/top_zynq_ps_0/top_zynq_ps_0.xdc] for cell 'top_i/zynq_ps/inst'
Parsing XDC File [/tmp/finn_qi_int8_sweep/vivado_zynq_proj_3sv9eogz/finn_zynq_link.gen/sources_1/bd/top/ip/top_smartconnect_0_0/bd_0/ip/ip_1/bd_acc6_psr_aclk_0_board.xdc] for cell 'top_i/smartconnect_0/inst/clk_map/psr_aclk/U0'
Finished Parsing XDC File [/tmp/finn_qi_int8_sweep/vivado_zynq_proj_3sv9eogz/finn_zynq_link.gen/sources_1/bd/top/ip/top_smartconnect_0_0/bd_0/ip/ip_1/bd_acc6_psr_aclk_0_board.xdc] for cell 'top_i/smartconnect_0/inst/clk_map/psr_aclk/U0'
Parsing XDC File [/tmp/finn_qi_int8_sweep/vivado_zynq_proj_3sv9eogz/finn_zynq_link.gen/sources_1/bd/top/ip/top_smartconnect_0_0/bd_0/ip/ip_1/bd_acc6_psr_aclk_0.xdc] for cell 'top_i/smartconnect_0/inst/clk_map/psr_aclk/U0'
Finished Parsing XDC File [/tmp/finn_qi_int8_sweep/vivado_zynq_proj_3sv9eogz/finn_zynq_link.gen/sources_1/bd/top/ip/top_smartconnect_0_0/bd_0/ip/ip_1/bd_acc6_psr_aclk_0.xdc] for cell 'top_i/smartconnect_0/inst/clk_map/psr_aclk/U0'
Parsing XDC File [/tmp/finn_qi_int8_sweep/vivado_zynq_proj_3sv9eogz/finn_zynq_link.gen/sources_1/bd/top/ip/top_rst_zynq_ps_100M_0/top_rst_zynq_ps_100M_0_board.xdc] for cell 'top_i/rst_zynq_ps_100M/U0'
Finished Parsing XDC File [/tmp/finn_qi_int8_sweep/vivado_zynq_proj_3sv9eogz/finn_zynq_link.gen/sources_1/bd/top/ip/top_rst_zynq_ps_100M_0/top_rst_zynq_ps_100M_0_board.xdc] for cell 'top_i/rst_zynq_ps_100M/U0'
Parsing XDC File [/tmp/finn_qi_int8_sweep/vivado_zynq_proj_3sv9eogz/finn_zynq_link.gen/sources_1/bd/top/ip/top_rst_zynq_ps_100M_0/top_rst_zynq_ps_100M_0.xdc] for cell 'top_i/rst_zynq_ps_100M/U0'
Finished Parsing XDC File [/tmp/finn_qi_int8_sweep/vivado_zynq_proj_3sv9eogz/finn_zynq_link.gen/sources_1/bd/top/ip/top_rst_zynq_ps_100M_0/top_rst_zynq_ps_100M_0.xdc] for cell 'top_i/rst_zynq_ps_100M/U0'
Parsing XDC File [/tmp/finn_qi_int8_sweep/vivado_zynq_proj_3sv9eogz/finn_zynq_link.gen/sources_1/bd/top/ip/top_auto_ds_0/top_auto_ds_0_clocks.xdc] for cell 'top_i/axi_interconnect_0/s00_couplers/auto_ds/inst'
Finished Parsing XDC File [/tmp/finn_qi_int8_sweep/vivado_zynq_proj_3sv9eogz/finn_zynq_link.gen/sources_1/bd/top/ip/top_auto_ds_0/top_auto_ds_0_clocks.xdc] for cell 'top_i/axi_interconnect_0/s00_couplers/auto_ds/inst'
INFO: [Project 1-1714] 67 XPM XDC files have been applied to the design.
INFO: [Opt 31-138] Pushed 0 inverter(s) to 0 load pin(s).
Netlist sorting complete. Time (s): cpu = 00:00:00.01 ; elapsed = 00:00:00.01 . Memory (MB): peak = 3121.824 ; gain = 0.000 ; free physical = 24458 ; free virtual = 50704
INFO: [Project 1-111] Unisim Transformation Summary:
  A total of 652 instances were transformed.
  DSP48E2 => DSP48E2 (DSP_ALU, DSP_A_B_DATA, DSP_C_DATA, DSP_MULTIPLIER, DSP_M_DATA, DSP_OUTPUT, DSP_PREADD, DSP_PREADD_DATA): 40 instances
  RAM16X1D => RAM32X1D (RAMD32(x2)): 2 instances
  RAM16X1S => RAM32X1S (RAMS32): 456 instances
  RAM32M => RAM32M (RAMD32(x6), RAMS32(x2)): 6 instances
  RAM32M16 => RAM32M16 (RAMD32(x14), RAMS32(x2)): 126 instances
  RAM32X1D => RAM32X1D (RAMD32(x2)): 2 instances
  RAM64M8 => RAM64M8 (RAMD64E(x8)): 10 instances
  RAM64X1D => RAM64X1D (RAMD64E(x2)): 10 instances

52 Infos, 0 Warnings, 0 Critical Warnings and 0 Errors encountered.
link_design completed successfully
link_design: Time (s): cpu = 00:00:23 ; elapsed = 00:00:23 . Memory (MB): peak = 3121.824 ; gain = 1304.941 ; free physical = 24458 ; free virtual = 50705
Command: opt_design -directive Explore
INFO: [Vivado_Tcl 4-136] Directive used for opt_design is: Explore
Attempting to get a license for feature 'Implementation' and/or device 'xczu3eg'
INFO: [Common 17-349] Got license for feature 'Implementation' and/or device 'xczu3eg'
Running DRC as a precondition to command opt_design

Starting DRC Task
INFO: [DRC 23-27] Running DRC with 8 threads
INFO: [Project 1-461] DRC finished with 0 Errors
INFO: [Project 1-462] Please refer to the DRC report (report_drc) for more information.

Time (s): cpu = 00:00:02 ; elapsed = 00:00:00.81 . Memory (MB): peak = 3121.824 ; gain = 0.000 ; free physical = 24445 ; free virtual = 50692

Starting Logic Optimization Task
INFO: [Timing 38-35] Done setting XDC timing constraints.

Phase 1 Retarget
INFO: [Opt 31-1287] Pulled Inverter top_i/axi_interconnect_0/s00_couplers/auto_ds/inst/gen_downsizer.gen_simple_downsizer.axi_downsizer_inst/USE_READ.read_addr_inst/cmd_queue/inst/current_word_1[3]_i_1 into driver instance top_i/axi_interconnect_0/s00_couplers/auto_ds/inst/gen_downsizer.gen_simple_downsizer.axi_downsizer_inst/USE_READ.read_addr_inst/cmd_queue/inst/s_axi_rvalid_INST_0_i_3, which resulted in an inversion of 2 pins
INFO: [Opt 31-1287] Pulled Inverter top_i/axi_interconnect_0/s00_couplers/auto_ds/inst/gen_downsizer.gen_simple_downsizer.axi_downsizer_inst/USE_WRITE.USE_SPLIT.write_resp_inst/first_mi_word_i_2 into driver instance top_i/axi_interconnect_0/s00_couplers/auto_ds/inst/gen_downsizer.gen_simple_downsizer.axi_downsizer_inst/USE_WRITE.USE_SPLIT.write_resp_inst/s_axi_bvalid_INST_0_i_1, which resulted in an inversion of 5 pins
INFO: [Opt 31-1287] Pulled Inverter top_i/idma0/inst/StreamingDataflowPartition_0_IODMA_hls_0/inst/gmem_m_axi_U/bus_read/fifo_rctl/sect_addr_buf[63]_i_1 into driver instance top_i/idma0/inst/StreamingDataflowPartition_0_IODMA_hls_0/inst/gmem_m_axi_U/bus_read/fifo_rctl/state[1]_i_2, which resulted in an inversion of 17 pins
INFO: [Opt 31-1287] Pulled Inverter top_i/smartconnect_0/inst/s00_entry_pipeline/s00_si_converter/inst/converter.wrap_narrow_inst/gen_thread_loop[0].r_payld_fifo/cmd_fifo/cmd_len_qq[7]_i_1 into driver instance top_i/smartconnect_0/inst/s00_entry_pipeline/s00_si_converter/inst/converter.wrap_narrow_inst/gen_thread_loop[0].r_payld_fifo/cmd_fifo/gen_pipelined.state[2]_i_3, which resulted in an inversion of 6 pins
INFO: [Opt 31-1287] Pulled Inverter top_i/smartconnect_0/inst/s00_entry_pipeline/s00_si_converter/inst/converter.wrap_narrow_inst/w_payld_fifo/cmd_fifo/cmd_len_qq[7]_i_1__0 into driver instance top_i/smartconnect_0/inst/s00_entry_pipeline/s00_si_converter/inst/converter.wrap_narrow_inst/w_payld_fifo/cmd_fifo/gen_pipelined.state[2]_i_3__0, which resulted in an inversion of 6 pins
INFO: [Opt 31-1287] Pulled Inverter top_i/smartconnect_0/inst/s01_entry_pipeline/s01_si_converter/inst/converter.wrap_narrow_inst/gen_thread_loop[0].r_payld_fifo/cmd_fifo/cmd_len_qq[7]_i_1 into driver instance top_i/smartconnect_0/inst/s01_entry_pipeline/s01_si_converter/inst/converter.wrap_narrow_inst/gen_thread_loop[0].r_payld_fifo/cmd_fifo/gen_pipelined.state[2]_i_3, which resulted in an inversion of 6 pins
INFO: [Opt 31-1287] Pulled Inverter top_i/smartconnect_0/inst/s01_entry_pipeline/s01_si_converter/inst/converter.wrap_narrow_inst/w_payld_fifo/cmd_fifo/cmd_len_qq[7]_i_1__0 into driver instance top_i/smartconnect_0/inst/s01_entry_pipeline/s01_si_converter/inst/converter.wrap_narrow_inst/w_payld_fifo/cmd_fifo/gen_pipelined.state[2]_i_3__0, which resulted in an inversion of 6 pins
INFO: [Opt 31-138] Pushed 74 inverter(s) to 3570 load pin(s).
INFO: [Opt 31-925] Fixed cascade connection for DSP: top_i/StreamingDataflowPartition_1/inst/StreamingDataflowPartition_1_MVAU_hls_0/StreamingDataflowPartition_1_MVAU_hls_0/inst/grp_Matrix_Vector_Activate_Stream_Batch_fu_540/mac_muladd_8s_8s_17s_17_4_1_U9/MVAU_hls_0_mac_muladd_8s_8s_17s_17_4_1_DSP48_1_U/p_reg_reg
INFO: [Opt 31-925] Fixed cascade connection for DSP: top_i/StreamingDataflowPartition_1/inst/StreamingDataflowPartition_1_MVAU_hls_1/StreamingDataflowPartition_1_MVAU_hls_1/inst/grp_Matrix_Vector_Activate_Stream_Batch_fu_30/mac_muladd_8ns_8s_17s_18_4_1_U2059/MVAU_hls_1_mac_muladd_8ns_8s_17s_18_4_1_DSP48_3_U/p_reg_reg
INFO: [Opt 31-925] Fixed cascade connection for DSP: top_i/StreamingDataflowPartition_1/inst/StreamingDataflowPartition_1_MVAU_hls_1/StreamingDataflowPartition_1_MVAU_hls_1/inst/grp_Matrix_Vector_Activate_Stream_Batch_fu_30/mac_muladd_8s_8ns_17s_18_4_1_U2061/MVAU_hls_1_mac_muladd_8s_8ns_17s_18_4_1_DSP48_5_U/p_reg_reg
INFO: [Opt 31-925] Fixed cascade connection for DSP: top_i/StreamingDataflowPartition_1/inst/StreamingDataflowPartition_1_MVAU_hls_1/StreamingDataflowPartition_1_MVAU_hls_1/inst/grp_Matrix_Vector_Activate_Stream_Batch_fu_30/mac_muladd_8s_8ns_17s_18_4_1_U2063/MVAU_hls_1_mac_muladd_8s_8ns_17s_18_4_1_DSP48_5_U/p_reg_reg
INFO: [Opt 31-925] Fixed cascade connection for DSP: top_i/StreamingDataflowPartition_1/inst/StreamingDataflowPartition_1_MVAU_hls_1/StreamingDataflowPartition_1_MVAU_hls_1/inst/grp_Matrix_Vector_Activate_Stream_Batch_fu_30/mac_muladd_8s_8ns_17s_18_4_1_U2065/MVAU_hls_1_mac_muladd_8s_8ns_17s_18_4_1_DSP48_5_U/p_reg_reg
INFO: [Opt 31-925] Fixed cascade connection for DSP: top_i/StreamingDataflowPartition_1/inst/StreamingDataflowPartition_1_MVAU_hls_1/StreamingDataflowPartition_1_MVAU_hls_1/inst/grp_Matrix_Vector_Activate_Stream_Batch_fu_30/mac_muladd_8s_8ns_17s_18_4_1_U2067/MVAU_hls_1_mac_muladd_8s_8ns_17s_18_4_1_DSP48_5_U/p_reg_reg
INFO: [Opt 31-925] Fixed cascade connection for DSP: top_i/StreamingDataflowPartition_1/inst/StreamingDataflowPartition_1_MVAU_hls_1/StreamingDataflowPartition_1_MVAU_hls_1/inst/grp_Matrix_Vector_Activate_Stream_Batch_fu_30/mac_muladd_8s_8ns_17s_18_4_1_U2069/MVAU_hls_1_mac_muladd_8s_8ns_17s_18_4_1_DSP48_5_U/p_reg_reg
INFO: [Opt 31-925] Fixed cascade connection for DSP: top_i/StreamingDataflowPartition_1/inst/StreamingDataflowPartition_1_MVAU_hls_1/StreamingDataflowPartition_1_MVAU_hls_1/inst/grp_Matrix_Vector_Activate_Stream_Batch_fu_30/mac_muladd_8s_8ns_17s_18_4_1_U2071/MVAU_hls_1_mac_muladd_8s_8ns_17s_18_4_1_DSP48_5_U/p_reg_reg
INFO: [Opt 31-925] Fixed cascade connection for DSP: top_i/StreamingDataflowPartition_1/inst/StreamingDataflowPartition_1_MVAU_hls_1/StreamingDataflowPartition_1_MVAU_hls_1/inst/grp_Matrix_Vector_Activate_Stream_Batch_fu_30/mac_muladd_8s_8ns_17s_18_4_1_U2073/MVAU_hls_1_mac_muladd_8s_8ns_17s_18_4_1_DSP48_5_U/p_reg_reg
INFO: [Opt 31-49] Retargeted 0 cell(s).
Phase 1 Retarget | Checksum: 669e4274

Time (s): cpu = 00:00:12 ; elapsed = 00:00:06 . Memory (MB): peak = 3720.996 ; gain = 436.875 ; free physical = 24082 ; free virtual = 50328
INFO: [Opt 31-389] Phase Retarget created 399 cells and removed 753 cells
INFO: [Opt 31-1021] In phase Retarget, 72 netlist objects are constrained preventing optimization. Please run opt_design with -debug_log to get more detail. 

Phase 2 Constant propagation
INFO: [Opt 31-138] Pushed 23 inverter(s) to 50 load pin(s).
Phase 2 Constant propagation | Checksum: 106ae0be6

Time (s): cpu = 00:00:14 ; elapsed = 00:00:07 . Memory (MB): peak = 3720.996 ; gain = 436.875 ; free physical = 24087 ; free virtual = 50333
INFO: [Opt 31-389] Phase Constant propagation created 415 cells and removed 5358 cells
INFO: [Opt 31-1021] In phase Constant propagation, 87 netlist objects are constrained preventing optimization. Please run opt_design with -debug_log to get more detail. 

Phase 3 Sweep
Phase 3 Sweep | Checksum: 12f9f4d4a

Time (s): cpu = 00:00:15 ; elapsed = 00:00:09 . Memory (MB): peak = 3720.996 ; gain = 436.875 ; free physical = 24063 ; free virtual = 50310
INFO: [Opt 31-389] Phase Sweep created 0 cells and removed 2219 cells
INFO: [Opt 31-1021] In phase Sweep, 172 netlist objects are constrained preventing optimization. Please run opt_design with -debug_log to get more detail. 

Phase 4 BUFG optimization
INFO: [Opt 31-1077] Phase BUFG optimization inserted 0 global clock buffer(s) for CLOCK_LOW_FANOUT.
Phase 4 BUFG optimization | Checksum: 12f9f4d4a

Time (s): cpu = 00:00:16 ; elapsed = 00:00:09 . Memory (MB): peak = 3753.012 ; gain = 468.891 ; free physical = 24068 ; free virtual = 50314
INFO: [Opt 31-662] Phase BUFG optimization created 0 cells of which 0 are BUFGs and removed 0 cells.

Phase 5 Shift Register Optimization
INFO: [Opt 31-1064] SRL Remap converted 0 SRLs to 0 registers and converted 0 registers of register chains to 0 SRLs
Phase 5 Shift Register Optimization | Checksum: 12f9f4d4a

Time (s): cpu = 00:00:16 ; elapsed = 00:00:09 . Memory (MB): peak = 3753.012 ; gain = 468.891 ; free physical = 24068 ; free virtual = 50314
INFO: [Opt 31-389] Phase Shift Register Optimization created 0 cells and removed 0 cells
INFO: [Opt 31-1555] control_set_opt supports Versal devices only, and device xczu3eg is unsupported

Phase 6 Post Processing Netlist
Phase 6 Post Processing Netlist | Checksum: b002b18f

Time (s): cpu = 00:00:17 ; elapsed = 00:00:10 . Memory (MB): peak = 3753.012 ; gain = 468.891 ; free physical = 24068 ; free virtual = 50314
INFO: [Opt 31-389] Phase Post Processing Netlist created 0 cells and removed 0 cells
INFO: [Opt 31-1021] In phase Post Processing Netlist, 78 netlist objects are constrained preventing optimization. Please run opt_design with -debug_log to get more detail. 
Opt_design Change Summary
=========================


-------------------------------------------------------------------------------------------------------------------------
|  Phase                        |  #Cells created  |  #Cells Removed  |  #Constrained objects preventing optimizations  |
-------------------------------------------------------------------------------------------------------------------------
|  Retarget                     |             399  |             753  |                                             72  |
|  Constant propagation         |             415  |            5358  |                                             87  |
|  Sweep                        |               0  |            2219  |                                            172  |
|  BUFG optimization            |               0  |               0  |                                              0  |
|  Shift Register Optimization  |               0  |               0  |                                              0  |
|  Post Processing Netlist      |               0  |               0  |                                             78  |
-------------------------------------------------------------------------------------------------------------------------



Starting Connectivity Check Task

Time (s): cpu = 00:00:00.12 ; elapsed = 00:00:00.13 . Memory (MB): peak = 3753.012 ; gain = 0.000 ; free physical = 24060 ; free virtual = 50306
Ending Logic Optimization Task | Checksum: fba352b1

Time (s): cpu = 00:00:19 ; elapsed = 00:00:12 . Memory (MB): peak = 3753.012 ; gain = 468.891 ; free physical = 24061 ; free virtual = 50308

Starting Netlist Obfuscation Task
Netlist sorting complete. Time (s): cpu = 00:00:00.01 ; elapsed = 00:00:00.01 . Memory (MB): peak = 3753.012 ; gain = 0.000 ; free physical = 24061 ; free virtual = 50308
Ending Netlist Obfuscation Task | Checksum: fba352b1

Time (s): cpu = 00:00:00.01 ; elapsed = 00:00:00.02 . Memory (MB): peak = 3753.012 ; gain = 0.000 ; free physical = 24061 ; free virtual = 50308
INFO: [Common 17-83] Releasing license: Implementation
91 Infos, 0 Warnings, 0 Critical Warnings and 0 Errors encountered.
opt_design completed successfully
opt_design: Time (s): cpu = 00:00:23 ; elapsed = 00:00:15 . Memory (MB): peak = 3753.012 ; gain = 631.188 ; free physical = 24061 ; free virtual = 50308
INFO: [Timing 38-480] Writing timing data to binary archive.
INFO: [Common 17-1381] The checkpoint '/tmp/finn_qi_int8_sweep/vivado_zynq_proj_3sv9eogz/finn_zynq_link.runs/impl_1/top_wrapper_opt.dcp' has been generated.
INFO: [runtcl-4] Executing : report_drc -file top_wrapper_drc_opted.rpt -pb top_wrapper_drc_opted.pb -rpx top_wrapper_drc_opted.rpx
Command: report_drc -file top_wrapper_drc_opted.rpt -pb top_wrapper_drc_opted.pb -rpx top_wrapper_drc_opted.rpx
INFO: [IP_Flow 19-1839] IP Catalog is up to date.
INFO: [DRC 23-27] Running DRC with 8 threads
INFO: [Vivado_Tcl 2-168] The results of DRC are in file /tmp/finn_qi_int8_sweep/vivado_zynq_proj_3sv9eogz/finn_zynq_link.runs/impl_1/top_wrapper_drc_opted.rpt.
report_drc completed successfully
Command: place_design -directive ExtraTimingOpt
Attempting to get a license for feature 'Implementation' and/or device 'xczu3eg'
INFO: [Common 17-349] Got license for feature 'Implementation' and/or device 'xczu3eg'
INFO: [DRC 23-27] Running DRC with 8 threads
INFO: [Vivado_Tcl 4-198] DRC finished with 0 Errors
INFO: [Vivado_Tcl 4-199] Please refer to the DRC report (report_drc) for more information.
Running DRC as a precondition to command place_design
INFO: [DRC 23-27] Running DRC with 8 threads
INFO: [Vivado_Tcl 4-198] DRC finished with 0 Errors
INFO: [Vivado_Tcl 4-199] Please refer to the DRC report (report_drc) for more information.

Starting Placer Task
INFO: [Place 46-5] The placer was invoked with the 'ExtraTimingOpt' directive.
INFO: [Place 30-611] Multithreading enabled for place_design using a maximum of 8 CPUs

Phase 1 Placer Initialization

Phase 1.1 Placer Initialization Netlist Sorting
Netlist sorting complete. Time (s): cpu = 00:00:00.01 ; elapsed = 00:00:00.01 . Memory (MB): peak = 3836.922 ; gain = 0.000 ; free physical = 23796 ; free virtual = 50061
Phase 1.1 Placer Initialization Netlist Sorting | Checksum: 6fa29c4d

Time (s): cpu = 00:00:00.02 ; elapsed = 00:00:00.04 . Memory (MB): peak = 3836.922 ; gain = 0.000 ; free physical = 23796 ; free virtual = 50061
Netlist sorting complete. Time (s): cpu = 00:00:00.01 ; elapsed = 00:00:00.01 . Memory (MB): peak = 3836.922 ; gain = 0.000 ; free physical = 23796 ; free virtual = 50061

Phase 1.2 IO Placement/ Clock Placement/ Build Placer Device
INFO: [Timing 38-35] Done setting XDC timing constraints.
Phase 1.2 IO Placement/ Clock Placement/ Build Placer Device | Checksum: 6637e480

Time (s): cpu = 00:00:27 ; elapsed = 00:00:22 . Memory (MB): peak = 4815.043 ; gain = 978.121 ; free physical = 22854 ; free virtual = 49119

Phase 1.3 Build Placer Netlist Model
Phase 1.3 Build Placer Netlist Model | Checksum: 10635c976

Time (s): cpu = 00:00:49 ; elapsed = 00:00:33 . Memory (MB): peak = 4910.242 ; gain = 1073.320 ; free physical = 22728 ; free virtual = 48993

Phase 1.4 Constrain Clocks/Macros
Phase 1.4 Constrain Clocks/Macros | Checksum: 10635c976

Time (s): cpu = 00:00:49 ; elapsed = 00:00:33 . Memory (MB): peak = 4910.242 ; gain = 1073.320 ; free physical = 22728 ; free virtual = 48993
Phase 1 Placer Initialization | Checksum: 10635c976

Time (s): cpu = 00:00:49 ; elapsed = 00:00:33 . Memory (MB): peak = 4910.242 ; gain = 1073.320 ; free physical = 22728 ; free virtual = 48993

Phase 2 Global Placement

Phase 2.1 Floorplanning

Phase 2.1.1 Partition Driven Placement

Phase 2.1.1.1 PBP: Partition Driven Placement
Phase 2.1.1.1 PBP: Partition Driven Placement | Checksum: 124ff998b

Time (s): cpu = 00:01:10 ; elapsed = 00:00:43 . Memory (MB): peak = 4998.285 ; gain = 1161.363 ; free physical = 22815 ; free virtual = 49080

Phase 2.1.1.2 PBP: Clock Region Placement
Phase 2.1.1.2 PBP: Clock Region Placement | Checksum: 124ff998b

Time (s): cpu = 00:01:11 ; elapsed = 00:00:44 . Memory (MB): peak = 4998.285 ; gain = 1161.363 ; free physical = 22811 ; free virtual = 49076

Phase 2.1.1.3 PBP: Compute Congestion
Phase 2.1.1.3 PBP: Compute Congestion | Checksum: 124ff998b

Time (s): cpu = 00:01:12 ; elapsed = 00:00:44 . Memory (MB): peak = 5036.645 ; gain = 1199.723 ; free physical = 22781 ; free virtual = 49046

Phase 2.1.1.4 PBP: UpdateTiming
Phase 2.1.1.4 PBP: UpdateTiming | Checksum: f57299cc

Time (s): cpu = 00:01:15 ; elapsed = 00:00:45 . Memory (MB): peak = 5066.660 ; gain = 1229.738 ; free physical = 22830 ; free virtual = 49095

Phase 2.1.1.5 PBP: Add part constraints
Phase 2.1.1.5 PBP: Add part constraints | Checksum: f57299cc

Time (s): cpu = 00:01:15 ; elapsed = 00:00:45 . Memory (MB): peak = 5066.660 ; gain = 1229.738 ; free physical = 22830 ; free virtual = 49095
Phase 2.1.1 Partition Driven Placement | Checksum: f57299cc

Time (s): cpu = 00:01:15 ; elapsed = 00:00:45 . Memory (MB): peak = 5066.660 ; gain = 1229.738 ; free physical = 22835 ; free virtual = 49100
Phase 2.1 Floorplanning | Checksum: 108597cd1

Time (s): cpu = 00:01:15 ; elapsed = 00:00:45 . Memory (MB): peak = 5066.660 ; gain = 1229.738 ; free physical = 22835 ; free virtual = 49100

Phase 2.2 Update Timing before SLR Path Opt
Phase 2.2 Update Timing before SLR Path Opt | Checksum: 108597cd1

Time (s): cpu = 00:01:15 ; elapsed = 00:00:45 . Memory (MB): peak = 5066.660 ; gain = 1229.738 ; free physical = 22835 ; free virtual = 49100

Phase 2.3 Post-Processing in Floorplanning
Phase 2.3 Post-Processing in Floorplanning | Checksum: 108597cd1

Time (s): cpu = 00:01:16 ; elapsed = 00:00:45 . Memory (MB): peak = 5066.660 ; gain = 1229.738 ; free physical = 22837 ; free virtual = 49102

Phase 2.4 Global Placement Core

Phase 2.4.1 UpdateTiming Before Physical Synthesis
Phase 2.4.1 UpdateTiming Before Physical Synthesis | Checksum: d2040622

Time (s): cpu = 00:02:29 ; elapsed = 00:01:09 . Memory (MB): peak = 5081.691 ; gain = 1244.770 ; free physical = 22737 ; free virtual = 49002

Phase 2.4.2 Physical Synthesis In Placer
INFO: [Physopt 32-1035] Found 22 LUTNM shape to break, 1642 LUT instances to create LUTNM shape
INFO: [Physopt 32-1044] Break lutnm for timing: one critical 16, two critical 6, total 22, new lutff created 0
INFO: [Physopt 32-1138] End 1 Pass. Optimized 663 nets or LUTs. Breaked 22 LUTs, combined 641 existing LUTs and moved 0 existing LUT
INFO: [Physopt 32-1030] Pass 1. Identified 75 candidate driver sets for equivalent driver rewiring.
INFO: [Physopt 32-661] Optimized 52 nets.  Re-placed 406 instances.
INFO: [Physopt 32-775] End 1 Pass. Optimized 52 nets or cells. Created 0 new cell, deleted 0 existing cell and moved 406 existing cells
Netlist sorting complete. Time (s): cpu = 00:00:00.16 ; elapsed = 00:00:00.17 . Memory (MB): peak = 5081.691 ; gain = 0.000 ; free physical = 22797 ; free virtual = 49062
INFO: [Physopt 32-76] Pass 1. Identified 2 candidate nets for fanout optimization.
INFO: [Physopt 32-81] Processed net top_i/StreamingDataflowPartition_1/inst/StreamingDataflowPartition_1_MVAU_hls_1/StreamingDataflowPartition_1_MVAU_hls_1/inst/grp_Matrix_Vector_Activate_Stream_Batch_fu_30/trunc_ln218_reg_94155_pp0_iter5_reg[0]. Replicated 71 times.
INFO: [Physopt 32-81] Processed net top_i/StreamingDataflowPartition_1/inst/StreamingDataflowPartition_1_MVAU_hls_1/StreamingDataflowPartition_1_MVAU_hls_1/inst/grp_Matrix_Vector_Activate_Stream_Batch_fu_30/trunc_ln218_reg_94155_pp0_iter5_reg[1]. Replicated 69 times.
INFO: [Physopt 32-232] Optimized 2 nets. Created 140 new instances.
INFO: [Physopt 32-775] End 1 Pass. Optimized 2 nets or cells. Created 140 new cells, deleted 0 existing cell and moved 0 existing cell
Netlist sorting complete. Time (s): cpu = 00:00:00.13 ; elapsed = 00:00:00.13 . Memory (MB): peak = 5081.691 ; gain = 0.000 ; free physical = 22835 ; free virtual = 49100
INFO: [Physopt 32-456] No candidate cells for DSP register optimization found in the design.
INFO: [Physopt 32-775] End 2 Pass. Optimized 0 net or cell. Created 0 new cell, deleted 0 existing cell and moved 0 existing cell
INFO: [Physopt 32-1123] No candidate cells found for Shift Register to Pipeline optimization
INFO: [Physopt 32-775] End 2 Pass. Optimized 0 net or cell. Created 0 new cell, deleted 0 existing cell and moved 0 existing cell
INFO: [Physopt 32-677] No candidate cells for Shift Register optimization found in the design
INFO: [Physopt 32-775] End 1 Pass. Optimized 0 net or cell. Created 0 new cell, deleted 0 existing cell and moved 0 existing cell
INFO: [Physopt 32-526] No candidate cells for BRAM register optimization found in the design
INFO: [Physopt 32-775] End 1 Pass. Optimized 0 net or cell. Created 0 new cell, deleted 0 existing cell and moved 0 existing cell
INFO: [Physopt 32-846] No candidate cells for URAM register optimization found in the design
INFO: [Physopt 32-775] End 2 Pass. Optimized 0 net or cell. Created 0 new cell, deleted 0 existing cell and moved 0 existing cell
INFO: [Physopt 32-949] No candidate nets found for dynamic/static region interface net replication
INFO: [Physopt 32-775] End 1 Pass. Optimized 0 net or cell. Created 0 new cell, deleted 0 existing cell and moved 0 existing cell
Netlist sorting complete. Time (s): cpu = 00:00:00.01 ; elapsed = 00:00:00.01 . Memory (MB): peak = 5081.691 ; gain = 0.000 ; free physical = 22839 ; free virtual = 49104

Summary of Physical Synthesis Optimizations
============================================


-----------------------------------------------------------------------------------------------------------------------------------------------------------
|  Optimization                                     |  Added Cells  |  Removed Cells  |  Optimized Cells/Nets  |  Dont Touch  |  Iterations  |  Elapsed   |
-----------------------------------------------------------------------------------------------------------------------------------------------------------
|  LUT Combining                                    |           22  |            641  |                   663  |           0  |           1  |  00:00:01  |
|  Retime                                           |            0  |              0  |                     0  |           0  |           1  |  00:00:00  |
|  Equivalent Driver Rewiring                       |            0  |              0  |                    52  |           0  |           1  |  00:00:05  |
|  Very High Fanout                                 |          140  |              0  |                     2  |           0  |           1  |  00:00:06  |
|  DSP Register                                     |            0  |              0  |                     0  |           0  |           1  |  00:00:00  |
|  Shift Register to Pipeline                       |            0  |              0  |                     0  |           0  |           1  |  00:00:00  |
|  Shift Register                                   |            0  |              0  |                     0  |           0  |           1  |  00:00:00  |
|  BRAM Register                                    |            0  |              0  |                     0  |           0  |           1  |  00:00:00  |
|  URAM Register                                    |            0  |              0  |                     0  |           0  |           1  |  00:00:00  |
|  Dynamic/Static Region Interface Net Replication  |            0  |              0  |                     0  |           0  |           1  |  00:00:00  |
|  Total                                            |          162  |            641  |                   717  |           0  |          10  |  00:00:12  |
-----------------------------------------------------------------------------------------------------------------------------------------------------------


Phase 2.4.2 Physical Synthesis In Placer | Checksum: b212433a

Time (s): cpu = 00:02:49 ; elapsed = 00:01:26 . Memory (MB): peak = 5081.691 ; gain = 1244.770 ; free physical = 22843 ; free virtual = 49108
Phase 2.4 Global Placement Core | Checksum: 17f0e5b64

Time (s): cpu = 00:02:55 ; elapsed = 00:01:28 . Memory (MB): peak = 5081.691 ; gain = 1244.770 ; free physical = 22804 ; free virtual = 49069
Phase 2 Global Placement | Checksum: 17f0e5b64

Time (s): cpu = 00:02:55 ; elapsed = 00:01:28 . Memory (MB): peak = 5081.691 ; gain = 1244.770 ; free physical = 22823 ; free virtual = 49088

Phase 3 Detail Placement

Phase 3.1 Commit Multi Column Macros
Phase 3.1 Commit Multi Column Macros | Checksum: 19e9f835a

Time (s): cpu = 00:03:00 ; elapsed = 00:01:29 . Memory (MB): peak = 5081.691 ; gain = 1244.770 ; free physical = 22852 ; free virtual = 49117

Phase 3.2 Commit Most Macros & LUTRAMs
Phase 3.2 Commit Most Macros & LUTRAMs | Checksum: 134f659a0

Time (s): cpu = 00:03:11 ; elapsed = 00:01:35 . Memory (MB): peak = 5081.691 ; gain = 1244.770 ; free physical = 22803 ; free virtual = 49069

Phase 3.3 Small Shape DP

Phase 3.3.1 Small Shape Clustering
Phase 3.3.1 Small Shape Clustering | Checksum: 17f7401ea

Time (s): cpu = 00:03:13 ; elapsed = 00:01:36 . Memory (MB): peak = 5081.691 ; gain = 1244.770 ; free physical = 22793 ; free virtual = 49058

Phase 3.3.2 Flow Legalize Slice Clusters
Phase 3.3.2 Flow Legalize Slice Clusters | Checksum: 13c8693e5

Time (s): cpu = 00:03:13 ; elapsed = 00:01:37 . Memory (MB): peak = 5081.691 ; gain = 1244.770 ; free physical = 22793 ; free virtual = 49058

Phase 3.3.3 Slice Area Swap

Phase 3.3.3.1 Slice Area Swap Initial
Phase 3.3.3.1 Slice Area Swap Initial | Checksum: a5bac86f

Time (s): cpu = 00:03:16 ; elapsed = 00:01:39 . Memory (MB): peak = 5081.691 ; gain = 1244.770 ; free physical = 22794 ; free virtual = 49060
Phase 3.3.3 Slice Area Swap | Checksum: a5bac86f

Time (s): cpu = 00:03:16 ; elapsed = 00:01:39 . Memory (MB): peak = 5081.691 ; gain = 1244.770 ; free physical = 22795 ; free virtual = 49060
Phase 3.3 Small Shape DP | Checksum: 1077aa9da

Time (s): cpu = 00:03:26 ; elapsed = 00:01:42 . Memory (MB): peak = 5081.691 ; gain = 1244.770 ; free physical = 22797 ; free virtual = 49062

Phase 3.4 Re-assign LUT pins
Phase 3.4 Re-assign LUT pins | Checksum: 8118661f

Time (s): cpu = 00:03:29 ; elapsed = 00:01:46 . Memory (MB): peak = 5081.691 ; gain = 1244.770 ; free physical = 22798 ; free virtual = 49063

Phase 3.5 Pipeline Register Optimization
Phase 3.5 Pipeline Register Optimization | Checksum: 153373ed8

Time (s): cpu = 00:03:30 ; elapsed = 00:01:46 . Memory (MB): peak = 5081.691 ; gain = 1244.770 ; free physical = 22798 ; free virtual = 49064
Phase 3 Detail Placement | Checksum: 153373ed8

Time (s): cpu = 00:03:30 ; elapsed = 00:01:46 . Memory (MB): peak = 5081.691 ; gain = 1244.770 ; free physical = 22799 ; free virtual = 49064

Phase 4 Post Placement Optimization and Clean-Up

Phase 4.1 Post Commit Optimization
INFO: [Timing 38-35] Done setting XDC timing constraints.

Phase 4.1.1 Post Placement Optimization
Post Placement Optimization Initialization | Checksum: 1c1c871f2

Phase 4.1.1.1 BUFG Insertion

Starting Physical Synthesis Task

Phase 1 Physical Synthesis Initialization
INFO: [Physopt 32-721] Multithreading enabled for phys_opt_design using a maximum of 8 CPUs
INFO: [Physopt 32-619] Estimated Timing Summary | WNS=0.871 | TNS=0.000 |
Phase 1 Physical Synthesis Initialization | Checksum: 1b7b6b13b

Time (s): cpu = 00:00:02 ; elapsed = 00:00:00.5 . Memory (MB): peak = 5081.691 ; gain = 0.000 ; free physical = 22815 ; free virtual = 49080
INFO: [Place 46-32] Processed net top_i/StreamingDataflowPartition_1/inst/StreamingDataflowPartition_1_MVAU_hls_0/StreamingDataflowPartition_1_MVAU_hls_0/inst/grp_Matrix_Vector_Activate_Stream_Batch_fu_540/p_ZL7threshs_221_U/E[0], BUFG insertion was skipped because the netlist could not be updated.
INFO: [Place 46-35] Processed net top_i/rst_zynq_ps_100M/U0/peripheral_aresetn[0], inserted BUFG to drive 3239 loads.
INFO: [Place 46-45] Replicated bufg driver top_i/rst_zynq_ps_100M/U0/ACTIVE_LOW_PR_OUT_DFF[0].FDRE_PER_N_replica
INFO: [Place 46-56] BUFG insertion identified 2 candidate nets. Inserted BUFG: 1, Replicated BUFG Driver: 1, Skipped due to Placement/Routing Conflicts: 0, Skipped due to Timing Degradation: 0, Skipped due to Illegal Netlist: 1.
Ending Physical Synthesis Task | Checksum: 1ba0c73bb

Time (s): cpu = 00:00:06 ; elapsed = 00:00:02 . Memory (MB): peak = 5081.691 ; gain = 0.000 ; free physical = 22815 ; free virtual = 49080
Phase 4.1.1.1 BUFG Insertion | Checksum: 1585c306d

Time (s): cpu = 00:04:04 ; elapsed = 00:01:57 . Memory (MB): peak = 5081.691 ; gain = 1244.770 ; free physical = 22815 ; free virtual = 49080

Phase 4.1.1.2 Post Placement Timing Optimization
INFO: [Place 30-746] Post Placement Timing Summary WNS=0.871. For the most accurate timing information please run report_timing.
Phase 4.1.1.2 Post Placement Timing Optimization | Checksum: 18eb67a25

Time (s): cpu = 00:04:04 ; elapsed = 00:01:57 . Memory (MB): peak = 5081.691 ; gain = 1244.770 ; free physical = 22817 ; free virtual = 49083

Time (s): cpu = 00:04:04 ; elapsed = 00:01:57 . Memory (MB): peak = 5081.691 ; gain = 1244.770 ; free physical = 22817 ; free virtual = 49083
Phase 4.1 Post Commit Optimization | Checksum: 18eb67a25

Time (s): cpu = 00:04:04 ; elapsed = 00:01:58 . Memory (MB): peak = 5081.691 ; gain = 1244.770 ; free physical = 22819 ; free virtual = 49085
Netlist sorting complete. Time (s): cpu = 00:00:00.2 ; elapsed = 00:00:00.2 . Memory (MB): peak = 5129.188 ; gain = 0.000 ; free physical = 22788 ; free virtual = 49053

Phase 4.2 Post Placement Cleanup
Phase 4.2 Post Placement Cleanup | Checksum: 1fb6542ee

Time (s): cpu = 00:04:08 ; elapsed = 00:02:00 . Memory (MB): peak = 5129.188 ; gain = 1292.266 ; free physical = 22795 ; free virtual = 49060

Phase 4.3 Placer Reporting

Phase 4.3.1 Print Estimated Congestion
INFO: [Place 30-612] Post-Placement Estimated Congestion 
 ________________________________________________________________________
|           | Global Congestion | Long Congestion   | Short Congestion  |
| Direction | Region Size       | Region Size       | Region Size       |
|___________|___________________|___________________|___________________|
|      North|                1x1|                1x1|                4x4|
|___________|___________________|___________________|___________________|
|      South|                1x1|                1x1|                2x2|
|___________|___________________|___________________|___________________|
|       East|                1x1|                1x1|                4x4|
|___________|___________________|___________________|___________________|
|       West|                2x2|                1x1|                4x4|
|___________|___________________|___________________|___________________|

Phase 4.3.1 Print Estimated Congestion | Checksum: 1fb6542ee

Time (s): cpu = 00:04:08 ; elapsed = 00:02:01 . Memory (MB): peak = 5129.188 ; gain = 1292.266 ; free physical = 22802 ; free virtual = 49067
Phase 4.3 Placer Reporting | Checksum: 1fb6542ee

Time (s): cpu = 00:04:09 ; elapsed = 00:02:01 . Memory (MB): peak = 5129.188 ; gain = 1292.266 ; free physical = 22801 ; free virtual = 49066

Phase 4.4 Final Placement Cleanup
Netlist sorting complete. Time (s): cpu = 00:00:00.01 ; elapsed = 00:00:00.01 . Memory (MB): peak = 5129.188 ; gain = 0.000 ; free physical = 22801 ; free virtual = 49066

Time (s): cpu = 00:04:09 ; elapsed = 00:02:01 . Memory (MB): peak = 5129.188 ; gain = 1292.266 ; free physical = 22801 ; free virtual = 49066
Phase 4 Post Placement Optimization and Clean-Up | Checksum: 1441096a9

Time (s): cpu = 00:04:09 ; elapsed = 00:02:01 . Memory (MB): peak = 5129.188 ; gain = 1292.266 ; free physical = 22808 ; free virtual = 49073
Ending Placer Task | Checksum: f14cebea

Time (s): cpu = 00:04:09 ; elapsed = 00:02:02 . Memory (MB): peak = 5129.188 ; gain = 1292.266 ; free physical = 22808 ; free virtual = 49073
INFO: [Common 17-83] Releasing license: Implementation
140 Infos, 0 Warnings, 0 Critical Warnings and 0 Errors encountered.
place_design completed successfully
place_design: Time (s): cpu = 00:04:13 ; elapsed = 00:02:03 . Memory (MB): peak = 5129.188 ; gain = 1292.266 ; free physical = 22925 ; free virtual = 49190
INFO: [Timing 38-480] Writing timing data to binary archive.
Writing XDEF routing.
Writing XDEF routing logical nets.
Writing XDEF routing special nets.
Write XDEF Complete: Time (s): cpu = 00:00:11 ; elapsed = 00:00:05 . Memory (MB): peak = 5129.188 ; gain = 0.000 ; free physical = 22728 ; free virtual = 49111
INFO: [Common 17-1381] The checkpoint '/tmp/finn_qi_int8_sweep/vivado_zynq_proj_3sv9eogz/finn_zynq_link.runs/impl_1/top_wrapper_placed.dcp' has been generated.
write_checkpoint: Time (s): cpu = 00:00:18 ; elapsed = 00:00:09 . Memory (MB): peak = 5129.188 ; gain = 0.000 ; free physical = 22818 ; free virtual = 49116
INFO: [runtcl-4] Executing : report_io -file top_wrapper_io_placed.rpt
report_io: Time (s): cpu = 00:00:00.09 ; elapsed = 00:00:00.24 . Memory (MB): peak = 5129.188 ; gain = 0.000 ; free physical = 22796 ; free virtual = 49093
INFO: [runtcl-4] Executing : report_utilization -file top_wrapper_utilization_placed.rpt -pb top_wrapper_utilization_placed.pb
INFO: [runtcl-4] Executing : report_control_sets -verbose -file top_wrapper_control_sets_placed.rpt
report_control_sets: Time (s): cpu = 00:00:00.13 ; elapsed = 00:00:00.28 . Memory (MB): peak = 5129.188 ; gain = 0.000 ; free physical = 22798 ; free virtual = 49097
Command: phys_opt_design -directive AggressiveExplore
Attempting to get a license for feature 'Implementation' and/or device 'xczu3eg'
INFO: [Common 17-349] Got license for feature 'Implementation' and/or device 'xczu3eg'
INFO: [Vivado_Tcl 4-137] Directive used for phys_opt_design is: AggressiveExplore

Starting Initial Update Timing Task

Time (s): cpu = 00:00:22 ; elapsed = 00:00:05 . Memory (MB): peak = 5129.188 ; gain = 0.000 ; free physical = 22801 ; free virtual = 49100
INFO: [Vivado_Tcl 4-383] Design worst setup slack (WNS) is greater than or equal to 0.000 ns. Skipping all physical synthesis optimizations.
INFO: [Vivado_Tcl 4-232] No setup violation found. The netlist was not modified.
INFO: [Common 17-83] Releasing license: Implementation
150 Infos, 0 Warnings, 0 Critical Warnings and 0 Errors encountered.
phys_opt_design completed successfully
phys_opt_design: Time (s): cpu = 00:00:22 ; elapsed = 00:00:05 . Memory (MB): peak = 5129.188 ; gain = 0.000 ; free physical = 22801 ; free virtual = 49100
INFO: [Timing 38-480] Writing timing data to binary archive.
Writing XDEF routing.
Writing XDEF routing logical nets.
Writing XDEF routing special nets.
Write XDEF Complete: Time (s): cpu = 00:00:10 ; elapsed = 00:00:05 . Memory (MB): peak = 5129.188 ; gain = 0.000 ; free physical = 22602 ; free virtual = 49018
INFO: [Common 17-1381] The checkpoint '/tmp/finn_qi_int8_sweep/vivado_zynq_proj_3sv9eogz/finn_zynq_link.runs/impl_1/top_wrapper_physopt.dcp' has been generated.
write_checkpoint: Time (s): cpu = 00:00:13 ; elapsed = 00:00:07 . Memory (MB): peak = 5129.188 ; gain = 0.000 ; free physical = 22693 ; free virtual = 49025
Command: route_design -directive NoTimingRelaxation
Attempting to get a license for feature 'Implementation' and/or device 'xczu3eg'
INFO: [Common 17-349] Got license for feature 'Implementation' and/or device 'xczu3eg'
Running DRC as a precondition to command route_design
INFO: [DRC 23-27] Running DRC with 8 threads
INFO: [Vivado_Tcl 4-198] DRC finished with 0 Errors
INFO: [Vivado_Tcl 4-199] Please refer to the DRC report (report_drc) for more information.


Starting Routing Task
INFO: [Route 35-270] Using Router directive 'NoTimingRelaxation'.
INFO: [Route 35-254] Multithreading enabled for route_design using a maximum of 8 CPUs

Phase 1 Build RT Design
Checksum: PlaceDB: 67140551 ConstDB: 0 ShapeSum: 1d8a1dd0 RouteDB: 6caec8c9
Nodegraph reading from file.  Time (s): cpu = 00:00:00.31 ; elapsed = 00:00:00.33 . Memory (MB): peak = 5183.484 ; gain = 0.000 ; free physical = 22538 ; free virtual = 48869
Post Restoration Checksum: NetGraph: 3c9caff1 NumContArr: 9d6f088 Constraints: c04afd03 Timing: 0
Phase 1 Build RT Design | Checksum: 106be9d7c

Time (s): cpu = 00:00:36 ; elapsed = 00:00:08 . Memory (MB): peak = 5183.484 ; gain = 0.000 ; free physical = 22608 ; free virtual = 48939

Phase 2 Router Initialization

Phase 2.1 Fix Topology Constraints
Phase 2.1 Fix Topology Constraints | Checksum: 106be9d7c

Time (s): cpu = 00:00:36 ; elapsed = 00:00:08 . Memory (MB): peak = 5183.484 ; gain = 0.000 ; free physical = 22573 ; free virtual = 48904

Phase 2.2 Pre Route Cleanup
Phase 2.2 Pre Route Cleanup | Checksum: 106be9d7c

Time (s): cpu = 00:00:36 ; elapsed = 00:00:08 . Memory (MB): peak = 5183.484 ; gain = 0.000 ; free physical = 22573 ; free virtual = 48904

Phase 2.3 Global Clock Net Routing
 Number of Nodes with overlaps = 0
Phase 2.3 Global Clock Net Routing | Checksum: 13ac41feb

Time (s): cpu = 00:00:39 ; elapsed = 00:00:09 . Memory (MB): peak = 5183.484 ; gain = 0.000 ; free physical = 22524 ; free virtual = 48855

Phase 2.4 Update Timing
Phase 2.4 Update Timing | Checksum: 200356ff8

Time (s): cpu = 00:00:53 ; elapsed = 00:00:14 . Memory (MB): peak = 5183.484 ; gain = 0.000 ; free physical = 22533 ; free virtual = 48864
INFO: [Route 35-416] Intermediate Timing Summary | WNS=1.263  | TNS=0.000  | WHS=-0.069 | THS=-18.138|


Router Utilization Summary
  Global Vertical Routing Utilization    = 0 %
  Global Horizontal Routing Utilization  = 0 %
  Routable Net Status*
  *Does not include unroutable nets such as driverless and loadless.
  Run report_route_status for detailed report.
  Number of Failed Nets               = 47054
    (Failed Nets is the sum of unrouted and partially routed nets)
  Number of Unrouted Nets             = 41094
  Number of Partially Routed Nets     = 5960
  Number of Node Overlaps             = 0

Phase 2 Router Initialization | Checksum: 22f1bb169

Time (s): cpu = 00:01:16 ; elapsed = 00:00:22 . Memory (MB): peak = 5251.160 ; gain = 67.676 ; free physical = 22344 ; free virtual = 48675

Phase 3 Initial Routing

Phase 3.1 Global Routing
Phase 3.1 Global Routing | Checksum: 22f1bb169

Time (s): cpu = 00:01:16 ; elapsed = 00:00:22 . Memory (MB): peak = 5251.160 ; gain = 67.676 ; free physical = 22336 ; free virtual = 48667
Phase 3 Initial Routing | Checksum: 228e25376

Time (s): cpu = 00:01:37 ; elapsed = 00:00:29 . Memory (MB): peak = 5284.160 ; gain = 100.676 ; free physical = 22415 ; free virtual = 48746

Phase 4 Rip-up And Reroute

Phase 4.1 Global Iteration 0
 Number of Nodes with overlaps = 11235
 Number of Nodes with overlaps = 822
 Number of Nodes with overlaps = 101
 Number of Nodes with overlaps = 19
 Number of Nodes with overlaps = 10
 Number of Nodes with overlaps = 6
 Number of Nodes with overlaps = 2
 Number of Nodes with overlaps = 2
 Number of Nodes with overlaps = 2
 Number of Nodes with overlaps = 2
 Number of Nodes with overlaps = 1
 Number of Nodes with overlaps = 1
 Number of Nodes with overlaps = 1
 Number of Nodes with overlaps = 1
 Number of Nodes with overlaps = 1
 Number of Nodes with overlaps = 0
INFO: [Route 35-416] Intermediate Timing Summary | WNS=0.969  | TNS=0.000  | WHS=-0.041 | THS=-0.921 |

Phase 4.1 Global Iteration 0 | Checksum: 21fc4edc9

Time (s): cpu = 00:03:44 ; elapsed = 00:01:32 . Memory (MB): peak = 5300.168 ; gain = 116.684 ; free physical = 22474 ; free virtual = 48805

Phase 4.2 Global Iteration 1
 Number of Nodes with overlaps = 2
 Number of Nodes with overlaps = 0
INFO: [Route 35-416] Intermediate Timing Summary | WNS=0.969  | TNS=0.000  | WHS=N/A    | THS=N/A    |

Phase 4.2 Global Iteration 1 | Checksum: 232a3ab00

Time (s): cpu = 00:03:51 ; elapsed = 00:01:36 . Memory (MB): peak = 5300.168 ; gain = 116.684 ; free physical = 22480 ; free virtual = 48811
Phase 4 Rip-up And Reroute | Checksum: 232a3ab00

Time (s): cpu = 00:03:51 ; elapsed = 00:01:36 . Memory (MB): peak = 5300.168 ; gain = 116.684 ; free physical = 22484 ; free virtual = 48816

Phase 5 Delay and Skew Optimization

Phase 5.1 Delay CleanUp
Phase 5.1 Delay CleanUp | Checksum: 232a3ab00

Time (s): cpu = 00:03:52 ; elapsed = 00:01:36 . Memory (MB): peak = 5300.168 ; gain = 116.684 ; free physical = 22484 ; free virtual = 48816

Phase 5.2 Clock Skew Optimization
Phase 5.2 Clock Skew Optimization | Checksum: 232a3ab00

Time (s): cpu = 00:03:52 ; elapsed = 00:01:36 . Memory (MB): peak = 5300.168 ; gain = 116.684 ; free physical = 22485 ; free virtual = 48816
Phase 5 Delay and Skew Optimization | Checksum: 232a3ab00

Time (s): cpu = 00:03:52 ; elapsed = 00:01:36 . Memory (MB): peak = 5300.168 ; gain = 116.684 ; free physical = 22485 ; free virtual = 48816

Phase 6 Post Hold Fix

Phase 6.1 Hold Fix Iter

Phase 6.1.1 Update Timing
Phase 6.1.1 Update Timing | Checksum: 1a248e21a

Time (s): cpu = 00:04:06 ; elapsed = 00:01:41 . Memory (MB): peak = 5300.168 ; gain = 116.684 ; free physical = 22487 ; free virtual = 48818
INFO: [Route 35-416] Intermediate Timing Summary | WNS=0.969  | TNS=0.000  | WHS=0.010  | THS=0.000  |

Phase 6.1 Hold Fix Iter | Checksum: 18ccb61d1

Time (s): cpu = 00:04:06 ; elapsed = 00:01:41 . Memory (MB): peak = 5300.168 ; gain = 116.684 ; free physical = 22487 ; free virtual = 48818
Phase 6 Post Hold Fix | Checksum: 18ccb61d1

Time (s): cpu = 00:04:06 ; elapsed = 00:01:41 . Memory (MB): peak = 5300.168 ; gain = 116.684 ; free physical = 22487 ; free virtual = 48818

Phase 7 Route finalize

Router Utilization Summary
  Global Vertical Routing Utilization    = 16.3731 %
  Global Horizontal Routing Utilization  = 15.4777 %
  Routable Net Status*
  *Does not include unroutable nets such as driverless and loadless.
  Run report_route_status for detailed report.
  Number of Failed Nets               = 0
    (Failed Nets is the sum of unrouted and partially routed nets)
  Number of Unrouted Nets             = 0
  Number of Partially Routed Nets     = 0
  Number of Node Overlaps             = 0

Phase 7 Route finalize | Checksum: 1868658c0

Time (s): cpu = 00:04:07 ; elapsed = 00:01:42 . Memory (MB): peak = 5300.168 ; gain = 116.684 ; free physical = 22481 ; free virtual = 48812

Phase 8 Verifying routed nets

 Verification completed successfully
Phase 8 Verifying routed nets | Checksum: 1868658c0

Time (s): cpu = 00:04:07 ; elapsed = 00:01:42 . Memory (MB): peak = 5300.168 ; gain = 116.684 ; free physical = 22478 ; free virtual = 48809

Phase 9 Depositing Routes
Phase 9 Depositing Routes | Checksum: 1868658c0

Time (s): cpu = 00:04:12 ; elapsed = 00:01:46 . Memory (MB): peak = 5300.168 ; gain = 116.684 ; free physical = 22493 ; free virtual = 48824

Phase 10 Resolve XTalk
Phase 10 Resolve XTalk | Checksum: 1868658c0

Time (s): cpu = 00:04:13 ; elapsed = 00:01:46 . Memory (MB): peak = 5300.168 ; gain = 116.684 ; free physical = 22493 ; free virtual = 48824

Phase 11 Route finalize
Phase 11 Route finalize | Checksum: 1868658c0

Time (s): cpu = 00:04:13 ; elapsed = 00:01:47 . Memory (MB): peak = 5300.168 ; gain = 116.684 ; free physical = 22493 ; free virtual = 48824

Phase 12 Post Router Timing
INFO: [Route 35-20] Post Routing Timing Summary | WNS=0.964  | TNS=0.000  | WHS=0.010  | THS=0.000  |

Phase 12 Post Router Timing | Checksum: 215ad2dbb

Time (s): cpu = 00:04:39 ; elapsed = 00:01:52 . Memory (MB): peak = 5300.168 ; gain = 116.684 ; free physical = 22442 ; free virtual = 48774
INFO: [Route 35-61] The design met the timing requirement.
INFO: [Route 35-16] Router Completed Successfully

Time (s): cpu = 00:04:39 ; elapsed = 00:01:52 . Memory (MB): peak = 5300.168 ; gain = 116.684 ; free physical = 22632 ; free virtual = 48963

Routing Is Done.
INFO: [Common 17-83] Releasing license: Implementation
166 Infos, 0 Warnings, 0 Critical Warnings and 0 Errors encountered.
route_design completed successfully
route_design: Time (s): cpu = 00:04:45 ; elapsed = 00:01:55 . Memory (MB): peak = 5300.168 ; gain = 170.980 ; free physical = 22633 ; free virtual = 48965
INFO: [Timing 38-480] Writing timing data to binary archive.
Writing XDEF routing.
Writing XDEF routing logical nets.
Writing XDEF routing special nets.
Write XDEF Complete: Time (s): cpu = 00:00:11 ; elapsed = 00:00:05 . Memory (MB): peak = 5300.168 ; gain = 0.000 ; free physical = 22408 ; free virtual = 48869
INFO: [Common 17-1381] The checkpoint '/tmp/finn_qi_int8_sweep/vivado_zynq_proj_3sv9eogz/finn_zynq_link.runs/impl_1/top_wrapper_routed.dcp' has been generated.
write_checkpoint: Time (s): cpu = 00:00:20 ; elapsed = 00:00:11 . Memory (MB): peak = 5308.172 ; gain = 8.004 ; free physical = 22480 ; free virtual = 48849
INFO: [runtcl-4] Executing : report_drc -file top_wrapper_drc_routed.rpt -pb top_wrapper_drc_routed.pb -rpx top_wrapper_drc_routed.rpx
Command: report_drc -file top_wrapper_drc_routed.rpt -pb top_wrapper_drc_routed.pb -rpx top_wrapper_drc_routed.rpx
INFO: [IP_Flow 19-1839] IP Catalog is up to date.
INFO: [DRC 23-27] Running DRC with 8 threads
INFO: [Vivado_Tcl 2-168] The results of DRC are in file /tmp/finn_qi_int8_sweep/vivado_zynq_proj_3sv9eogz/finn_zynq_link.runs/impl_1/top_wrapper_drc_routed.rpt.
report_drc completed successfully
INFO: [runtcl-4] Executing : report_methodology -file top_wrapper_methodology_drc_routed.rpt -pb top_wrapper_methodology_drc_routed.pb -rpx top_wrapper_methodology_drc_routed.rpx
Command: report_methodology -file top_wrapper_methodology_drc_routed.rpt -pb top_wrapper_methodology_drc_routed.pb -rpx top_wrapper_methodology_drc_routed.rpx
INFO: [Timing 38-35] Done setting XDC timing constraints.
INFO: [DRC 23-133] Running Methodology with 8 threads
INFO: [Vivado_Tcl 2-1520] The results of Report Methodology are in file /tmp/finn_qi_int8_sweep/vivado_zynq_proj_3sv9eogz/finn_zynq_link.runs/impl_1/top_wrapper_methodology_drc_routed.rpt.
report_methodology completed successfully
report_methodology: Time (s): cpu = 00:00:20 ; elapsed = 00:00:06 . Memory (MB): peak = 5319.145 ; gain = 0.000 ; free physical = 22453 ; free virtual = 48822
INFO: [runtcl-4] Executing : report_power -file top_wrapper_power_routed.rpt -pb top_wrapper_power_summary_routed.pb -rpx top_wrapper_power_routed.rpx
Command: report_power -file top_wrapper_power_routed.rpt -pb top_wrapper_power_summary_routed.pb -rpx top_wrapper_power_routed.rpx
INFO: [Timing 38-35] Done setting XDC timing constraints.
Running Vector-less Activity Propagation...

Finished Running Vector-less Activity Propagation
178 Infos, 0 Warnings, 0 Critical Warnings and 0 Errors encountered.
report_power completed successfully
report_power: Time (s): cpu = 00:00:26 ; elapsed = 00:00:08 . Memory (MB): peak = 5367.180 ; gain = 48.035 ; free physical = 22346 ; free virtual = 48731
INFO: [runtcl-4] Executing : report_route_status -file top_wrapper_route_status.rpt -pb top_wrapper_route_status.pb
INFO: [runtcl-4] Executing : report_timing_summary -max_paths 10 -report_unconstrained -file top_wrapper_timing_summary_routed.rpt -pb top_wrapper_timing_summary_routed.pb -rpx top_wrapper_timing_summary_routed.rpx
INFO: [Timing 38-91] UpdateTimingParams: Speed grade: -1, Temperature grade: E, Delay Type: min_max.
INFO: [Timing 38-191] Multithreading enabled for timing update using a maximum of 8 CPUs
INFO: [runtcl-4] Executing : report_incremental_reuse -file top_wrapper_incremental_reuse_routed.rpt
INFO: [Vivado_Tcl 4-1062] Incremental flow is disabled. No incremental reuse Info to report.
INFO: [runtcl-4] Executing : report_clock_utilization -file top_wrapper_clock_utilization_routed.rpt
INFO: [runtcl-4] Executing : report_bus_skew -warn_on_violation -file top_wrapper_bus_skew_routed.rpt -pb top_wrapper_bus_skew_routed.pb -rpx top_wrapper_bus_skew_routed.rpx
INFO: [Timing 38-91] UpdateTimingParams: Speed grade: -1, Temperature grade: E, Delay Type: min_max.
INFO: [Timing 38-191] Multithreading enabled for timing update using a maximum of 8 CPUs
Command: phys_opt_design -directive AggressiveExplore
Attempting to get a license for feature 'Implementation' and/or device 'xczu3eg'
INFO: [Common 17-349] Got license for feature 'Implementation' and/or device 'xczu3eg'
INFO: [Vivado_Tcl 4-241] Physical synthesis in post route mode ( 100.0% nets are fully routed)
INFO: [Vivado_Tcl 4-137] Directive used for phys_opt_design is: AggressiveExplore

Starting Initial Update Timing Task

Time (s): cpu = 00:00:05 ; elapsed = 00:00:02 . Memory (MB): peak = 5367.180 ; gain = 0.000 ; free physical = 22144 ; free virtual = 48530
INFO: [Vivado_Tcl 4-383] Design worst setup slack (WNS) is greater than or equal to 0.000 ns. Skipping all physical synthesis optimizations.
INFO: [Vivado_Tcl 4-232] No setup violation found. The netlist was not modified.
INFO: [Common 17-83] Releasing license: Implementation
9 Infos, 0 Warnings, 0 Critical Warnings and 0 Errors encountered.
phys_opt_design completed successfully
INFO: [Timing 38-480] Writing timing data to binary archive.
Writing XDEF routing.
Writing XDEF routing logical nets.
Writing XDEF routing special nets.
Write XDEF Complete: Time (s): cpu = 00:00:11 ; elapsed = 00:00:05 . Memory (MB): peak = 5367.180 ; gain = 0.000 ; free physical = 21996 ; free virtual = 48512
INFO: [Common 17-1381] The checkpoint '/tmp/finn_qi_int8_sweep/vivado_zynq_proj_3sv9eogz/finn_zynq_link.runs/impl_1/top_wrapper_postroute_physopt.dcp' has been generated.
write_checkpoint: Time (s): cpu = 00:00:14 ; elapsed = 00:00:08 . Memory (MB): peak = 5367.180 ; gain = 0.000 ; free physical = 22141 ; free virtual = 48566
INFO: [runtcl-4] Executing : report_timing_summary -max_paths 10 -report_unconstrained -warn_on_violation -file top_wrapper_timing_summary_postroute_physopted.rpt -pb top_wrapper_timing_summary_postroute_physopted.pb -rpx top_wrapper_timing_summary_postroute_physopted.rpx
INFO: [Timing 38-91] UpdateTimingParams: Speed grade: -1, Temperature grade: E, Delay Type: min_max.
INFO: [Timing 38-191] Multithreading enabled for timing update using a maximum of 8 CPUs
INFO: [runtcl-4] Executing : report_bus_skew -warn_on_violation -file top_wrapper_bus_skew_postroute_physopted.rpt -pb top_wrapper_bus_skew_postroute_physopted.pb -rpx top_wrapper_bus_skew_postroute_physopted.rpx
INFO: [Timing 38-91] UpdateTimingParams: Speed grade: -1, Temperature grade: E, Delay Type: min_max.
INFO: [Timing 38-191] Multithreading enabled for timing update using a maximum of 8 CPUs
INFO: [Memdata 28-167] Found XPM memory block top_i/smartconnect_0/inst/s01_nodes/s01_w_node/inst/inst_mi_handler/gen_normal_area.inst_fifo_node_payld/gen_xpm_memory_fifo.inst_fifo/gen_mem_rep[0].inst_xpm_memory/xpm_memory_base_inst with a P_MEMORY_PRIMITIVE property set to distributed. A value of block is required. You will not be able to use the updatemem program to update the bitstream with new data for the top_i/smartconnect_0/inst/s01_nodes/s01_w_node/inst/inst_mi_handler/gen_normal_area.inst_fifo_node_payld/gen_xpm_memory_fifo.inst_fifo/gen_mem_rep[0].inst_xpm_memory/xpm_memory_base_inst block.
INFO: [Memdata 28-167] Found XPM memory block top_i/smartconnect_0/inst/s01_nodes/s01_w_node/inst/inst_mi_handler/gen_normal_area.gen_fifo_req.inst_fifo_req/gen_xpm_memory_fifo.inst_fifo/gen_mem_rep[0].inst_xpm_memory/xpm_memory_base_inst with a P_MEMORY_PRIMITIVE property set to distributed. A value of block is required. You will not be able to use the updatemem program to update the bitstream with new data for the top_i/smartconnect_0/inst/s01_nodes/s01_w_node/inst/inst_mi_handler/gen_normal_area.gen_fifo_req.inst_fifo_req/gen_xpm_memory_fifo.inst_fifo/gen_mem_rep[0].inst_xpm_memory/xpm_memory_base_inst block.
INFO: [Memdata 28-167] Found XPM memory block top_i/smartconnect_0/inst/s01_nodes/s01_aw_node/inst/inst_mi_handler/gen_normal_area.inst_fifo_node_payld/gen_xpm_memory_fifo.inst_fifo/gen_mem_rep[0].inst_xpm_memory/xpm_memory_base_inst with a P_MEMORY_PRIMITIVE property set to distributed. A value of block is required. You will not be able to use the updatemem program to update the bitstream with new data for the top_i/smartconnect_0/inst/s01_nodes/s01_aw_node/inst/inst_mi_handler/gen_normal_area.inst_fifo_node_payld/gen_xpm_memory_fifo.inst_fifo/gen_mem_rep[0].inst_xpm_memory/xpm_memory_base_inst block.
INFO: [Memdata 28-167] Found XPM memory block top_i/smartconnect_0/inst/s01_nodes/s01_ar_node/inst/inst_mi_handler/gen_normal_area.inst_fifo_node_payld/gen_xpm_memory_fifo.inst_fifo/gen_mem_rep[0].inst_xpm_memory/xpm_memory_base_inst with a P_MEMORY_PRIMITIVE property set to distributed. A value of block is required. You will not be able to use the updatemem program to update the bitstream with new data for the top_i/smartconnect_0/inst/s01_nodes/s01_ar_node/inst/inst_mi_handler/gen_normal_area.inst_fifo_node_payld/gen_xpm_memory_fifo.inst_fifo/gen_mem_rep[0].inst_xpm_memory/xpm_memory_base_inst block.
INFO: [Memdata 28-167] Found XPM memory block top_i/smartconnect_0/inst/s00_nodes/s00_w_node/inst/inst_mi_handler/gen_normal_area.inst_fifo_node_payld/gen_xpm_memory_fifo.inst_fifo/gen_mem_rep[0].inst_xpm_memory/xpm_memory_base_inst with a P_MEMORY_PRIMITIVE property set to distributed. A value of block is required. You will not be able to use the updatemem program to update the bitstream with new data for the top_i/smartconnect_0/inst/s00_nodes/s00_w_node/inst/inst_mi_handler/gen_normal_area.inst_fifo_node_payld/gen_xpm_memory_fifo.inst_fifo/gen_mem_rep[0].inst_xpm_memory/xpm_memory_base_inst block.
INFO: [Memdata 28-167] Found XPM memory block top_i/smartconnect_0/inst/s00_nodes/s00_w_node/inst/inst_mi_handler/gen_normal_area.gen_fifo_req.inst_fifo_req/gen_xpm_memory_fifo.inst_fifo/gen_mem_rep[0].inst_xpm_memory/xpm_memory_base_inst with a P_MEMORY_PRIMITIVE property set to distributed. A value of block is required. You will not be able to use the updatemem program to update the bitstream with new data for the top_i/smartconnect_0/inst/s00_nodes/s00_w_node/inst/inst_mi_handler/gen_normal_area.gen_fifo_req.inst_fifo_req/gen_xpm_memory_fifo.inst_fifo/gen_mem_rep[0].inst_xpm_memory/xpm_memory_base_inst block.
INFO: [Memdata 28-167] Found XPM memory block top_i/smartconnect_0/inst/s00_nodes/s00_r_node/inst/inst_mi_handler/gen_normal_area.inst_fifo_node_payld/gen_xpm_memory_fifo.inst_fifo/gen_mem_rep[0].inst_xpm_memory/xpm_memory_base_inst with a P_MEMORY_PRIMITIVE property set to distributed. A value of block is required. You will not be able to use the updatemem program to update the bitstream with new data for the top_i/smartconnect_0/inst/s00_nodes/s00_r_node/inst/inst_mi_handler/gen_normal_area.inst_fifo_node_payld/gen_xpm_memory_fifo.inst_fifo/gen_mem_rep[0].inst_xpm_memory/xpm_memory_base_inst block.
INFO: [Memdata 28-167] Found XPM memory block top_i/smartconnect_0/inst/s00_nodes/s00_aw_node/inst/inst_mi_handler/gen_normal_area.inst_fifo_node_payld/gen_xpm_memory_fifo.inst_fifo/gen_mem_rep[0].inst_xpm_memory/xpm_memory_base_inst with a P_MEMORY_PRIMITIVE property set to distributed. A value of block is required. You will not be able to use the updatemem program to update the bitstream with new data for the top_i/smartconnect_0/inst/s00_nodes/s00_aw_node/inst/inst_mi_handler/gen_normal_area.inst_fifo_node_payld/gen_xpm_memory_fifo.inst_fifo/gen_mem_rep[0].inst_xpm_memory/xpm_memory_base_inst block.
INFO: [Memdata 28-167] Found XPM memory block top_i/smartconnect_0/inst/s00_nodes/s00_ar_node/inst/inst_mi_handler/gen_normal_area.inst_fifo_node_payld/gen_xpm_memory_fifo.inst_fifo/gen_mem_rep[0].inst_xpm_memory/xpm_memory_base_inst with a P_MEMORY_PRIMITIVE property set to distributed. A value of block is required. You will not be able to use the updatemem program to update the bitstream with new data for the top_i/smartconnect_0/inst/s00_nodes/s00_ar_node/inst/inst_mi_handler/gen_normal_area.inst_fifo_node_payld/gen_xpm_memory_fifo.inst_fifo/gen_mem_rep[0].inst_xpm_memory/xpm_memory_base_inst block.
INFO: [Memdata 28-167] Found XPM memory block top_i/smartconnect_0/inst/m00_nodes/m00_w_node/inst/inst_si_handler/gen_si_handler.gen_request_fifos.gen_req_fifo[1].inst_req_fifo/gen_xpm_memory_fifo.inst_fifo/gen_mem_rep[0].inst_xpm_memory/xpm_memory_base_inst with a P_MEMORY_PRIMITIVE property set to distributed. A value of block is required. You will not be able to use the updatemem program to update the bitstream with new data for the top_i/smartconnect_0/inst/m00_nodes/m00_w_node/inst/inst_si_handler/gen_si_handler.gen_request_fifos.gen_req_fifo[1].inst_req_fifo/gen_xpm_memory_fifo.inst_fifo/gen_mem_rep[0].inst_xpm_memory/xpm_memory_base_inst block.
INFO: [Memdata 28-167] Found XPM memory block top_i/smartconnect_0/inst/m00_nodes/m00_w_node/inst/inst_si_handler/gen_si_handler.gen_request_fifos.gen_req_fifo[0].inst_req_fifo/gen_xpm_memory_fifo.inst_fifo/gen_mem_rep[0].inst_xpm_memory/xpm_memory_base_inst with a P_MEMORY_PRIMITIVE property set to distributed. A value of block is required. You will not be able to use the updatemem program to update the bitstream with new data for the top_i/smartconnect_0/inst/m00_nodes/m00_w_node/inst/inst_si_handler/gen_si_handler.gen_request_fifos.gen_req_fifo[0].inst_req_fifo/gen_xpm_memory_fifo.inst_fifo/gen_mem_rep[0].inst_xpm_memory/xpm_memory_base_inst block.
INFO: [Memdata 28-167] Found XPM memory block top_i/smartconnect_0/inst/m00_nodes/m00_w_node/inst/inst_mi_handler/gen_normal_area.inst_fifo_node_payld/gen_xpm_memory_fifo.inst_fifo/gen_mem_rep[0].inst_xpm_memory/xpm_memory_base_inst with a P_MEMORY_PRIMITIVE property set to distributed. A value of block is required. You will not be able to use the updatemem program to update the bitstream with new data for the top_i/smartconnect_0/inst/m00_nodes/m00_w_node/inst/inst_mi_handler/gen_normal_area.inst_fifo_node_payld/gen_xpm_memory_fifo.inst_fifo/gen_mem_rep[0].inst_xpm_memory/xpm_memory_base_inst block.
INFO: [Memdata 28-167] Found XPM memory block top_i/smartconnect_0/inst/m00_nodes/m00_r_node/inst/inst_mi_handler/gen_normal_area.inst_fifo_node_payld/gen_xpm_memory_fifo.inst_fifo/gen_mem_rep[0].inst_xpm_memory/xpm_memory_base_inst with a P_MEMORY_PRIMITIVE property set to distributed. A value of block is required. You will not be able to use the updatemem program to update the bitstream with new data for the top_i/smartconnect_0/inst/m00_nodes/m00_r_node/inst/inst_mi_handler/gen_normal_area.inst_fifo_node_payld/gen_xpm_memory_fifo.inst_fifo/gen_mem_rep[0].inst_xpm_memory/xpm_memory_base_inst block.
INFO: [Memdata 28-167] Found XPM memory block top_i/smartconnect_0/inst/m00_nodes/m00_r_node/inst/inst_mi_handler/gen_normal_area.gen_fifo_req.inst_fifo_req/gen_xpm_memory_fifo.inst_fifo/gen_mem_rep[0].inst_xpm_memory/xpm_memory_base_inst with a P_MEMORY_PRIMITIVE property set to distributed. A value of block is required. You will not be able to use the updatemem program to update the bitstream with new data for the top_i/smartconnect_0/inst/m00_nodes/m00_r_node/inst/inst_mi_handler/gen_normal_area.gen_fifo_req.inst_fifo_req/gen_xpm_memory_fifo.inst_fifo/gen_mem_rep[0].inst_xpm_memory/xpm_memory_base_inst block.
INFO: [Memdata 28-167] Found XPM memory block top_i/smartconnect_0/inst/m00_nodes/m00_b_node/inst/inst_mi_handler/gen_normal_area.gen_fifo_req.inst_fifo_req/gen_xpm_memory_fifo.inst_fifo/gen_mem_rep[0].inst_xpm_memory/xpm_memory_base_inst with a P_MEMORY_PRIMITIVE property set to distributed. A value of block is required. You will not be able to use the updatemem program to update the bitstream with new data for the top_i/smartconnect_0/inst/m00_nodes/m00_b_node/inst/inst_mi_handler/gen_normal_area.gen_fifo_req.inst_fifo_req/gen_xpm_memory_fifo.inst_fifo/gen_mem_rep[0].inst_xpm_memory/xpm_memory_base_inst block.
INFO: [Memdata 28-167] Found XPM memory block top_i/smartconnect_0/inst/m00_nodes/m00_aw_node/inst/inst_mi_handler/gen_normal_area.inst_fifo_node_payld/gen_xpm_memory_fifo.inst_fifo/gen_mem_rep[0].inst_xpm_memory/xpm_memory_base_inst with a P_MEMORY_PRIMITIVE property set to distributed. A value of block is required. You will not be able to use the updatemem program to update the bitstream with new data for the top_i/smartconnect_0/inst/m00_nodes/m00_aw_node/inst/inst_mi_handler/gen_normal_area.inst_fifo_node_payld/gen_xpm_memory_fifo.inst_fifo/gen_mem_rep[0].inst_xpm_memory/xpm_memory_base_inst block.
INFO: [Memdata 28-167] Found XPM memory block top_i/smartconnect_0/inst/m00_nodes/m00_ar_node/inst/inst_mi_handler/gen_normal_area.inst_fifo_node_payld/gen_xpm_memory_fifo.inst_fifo/gen_mem_rep[0].inst_xpm_memory/xpm_memory_base_inst with a P_MEMORY_PRIMITIVE property set to distributed. A value of block is required. You will not be able to use the updatemem program to update the bitstream with new data for the top_i/smartconnect_0/inst/m00_nodes/m00_ar_node/inst/inst_mi_handler/gen_normal_area.inst_fifo_node_payld/gen_xpm_memory_fifo.inst_fifo/gen_mem_rep[0].inst_xpm_memory/xpm_memory_base_inst block.
INFO: [Memdata 28-208] The XPM instance: <top_i/StreamingDataflowPartition_1/inst/StreamingDataflowPartition_1_StreamingFIFO_rtl_8/fifo/inst/gen_fifo.xpm_fifo_axis_inst/xpm_fifo_base_inst/gen_sdpram.xpm_memory_base_inst> is part of IP: <top_i/StreamingDataflowPartition_1/inst/StreamingDataflowPartition_1_StreamingFIFO_rtl_8/fifo>. This XPM instance will be excluded from the .mmi because updatemem is prohibited from making changes to an XPM that is part of an IP.
INFO: [Memdata 28-208] The XPM instance: <top_i/StreamingDataflowPartition_1/inst/StreamingDataflowPartition_1_StreamingFIFO_rtl_3/fifo/inst/gen_fifo.xpm_fifo_axis_inst/xpm_fifo_base_inst/gen_sdpram.xpm_memory_base_inst> is part of IP: <top_i/StreamingDataflowPartition_1/inst/StreamingDataflowPartition_1_StreamingFIFO_rtl_3/fifo>. This XPM instance will be excluded from the .mmi because updatemem is prohibited from making changes to an XPM that is part of an IP.
INFO: [Memdata 28-208] The XPM instance: <top_i/StreamingDataflowPartition_1/inst/StreamingDataflowPartition_1_StreamingFIFO_rtl_1/fifo/inst/gen_fifo.xpm_fifo_axis_inst/xpm_fifo_base_inst/gen_sdpram.xpm_memory_base_inst> is part of IP: <top_i/StreamingDataflowPartition_1/inst/StreamingDataflowPartition_1_StreamingFIFO_rtl_1/fifo>. This XPM instance will be excluded from the .mmi because updatemem is prohibited from making changes to an XPM that is part of an IP.
Command: write_bitstream -force top_wrapper.bit
Attempting to get a license for feature 'Implementation' and/or device 'xczu3eg'
INFO: [Common 17-349] Got license for feature 'Implementation' and/or device 'xczu3eg'
Running DRC as a precondition to command write_bitstream
INFO: [IP_Flow 19-1839] IP Catalog is up to date.
INFO: [DRC 23-27] Running DRC with 8 threads
WARNING: [DRC DPIP-2] Input pipelining: DSP top_i/StreamingDataflowPartition_1/inst/StreamingDataflowPartition_1_MVAU_hls_0/StreamingDataflowPartition_1_MVAU_hls_0/inst/grp_Matrix_Vector_Activate_Stream_Batch_fu_540/mac_muladd_8s_8s_16s_17_4_1_U8/MVAU_hls_0_mac_muladd_8s_8s_16s_17_4_1_DSP48_0_U/p_reg_reg input top_i/StreamingDataflowPartition_1/inst/StreamingDataflowPartition_1_MVAU_hls_0/StreamingDataflowPartition_1_MVAU_hls_0/inst/grp_Matrix_Vector_Activate_Stream_Batch_fu_540/mac_muladd_8s_8s_16s_17_4_1_U8/MVAU_hls_0_mac_muladd_8s_8s_16s_17_4_1_DSP48_0_U/p_reg_reg/C[47:0] is not pipelined. Pipelining DSP48 input will improve performance.
WARNING: [DRC DPIP-2] Input pipelining: DSP top_i/StreamingDataflowPartition_1/inst/StreamingDataflowPartition_1_MVAU_hls_1/StreamingDataflowPartition_1_MVAU_hls_1/inst/grp_Matrix_Vector_Activate_Stream_Batch_fu_30/mac_muladd_8ns_8s_16s_17_4_1_U2050/MVAU_hls_1_mac_muladd_8ns_8s_16s_17_4_1_DSP48_0_U/p_reg_reg input top_i/StreamingDataflowPartition_1/inst/StreamingDataflowPartition_1_MVAU_hls_1/StreamingDataflowPartition_1_MVAU_hls_1/inst/grp_Matrix_Vector_Activate_Stream_Batch_fu_30/mac_muladd_8ns_8s_16s_17_4_1_U2050/MVAU_hls_1_mac_muladd_8ns_8s_16s_17_4_1_DSP48_0_U/p_reg_reg/C[47:0] is not pipelined. Pipelining DSP48 input will improve performance.
WARNING: [DRC DPIP-2] Input pipelining: DSP top_i/StreamingDataflowPartition_1/inst/StreamingDataflowPartition_1_MVAU_hls_1/StreamingDataflowPartition_1_MVAU_hls_1/inst/grp_Matrix_Vector_Activate_Stream_Batch_fu_30/mac_muladd_8ns_8s_21s_21_4_1_U2058/MVAU_hls_1_mac_muladd_8ns_8s_21s_21_4_1_DSP48_2_U/p_reg_reg input top_i/StreamingDataflowPartition_1/inst/StreamingDataflowPartition_1_MVAU_hls_1/StreamingDataflowPartition_1_MVAU_hls_1/inst/grp_Matrix_Vector_Activate_Stream_Batch_fu_30/mac_muladd_8ns_8s_21s_21_4_1_U2058/MVAU_hls_1_mac_muladd_8ns_8s_21s_21_4_1_DSP48_2_U/p_reg_reg/C[47:0] is not pipelined. Pipelining DSP48 input will improve performance.
WARNING: [DRC DPIP-2] Input pipelining: DSP top_i/StreamingDataflowPartition_1/inst/StreamingDataflowPartition_1_MVAU_hls_1/StreamingDataflowPartition_1_MVAU_hls_1/inst/grp_Matrix_Vector_Activate_Stream_Batch_fu_30/mac_muladd_8s_8ns_16s_17_4_1_U2051/MVAU_hls_1_mac_muladd_8s_8ns_16s_17_4_1_DSP48_1_U/p_reg_reg input top_i/StreamingDataflowPartition_1/inst/StreamingDataflowPartition_1_MVAU_hls_1/StreamingDataflowPartition_1_MVAU_hls_1/inst/grp_Matrix_Vector_Activate_Stream_Batch_fu_30/mac_muladd_8s_8ns_16s_17_4_1_U2051/MVAU_hls_1_mac_muladd_8s_8ns_16s_17_4_1_DSP48_1_U/p_reg_reg/C[47:0] is not pipelined. Pipelining DSP48 input will improve performance.
WARNING: [DRC DPIP-2] Input pipelining: DSP top_i/StreamingDataflowPartition_1/inst/StreamingDataflowPartition_1_MVAU_hls_1/StreamingDataflowPartition_1_MVAU_hls_1/inst/grp_Matrix_Vector_Activate_Stream_Batch_fu_30/mac_muladd_8s_8ns_16s_17_4_1_U2052/MVAU_hls_1_mac_muladd_8s_8ns_16s_17_4_1_DSP48_1_U/p_reg_reg input top_i/StreamingDataflowPartition_1/inst/StreamingDataflowPartition_1_MVAU_hls_1/StreamingDataflowPartition_1_MVAU_hls_1/inst/grp_Matrix_Vector_Activate_Stream_Batch_fu_30/mac_muladd_8s_8ns_16s_17_4_1_U2052/MVAU_hls_1_mac_muladd_8s_8ns_16s_17_4_1_DSP48_1_U/p_reg_reg/C[47:0] is not pipelined. Pipelining DSP48 input will improve performance.
WARNING: [DRC DPIP-2] Input pipelining: DSP top_i/StreamingDataflowPartition_1/inst/StreamingDataflowPartition_1_MVAU_hls_1/StreamingDataflowPartition_1_MVAU_hls_1/inst/grp_Matrix_Vector_Activate_Stream_Batch_fu_30/mac_muladd_8s_8ns_16s_17_4_1_U2053/MVAU_hls_1_mac_muladd_8s_8ns_16s_17_4_1_DSP48_1_U/p_reg_reg input top_i/StreamingDataflowPartition_1/inst/StreamingDataflowPartition_1_MVAU_hls_1/StreamingDataflowPartition_1_MVAU_hls_1/inst/grp_Matrix_Vector_Activate_Stream_Batch_fu_30/mac_muladd_8s_8ns_16s_17_4_1_U2053/MVAU_hls_1_mac_muladd_8s_8ns_16s_17_4_1_DSP48_1_U/p_reg_reg/C[47:0] is not pipelined. Pipelining DSP48 input will improve performance.
WARNING: [DRC DPIP-2] Input pipelining: DSP top_i/StreamingDataflowPartition_1/inst/StreamingDataflowPartition_1_MVAU_hls_1/StreamingDataflowPartition_1_MVAU_hls_1/inst/grp_Matrix_Vector_Activate_Stream_Batch_fu_30/mac_muladd_8s_8ns_16s_17_4_1_U2054/MVAU_hls_1_mac_muladd_8s_8ns_16s_17_4_1_DSP48_1_U/p_reg_reg input top_i/StreamingDataflowPartition_1/inst/StreamingDataflowPartition_1_MVAU_hls_1/StreamingDataflowPartition_1_MVAU_hls_1/inst/grp_Matrix_Vector_Activate_Stream_Batch_fu_30/mac_muladd_8s_8ns_16s_17_4_1_U2054/MVAU_hls_1_mac_muladd_8s_8ns_16s_17_4_1_DSP48_1_U/p_reg_reg/C[47:0] is not pipelined. Pipelining DSP48 input will improve performance.
WARNING: [DRC DPIP-2] Input pipelining: DSP top_i/StreamingDataflowPartition_1/inst/StreamingDataflowPartition_1_MVAU_hls_1/StreamingDataflowPartition_1_MVAU_hls_1/inst/grp_Matrix_Vector_Activate_Stream_Batch_fu_30/mac_muladd_8s_8ns_16s_17_4_1_U2055/MVAU_hls_1_mac_muladd_8s_8ns_16s_17_4_1_DSP48_1_U/p_reg_reg input top_i/StreamingDataflowPartition_1/inst/StreamingDataflowPartition_1_MVAU_hls_1/StreamingDataflowPartition_1_MVAU_hls_1/inst/grp_Matrix_Vector_Activate_Stream_Batch_fu_30/mac_muladd_8s_8ns_16s_17_4_1_U2055/MVAU_hls_1_mac_muladd_8s_8ns_16s_17_4_1_DSP48_1_U/p_reg_reg/C[47:0] is not pipelined. Pipelining DSP48 input will improve performance.
WARNING: [DRC DPIP-2] Input pipelining: DSP top_i/StreamingDataflowPartition_1/inst/StreamingDataflowPartition_1_MVAU_hls_1/StreamingDataflowPartition_1_MVAU_hls_1/inst/grp_Matrix_Vector_Activate_Stream_Batch_fu_30/mac_muladd_8s_8ns_16s_17_4_1_U2056/MVAU_hls_1_mac_muladd_8s_8ns_16s_17_4_1_DSP48_1_U/p_reg_reg input top_i/StreamingDataflowPartition_1/inst/StreamingDataflowPartition_1_MVAU_hls_1/StreamingDataflowPartition_1_MVAU_hls_1/inst/grp_Matrix_Vector_Activate_Stream_Batch_fu_30/mac_muladd_8s_8ns_16s_17_4_1_U2056/MVAU_hls_1_mac_muladd_8s_8ns_16s_17_4_1_DSP48_1_U/p_reg_reg/C[47:0] is not pipelined. Pipelining DSP48 input will improve performance.
WARNING: [DRC DPIP-2] Input pipelining: DSP top_i/StreamingDataflowPartition_1/inst/StreamingDataflowPartition_1_MVAU_hls_1/StreamingDataflowPartition_1_MVAU_hls_1/inst/grp_Matrix_Vector_Activate_Stream_Batch_fu_30/mac_muladd_8s_8ns_16s_17_4_1_U2057/MVAU_hls_1_mac_muladd_8s_8ns_16s_17_4_1_DSP48_1_U/p_reg_reg input top_i/StreamingDataflowPartition_1/inst/StreamingDataflowPartition_1_MVAU_hls_1/StreamingDataflowPartition_1_MVAU_hls_1/inst/grp_Matrix_Vector_Activate_Stream_Batch_fu_30/mac_muladd_8s_8ns_16s_17_4_1_U2057/MVAU_hls_1_mac_muladd_8s_8ns_16s_17_4_1_DSP48_1_U/p_reg_reg/C[47:0] is not pipelined. Pipelining DSP48 input will improve performance.
WARNING: [DRC DPIP-2] Input pipelining: DSP top_i/StreamingDataflowPartition_1/inst/StreamingDataflowPartition_1_MVAU_hls_1/StreamingDataflowPartition_1_MVAU_hls_1/inst/grp_Matrix_Vector_Activate_Stream_Batch_fu_30/mac_muladd_8s_8ns_21s_21_4_1_U2060/MVAU_hls_1_mac_muladd_8s_8ns_21s_21_4_1_DSP48_4_U/p_reg_reg input top_i/StreamingDataflowPartition_1/inst/StreamingDataflowPartition_1_MVAU_hls_1/StreamingDataflowPartition_1_MVAU_hls_1/inst/grp_Matrix_Vector_Activate_Stream_Batch_fu_30/mac_muladd_8s_8ns_21s_21_4_1_U2060/MVAU_hls_1_mac_muladd_8s_8ns_21s_21_4_1_DSP48_4_U/p_reg_reg/C[47:0] is not pipelined. Pipelining DSP48 input will improve performance.
WARNING: [DRC DPIP-2] Input pipelining: DSP top_i/StreamingDataflowPartition_1/inst/StreamingDataflowPartition_1_MVAU_hls_1/StreamingDataflowPartition_1_MVAU_hls_1/inst/grp_Matrix_Vector_Activate_Stream_Batch_fu_30/mac_muladd_8s_8ns_21s_21_4_1_U2062/MVAU_hls_1_mac_muladd_8s_8ns_21s_21_4_1_DSP48_4_U/p_reg_reg input top_i/StreamingDataflowPartition_1/inst/StreamingDataflowPartition_1_MVAU_hls_1/StreamingDataflowPartition_1_MVAU_hls_1/inst/grp_Matrix_Vector_Activate_Stream_Batch_fu_30/mac_muladd_8s_8ns_21s_21_4_1_U2062/MVAU_hls_1_mac_muladd_8s_8ns_21s_21_4_1_DSP48_4_U/p_reg_reg/C[47:0] is not pipelined. Pipelining DSP48 input will improve performance.
WARNING: [DRC DPIP-2] Input pipelining: DSP top_i/StreamingDataflowPartition_1/inst/StreamingDataflowPartition_1_MVAU_hls_1/StreamingDataflowPartition_1_MVAU_hls_1/inst/grp_Matrix_Vector_Activate_Stream_Batch_fu_30/mac_muladd_8s_8ns_21s_21_4_1_U2064/MVAU_hls_1_mac_muladd_8s_8ns_21s_21_4_1_DSP48_4_U/p_reg_reg input top_i/StreamingDataflowPartition_1/inst/StreamingDataflowPartition_1_MVAU_hls_1/StreamingDataflowPartition_1_MVAU_hls_1/inst/grp_Matrix_Vector_Activate_Stream_Batch_fu_30/mac_muladd_8s_8ns_21s_21_4_1_U2064/MVAU_hls_1_mac_muladd_8s_8ns_21s_21_4_1_DSP48_4_U/p_reg_reg/C[47:0] is not pipelined. Pipelining DSP48 input will improve performance.
WARNING: [DRC DPIP-2] Input pipelining: DSP top_i/StreamingDataflowPartition_1/inst/StreamingDataflowPartition_1_MVAU_hls_1/StreamingDataflowPartition_1_MVAU_hls_1/inst/grp_Matrix_Vector_Activate_Stream_Batch_fu_30/mac_muladd_8s_8ns_21s_21_4_1_U2066/MVAU_hls_1_mac_muladd_8s_8ns_21s_21_4_1_DSP48_4_U/p_reg_reg input top_i/StreamingDataflowPartition_1/inst/StreamingDataflowPartition_1_MVAU_hls_1/StreamingDataflowPartition_1_MVAU_hls_1/inst/grp_Matrix_Vector_Activate_Stream_Batch_fu_30/mac_muladd_8s_8ns_21s_21_4_1_U2066/MVAU_hls_1_mac_muladd_8s_8ns_21s_21_4_1_DSP48_4_U/p_reg_reg/C[47:0] is not pipelined. Pipelining DSP48 input will improve performance.
WARNING: [DRC DPIP-2] Input pipelining: DSP top_i/StreamingDataflowPartition_1/inst/StreamingDataflowPartition_1_MVAU_hls_1/StreamingDataflowPartition_1_MVAU_hls_1/inst/grp_Matrix_Vector_Activate_Stream_Batch_fu_30/mac_muladd_8s_8ns_21s_21_4_1_U2068/MVAU_hls_1_mac_muladd_8s_8ns_21s_21_4_1_DSP48_4_U/p_reg_reg input top_i/StreamingDataflowPartition_1/inst/StreamingDataflowPartition_1_MVAU_hls_1/StreamingDataflowPartition_1_MVAU_hls_1/inst/grp_Matrix_Vector_Activate_Stream_Batch_fu_30/mac_muladd_8s_8ns_21s_21_4_1_U2068/MVAU_hls_1_mac_muladd_8s_8ns_21s_21_4_1_DSP48_4_U/p_reg_reg/C[47:0] is not pipelined. Pipelining DSP48 input will improve performance.
WARNING: [DRC DPIP-2] Input pipelining: DSP top_i/StreamingDataflowPartition_1/inst/StreamingDataflowPartition_1_MVAU_hls_1/StreamingDataflowPartition_1_MVAU_hls_1/inst/grp_Matrix_Vector_Activate_Stream_Batch_fu_30/mac_muladd_8s_8ns_21s_21_4_1_U2070/MVAU_hls_1_mac_muladd_8s_8ns_21s_21_4_1_DSP48_4_U/p_reg_reg input top_i/StreamingDataflowPartition_1/inst/StreamingDataflowPartition_1_MVAU_hls_1/StreamingDataflowPartition_1_MVAU_hls_1/inst/grp_Matrix_Vector_Activate_Stream_Batch_fu_30/mac_muladd_8s_8ns_21s_21_4_1_U2070/MVAU_hls_1_mac_muladd_8s_8ns_21s_21_4_1_DSP48_4_U/p_reg_reg/C[47:0] is not pipelined. Pipelining DSP48 input will improve performance.
WARNING: [DRC DPIP-2] Input pipelining: DSP top_i/StreamingDataflowPartition_1/inst/StreamingDataflowPartition_1_MVAU_hls_1/StreamingDataflowPartition_1_MVAU_hls_1/inst/grp_Matrix_Vector_Activate_Stream_Batch_fu_30/mac_muladd_8s_8ns_21s_21_4_1_U2072/MVAU_hls_1_mac_muladd_8s_8ns_21s_21_4_1_DSP48_4_U/p_reg_reg input top_i/StreamingDataflowPartition_1/inst/StreamingDataflowPartition_1_MVAU_hls_1/StreamingDataflowPartition_1_MVAU_hls_1/inst/grp_Matrix_Vector_Activate_Stream_Batch_fu_30/mac_muladd_8s_8ns_21s_21_4_1_U2072/MVAU_hls_1_mac_muladd_8s_8ns_21s_21_4_1_DSP48_4_U/p_reg_reg/C[47:0] is not pipelined. Pipelining DSP48 input will improve performance.
WARNING: [DRC DPOP-3] PREG Output pipelining: DSP top_i/StreamingDataflowPartition_1/inst/StreamingDataflowPartition_1_MVAU_hls_1/StreamingDataflowPartition_1_MVAU_hls_1/inst/grp_Matrix_Vector_Activate_Stream_Batch_fu_30/mul_8ns_8s_16_1_1_U2/dout output top_i/StreamingDataflowPartition_1/inst/StreamingDataflowPartition_1_MVAU_hls_1/StreamingDataflowPartition_1_MVAU_hls_1/inst/grp_Matrix_Vector_Activate_Stream_Batch_fu_30/mul_8ns_8s_16_1_1_U2/dout/P[47:0] is not pipelined (PREG=0). Pipelining the DSP48 output will improve performance and often saves power so it is suggested whenever possible to fully pipeline this function.  If this DSP48 function was inferred, it is suggested to describe an additional register stage after this function.  If the DSP48 was instantiated in the design, it is suggested to set the PREG attribute to 1.
WARNING: [DRC DPOP-3] PREG Output pipelining: DSP top_i/StreamingDataflowPartition_1/inst/StreamingDataflowPartition_1_MVAU_hls_1/StreamingDataflowPartition_1_MVAU_hls_1/inst/grp_Matrix_Vector_Activate_Stream_Batch_fu_30/mul_8s_8ns_16_1_1_U3/dout output top_i/StreamingDataflowPartition_1/inst/StreamingDataflowPartition_1_MVAU_hls_1/StreamingDataflowPartition_1_MVAU_hls_1/inst/grp_Matrix_Vector_Activate_Stream_Batch_fu_30/mul_8s_8ns_16_1_1_U3/dout/P[47:0] is not pipelined (PREG=0). Pipelining the DSP48 output will improve performance and often saves power so it is suggested whenever possible to fully pipeline this function.  If this DSP48 function was inferred, it is suggested to describe an additional register stage after this function.  If the DSP48 was instantiated in the design, it is suggested to set the PREG attribute to 1.
WARNING: [DRC DPOP-3] PREG Output pipelining: DSP top_i/StreamingDataflowPartition_1/inst/StreamingDataflowPartition_1_MVAU_hls_1/StreamingDataflowPartition_1_MVAU_hls_1/inst/grp_Matrix_Vector_Activate_Stream_Batch_fu_30/mul_8s_8ns_16_1_1_U4/dout output top_i/StreamingDataflowPartition_1/inst/StreamingDataflowPartition_1_MVAU_hls_1/StreamingDataflowPartition_1_MVAU_hls_1/inst/grp_Matrix_Vector_Activate_Stream_Batch_fu_30/mul_8s_8ns_16_1_1_U4/dout/P[47:0] is not pipelined (PREG=0). Pipelining the DSP48 output will improve performance and often saves power so it is suggested whenever possible to fully pipeline this function.  If this DSP48 function was inferred, it is suggested to describe an additional register stage after this function.  If the DSP48 was instantiated in the design, it is suggested to set the PREG attribute to 1.
WARNING: [DRC DPOP-3] PREG Output pipelining: DSP top_i/StreamingDataflowPartition_1/inst/StreamingDataflowPartition_1_MVAU_hls_1/StreamingDataflowPartition_1_MVAU_hls_1/inst/grp_Matrix_Vector_Activate_Stream_Batch_fu_30/mul_8s_8ns_16_1_1_U5/dout output top_i/StreamingDataflowPartition_1/inst/StreamingDataflowPartition_1_MVAU_hls_1/StreamingDataflowPartition_1_MVAU_hls_1/inst/grp_Matrix_Vector_Activate_Stream_Batch_fu_30/mul_8s_8ns_16_1_1_U5/dout/P[47:0] is not pipelined (PREG=0). Pipelining the DSP48 output will improve performance and often saves power so it is suggested whenever possible to fully pipeline this function.  If this DSP48 function was inferred, it is suggested to describe an additional register stage after this function.  If the DSP48 was instantiated in the design, it is suggested to set the PREG attribute to 1.
WARNING: [DRC DPOP-3] PREG Output pipelining: DSP top_i/StreamingDataflowPartition_1/inst/StreamingDataflowPartition_1_MVAU_hls_1/StreamingDataflowPartition_1_MVAU_hls_1/inst/grp_Matrix_Vector_Activate_Stream_Batch_fu_30/mul_8s_8ns_16_1_1_U6/dout output top_i/StreamingDataflowPartition_1/inst/StreamingDataflowPartition_1_MVAU_hls_1/StreamingDataflowPartition_1_MVAU_hls_1/inst/grp_Matrix_Vector_Activate_Stream_Batch_fu_30/mul_8s_8ns_16_1_1_U6/dout/P[47:0] is not pipelined (PREG=0). Pipelining the DSP48 output will improve performance and often saves power so it is suggested whenever possible to fully pipeline this function.  If this DSP48 function was inferred, it is suggested to describe an additional register stage after this function.  If the DSP48 was instantiated in the design, it is suggested to set the PREG attribute to 1.
WARNING: [DRC DPOP-3] PREG Output pipelining: DSP top_i/StreamingDataflowPartition_1/inst/StreamingDataflowPartition_1_MVAU_hls_1/StreamingDataflowPartition_1_MVAU_hls_1/inst/grp_Matrix_Vector_Activate_Stream_Batch_fu_30/mul_8s_8ns_16_1_1_U7/dout output top_i/StreamingDataflowPartition_1/inst/StreamingDataflowPartition_1_MVAU_hls_1/StreamingDataflowPartition_1_MVAU_hls_1/inst/grp_Matrix_Vector_Activate_Stream_Batch_fu_30/mul_8s_8ns_16_1_1_U7/dout/P[47:0] is not pipelined (PREG=0). Pipelining the DSP48 output will improve performance and often saves power so it is suggested whenever possible to fully pipeline this function.  If this DSP48 function was inferred, it is suggested to describe an additional register stage after this function.  If the DSP48 was instantiated in the design, it is suggested to set the PREG attribute to 1.
WARNING: [DRC DPOP-3] PREG Output pipelining: DSP top_i/StreamingDataflowPartition_1/inst/StreamingDataflowPartition_1_MVAU_hls_1/StreamingDataflowPartition_1_MVAU_hls_1/inst/grp_Matrix_Vector_Activate_Stream_Batch_fu_30/mul_8s_8ns_16_1_1_U8/dout output top_i/StreamingDataflowPartition_1/inst/StreamingDataflowPartition_1_MVAU_hls_1/StreamingDataflowPartition_1_MVAU_hls_1/inst/grp_Matrix_Vector_Activate_Stream_Batch_fu_30/mul_8s_8ns_16_1_1_U8/dout/P[47:0] is not pipelined (PREG=0). Pipelining the DSP48 output will improve performance and often saves power so it is suggested whenever possible to fully pipeline this function.  If this DSP48 function was inferred, it is suggested to describe an additional register stage after this function.  If the DSP48 was instantiated in the design, it is suggested to set the PREG attribute to 1.
WARNING: [DRC DPOP-3] PREG Output pipelining: DSP top_i/StreamingDataflowPartition_1/inst/StreamingDataflowPartition_1_MVAU_hls_1/StreamingDataflowPartition_1_MVAU_hls_1/inst/grp_Matrix_Vector_Activate_Stream_Batch_fu_30/mul_8s_8ns_16_1_1_U9/dout output top_i/StreamingDataflowPartition_1/inst/StreamingDataflowPartition_1_MVAU_hls_1/StreamingDataflowPartition_1_MVAU_hls_1/inst/grp_Matrix_Vector_Activate_Stream_Batch_fu_30/mul_8s_8ns_16_1_1_U9/dout/P[47:0] is not pipelined (PREG=0). Pipelining the DSP48 output will improve performance and often saves power so it is suggested whenever possible to fully pipeline this function.  If this DSP48 function was inferred, it is suggested to describe an additional register stage after this function.  If the DSP48 was instantiated in the design, it is suggested to set the PREG attribute to 1.
WARNING: [DRC DPOP-4] MREG Output pipelining: DSP top_i/StreamingDataflowPartition_1/inst/StreamingDataflowPartition_1_MVAU_hls_0/StreamingDataflowPartition_1_MVAU_hls_0/inst/grp_Matrix_Vector_Activate_Stream_Batch_fu_540/mac_muladd_8s_8s_16s_17_4_1_U5/MVAU_hls_0_mac_muladd_8s_8s_16s_17_4_1_DSP48_0_U/p_reg_reg multiplier stage top_i/StreamingDataflowPartition_1/inst/StreamingDataflowPartition_1_MVAU_hls_0/StreamingDataflowPartition_1_MVAU_hls_0/inst/grp_Matrix_Vector_Activate_Stream_Batch_fu_540/mac_muladd_8s_8s_16s_17_4_1_U5/MVAU_hls_0_mac_muladd_8s_8s_16s_17_4_1_DSP48_0_U/p_reg_reg/P[47:0] is not pipelined (MREG=0). Pipelining the multiplier function will improve performance and will save significant power so it is suggested whenever possible to fully pipeline this function.  If this multiplier was inferred, it is suggested to describe an additional register stage after this function.  If there is no registered adder/accumulator following the multiply function, two pipeline stages are suggested to allow both the MREG and PREG registers to be used.  If the DSP48 was instantiated in the design, it is suggested to set both the MREG and PREG attributes to 1 when performing multiply functions.
WARNING: [DRC DPOP-4] MREG Output pipelining: DSP top_i/StreamingDataflowPartition_1/inst/StreamingDataflowPartition_1_MVAU_hls_0/StreamingDataflowPartition_1_MVAU_hls_0/inst/grp_Matrix_Vector_Activate_Stream_Batch_fu_540/mac_muladd_8s_8s_16s_17_4_1_U6/MVAU_hls_0_mac_muladd_8s_8s_16s_17_4_1_DSP48_0_U/p_reg_reg multiplier stage top_i/StreamingDataflowPartition_1/inst/StreamingDataflowPartition_1_MVAU_hls_0/StreamingDataflowPartition_1_MVAU_hls_0/inst/grp_Matrix_Vector_Activate_Stream_Batch_fu_540/mac_muladd_8s_8s_16s_17_4_1_U6/MVAU_hls_0_mac_muladd_8s_8s_16s_17_4_1_DSP48_0_U/p_reg_reg/P[47:0] is not pipelined (MREG=0). Pipelining the multiplier function will improve performance and will save significant power so it is suggested whenever possible to fully pipeline this function.  If this multiplier was inferred, it is suggested to describe an additional register stage after this function.  If there is no registered adder/accumulator following the multiply function, two pipeline stages are suggested to allow both the MREG and PREG registers to be used.  If the DSP48 was instantiated in the design, it is suggested to set both the MREG and PREG attributes to 1 when performing multiply functions.
WARNING: [DRC DPOP-4] MREG Output pipelining: DSP top_i/StreamingDataflowPartition_1/inst/StreamingDataflowPartition_1_MVAU_hls_0/StreamingDataflowPartition_1_MVAU_hls_0/inst/grp_Matrix_Vector_Activate_Stream_Batch_fu_540/mac_muladd_8s_8s_16s_17_4_1_U7/MVAU_hls_0_mac_muladd_8s_8s_16s_17_4_1_DSP48_0_U/p_reg_reg multiplier stage top_i/StreamingDataflowPartition_1/inst/StreamingDataflowPartition_1_MVAU_hls_0/StreamingDataflowPartition_1_MVAU_hls_0/inst/grp_Matrix_Vector_Activate_Stream_Batch_fu_540/mac_muladd_8s_8s_16s_17_4_1_U7/MVAU_hls_0_mac_muladd_8s_8s_16s_17_4_1_DSP48_0_U/p_reg_reg/P[47:0] is not pipelined (MREG=0). Pipelining the multiplier function will improve performance and will save significant power so it is suggested whenever possible to fully pipeline this function.  If this multiplier was inferred, it is suggested to describe an additional register stage after this function.  If there is no registered adder/accumulator following the multiply function, two pipeline stages are suggested to allow both the MREG and PREG registers to be used.  If the DSP48 was instantiated in the design, it is suggested to set both the MREG and PREG attributes to 1 when performing multiply functions.
WARNING: [DRC DPOP-4] MREG Output pipelining: DSP top_i/StreamingDataflowPartition_1/inst/StreamingDataflowPartition_1_MVAU_hls_1/StreamingDataflowPartition_1_MVAU_hls_1/inst/grp_Matrix_Vector_Activate_Stream_Batch_fu_30/mul_8ns_8s_16_1_1_U2/dout multiplier stage top_i/StreamingDataflowPartition_1/inst/StreamingDataflowPartition_1_MVAU_hls_1/StreamingDataflowPartition_1_MVAU_hls_1/inst/grp_Matrix_Vector_Activate_Stream_Batch_fu_30/mul_8ns_8s_16_1_1_U2/dout/P[47:0] is not pipelined (MREG=0). Pipelining the multiplier function will improve performance and will save significant power so it is suggested whenever possible to fully pipeline this function.  If this multiplier was inferred, it is suggested to describe an additional register stage after this function.  If there is no registered adder/accumulator following the multiply function, two pipeline stages are suggested to allow both the MREG and PREG registers to be used.  If the DSP48 was instantiated in the design, it is suggested to set both the MREG and PREG attributes to 1 when performing multiply functions.
WARNING: [DRC DPOP-4] MREG Output pipelining: DSP top_i/StreamingDataflowPartition_1/inst/StreamingDataflowPartition_1_MVAU_hls_1/StreamingDataflowPartition_1_MVAU_hls_1/inst/grp_Matrix_Vector_Activate_Stream_Batch_fu_30/mul_8s_8ns_16_1_1_U3/dout multiplier stage top_i/StreamingDataflowPartition_1/inst/StreamingDataflowPartition_1_MVAU_hls_1/StreamingDataflowPartition_1_MVAU_hls_1/inst/grp_Matrix_Vector_Activate_Stream_Batch_fu_30/mul_8s_8ns_16_1_1_U3/dout/P[47:0] is not pipelined (MREG=0). Pipelining the multiplier function will improve performance and will save significant power so it is suggested whenever possible to fully pipeline this function.  If this multiplier was inferred, it is suggested to describe an additional register stage after this function.  If there is no registered adder/accumulator following the multiply function, two pipeline stages are suggested to allow both the MREG and PREG registers to be used.  If the DSP48 was instantiated in the design, it is suggested to set both the MREG and PREG attributes to 1 when performing multiply functions.
WARNING: [DRC DPOP-4] MREG Output pipelining: DSP top_i/StreamingDataflowPartition_1/inst/StreamingDataflowPartition_1_MVAU_hls_1/StreamingDataflowPartition_1_MVAU_hls_1/inst/grp_Matrix_Vector_Activate_Stream_Batch_fu_30/mul_8s_8ns_16_1_1_U4/dout multiplier stage top_i/StreamingDataflowPartition_1/inst/StreamingDataflowPartition_1_MVAU_hls_1/StreamingDataflowPartition_1_MVAU_hls_1/inst/grp_Matrix_Vector_Activate_Stream_Batch_fu_30/mul_8s_8ns_16_1_1_U4/dout/P[47:0] is not pipelined (MREG=0). Pipelining the multiplier function will improve performance and will save significant power so it is suggested whenever possible to fully pipeline this function.  If this multiplier was inferred, it is suggested to describe an additional register stage after this function.  If there is no registered adder/accumulator following the multiply function, two pipeline stages are suggested to allow both the MREG and PREG registers to be used.  If the DSP48 was instantiated in the design, it is suggested to set both the MREG and PREG attributes to 1 when performing multiply functions.
WARNING: [DRC DPOP-4] MREG Output pipelining: DSP top_i/StreamingDataflowPartition_1/inst/StreamingDataflowPartition_1_MVAU_hls_1/StreamingDataflowPartition_1_MVAU_hls_1/inst/grp_Matrix_Vector_Activate_Stream_Batch_fu_30/mul_8s_8ns_16_1_1_U5/dout multiplier stage top_i/StreamingDataflowPartition_1/inst/StreamingDataflowPartition_1_MVAU_hls_1/StreamingDataflowPartition_1_MVAU_hls_1/inst/grp_Matrix_Vector_Activate_Stream_Batch_fu_30/mul_8s_8ns_16_1_1_U5/dout/P[47:0] is not pipelined (MREG=0). Pipelining the multiplier function will improve performance and will save significant power so it is suggested whenever possible to fully pipeline this function.  If this multiplier was inferred, it is suggested to describe an additional register stage after this function.  If there is no registered adder/accumulator following the multiply function, two pipeline stages are suggested to allow both the MREG and PREG registers to be used.  If the DSP48 was instantiated in the design, it is suggested to set both the MREG and PREG attributes to 1 when performing multiply functions.
WARNING: [DRC DPOP-4] MREG Output pipelining: DSP top_i/StreamingDataflowPartition_1/inst/StreamingDataflowPartition_1_MVAU_hls_1/StreamingDataflowPartition_1_MVAU_hls_1/inst/grp_Matrix_Vector_Activate_Stream_Batch_fu_30/mul_8s_8ns_16_1_1_U6/dout multiplier stage top_i/StreamingDataflowPartition_1/inst/StreamingDataflowPartition_1_MVAU_hls_1/StreamingDataflowPartition_1_MVAU_hls_1/inst/grp_Matrix_Vector_Activate_Stream_Batch_fu_30/mul_8s_8ns_16_1_1_U6/dout/P[47:0] is not pipelined (MREG=0). Pipelining the multiplier function will improve performance and will save significant power so it is suggested whenever possible to fully pipeline this function.  If this multiplier was inferred, it is suggested to describe an additional register stage after this function.  If there is no registered adder/accumulator following the multiply function, two pipeline stages are suggested to allow both the MREG and PREG registers to be used.  If the DSP48 was instantiated in the design, it is suggested to set both the MREG and PREG attributes to 1 when performing multiply functions.
WARNING: [DRC DPOP-4] MREG Output pipelining: DSP top_i/StreamingDataflowPartition_1/inst/StreamingDataflowPartition_1_MVAU_hls_1/StreamingDataflowPartition_1_MVAU_hls_1/inst/grp_Matrix_Vector_Activate_Stream_Batch_fu_30/mul_8s_8ns_16_1_1_U7/dout multiplier stage top_i/StreamingDataflowPartition_1/inst/StreamingDataflowPartition_1_MVAU_hls_1/StreamingDataflowPartition_1_MVAU_hls_1/inst/grp_Matrix_Vector_Activate_Stream_Batch_fu_30/mul_8s_8ns_16_1_1_U7/dout/P[47:0] is not pipelined (MREG=0). Pipelining the multiplier function will improve performance and will save significant power so it is suggested whenever possible to fully pipeline this function.  If this multiplier was inferred, it is suggested to describe an additional register stage after this function.  If there is no registered adder/accumulator following the multiply function, two pipeline stages are suggested to allow both the MREG and PREG registers to be used.  If the DSP48 was instantiated in the design, it is suggested to set both the MREG and PREG attributes to 1 when performing multiply functions.
WARNING: [DRC DPOP-4] MREG Output pipelining: DSP top_i/StreamingDataflowPartition_1/inst/StreamingDataflowPartition_1_MVAU_hls_1/StreamingDataflowPartition_1_MVAU_hls_1/inst/grp_Matrix_Vector_Activate_Stream_Batch_fu_30/mul_8s_8ns_16_1_1_U8/dout multiplier stage top_i/StreamingDataflowPartition_1/inst/StreamingDataflowPartition_1_MVAU_hls_1/StreamingDataflowPartition_1_MVAU_hls_1/inst/grp_Matrix_Vector_Activate_Stream_Batch_fu_30/mul_8s_8ns_16_1_1_U8/dout/P[47:0] is not pipelined (MREG=0). Pipelining the multiplier function will improve performance and will save significant power so it is suggested whenever possible to fully pipeline this function.  If this multiplier was inferred, it is suggested to describe an additional register stage after this function.  If there is no registered adder/accumulator following the multiply function, two pipeline stages are suggested to allow both the MREG and PREG registers to be used.  If the DSP48 was instantiated in the design, it is suggested to set both the MREG and PREG attributes to 1 when performing multiply functions.
WARNING: [DRC DPOP-4] MREG Output pipelining: DSP top_i/StreamingDataflowPartition_1/inst/StreamingDataflowPartition_1_MVAU_hls_1/StreamingDataflowPartition_1_MVAU_hls_1/inst/grp_Matrix_Vector_Activate_Stream_Batch_fu_30/mul_8s_8ns_16_1_1_U9/dout multiplier stage top_i/StreamingDataflowPartition_1/inst/StreamingDataflowPartition_1_MVAU_hls_1/StreamingDataflowPartition_1_MVAU_hls_1/inst/grp_Matrix_Vector_Activate_Stream_Batch_fu_30/mul_8s_8ns_16_1_1_U9/dout/P[47:0] is not pipelined (MREG=0). Pipelining the multiplier function will improve performance and will save significant power so it is suggested whenever possible to fully pipeline this function.  If this multiplier was inferred, it is suggested to describe an additional register stage after this function.  If there is no registered adder/accumulator following the multiply function, two pipeline stages are suggested to allow both the MREG and PREG registers to be used.  If the DSP48 was instantiated in the design, it is suggested to set both the MREG and PREG attributes to 1 when performing multiply functions.
WARNING: [DRC PDCN-1569] LUT equation term check: Used physical LUT pin 'A2' of cell top_i/axi_interconnect_0/s00_couplers/auto_ds/inst/gen_downsizer.gen_simple_downsizer.axi_downsizer_inst/USE_READ.read_addr_inst/cmd_queue/inst/fifo_gen_inst/inst_fifo_gen/gconvfifo.rf/grf.rf/gntv_or_sync_fifo.gl0.rd/gr1.gr1_int.rfwft/gpregsm1.user_valid_i_1 (pin top_i/axi_interconnect_0/s00_couplers/auto_ds/inst/gen_downsizer.gen_simple_downsizer.axi_downsizer_inst/USE_READ.read_addr_inst/cmd_queue/inst/fifo_gen_inst/inst_fifo_gen/gconvfifo.rf/grf.rf/gntv_or_sync_fifo.gl0.rd/gr1.gr1_int.rfwft/gpregsm1.user_valid_i_1/I1) is not included in the LUT equation: 'O5=(A3)+((~A3)*(~A5)*A4)'. If this cell is a user instantiated LUT in the design, please remove connectivity to the pin or change the equation and/or INIT string of the LUT to prevent this issue. If the cell is inferred or IP created LUT, please regenerate the IP and/or resynthesize the design to attempt to correct the issue.
WARNING: [DRC PDCN-1569] LUT equation term check: Used physical LUT pin 'A4' of cell top_i/axi_interconnect_0/s00_couplers/auto_ds/inst/gen_downsizer.gen_simple_downsizer.axi_downsizer_inst/USE_WRITE.write_addr_inst/USE_B_CHANNEL.cmd_b_queue/inst/fifo_gen_inst/inst_fifo_gen/gconvfifo.rf/grf.rf/gntv_or_sync_fifo.gl0.rd/gr1.gr1_int.rfwft/gpregsm1.user_valid_i_1 (pin top_i/axi_interconnect_0/s00_couplers/auto_ds/inst/gen_downsizer.gen_simple_downsizer.axi_downsizer_inst/USE_WRITE.write_addr_inst/USE_B_CHANNEL.cmd_b_queue/inst/fifo_gen_inst/inst_fifo_gen/gconvfifo.rf/grf.rf/gntv_or_sync_fifo.gl0.rd/gr1.gr1_int.rfwft/gpregsm1.user_valid_i_1/I1) is not included in the LUT equation: 'O6=(A5)+((~A5)*(~A3)*A1)'. If this cell is a user instantiated LUT in the design, please remove connectivity to the pin or change the equation and/or INIT string of the LUT to prevent this issue. If the cell is inferred or IP created LUT, please regenerate the IP and/or resynthesize the design to attempt to correct the issue.
WARNING: [DRC PDCN-1569] LUT equation term check: Used physical LUT pin 'A5' of cell top_i/axi_interconnect_0/s00_couplers/auto_ds/inst/gen_downsizer.gen_simple_downsizer.axi_downsizer_inst/USE_WRITE.write_addr_inst/cmd_queue/inst/fifo_gen_inst/inst_fifo_gen/gconvfifo.rf/grf.rf/gntv_or_sync_fifo.gl0.rd/gr1.gr1_int.rfwft/gpregsm1.user_valid_i_1 (pin top_i/axi_interconnect_0/s00_couplers/auto_ds/inst/gen_downsizer.gen_simple_downsizer.axi_downsizer_inst/USE_WRITE.write_addr_inst/cmd_queue/inst/fifo_gen_inst/inst_fifo_gen/gconvfifo.rf/grf.rf/gntv_or_sync_fifo.gl0.rd/gr1.gr1_int.rfwft/gpregsm1.user_valid_i_1/I1) is not included in the LUT equation: 'O5=(A3)+((~A3)*(~A4)*A2)'. If this cell is a user instantiated LUT in the design, please remove connectivity to the pin or change the equation and/or INIT string of the LUT to prevent this issue. If the cell is inferred or IP created LUT, please regenerate the IP and/or resynthesize the design to attempt to correct the issue.
WARNING: [DRC RTSTAT-10] No routable loads: 33 net(s) have no routable loads. The problem bus(es) and/or net(s) are top_i/axi_interconnect_0/s00_couplers/auto_ds/inst/gen_downsizer.gen_simple_downsizer.axi_downsizer_inst/USE_READ.read_addr_inst/cmd_queue/inst/fifo_gen_inst/inst_fifo_gen/gconvfifo.rf/grf.rf/gntv_or_sync_fifo.gl0.rd/gr1.gr1_int.rfwft/aempty_fwft_i, top_i/axi_interconnect_0/s00_couplers/auto_ds/inst/gen_downsizer.gen_simple_downsizer.axi_downsizer_inst/USE_WRITE.write_addr_inst/cmd_queue/inst/fifo_gen_inst/inst_fifo_gen/gconvfifo.rf/grf.rf/gntv_or_sync_fifo.gl0.rd/gr1.gr1_int.rfwft/aempty_fwft_i, top_i/axi_interconnect_0/s00_couplers/auto_ds/inst/gen_downsizer.gen_simple_downsizer.axi_downsizer_inst/USE_WRITE.write_addr_inst/USE_B_CHANNEL.cmd_b_queue/inst/fifo_gen_inst/inst_fifo_gen/gconvfifo.rf/grf.rf/gntv_or_sync_fifo.gl0.rd/gr1.gr1_int.rfwft/aempty_fwft_i, top_i/axi_interconnect_0/s00_couplers/auto_ds/inst/gen_downsizer.gen_simple_downsizer.axi_downsizer_inst/USE_WRITE.write_addr_inst/cmd_queue/inst/fifo_gen_inst/inst_fifo_gen/gconvfifo.rf/grf.rf/rstblk/ngwrdrst.grst.rd_rst_reg[2:0], top_i/axi_interconnect_0/s00_couplers/auto_ds/inst/gen_downsizer.gen_simple_downsizer.axi_downsizer_inst/USE_WRITE.write_addr_inst/USE_B_CHANNEL.cmd_b_queue/inst/fifo_gen_inst/inst_fifo_gen/gconvfifo.rf/grf.rf/rstblk/ngwrdrst.grst.rd_rst_reg[2:0], top_i/axi_interconnect_0/s00_couplers/auto_ds/inst/gen_downsizer.gen_simple_downsizer.axi_downsizer_inst/USE_READ.read_addr_inst/cmd_queue/inst/fifo_gen_inst/inst_fifo_gen/gconvfifo.rf/grf.rf/rstblk/ngwrdrst.grst.rd_rst_reg[2:0], top_i/axi_interconnect_0/s00_couplers/auto_ds/inst/gen_downsizer.gen_simple_downsizer.axi_downsizer_inst/USE_READ.read_addr_inst/cmd_queue/inst/fifo_gen_inst/inst_fifo_gen/gconvfifo.rf/grf.rf/rstblk/ngwrdrst.grst.wr_rst_reg[2:0], top_i/axi_interconnect_0/s00_couplers/auto_ds/inst/gen_downsizer.gen_simple_downsizer.axi_downsizer_inst/USE_WRITE.write_addr_inst/USE_B_CHANNEL.cmd_b_queue/inst/fifo_gen_inst/inst_fifo_gen/gconvfifo.rf/grf.rf/rstblk/ngwrdrst.grst.wr_rst_reg[2:0], top_i/axi_interconnect_0/s00_couplers/auto_ds/inst/gen_downsizer.gen_simple_downsizer.axi_downsizer_inst/USE_WRITE.write_addr_inst/cmd_queue/inst/fifo_gen_inst/inst_fifo_gen/gconvfifo.rf/grf.rf/rstblk/ngwrdrst.grst.wr_rst_reg[2:0], top_i/axi_interconnect_0/s00_couplers/auto_ds/inst/gen_downsizer.gen_simple_downsizer.axi_downsizer_inst/USE_WRITE.write_addr_inst/USE_B_CHANNEL.cmd_b_queue/inst/fifo_gen_inst/inst_fifo_gen/gconvfifo.rf/grf.rf/gntv_or_sync_fifo.gl0.wr/gwss.wsts/ram_afull_fb, top_i/axi_interconnect_0/s00_couplers/auto_ds/inst/gen_downsizer.gen_simple_downsizer.axi_downsizer_inst/USE_WRITE.write_addr_inst/cmd_queue/inst/fifo_gen_inst/inst_fifo_gen/gconvfifo.rf/grf.rf/gntv_or_sync_fifo.gl0.wr/gwss.wsts/ram_afull_fb, top_i/axi_interconnect_0/s00_couplers/auto_ds/inst/gen_downsizer.gen_simple_downsizer.axi_downsizer_inst/USE_READ.read_addr_inst/cmd_queue/inst/fifo_gen_inst/inst_fifo_gen/gconvfifo.rf/grf.rf/gntv_or_sync_fifo.gl0.wr/gwss.wsts/ram_afull_fb, top_i/axi_interconnect_0/s00_couplers/auto_ds/inst/gen_downsizer.gen_simple_downsizer.axi_downsizer_inst/USE_WRITE.write_addr_inst/USE_B_CHANNEL.cmd_b_queue/inst/fifo_gen_inst/inst_fifo_gen/gconvfifo.rf/grf.rf/gntv_or_sync_fifo.gl0.wr/gwss.wsts/ram_afull_i, top_i/axi_interconnect_0/s00_couplers/auto_ds/inst/gen_downsizer.gen_simple_downsizer.axi_downsizer_inst/USE_WRITE.write_addr_inst/cmd_queue/inst/fifo_gen_inst/inst_fifo_gen/gconvfifo.rf/grf.rf/gntv_or_sync_fifo.gl0.wr/gwss.wsts/ram_afull_i, top_i/axi_interconnect_0/s00_couplers/auto_ds/inst/gen_downsizer.gen_simple_downsizer.axi_downsizer_inst/USE_READ.read_addr_inst/cmd_queue/inst/fifo_gen_inst/inst_fifo_gen/gconvfifo.rf/grf.rf/gntv_or_sync_fifo.gl0.wr/gwss.wsts/ram_afull_i... and (the first 15 of 21 listed).
INFO: [Vivado 12-3199] DRC finished with 0 Errors, 40 Warnings
INFO: [Vivado 12-3200] Please refer to the DRC report (report_drc) for more information.
INFO: [Designutils 20-2272] Running write_bitstream with 8 threads.
Loading data files...
Loading site data...
Loading route data...
Processing options...
Creating bitmap...
Creating bitstream...
Writing bitstream ./top_wrapper.bit...
INFO: [Vivado 12-1842] Bitgen Completed Successfully.
INFO: [Project 1-1876] WebTalk data collection is mandatory when using a ULT device. To see the specific WebTalk data collected for your design, open the usage_statistics_webtalk.html or usage_statistics_webtalk.xml file in the implementation directory.
INFO: [Common 17-83] Releasing license: Implementation
46 Infos, 40 Warnings, 0 Critical Warnings and 0 Errors encountered.
write_bitstream completed successfully
write_bitstream: Time (s): cpu = 00:00:30 ; elapsed = 00:00:24 . Memory (MB): peak = 5483.449 ; gain = 116.270 ; free physical = 22237 ; free virtual = 48667
INFO: [Common 17-206] Exiting Vivado at Tue Jun  9 09:19:39 2026...
