
*** Running vivado
    with args -log top_wrapper.vdi -applog -m64 -product Vivado -messageDb vivado.pb -mode batch -source top_wrapper.tcl -notrace


****** Vivado v2022.2 (64-bit)
  **** SW Build 3671981 on Fri Oct 14 04:59:54 MDT 2022
  **** IP Build 3669848 on Fri Oct 14 08:30:02 MDT 2022
    ** Copyright 1986-2022 Xilinx, Inc. All Rights Reserved.

source top_wrapper.tcl -notrace
INFO: [IP_Flow 19-234] Refreshing IP repositories
INFO: [IP_Flow 19-1700] Loaded user IP repository '/tmp/finn_qi_int8_sweep/code_gen_ipgen_StreamingDataflowPartition_0_IODMA_hls_0_32hlba3l/project_StreamingDataflowPartition_0_IODMA_hls_0/sol1/impl/ip'.
INFO: [IP_Flow 19-1700] Loaded user IP repository '/tmp/finn_qi_int8_sweep/vivado_stitch_proj_y3izwxdp/ip'.
INFO: [IP_Flow 19-1700] Loaded user IP repository '/tmp/finn_qi_int8_sweep/code_gen_ipgen_StreamingFIFO_rtl_0_5rijdpy1'.
INFO: [IP_Flow 19-1700] Loaded user IP repository '/tmp/finn_qi_int8_sweep/code_gen_ipgen_FMPadding_rtl_0_3viefdcb'.
INFO: [IP_Flow 19-1700] Loaded user IP repository '/tmp/finn_qi_int8_sweep/code_gen_ipgen_StreamingFIFO_rtl_1_paxkev9r'.
INFO: [IP_Flow 19-1700] Loaded user IP repository '/tmp/finn_qi_int8_sweep/code_gen_ipgen_ConvolutionInputGenerator_rtl_0_fgm1d289'.
INFO: [IP_Flow 19-1700] Loaded user IP repository '/tmp/finn_qi_int8_sweep/code_gen_ipgen_StreamingFIFO_rtl_2_37vo379b'.
INFO: [IP_Flow 19-1700] Loaded user IP repository '/tmp/finn_qi_int8_sweep/code_gen_ipgen_StreamingDataWidthConverter_rtl_0_gt3juo2_'.
INFO: [IP_Flow 19-1700] Loaded user IP repository '/tmp/finn_qi_int8_sweep/code_gen_ipgen_StreamingFIFO_rtl_3_5i3ic1gw'.
INFO: [IP_Flow 19-1700] Loaded user IP repository '/tmp/finn_qi_int8_sweep/code_gen_ipgen_MVAU_hls_0_k9mmh4d3/project_MVAU_hls_0/sol1/impl/ip'.
INFO: [IP_Flow 19-1700] Loaded user IP repository '/tmp/finn_qi_int8_sweep/code_gen_ipgen_StreamingFIFO_rtl_4_nio1yrdd'.
INFO: [IP_Flow 19-1700] Loaded user IP repository '/tmp/finn_qi_int8_sweep/code_gen_ipgen_StreamingDataWidthConverter_rtl_1_hsz_yooz'.
INFO: [IP_Flow 19-1700] Loaded user IP repository '/tmp/finn_qi_int8_sweep/code_gen_ipgen_StreamingFIFO_rtl_5_0f3dru8b'.
INFO: [IP_Flow 19-1700] Loaded user IP repository '/tmp/finn_qi_int8_sweep/code_gen_ipgen_StreamingMaxPool_hls_0_31w1p4tg/project_StreamingMaxPool_hls_0/sol1/impl/ip'.
INFO: [IP_Flow 19-1700] Loaded user IP repository '/tmp/finn_qi_int8_sweep/code_gen_ipgen_StreamingFIFO_rtl_6_jeyuvsn4'.
INFO: [IP_Flow 19-1700] Loaded user IP repository '/tmp/finn_qi_int8_sweep/code_gen_ipgen_FMPadding_rtl_1_unkkjbtn'.
INFO: [IP_Flow 19-1700] Loaded user IP repository '/tmp/finn_qi_int8_sweep/code_gen_ipgen_StreamingFIFO_rtl_7_lfb6zgdf'.
INFO: [IP_Flow 19-1700] Loaded user IP repository '/tmp/finn_qi_int8_sweep/code_gen_ipgen_StreamingDataWidthConverter_rtl_2_vdbchp5a'.
INFO: [IP_Flow 19-1700] Loaded user IP repository '/tmp/finn_qi_int8_sweep/code_gen_ipgen_StreamingFIFO_rtl_8_qvdttq2x'.
INFO: [IP_Flow 19-1700] Loaded user IP repository '/tmp/finn_qi_int8_sweep/code_gen_ipgen_ConvolutionInputGenerator_rtl_1_raas4yx2'.
INFO: [IP_Flow 19-1700] Loaded user IP repository '/tmp/finn_qi_int8_sweep/code_gen_ipgen_StreamingFIFO_rtl_9_7tudg3ic'.
INFO: [IP_Flow 19-1700] Loaded user IP repository '/tmp/finn_qi_int8_sweep/code_gen_ipgen_StreamingDataWidthConverter_rtl_3_q6cyf_sg'.
INFO: [IP_Flow 19-1700] Loaded user IP repository '/tmp/finn_qi_int8_sweep/code_gen_ipgen_StreamingFIFO_rtl_10_44qmqisv'.
INFO: [IP_Flow 19-1700] Loaded user IP repository '/tmp/finn_qi_int8_sweep/code_gen_ipgen_MVAU_hls_1_fsdq0dx_/project_MVAU_hls_1/sol1/impl/ip'.
INFO: [IP_Flow 19-1700] Loaded user IP repository '/tmp/finn_qi_int8_sweep/code_gen_ipgen_StreamingFIFO_rtl_11_t5k1lzbl'.
INFO: [IP_Flow 19-1700] Loaded user IP repository '/tmp/finn_qi_int8_sweep/code_gen_ipgen_StreamingDataWidthConverter_rtl_4_x087lfla'.
INFO: [IP_Flow 19-1700] Loaded user IP repository '/tmp/finn_qi_int8_sweep/code_gen_ipgen_StreamingFIFO_rtl_12_umm5e5uh'.
INFO: [IP_Flow 19-1700] Loaded user IP repository '/tmp/finn_qi_int8_sweep/code_gen_ipgen_StreamingMaxPool_hls_1_w5x4978p/project_StreamingMaxPool_hls_1/sol1/impl/ip'.
INFO: [IP_Flow 19-1700] Loaded user IP repository '/tmp/finn_qi_int8_sweep/code_gen_ipgen_StreamingFIFO_rtl_13_3o37_uje'.
INFO: [IP_Flow 19-1700] Loaded user IP repository '/tmp/finn_qi_int8_sweep/vivado_stitch_proj_20fkq523/ip'.
INFO: [IP_Flow 19-1700] Loaded user IP repository '/home/samu/dev/CEN571-final/finn-vs-vitisai/finn-repo/finn-rtllib/memstream'.
INFO: [IP_Flow 19-1700] Loaded user IP repository '/tmp/finn_qi_int8_sweep/code_gen_ipgen_StreamingDataflowPartition_2_IODMA_hls_0_dyyfefoq/project_StreamingDataflowPartition_2_IODMA_hls_0/sol1/impl/ip'.
INFO: [IP_Flow 19-1700] Loaded user IP repository '/tmp/finn_qi_int8_sweep/vivado_stitch_proj_u_2eefhn/ip'.
INFO: [IP_Flow 19-2313] Loaded Vivado IP repository '/tools/Xilinx/Vivado/2022.2/data/ip'.
Command: link_design -top top_wrapper -part xczu3eg-sbva484-1-e
Design is defaulting to srcset: sources_1
Design is defaulting to constrset: constrs_1
INFO: [Device 21-403] Loading part xczu3eg-sbva484-1-e
INFO: [Project 1-454] Reading design checkpoint '/tmp/finn_qi_int8_sweep/vivado_zynq_proj_j0p0ephx/finn_zynq_link.gen/sources_1/bd/top/ip/top_StreamingDataflowPartition_1_0/top_StreamingDataflowPartition_1_0.dcp' for cell 'top_i/StreamingDataflowPartition_1'
INFO: [Project 1-454] Reading design checkpoint '/tmp/finn_qi_int8_sweep/vivado_zynq_proj_j0p0ephx/finn_zynq_link.gen/sources_1/bd/top/ip/top_idma0_0/top_idma0_0.dcp' for cell 'top_i/idma0'
INFO: [Project 1-454] Reading design checkpoint '/tmp/finn_qi_int8_sweep/vivado_zynq_proj_j0p0ephx/finn_zynq_link.gen/sources_1/bd/top/ip/top_odma0_0/top_odma0_0.dcp' for cell 'top_i/odma0'
INFO: [Project 1-454] Reading design checkpoint '/tmp/finn_qi_int8_sweep/vivado_zynq_proj_j0p0ephx/finn_zynq_link.gen/sources_1/bd/top/ip/top_rst_zynq_ps_100M_0/top_rst_zynq_ps_100M_0.dcp' for cell 'top_i/rst_zynq_ps_100M'
INFO: [Project 1-454] Reading design checkpoint '/tmp/finn_qi_int8_sweep/vivado_zynq_proj_j0p0ephx/finn_zynq_link.gen/sources_1/bd/top/ip/top_smartconnect_0_0/top_smartconnect_0_0.dcp' for cell 'top_i/smartconnect_0'
INFO: [Project 1-454] Reading design checkpoint '/tmp/finn_qi_int8_sweep/vivado_zynq_proj_j0p0ephx/finn_zynq_link.gen/sources_1/bd/top/ip/top_zynq_ps_0/top_zynq_ps_0.dcp' for cell 'top_i/zynq_ps'
INFO: [Project 1-454] Reading design checkpoint '/tmp/finn_qi_int8_sweep/vivado_zynq_proj_j0p0ephx/finn_zynq_link.gen/sources_1/bd/top/ip/top_xbar_0/top_xbar_0.dcp' for cell 'top_i/axi_interconnect_0/xbar'
INFO: [Project 1-454] Reading design checkpoint '/tmp/finn_qi_int8_sweep/vivado_zynq_proj_j0p0ephx/finn_zynq_link.gen/sources_1/bd/top/ip/top_auto_ds_0/top_auto_ds_0.dcp' for cell 'top_i/axi_interconnect_0/s00_couplers/auto_ds'
INFO: [Project 1-454] Reading design checkpoint '/tmp/finn_qi_int8_sweep/vivado_zynq_proj_j0p0ephx/finn_zynq_link.gen/sources_1/bd/top/ip/top_auto_pc_0/top_auto_pc_0.dcp' for cell 'top_i/axi_interconnect_0/s00_couplers/auto_pc'
Netlist sorting complete. Time (s): cpu = 00:00:00.87 ; elapsed = 00:00:00.87 . Memory (MB): peak = 2857.629 ; gain = 0.000 ; free physical = 23303 ; free virtual = 50028
INFO: [Netlist 29-17] Analyzing 6716 Unisim elements for replacement
INFO: [Netlist 29-28] Unisim Transformation completed in 0 CPU seconds
INFO: [Project 1-479] Netlist was created with Vivado 2022.2
INFO: [Project 1-570] Preparing netlist for logic optimization
Parsing XDC File [/tmp/finn_qi_int8_sweep/vivado_zynq_proj_j0p0ephx/finn_zynq_link.gen/sources_1/bd/top/ip/top_zynq_ps_0/top_zynq_ps_0.xdc] for cell 'top_i/zynq_ps/inst'
Finished Parsing XDC File [/tmp/finn_qi_int8_sweep/vivado_zynq_proj_j0p0ephx/finn_zynq_link.gen/sources_1/bd/top/ip/top_zynq_ps_0/top_zynq_ps_0.xdc] for cell 'top_i/zynq_ps/inst'
Parsing XDC File [/tmp/finn_qi_int8_sweep/vivado_zynq_proj_j0p0ephx/finn_zynq_link.gen/sources_1/bd/top/ip/top_smartconnect_0_0/bd_0/ip/ip_1/bd_acc6_psr_aclk_0_board.xdc] for cell 'top_i/smartconnect_0/inst/clk_map/psr_aclk/U0'
Finished Parsing XDC File [/tmp/finn_qi_int8_sweep/vivado_zynq_proj_j0p0ephx/finn_zynq_link.gen/sources_1/bd/top/ip/top_smartconnect_0_0/bd_0/ip/ip_1/bd_acc6_psr_aclk_0_board.xdc] for cell 'top_i/smartconnect_0/inst/clk_map/psr_aclk/U0'
Parsing XDC File [/tmp/finn_qi_int8_sweep/vivado_zynq_proj_j0p0ephx/finn_zynq_link.gen/sources_1/bd/top/ip/top_smartconnect_0_0/bd_0/ip/ip_1/bd_acc6_psr_aclk_0.xdc] for cell 'top_i/smartconnect_0/inst/clk_map/psr_aclk/U0'
Finished Parsing XDC File [/tmp/finn_qi_int8_sweep/vivado_zynq_proj_j0p0ephx/finn_zynq_link.gen/sources_1/bd/top/ip/top_smartconnect_0_0/bd_0/ip/ip_1/bd_acc6_psr_aclk_0.xdc] for cell 'top_i/smartconnect_0/inst/clk_map/psr_aclk/U0'
Parsing XDC File [/tmp/finn_qi_int8_sweep/vivado_zynq_proj_j0p0ephx/finn_zynq_link.gen/sources_1/bd/top/ip/top_rst_zynq_ps_100M_0/top_rst_zynq_ps_100M_0_board.xdc] for cell 'top_i/rst_zynq_ps_100M/U0'
Finished Parsing XDC File [/tmp/finn_qi_int8_sweep/vivado_zynq_proj_j0p0ephx/finn_zynq_link.gen/sources_1/bd/top/ip/top_rst_zynq_ps_100M_0/top_rst_zynq_ps_100M_0_board.xdc] for cell 'top_i/rst_zynq_ps_100M/U0'
Parsing XDC File [/tmp/finn_qi_int8_sweep/vivado_zynq_proj_j0p0ephx/finn_zynq_link.gen/sources_1/bd/top/ip/top_rst_zynq_ps_100M_0/top_rst_zynq_ps_100M_0.xdc] for cell 'top_i/rst_zynq_ps_100M/U0'
Finished Parsing XDC File [/tmp/finn_qi_int8_sweep/vivado_zynq_proj_j0p0ephx/finn_zynq_link.gen/sources_1/bd/top/ip/top_rst_zynq_ps_100M_0/top_rst_zynq_ps_100M_0.xdc] for cell 'top_i/rst_zynq_ps_100M/U0'
Parsing XDC File [/tmp/finn_qi_int8_sweep/vivado_zynq_proj_j0p0ephx/finn_zynq_link.gen/sources_1/bd/top/ip/top_auto_ds_0/top_auto_ds_0_clocks.xdc] for cell 'top_i/axi_interconnect_0/s00_couplers/auto_ds/inst'
Finished Parsing XDC File [/tmp/finn_qi_int8_sweep/vivado_zynq_proj_j0p0ephx/finn_zynq_link.gen/sources_1/bd/top/ip/top_auto_ds_0/top_auto_ds_0_clocks.xdc] for cell 'top_i/axi_interconnect_0/s00_couplers/auto_ds/inst'
INFO: [Project 1-1714] 71 XPM XDC files have been applied to the design.
INFO: [Opt 31-138] Pushed 0 inverter(s) to 0 load pin(s).
Netlist sorting complete. Time (s): cpu = 00:00:00.02 ; elapsed = 00:00:00.02 . Memory (MB): peak = 3309.047 ; gain = 0.000 ; free physical = 22809 ; free virtual = 49535
INFO: [Project 1-111] Unisim Transformation Summary:
  A total of 1025 instances were transformed.
  DSP48E2 => DSP48E2 (DSP_ALU, DSP_A_B_DATA, DSP_C_DATA, DSP_MULTIPLIER, DSP_M_DATA, DSP_OUTPUT, DSP_PREADD, DSP_PREADD_DATA): 35 instances
  RAM16X1D => RAM32X1D (RAMD32(x2)): 2 instances
  RAM16X1S => RAM32X1S (RAMS32): 768 instances
  RAM32M => RAM32M (RAMD32(x6), RAMS32(x2)): 6 instances
  RAM32M16 => RAM32M16 (RAMD32(x14), RAMS32(x2)): 126 instances
  RAM32X1D => RAM32X1D (RAMD32(x2)): 2 instances
  RAM32X1S => RAM32X1S (RAMS32): 24 instances
  RAM64M8 => RAM64M8 (RAMD64E(x8)): 19 instances
  RAM64X1D => RAM64X1D (RAMD64E(x2)): 19 instances
  RAM64X1S => RAM64X1S (RAMS64E): 24 instances

52 Infos, 0 Warnings, 0 Critical Warnings and 0 Errors encountered.
link_design completed successfully
link_design: Time (s): cpu = 00:00:32 ; elapsed = 00:00:31 . Memory (MB): peak = 3309.047 ; gain = 1447.441 ; free physical = 22809 ; free virtual = 49535
Command: opt_design -directive Explore
INFO: [Vivado_Tcl 4-136] Directive used for opt_design is: Explore
Attempting to get a license for feature 'Implementation' and/or device 'xczu3eg'
INFO: [Common 17-349] Got license for feature 'Implementation' and/or device 'xczu3eg'
Running DRC as a precondition to command opt_design

Starting DRC Task
INFO: [DRC 23-27] Running DRC with 8 threads
INFO: [Project 1-461] DRC finished with 0 Errors
INFO: [Project 1-462] Please refer to the DRC report (report_drc) for more information.

Time (s): cpu = 00:00:02 ; elapsed = 00:00:00.9 . Memory (MB): peak = 3309.047 ; gain = 0.000 ; free physical = 22804 ; free virtual = 49529

Starting Logic Optimization Task
INFO: [Timing 38-35] Done setting XDC timing constraints.

Phase 1 Retarget
INFO: [Opt 31-1287] Pulled Inverter top_i/axi_interconnect_0/s00_couplers/auto_ds/inst/gen_downsizer.gen_simple_downsizer.axi_downsizer_inst/USE_READ.read_addr_inst/cmd_queue/inst/current_word_1[3]_i_1 into driver instance top_i/axi_interconnect_0/s00_couplers/auto_ds/inst/gen_downsizer.gen_simple_downsizer.axi_downsizer_inst/USE_READ.read_addr_inst/cmd_queue/inst/s_axi_rvalid_INST_0_i_3, which resulted in an inversion of 2 pins
INFO: [Opt 31-1287] Pulled Inverter top_i/axi_interconnect_0/s00_couplers/auto_ds/inst/gen_downsizer.gen_simple_downsizer.axi_downsizer_inst/USE_WRITE.USE_SPLIT.write_resp_inst/first_mi_word_i_2 into driver instance top_i/axi_interconnect_0/s00_couplers/auto_ds/inst/gen_downsizer.gen_simple_downsizer.axi_downsizer_inst/USE_WRITE.USE_SPLIT.write_resp_inst/s_axi_bvalid_INST_0_i_1, which resulted in an inversion of 5 pins
INFO: [Opt 31-1287] Pulled Inverter top_i/idma0/inst/StreamingDataflowPartition_0_IODMA_hls_0/inst/gmem_m_axi_U/bus_read/fifo_rctl/sect_addr_buf[63]_i_1 into driver instance top_i/idma0/inst/StreamingDataflowPartition_0_IODMA_hls_0/inst/gmem_m_axi_U/bus_read/fifo_rctl/state[1]_i_2, which resulted in an inversion of 17 pins
INFO: [Opt 31-1287] Pulled Inverter top_i/smartconnect_0/inst/s00_entry_pipeline/s00_si_converter/inst/converter.wrap_narrow_inst/gen_thread_loop[0].r_payld_fifo/cmd_fifo/cmd_len_qq[7]_i_1 into driver instance top_i/smartconnect_0/inst/s00_entry_pipeline/s00_si_converter/inst/converter.wrap_narrow_inst/gen_thread_loop[0].r_payld_fifo/cmd_fifo/gen_pipelined.state[2]_i_3, which resulted in an inversion of 6 pins
INFO: [Opt 31-1287] Pulled Inverter top_i/smartconnect_0/inst/s00_entry_pipeline/s00_si_converter/inst/converter.wrap_narrow_inst/w_payld_fifo/cmd_fifo/cmd_len_qq[7]_i_1__0 into driver instance top_i/smartconnect_0/inst/s00_entry_pipeline/s00_si_converter/inst/converter.wrap_narrow_inst/w_payld_fifo/cmd_fifo/gen_pipelined.state[2]_i_3__0, which resulted in an inversion of 6 pins
INFO: [Opt 31-1287] Pulled Inverter top_i/smartconnect_0/inst/s01_entry_pipeline/s01_si_converter/inst/converter.wrap_narrow_inst/gen_thread_loop[0].r_payld_fifo/cmd_fifo/cmd_len_qq[7]_i_1 into driver instance top_i/smartconnect_0/inst/s01_entry_pipeline/s01_si_converter/inst/converter.wrap_narrow_inst/gen_thread_loop[0].r_payld_fifo/cmd_fifo/gen_pipelined.state[2]_i_3, which resulted in an inversion of 6 pins
INFO: [Opt 31-1287] Pulled Inverter top_i/smartconnect_0/inst/s01_entry_pipeline/s01_si_converter/inst/converter.wrap_narrow_inst/w_payld_fifo/cmd_fifo/cmd_len_qq[7]_i_1__0 into driver instance top_i/smartconnect_0/inst/s01_entry_pipeline/s01_si_converter/inst/converter.wrap_narrow_inst/w_payld_fifo/cmd_fifo/gen_pipelined.state[2]_i_3__0, which resulted in an inversion of 6 pins
INFO: [Opt 31-138] Pushed 78 inverter(s) to 4453 load pin(s).
INFO: [Opt 31-925] Fixed cascade connection for DSP: top_i/StreamingDataflowPartition_1/inst/StreamingDataflowPartition_1_MVAU_hls_1/StreamingDataflowPartition_1_MVAU_hls_1/inst/grp_Matrix_Vector_Activate_Stream_Batch_fu_4110/mac_muladd_8ns_8s_17s_18_4_1_U19/MVAU_hls_1_mac_muladd_8ns_8s_17s_18_4_1_DSP48_3_U/p_reg_reg
INFO: [Opt 31-925] Fixed cascade connection for DSP: top_i/StreamingDataflowPartition_1/inst/StreamingDataflowPartition_1_MVAU_hls_1/StreamingDataflowPartition_1_MVAU_hls_1/inst/grp_Matrix_Vector_Activate_Stream_Batch_fu_4110/mac_muladd_8s_8ns_17s_18_4_1_U21/MVAU_hls_1_mac_muladd_8s_8ns_17s_18_4_1_DSP48_5_U/p_reg_reg
INFO: [Opt 31-925] Fixed cascade connection for DSP: top_i/StreamingDataflowPartition_1/inst/StreamingDataflowPartition_1_MVAU_hls_1/StreamingDataflowPartition_1_MVAU_hls_1/inst/grp_Matrix_Vector_Activate_Stream_Batch_fu_4110/mac_muladd_8s_8ns_17s_18_4_1_U23/MVAU_hls_1_mac_muladd_8s_8ns_17s_18_4_1_DSP48_5_U/p_reg_reg
INFO: [Opt 31-925] Fixed cascade connection for DSP: top_i/StreamingDataflowPartition_1/inst/StreamingDataflowPartition_1_MVAU_hls_1/StreamingDataflowPartition_1_MVAU_hls_1/inst/grp_Matrix_Vector_Activate_Stream_Batch_fu_4110/mac_muladd_8s_8ns_17s_18_4_1_U25/MVAU_hls_1_mac_muladd_8s_8ns_17s_18_4_1_DSP48_5_U/p_reg_reg
INFO: [Opt 31-925] Fixed cascade connection for DSP: top_i/StreamingDataflowPartition_1/inst/StreamingDataflowPartition_1_MVAU_hls_1/StreamingDataflowPartition_1_MVAU_hls_1/inst/grp_Matrix_Vector_Activate_Stream_Batch_fu_4110/mac_muladd_8s_8ns_17s_18_4_1_U27/MVAU_hls_1_mac_muladd_8s_8ns_17s_18_4_1_DSP48_5_U/p_reg_reg
INFO: [Opt 31-925] Fixed cascade connection for DSP: top_i/StreamingDataflowPartition_1/inst/StreamingDataflowPartition_1_MVAU_hls_1/StreamingDataflowPartition_1_MVAU_hls_1/inst/grp_Matrix_Vector_Activate_Stream_Batch_fu_4110/mac_muladd_8s_8ns_17s_18_4_1_U29/MVAU_hls_1_mac_muladd_8s_8ns_17s_18_4_1_DSP48_5_U/p_reg_reg
INFO: [Opt 31-925] Fixed cascade connection for DSP: top_i/StreamingDataflowPartition_1/inst/StreamingDataflowPartition_1_MVAU_hls_1/StreamingDataflowPartition_1_MVAU_hls_1/inst/grp_Matrix_Vector_Activate_Stream_Batch_fu_4110/mac_muladd_8s_8ns_17s_18_4_1_U31/MVAU_hls_1_mac_muladd_8s_8ns_17s_18_4_1_DSP48_5_U/p_reg_reg
INFO: [Opt 31-925] Fixed cascade connection for DSP: top_i/StreamingDataflowPartition_1/inst/StreamingDataflowPartition_1_MVAU_hls_1/StreamingDataflowPartition_1_MVAU_hls_1/inst/grp_Matrix_Vector_Activate_Stream_Batch_fu_4110/mac_muladd_8s_8ns_17s_18_4_1_U33/MVAU_hls_1_mac_muladd_8s_8ns_17s_18_4_1_DSP48_5_U/p_reg_reg
INFO: [Opt 31-49] Retargeted 0 cell(s).
Phase 1 Retarget | Checksum: 8a251274

Time (s): cpu = 00:00:16 ; elapsed = 00:00:08 . Memory (MB): peak = 3938.242 ; gain = 479.844 ; free physical = 22313 ; free virtual = 49039
INFO: [Opt 31-389] Phase Retarget created 400 cells and removed 758 cells
INFO: [Opt 31-1021] In phase Retarget, 72 netlist objects are constrained preventing optimization. Please run opt_design with -debug_log to get more detail. 

Phase 2 Constant propagation
INFO: [Opt 31-138] Pushed 23 inverter(s) to 50 load pin(s).
Phase 2 Constant propagation | Checksum: 95430659

Time (s): cpu = 00:00:18 ; elapsed = 00:00:09 . Memory (MB): peak = 3938.242 ; gain = 479.844 ; free physical = 22297 ; free virtual = 49023
INFO: [Opt 31-389] Phase Constant propagation created 415 cells and removed 5358 cells
INFO: [Opt 31-1021] In phase Constant propagation, 87 netlist objects are constrained preventing optimization. Please run opt_design with -debug_log to get more detail. 

Phase 3 Sweep
Phase 3 Sweep | Checksum: 65e24e2d

Time (s): cpu = 00:00:20 ; elapsed = 00:00:11 . Memory (MB): peak = 3938.242 ; gain = 479.844 ; free physical = 22304 ; free virtual = 49030
INFO: [Opt 31-389] Phase Sweep created 0 cells and removed 2219 cells
INFO: [Opt 31-1021] In phase Sweep, 172 netlist objects are constrained preventing optimization. Please run opt_design with -debug_log to get more detail. 

Phase 4 BUFG optimization
INFO: [Opt 31-1077] Phase BUFG optimization inserted 0 global clock buffer(s) for CLOCK_LOW_FANOUT.
INFO: [Opt 31-129] Inserted BUFG to drive high-fanout reset|set|enable net. BUFG cell: top_i/StreamingDataflowPartition_1/inst/StreamingDataflowPartition_1_MVAU_hls_1/StreamingDataflowPartition_1_MVAU_hls_1/inst/grp_Matrix_Vector_Activate_Stream_Batch_fu_4110/p_ZL7threshs_6_129_U/p_ZL7threshs_0_0_ce0_BUFG_inst, Net: top_i/StreamingDataflowPartition_1/inst/StreamingDataflowPartition_1_MVAU_hls_1/StreamingDataflowPartition_1_MVAU_hls_1/inst/grp_Matrix_Vector_Activate_Stream_Batch_fu_4110/p_ZL7threshs_6_129_U/p_ZL7threshs_0_0_ce0
Phase 4 BUFG optimization | Checksum: 6a10a6bf

Time (s): cpu = 00:00:22 ; elapsed = 00:00:13 . Memory (MB): peak = 3970.258 ; gain = 511.859 ; free physical = 22319 ; free virtual = 49044
INFO: [Opt 31-662] Phase BUFG optimization created 2 cells of which 1 are BUFGs and removed 0 cells.

Phase 5 Shift Register Optimization
INFO: [Opt 31-1064] SRL Remap converted 0 SRLs to 0 registers and converted 0 registers of register chains to 0 SRLs
Phase 5 Shift Register Optimization | Checksum: 6a10a6bf

Time (s): cpu = 00:00:22 ; elapsed = 00:00:13 . Memory (MB): peak = 3970.258 ; gain = 511.859 ; free physical = 22319 ; free virtual = 49044
INFO: [Opt 31-389] Phase Shift Register Optimization created 0 cells and removed 0 cells
INFO: [Opt 31-1555] control_set_opt supports Versal devices only, and device xczu3eg is unsupported

Phase 6 Post Processing Netlist
Phase 6 Post Processing Netlist | Checksum: 3ef65441

Time (s): cpu = 00:00:22 ; elapsed = 00:00:13 . Memory (MB): peak = 3970.258 ; gain = 511.859 ; free physical = 22319 ; free virtual = 49044
INFO: [Opt 31-389] Phase Post Processing Netlist created 0 cells and removed 0 cells
INFO: [Opt 31-1021] In phase Post Processing Netlist, 78 netlist objects are constrained preventing optimization. Please run opt_design with -debug_log to get more detail. 
Opt_design Change Summary
=========================


-------------------------------------------------------------------------------------------------------------------------
|  Phase                        |  #Cells created  |  #Cells Removed  |  #Constrained objects preventing optimizations  |
-------------------------------------------------------------------------------------------------------------------------
|  Retarget                     |             400  |             758  |                                             72  |
|  Constant propagation         |             415  |            5358  |                                             87  |
|  Sweep                        |               0  |            2219  |                                            172  |
|  BUFG optimization            |               2  |               0  |                                              0  |
|  Shift Register Optimization  |               0  |               0  |                                              0  |
|  Post Processing Netlist      |               0  |               0  |                                             78  |
-------------------------------------------------------------------------------------------------------------------------



Starting Connectivity Check Task

Time (s): cpu = 00:00:00.21 ; elapsed = 00:00:00.21 . Memory (MB): peak = 3970.258 ; gain = 0.000 ; free physical = 22383 ; free virtual = 49108
Ending Logic Optimization Task | Checksum: ce5d1725

Time (s): cpu = 00:00:28 ; elapsed = 00:00:17 . Memory (MB): peak = 3970.258 ; gain = 511.859 ; free physical = 22383 ; free virtual = 49108

Starting Netlist Obfuscation Task
Netlist sorting complete. Time (s): cpu = 00:00:00.01 ; elapsed = 00:00:00.01 . Memory (MB): peak = 3970.258 ; gain = 0.000 ; free physical = 22367 ; free virtual = 49093
Ending Netlist Obfuscation Task | Checksum: ce5d1725

Time (s): cpu = 00:00:00.02 ; elapsed = 00:00:00.02 . Memory (MB): peak = 3970.258 ; gain = 0.000 ; free physical = 22367 ; free virtual = 49093
INFO: [Common 17-83] Releasing license: Implementation
91 Infos, 0 Warnings, 0 Critical Warnings and 0 Errors encountered.
opt_design completed successfully
opt_design: Time (s): cpu = 00:00:32 ; elapsed = 00:00:20 . Memory (MB): peak = 3970.258 ; gain = 661.211 ; free physical = 22367 ; free virtual = 49093
INFO: [Timing 38-480] Writing timing data to binary archive.
INFO: [Common 17-1381] The checkpoint '/tmp/finn_qi_int8_sweep/vivado_zynq_proj_j0p0ephx/finn_zynq_link.runs/impl_1/top_wrapper_opt.dcp' has been generated.
write_checkpoint: Time (s): cpu = 00:00:12 ; elapsed = 00:00:08 . Memory (MB): peak = 4018.281 ; gain = 48.023 ; free physical = 22456 ; free virtual = 49213
INFO: [runtcl-4] Executing : report_drc -file top_wrapper_drc_opted.rpt -pb top_wrapper_drc_opted.pb -rpx top_wrapper_drc_opted.rpx
Command: report_drc -file top_wrapper_drc_opted.rpt -pb top_wrapper_drc_opted.pb -rpx top_wrapper_drc_opted.rpx
INFO: [IP_Flow 19-1839] IP Catalog is up to date.
INFO: [DRC 23-27] Running DRC with 8 threads
INFO: [Vivado_Tcl 2-168] The results of DRC are in file /tmp/finn_qi_int8_sweep/vivado_zynq_proj_j0p0ephx/finn_zynq_link.runs/impl_1/top_wrapper_drc_opted.rpt.
report_drc completed successfully
Command: place_design -directive ExtraTimingOpt
Attempting to get a license for feature 'Implementation' and/or device 'xczu3eg'
INFO: [Common 17-349] Got license for feature 'Implementation' and/or device 'xczu3eg'
INFO: [DRC 23-27] Running DRC with 8 threads
INFO: [Vivado_Tcl 4-198] DRC finished with 0 Errors
INFO: [Vivado_Tcl 4-199] Please refer to the DRC report (report_drc) for more information.
Running DRC as a precondition to command place_design
INFO: [DRC 23-27] Running DRC with 8 threads
INFO: [Vivado_Tcl 4-198] DRC finished with 0 Errors
INFO: [Vivado_Tcl 4-199] Please refer to the DRC report (report_drc) for more information.

Starting Placer Task
INFO: [Place 46-5] The placer was invoked with the 'ExtraTimingOpt' directive.
INFO: [Place 30-611] Multithreading enabled for place_design using a maximum of 8 CPUs

Phase 1 Placer Initialization

Phase 1.1 Placer Initialization Netlist Sorting
Netlist sorting complete. Time (s): cpu = 00:00:00.02 ; elapsed = 00:00:00.02 . Memory (MB): peak = 4034.289 ; gain = 0.000 ; free physical = 22365 ; free virtual = 49122
Phase 1.1 Placer Initialization Netlist Sorting | Checksum: 2e43bc77

Time (s): cpu = 00:00:00.04 ; elapsed = 00:00:00.05 . Memory (MB): peak = 4034.289 ; gain = 0.000 ; free physical = 22365 ; free virtual = 49122
Netlist sorting complete. Time (s): cpu = 00:00:00.02 ; elapsed = 00:00:00.01 . Memory (MB): peak = 4034.289 ; gain = 0.000 ; free physical = 22365 ; free virtual = 49122

Phase 1.2 IO Placement/ Clock Placement/ Build Placer Device
INFO: [Timing 38-35] Done setting XDC timing constraints.
Phase 1.2 IO Placement/ Clock Placement/ Build Placer Device | Checksum: e1646cb5

Time (s): cpu = 00:00:34 ; elapsed = 00:00:25 . Memory (MB): peak = 5023.414 ; gain = 989.125 ; free physical = 21428 ; free virtual = 48185

Phase 1.3 Build Placer Netlist Model
Phase 1.3 Build Placer Netlist Model | Checksum: 1602860a5

Time (s): cpu = 00:01:04 ; elapsed = 00:00:39 . Memory (MB): peak = 5337.770 ; gain = 1303.480 ; free physical = 21095 ; free virtual = 47852

Phase 1.4 Constrain Clocks/Macros
Phase 1.4 Constrain Clocks/Macros | Checksum: 1602860a5

Time (s): cpu = 00:01:05 ; elapsed = 00:00:39 . Memory (MB): peak = 5337.770 ; gain = 1303.480 ; free physical = 21095 ; free virtual = 47852
Phase 1 Placer Initialization | Checksum: 1602860a5

Time (s): cpu = 00:01:05 ; elapsed = 00:00:39 . Memory (MB): peak = 5337.770 ; gain = 1303.480 ; free physical = 21095 ; free virtual = 47853

Phase 2 Global Placement

Phase 2.1 Floorplanning

Phase 2.1.1 Partition Driven Placement

Phase 2.1.1.1 PBP: Partition Driven Placement
Phase 2.1.1.1 PBP: Partition Driven Placement | Checksum: 18ac534a3

Time (s): cpu = 00:01:31 ; elapsed = 00:00:50 . Memory (MB): peak = 5417.809 ; gain = 1383.520 ; free physical = 21246 ; free virtual = 48004

Phase 2.1.1.2 PBP: Clock Region Placement
Phase 2.1.1.2 PBP: Clock Region Placement | Checksum: 10d9ed1d1

Time (s): cpu = 00:01:33 ; elapsed = 00:00:52 . Memory (MB): peak = 5417.809 ; gain = 1383.520 ; free physical = 21228 ; free virtual = 47985

Phase 2.1.1.3 PBP: Discrete Incremental
Phase 2.1.1.3 PBP: Discrete Incremental | Checksum: 137843327

Time (s): cpu = 00:01:33 ; elapsed = 00:00:52 . Memory (MB): peak = 5417.809 ; gain = 1383.520 ; free physical = 21228 ; free virtual = 47985

Phase 2.1.1.4 PBP: Compute Congestion
Phase 2.1.1.4 PBP: Compute Congestion | Checksum: 137843327

Time (s): cpu = 00:01:34 ; elapsed = 00:00:52 . Memory (MB): peak = 5464.172 ; gain = 1429.883 ; free physical = 21202 ; free virtual = 47960

Phase 2.1.1.5 PBP: Macro Placement
Phase 2.1.1.5 PBP: Macro Placement | Checksum: 1d71b46bc

Time (s): cpu = 00:01:34 ; elapsed = 00:00:53 . Memory (MB): peak = 5464.172 ; gain = 1429.883 ; free physical = 21203 ; free virtual = 47961

Phase 2.1.1.6 PBP: UpdateTiming
Phase 2.1.1.6 PBP: UpdateTiming | Checksum: 1c82502c3

Time (s): cpu = 00:01:41 ; elapsed = 00:00:56 . Memory (MB): peak = 5494.188 ; gain = 1459.898 ; free physical = 21238 ; free virtual = 47996

Phase 2.1.1.7 PBP: Add part constraints
Phase 2.1.1.7 PBP: Add part constraints | Checksum: 1c82502c3

Time (s): cpu = 00:01:41 ; elapsed = 00:00:56 . Memory (MB): peak = 5494.188 ; gain = 1459.898 ; free physical = 21238 ; free virtual = 47996
Phase 2.1.1 Partition Driven Placement | Checksum: 1c82502c3

Time (s): cpu = 00:01:41 ; elapsed = 00:00:56 . Memory (MB): peak = 5494.188 ; gain = 1459.898 ; free physical = 21256 ; free virtual = 48014
Phase 2.1 Floorplanning | Checksum: 1f52fe5d8

Time (s): cpu = 00:01:41 ; elapsed = 00:00:56 . Memory (MB): peak = 5494.188 ; gain = 1459.898 ; free physical = 21256 ; free virtual = 48014

Phase 2.2 Update Timing before SLR Path Opt
Phase 2.2 Update Timing before SLR Path Opt | Checksum: 1f52fe5d8

Time (s): cpu = 00:01:41 ; elapsed = 00:00:56 . Memory (MB): peak = 5494.188 ; gain = 1459.898 ; free physical = 21256 ; free virtual = 48014

Phase 2.3 Post-Processing in Floorplanning
Phase 2.3 Post-Processing in Floorplanning | Checksum: 1f52fe5d8

Time (s): cpu = 00:01:41 ; elapsed = 00:00:56 . Memory (MB): peak = 5494.188 ; gain = 1459.898 ; free physical = 21257 ; free virtual = 48014

Phase 2.4 Global Placement Core

Phase 2.4.1 UpdateTiming Before Physical Synthesis
Phase 2.4.1 UpdateTiming Before Physical Synthesis | Checksum: 966585b5

Time (s): cpu = 00:03:11 ; elapsed = 00:01:29 . Memory (MB): peak = 5509.219 ; gain = 1474.930 ; free physical = 21001 ; free virtual = 47759

Phase 2.4.2 Physical Synthesis In Placer
INFO: [Physopt 32-1035] Found 0 LUTNM shape to break, 1179 LUT instances to create LUTNM shape
INFO: [Physopt 32-1044] Break lutnm for timing: one critical 0, two critical 0, total 0, new lutff created 0
INFO: [Physopt 32-1138] End 1 Pass. Optimized 502 nets or LUTs. Breaked 0 LUT, combined 502 existing LUTs and moved 0 existing LUT
INFO: [Physopt 32-1030] Pass 1. Identified 121 candidate driver sets for equivalent driver rewiring.
INFO: [Physopt 32-661] Optimized 34 nets.  Re-placed 583 instances.
INFO: [Physopt 32-775] End 1 Pass. Optimized 34 nets or cells. Created 0 new cell, deleted 90 existing cells and moved 583 existing cells
Netlist sorting complete. Time (s): cpu = 00:00:00.2 ; elapsed = 00:00:00.21 . Memory (MB): peak = 5509.219 ; gain = 0.000 ; free physical = 21079 ; free virtual = 47836
INFO: [Physopt 32-65] No nets found for high-fanout optimization.
INFO: [Physopt 32-232] Optimized 0 net. Created 0 new instance.
INFO: [Physopt 32-775] End 1 Pass. Optimized 0 net or cell. Created 0 new cell, deleted 0 existing cell and moved 0 existing cell
INFO: [Physopt 32-670] No setup violation found.  DSP Register Optimization was not performed.
INFO: [Physopt 32-670] No setup violation found.  Shift Register to Pipeline Optimization was not performed.
INFO: [Physopt 32-670] No setup violation found.  Shift Register Optimization was not performed.
INFO: [Physopt 32-670] No setup violation found.  BRAM Register Optimization was not performed.
INFO: [Physopt 32-670] No setup violation found.  URAM Register Optimization was not performed.
INFO: [Physopt 32-949] No candidate nets found for dynamic/static region interface net replication
INFO: [Physopt 32-775] End 1 Pass. Optimized 0 net or cell. Created 0 new cell, deleted 0 existing cell and moved 0 existing cell
Netlist sorting complete. Time (s): cpu = 00:00:00.02 ; elapsed = 00:00:00.02 . Memory (MB): peak = 5509.219 ; gain = 0.000 ; free physical = 21095 ; free virtual = 47852

Summary of Physical Synthesis Optimizations
============================================


-----------------------------------------------------------------------------------------------------------------------------------------------------------
|  Optimization                                     |  Added Cells  |  Removed Cells  |  Optimized Cells/Nets  |  Dont Touch  |  Iterations  |  Elapsed   |
-----------------------------------------------------------------------------------------------------------------------------------------------------------
|  LUT Combining                                    |            0  |            502  |                   502  |           0  |           1  |  00:00:01  |
|  Retime                                           |            0  |              0  |                     0  |           0  |           1  |  00:00:00  |
|  Equivalent Driver Rewiring                       |            0  |             90  |                    34  |           0  |           1  |  00:00:06  |
|  Very High Fanout                                 |            0  |              0  |                     0  |           0  |           1  |  00:00:01  |
|  DSP Register                                     |            0  |              0  |                     0  |           0  |           0  |  00:00:00  |
|  Shift Register to Pipeline                       |            0  |              0  |                     0  |           0  |           0  |  00:00:00  |
|  Shift Register                                   |            0  |              0  |                     0  |           0  |           0  |  00:00:00  |
|  BRAM Register                                    |            0  |              0  |                     0  |           0  |           0  |  00:00:00  |
|  URAM Register                                    |            0  |              0  |                     0  |           0  |           0  |  00:00:00  |
|  Dynamic/Static Region Interface Net Replication  |            0  |              0  |                     0  |           0  |           1  |  00:00:00  |
|  Total                                            |            0  |            592  |                   536  |           0  |           5  |  00:00:08  |
-----------------------------------------------------------------------------------------------------------------------------------------------------------


Phase 2.4.2 Physical Synthesis In Placer | Checksum: 1bf36f4cc

Time (s): cpu = 00:03:28 ; elapsed = 00:01:41 . Memory (MB): peak = 5509.219 ; gain = 1474.930 ; free physical = 21148 ; free virtual = 47906
Phase 2.4 Global Placement Core | Checksum: 203e74566

Time (s): cpu = 00:03:34 ; elapsed = 00:01:43 . Memory (MB): peak = 5509.219 ; gain = 1474.930 ; free physical = 21155 ; free virtual = 47913
Phase 2 Global Placement | Checksum: 203e74566

Time (s): cpu = 00:03:34 ; elapsed = 00:01:43 . Memory (MB): peak = 5509.219 ; gain = 1474.930 ; free physical = 21194 ; free virtual = 47952

Phase 3 Detail Placement

Phase 3.1 Commit Multi Column Macros
Phase 3.1 Commit Multi Column Macros | Checksum: 285f588c9

Time (s): cpu = 00:03:41 ; elapsed = 00:01:46 . Memory (MB): peak = 5509.219 ; gain = 1474.930 ; free physical = 21182 ; free virtual = 47939

Phase 3.2 Commit Most Macros & LUTRAMs
Phase 3.2 Commit Most Macros & LUTRAMs | Checksum: 1781d05af

Time (s): cpu = 00:03:55 ; elapsed = 00:01:53 . Memory (MB): peak = 5509.219 ; gain = 1474.930 ; free physical = 21164 ; free virtual = 47922

Phase 3.3 Small Shape DP

Phase 3.3.1 Small Shape Clustering
Phase 3.3.1 Small Shape Clustering | Checksum: 262129f3c

Time (s): cpu = 00:04:03 ; elapsed = 00:01:59 . Memory (MB): peak = 5509.219 ; gain = 1474.930 ; free physical = 21097 ; free virtual = 47855

Phase 3.3.2 Flow Legalize Slice Clusters
Phase 3.3.2 Flow Legalize Slice Clusters | Checksum: 21e1ce0f7

Time (s): cpu = 00:04:04 ; elapsed = 00:01:59 . Memory (MB): peak = 5509.219 ; gain = 1474.930 ; free physical = 21098 ; free virtual = 47855

Phase 3.3.3 Slice Area Swap

Phase 3.3.3.1 Slice Area Swap Initial
Phase 3.3.3.1 Slice Area Swap Initial | Checksum: 1c460ebbd

Time (s): cpu = 00:04:20 ; elapsed = 00:02:13 . Memory (MB): peak = 5509.219 ; gain = 1474.930 ; free physical = 21104 ; free virtual = 47861
Phase 3.3.3 Slice Area Swap | Checksum: 1c460ebbd

Time (s): cpu = 00:04:21 ; elapsed = 00:02:13 . Memory (MB): peak = 5509.219 ; gain = 1474.930 ; free physical = 21103 ; free virtual = 47861
Phase 3.3 Small Shape DP | Checksum: 2822218fa

Time (s): cpu = 00:04:41 ; elapsed = 00:02:20 . Memory (MB): peak = 5509.219 ; gain = 1474.930 ; free physical = 21123 ; free virtual = 47881

Phase 3.4 Re-assign LUT pins
Phase 3.4 Re-assign LUT pins | Checksum: 259bff832

Time (s): cpu = 00:04:46 ; elapsed = 00:02:25 . Memory (MB): peak = 5509.219 ; gain = 1474.930 ; free physical = 21115 ; free virtual = 47873

Phase 3.5 Pipeline Register Optimization
Phase 3.5 Pipeline Register Optimization | Checksum: 2188529ee

Time (s): cpu = 00:04:47 ; elapsed = 00:02:25 . Memory (MB): peak = 5509.219 ; gain = 1474.930 ; free physical = 21116 ; free virtual = 47874
Phase 3 Detail Placement | Checksum: 2188529ee

Time (s): cpu = 00:04:47 ; elapsed = 00:02:26 . Memory (MB): peak = 5509.219 ; gain = 1474.930 ; free physical = 21107 ; free virtual = 47864

Phase 4 Post Placement Optimization and Clean-Up

Phase 4.1 Post Commit Optimization
INFO: [Timing 38-35] Done setting XDC timing constraints.

Phase 4.1.1 Post Placement Optimization
Post Placement Optimization Initialization | Checksum: 1cc401cab

Phase 4.1.1.1 BUFG Insertion

Starting Physical Synthesis Task

Phase 1 Physical Synthesis Initialization
INFO: [Physopt 32-721] Multithreading enabled for phys_opt_design using a maximum of 8 CPUs
INFO: [Physopt 32-619] Estimated Timing Summary | WNS=2.066 | TNS=0.000 |
Phase 1 Physical Synthesis Initialization | Checksum: 1694f570a

Time (s): cpu = 00:00:03 ; elapsed = 00:00:00.8 . Memory (MB): peak = 5509.219 ; gain = 0.000 ; free physical = 21126 ; free virtual = 47884
INFO: [Place 46-35] Processed net top_i/rst_zynq_ps_100M/U0/peripheral_aresetn[0], inserted BUFG to drive 4117 loads.
INFO: [Place 46-45] Replicated bufg driver top_i/rst_zynq_ps_100M/U0/ACTIVE_LOW_PR_OUT_DFF[0].FDRE_PER_N_replica
INFO: [Place 46-32] Processed net top_i/StreamingDataflowPartition_1/inst/StreamingDataflowPartition_1_MVAU_hls_0/StreamingDataflowPartition_1_MVAU_hls_0/inst/grp_Matrix_Vector_Activate_Stream_Batch_fu_540/p_ZL7threshs_45_U/E[0], BUFG insertion was skipped because the netlist could not be updated.
INFO: [Place 46-56] BUFG insertion identified 2 candidate nets. Inserted BUFG: 1, Replicated BUFG Driver: 1, Skipped due to Placement/Routing Conflicts: 0, Skipped due to Timing Degradation: 0, Skipped due to Illegal Netlist: 1.
Ending Physical Synthesis Task | Checksum: 144184981

Time (s): cpu = 00:00:08 ; elapsed = 00:00:04 . Memory (MB): peak = 5509.219 ; gain = 0.000 ; free physical = 21127 ; free virtual = 47885
Phase 4.1.1.1 BUFG Insertion | Checksum: 13c3d069e

Time (s): cpu = 00:05:39 ; elapsed = 00:02:44 . Memory (MB): peak = 5509.219 ; gain = 1474.930 ; free physical = 21135 ; free virtual = 47893

Phase 4.1.1.2 Post Placement Timing Optimization
INFO: [Place 30-746] Post Placement Timing Summary WNS=2.066. For the most accurate timing information please run report_timing.
Phase 4.1.1.2 Post Placement Timing Optimization | Checksum: 192526cf3

Time (s): cpu = 00:05:40 ; elapsed = 00:02:45 . Memory (MB): peak = 5509.219 ; gain = 1474.930 ; free physical = 21137 ; free virtual = 47895

Time (s): cpu = 00:05:40 ; elapsed = 00:02:45 . Memory (MB): peak = 5509.219 ; gain = 1474.930 ; free physical = 21137 ; free virtual = 47895
Phase 4.1 Post Commit Optimization | Checksum: 192526cf3

Time (s): cpu = 00:05:41 ; elapsed = 00:02:45 . Memory (MB): peak = 5509.219 ; gain = 1474.930 ; free physical = 21138 ; free virtual = 47896
Netlist sorting complete. Time (s): cpu = 00:00:00.23 ; elapsed = 00:00:00.23 . Memory (MB): peak = 5555.027 ; gain = 0.000 ; free physical = 21132 ; free virtual = 47889

Phase 4.2 Post Placement Cleanup
Phase 4.2 Post Placement Cleanup | Checksum: 2783369c8

Time (s): cpu = 00:05:45 ; elapsed = 00:02:49 . Memory (MB): peak = 5555.027 ; gain = 1520.738 ; free physical = 21135 ; free virtual = 47893

Phase 4.3 Placer Reporting

Phase 4.3.1 Print Estimated Congestion
INFO: [Place 30-612] Post-Placement Estimated Congestion 
 ________________________________________________________________________
|           | Global Congestion | Long Congestion   | Short Congestion  |
| Direction | Region Size       | Region Size       | Region Size       |
|___________|___________________|___________________|___________________|
|      North|                1x1|                2x2|              32x32|
|___________|___________________|___________________|___________________|
|      South|                2x2|                1x1|                8x8|
|___________|___________________|___________________|___________________|
|       East|                1x1|                1x1|              32x32|
|___________|___________________|___________________|___________________|
|       West|              32x32|                1x1|              16x16|
|___________|___________________|___________________|___________________|

Phase 4.3.1 Print Estimated Congestion | Checksum: 2783369c8

Time (s): cpu = 00:05:46 ; elapsed = 00:02:49 . Memory (MB): peak = 5555.027 ; gain = 1520.738 ; free physical = 21143 ; free virtual = 47900
Phase 4.3 Placer Reporting | Checksum: 2783369c8

Time (s): cpu = 00:05:46 ; elapsed = 00:02:50 . Memory (MB): peak = 5555.027 ; gain = 1520.738 ; free physical = 21145 ; free virtual = 47902

Phase 4.4 Final Placement Cleanup
Netlist sorting complete. Time (s): cpu = 00:00:00.01 ; elapsed = 00:00:00.02 . Memory (MB): peak = 5555.027 ; gain = 0.000 ; free physical = 21145 ; free virtual = 47903

Time (s): cpu = 00:05:46 ; elapsed = 00:02:50 . Memory (MB): peak = 5555.027 ; gain = 1520.738 ; free physical = 21145 ; free virtual = 47903
Phase 4 Post Placement Optimization and Clean-Up | Checksum: 2007beb87

Time (s): cpu = 00:05:47 ; elapsed = 00:02:51 . Memory (MB): peak = 5555.027 ; gain = 1520.738 ; free physical = 21148 ; free virtual = 47906
Ending Placer Task | Checksum: 1890e7bb3

Time (s): cpu = 00:05:47 ; elapsed = 00:02:51 . Memory (MB): peak = 5555.027 ; gain = 1520.738 ; free physical = 21150 ; free virtual = 47907
INFO: [Common 17-83] Releasing license: Implementation
133 Infos, 0 Warnings, 0 Critical Warnings and 0 Errors encountered.
place_design completed successfully
place_design: Time (s): cpu = 00:05:52 ; elapsed = 00:02:53 . Memory (MB): peak = 5555.027 ; gain = 1520.738 ; free physical = 21315 ; free virtual = 48073
INFO: [Timing 38-480] Writing timing data to binary archive.
Writing XDEF routing.
Writing XDEF routing logical nets.
Writing XDEF routing special nets.
Write XDEF Complete: Time (s): cpu = 00:00:17 ; elapsed = 00:00:07 . Memory (MB): peak = 5555.027 ; gain = 0.000 ; free physical = 21043 ; free virtual = 47971
INFO: [Common 17-1381] The checkpoint '/tmp/finn_qi_int8_sweep/vivado_zynq_proj_j0p0ephx/finn_zynq_link.runs/impl_1/top_wrapper_placed.dcp' has been generated.
write_checkpoint: Time (s): cpu = 00:00:29 ; elapsed = 00:00:14 . Memory (MB): peak = 5555.027 ; gain = 0.000 ; free physical = 21170 ; free virtual = 47979
INFO: [runtcl-4] Executing : report_io -file top_wrapper_io_placed.rpt
report_io: Time (s): cpu = 00:00:00.08 ; elapsed = 00:00:00.25 . Memory (MB): peak = 5555.027 ; gain = 0.000 ; free physical = 21145 ; free virtual = 47955
INFO: [runtcl-4] Executing : report_utilization -file top_wrapper_utilization_placed.rpt -pb top_wrapper_utilization_placed.pb
INFO: [runtcl-4] Executing : report_control_sets -verbose -file top_wrapper_control_sets_placed.rpt
report_control_sets: Time (s): cpu = 00:00:00.22 ; elapsed = 00:00:00.37 . Memory (MB): peak = 5555.027 ; gain = 0.000 ; free physical = 21124 ; free virtual = 47934
Command: phys_opt_design -directive AggressiveExplore
Attempting to get a license for feature 'Implementation' and/or device 'xczu3eg'
INFO: [Common 17-349] Got license for feature 'Implementation' and/or device 'xczu3eg'
INFO: [Vivado_Tcl 4-137] Directive used for phys_opt_design is: AggressiveExplore

Starting Initial Update Timing Task

Time (s): cpu = 00:00:35 ; elapsed = 00:00:08 . Memory (MB): peak = 5555.027 ; gain = 0.000 ; free physical = 21122 ; free virtual = 47933
INFO: [Vivado_Tcl 4-383] Design worst setup slack (WNS) is greater than or equal to 0.000 ns. Skipping all physical synthesis optimizations.
INFO: [Vivado_Tcl 4-232] No setup violation found. The netlist was not modified.
INFO: [Common 17-83] Releasing license: Implementation
143 Infos, 0 Warnings, 0 Critical Warnings and 0 Errors encountered.
phys_opt_design completed successfully
phys_opt_design: Time (s): cpu = 00:00:36 ; elapsed = 00:00:09 . Memory (MB): peak = 5555.027 ; gain = 0.000 ; free physical = 21122 ; free virtual = 47933
INFO: [Timing 38-480] Writing timing data to binary archive.
Writing XDEF routing.
Writing XDEF routing logical nets.
Writing XDEF routing special nets.
Write XDEF Complete: Time (s): cpu = 00:00:17 ; elapsed = 00:00:07 . Memory (MB): peak = 5555.027 ; gain = 0.000 ; free physical = 20848 ; free virtual = 47828
INFO: [Common 17-1381] The checkpoint '/tmp/finn_qi_int8_sweep/vivado_zynq_proj_j0p0ephx/finn_zynq_link.runs/impl_1/top_wrapper_physopt.dcp' has been generated.
write_checkpoint: Time (s): cpu = 00:00:21 ; elapsed = 00:00:11 . Memory (MB): peak = 5555.027 ; gain = 0.000 ; free physical = 20657 ; free virtual = 47519
Command: route_design -directive NoTimingRelaxation
Attempting to get a license for feature 'Implementation' and/or device 'xczu3eg'
INFO: [Common 17-349] Got license for feature 'Implementation' and/or device 'xczu3eg'
Running DRC as a precondition to command route_design
INFO: [DRC 23-27] Running DRC with 8 threads
INFO: [Vivado_Tcl 4-198] DRC finished with 0 Errors
INFO: [Vivado_Tcl 4-199] Please refer to the DRC report (report_drc) for more information.


Starting Routing Task
INFO: [Route 35-270] Using Router directive 'NoTimingRelaxation'.
INFO: [Route 35-254] Multithreading enabled for route_design using a maximum of 8 CPUs

Phase 1 Build RT Design
Checksum: PlaceDB: 9efe2df0 ConstDB: 0 ShapeSum: 42f50ee RouteDB: e5e0fcd5
Nodegraph reading from file.  Time (s): cpu = 00:00:00.3 ; elapsed = 00:00:00.32 . Memory (MB): peak = 5557.996 ; gain = 0.000 ; free physical = 20539 ; free virtual = 47401
Post Restoration Checksum: NetGraph: 8cd8473b NumContArr: c07724f Constraints: 362f68a8 Timing: 0
Phase 1 Build RT Design | Checksum: cf0f2232

Time (s): cpu = 00:00:50 ; elapsed = 00:00:11 . Memory (MB): peak = 5557.996 ; gain = 0.000 ; free physical = 20760 ; free virtual = 47622

Phase 2 Router Initialization

Phase 2.1 Fix Topology Constraints
Phase 2.1 Fix Topology Constraints | Checksum: cf0f2232

Time (s): cpu = 00:00:50 ; elapsed = 00:00:12 . Memory (MB): peak = 5557.996 ; gain = 0.000 ; free physical = 20724 ; free virtual = 47586

Phase 2.2 Pre Route Cleanup
Phase 2.2 Pre Route Cleanup | Checksum: cf0f2232

Time (s): cpu = 00:00:51 ; elapsed = 00:00:12 . Memory (MB): peak = 5557.996 ; gain = 0.000 ; free physical = 20728 ; free virtual = 47591

Phase 2.3 Global Clock Net Routing
 Number of Nodes with overlaps = 0
Phase 2.3 Global Clock Net Routing | Checksum: 73b45d0b

Time (s): cpu = 00:00:54 ; elapsed = 00:00:14 . Memory (MB): peak = 5557.996 ; gain = 0.000 ; free physical = 20608 ; free virtual = 47471

Phase 2.4 Update Timing
Phase 2.4 Update Timing | Checksum: 1d3db6fe0

Time (s): cpu = 00:01:18 ; elapsed = 00:00:23 . Memory (MB): peak = 5557.996 ; gain = 0.000 ; free physical = 20732 ; free virtual = 47594
INFO: [Route 35-416] Intermediate Timing Summary | WNS=2.311  | TNS=0.000  | WHS=-0.067 | THS=-9.287 |


Router Utilization Summary
  Global Vertical Routing Utilization    = 7.94642e-05 %
  Global Horizontal Routing Utilization  = 0 %
  Routable Net Status*
  *Does not include unroutable nets such as driverless and loadless.
  Run report_route_status for detailed report.
  Number of Failed Nets               = 82801
    (Failed Nets is the sum of unrouted and partially routed nets)
  Number of Unrouted Nets             = 76937
  Number of Partially Routed Nets     = 5864
  Number of Node Overlaps             = 1

Phase 2 Router Initialization | Checksum: 2192894ca

Time (s): cpu = 00:01:54 ; elapsed = 00:00:35 . Memory (MB): peak = 5672.141 ; gain = 114.145 ; free physical = 20693 ; free virtual = 47556

Phase 3 Initial Routing

Phase 3.1 Global Routing
Phase 3.1 Global Routing | Checksum: 2192894ca

Time (s): cpu = 00:01:54 ; elapsed = 00:00:35 . Memory (MB): peak = 5672.141 ; gain = 114.145 ; free physical = 20693 ; free virtual = 47556
Phase 3 Initial Routing | Checksum: 2af90745b

Time (s): cpu = 00:02:26 ; elapsed = 00:00:46 . Memory (MB): peak = 5790.641 ; gain = 232.645 ; free physical = 20646 ; free virtual = 47508

INFO: [Route 35-449] Initial Estimated Congestion
 ________________________________________________________________________
|           | Global Congestion | Long Congestion   | Short Congestion  |
|           |___________________|___________________|___________________|
| Direction | Size   | % Tiles  | Size   | % Tiles  | Size   | % Tiles  |
|___________|________|__________|________|__________|________|__________|
|      NORTH|     8x8|      5.29|   16x16|      8.50|     8x8|      7.83|
|___________|________|__________|________|__________|________|__________|
|      SOUTH|     2x2|      0.29|     4x4|      1.35|     4x4|      1.01|
|___________|________|__________|________|__________|________|__________|
|       EAST|     1x1|      0.07|     1x1|      0.17|     4x4|      2.02|
|___________|________|__________|________|__________|________|__________|
|       WEST|     2x2|      0.39|     2x2|      0.86|     4x4|      1.80|
|___________|________|__________|________|__________|________|__________|
Congestion Report
LONG Congestion bounded by tiles (Lower Left Tile -> Upper Right Tile):
NORTH
	INT_X12Y72->INT_X19Y103 (BRAM_X12Y70->CLEL_R_X19Y103)
	INT_X16Y100->INT_X19Y103 (CLEM_X16Y100->CLEL_R_X19Y103)
	INT_X16Y96->INT_X19Y99 (CLEM_X16Y96->CLEL_R_X19Y99)
	INT_X16Y92->INT_X19Y95 (CLEM_X16Y92->CLEL_R_X19Y95)
	INT_X12Y88->INT_X15Y91 (BRAM_X12Y85->CLEL_R_X15Y91)

Phase 4 Rip-up And Reroute

Phase 4.1 Global Iteration 0
 Number of Nodes with overlaps = 23014
 Number of Nodes with overlaps = 1405
 Number of Nodes with overlaps = 161
 Number of Nodes with overlaps = 17
 Number of Nodes with overlaps = 6
 Number of Nodes with overlaps = 1
 Number of Nodes with overlaps = 1
 Number of Nodes with overlaps = 0
INFO: [Route 35-416] Intermediate Timing Summary | WNS=1.948  | TNS=0.000  | WHS=-0.040 | THS=-1.045 |

Phase 4.1 Global Iteration 0 | Checksum: 1b96b1450

Time (s): cpu = 00:06:00 ; elapsed = 00:02:26 . Memory (MB): peak = 5860.203 ; gain = 302.207 ; free physical = 20443 ; free virtual = 47306

Phase 4.2 Additional Iteration for Hold
Phase 4.2 Additional Iteration for Hold | Checksum: 133644130

Time (s): cpu = 00:06:01 ; elapsed = 00:02:26 . Memory (MB): peak = 5860.203 ; gain = 302.207 ; free physical = 20443 ; free virtual = 47306
Phase 4 Rip-up And Reroute | Checksum: 133644130

Time (s): cpu = 00:06:01 ; elapsed = 00:02:26 . Memory (MB): peak = 5860.203 ; gain = 302.207 ; free physical = 20443 ; free virtual = 47306

Phase 5 Delay and Skew Optimization

Phase 5.1 Delay CleanUp

Phase 5.1.1 Update Timing
Phase 5.1.1 Update Timing | Checksum: fb6f95e1

Time (s): cpu = 00:06:24 ; elapsed = 00:02:34 . Memory (MB): peak = 5860.203 ; gain = 302.207 ; free physical = 20487 ; free virtual = 47350
INFO: [Route 35-416] Intermediate Timing Summary | WNS=1.948  | TNS=0.000  | WHS=0.010  | THS=0.000  |


Phase 5.1.2 Update Timing
Phase 5.1.2 Update Timing | Checksum: 11d773c01

Time (s): cpu = 00:06:40 ; elapsed = 00:02:40 . Memory (MB): peak = 5860.203 ; gain = 302.207 ; free physical = 20464 ; free virtual = 47327
INFO: [Route 35-416] Intermediate Timing Summary | WNS=1.948  | TNS=0.000  | WHS=0.010  | THS=0.000  |

Phase 5.1 Delay CleanUp | Checksum: 11d773c01

Time (s): cpu = 00:06:41 ; elapsed = 00:02:40 . Memory (MB): peak = 5860.203 ; gain = 302.207 ; free physical = 20486 ; free virtual = 47349

Phase 5.2 Clock Skew Optimization
Phase 5.2 Clock Skew Optimization | Checksum: 11d773c01

Time (s): cpu = 00:06:41 ; elapsed = 00:02:40 . Memory (MB): peak = 5860.203 ; gain = 302.207 ; free physical = 20470 ; free virtual = 47333
Phase 5 Delay and Skew Optimization | Checksum: 11d773c01

Time (s): cpu = 00:06:41 ; elapsed = 00:02:41 . Memory (MB): peak = 5860.203 ; gain = 302.207 ; free physical = 20470 ; free virtual = 47333

Phase 6 Post Hold Fix

Phase 6.1 Hold Fix Iter

Phase 6.1.1 Update Timing
Phase 6.1.1 Update Timing | Checksum: 112580417

Time (s): cpu = 00:06:58 ; elapsed = 00:02:46 . Memory (MB): peak = 5860.203 ; gain = 302.207 ; free physical = 20487 ; free virtual = 47350
INFO: [Route 35-416] Intermediate Timing Summary | WNS=1.948  | TNS=0.000  | WHS=0.010  | THS=0.000  |

Phase 6.1 Hold Fix Iter | Checksum: 189b921d6

Time (s): cpu = 00:06:58 ; elapsed = 00:02:47 . Memory (MB): peak = 5860.203 ; gain = 302.207 ; free physical = 20489 ; free virtual = 47351
Phase 6 Post Hold Fix | Checksum: 189b921d6

Time (s): cpu = 00:06:59 ; elapsed = 00:02:47 . Memory (MB): peak = 5860.203 ; gain = 302.207 ; free physical = 20490 ; free virtual = 47353

Phase 7 Route finalize

Router Utilization Summary
  Global Vertical Routing Utilization    = 34.5849 %
  Global Horizontal Routing Utilization  = 32.2392 %
  Routable Net Status*
  *Does not include unroutable nets such as driverless and loadless.
  Run report_route_status for detailed report.
  Number of Failed Nets               = 0
    (Failed Nets is the sum of unrouted and partially routed nets)
  Number of Unrouted Nets             = 0
  Number of Partially Routed Nets     = 0
  Number of Node Overlaps             = 0

Phase 7 Route finalize | Checksum: 1baad6398

Time (s): cpu = 00:07:00 ; elapsed = 00:02:48 . Memory (MB): peak = 5860.203 ; gain = 302.207 ; free physical = 20488 ; free virtual = 47351

Phase 8 Verifying routed nets

 Verification completed successfully
Phase 8 Verifying routed nets | Checksum: 1baad6398

Time (s): cpu = 00:07:00 ; elapsed = 00:02:48 . Memory (MB): peak = 5860.203 ; gain = 302.207 ; free physical = 20486 ; free virtual = 47348

Phase 9 Depositing Routes
Phase 9 Depositing Routes | Checksum: 1baad6398

Time (s): cpu = 00:07:08 ; elapsed = 00:02:54 . Memory (MB): peak = 5860.203 ; gain = 302.207 ; free physical = 20458 ; free virtual = 47320

Phase 10 Resolve XTalk
Phase 10 Resolve XTalk | Checksum: 1baad6398

Time (s): cpu = 00:07:09 ; elapsed = 00:02:55 . Memory (MB): peak = 5860.203 ; gain = 302.207 ; free physical = 20462 ; free virtual = 47324

Phase 11 Route finalize
Phase 11 Route finalize | Checksum: 1baad6398

Time (s): cpu = 00:07:09 ; elapsed = 00:02:55 . Memory (MB): peak = 5860.203 ; gain = 302.207 ; free physical = 20462 ; free virtual = 47325

Phase 12 Post Router Timing
INFO: [Route 35-20] Post Routing Timing Summary | WNS=1.952  | TNS=0.000  | WHS=0.009  | THS=0.000  |

Phase 12 Post Router Timing | Checksum: 1554b0329

Time (s): cpu = 00:07:50 ; elapsed = 00:03:04 . Memory (MB): peak = 5860.203 ; gain = 302.207 ; free physical = 20351 ; free virtual = 47214
INFO: [Route 35-61] The design met the timing requirement.
INFO: [Route 35-16] Router Completed Successfully

Time (s): cpu = 00:07:50 ; elapsed = 00:03:04 . Memory (MB): peak = 5860.203 ; gain = 302.207 ; free physical = 20569 ; free virtual = 47432

Routing Is Done.
INFO: [Common 17-83] Releasing license: Implementation
161 Infos, 0 Warnings, 0 Critical Warnings and 0 Errors encountered.
route_design completed successfully
route_design: Time (s): cpu = 00:07:58 ; elapsed = 00:03:08 . Memory (MB): peak = 5860.203 ; gain = 305.176 ; free physical = 20569 ; free virtual = 47432
INFO: [Timing 38-480] Writing timing data to binary archive.
Writing XDEF routing.
Writing XDEF routing logical nets.
Writing XDEF routing special nets.
Write XDEF Complete: Time (s): cpu = 00:00:18 ; elapsed = 00:00:07 . Memory (MB): peak = 5860.203 ; gain = 0.000 ; free physical = 20283 ; free virtual = 47335
report_design_analysis: Time (s): cpu = 00:00:11 ; elapsed = 00:00:05 . Memory (MB): peak = 5868.207 ; gain = 8.004 ; free physical = 20275 ; free virtual = 47327
INFO: [Common 17-1381] The checkpoint '/tmp/finn_qi_int8_sweep/vivado_zynq_proj_j0p0ephx/finn_zynq_link.runs/impl_1/top_wrapper_routed.dcp' has been generated.
write_checkpoint: Time (s): cpu = 00:00:33 ; elapsed = 00:00:17 . Memory (MB): peak = 5868.207 ; gain = 8.004 ; free physical = 20438 ; free virtual = 47361
INFO: [runtcl-4] Executing : report_drc -file top_wrapper_drc_routed.rpt -pb top_wrapper_drc_routed.pb -rpx top_wrapper_drc_routed.rpx
Command: report_drc -file top_wrapper_drc_routed.rpt -pb top_wrapper_drc_routed.pb -rpx top_wrapper_drc_routed.rpx
INFO: [IP_Flow 19-1839] IP Catalog is up to date.
INFO: [DRC 23-27] Running DRC with 8 threads
INFO: [Vivado_Tcl 2-168] The results of DRC are in file /tmp/finn_qi_int8_sweep/vivado_zynq_proj_j0p0ephx/finn_zynq_link.runs/impl_1/top_wrapper_drc_routed.rpt.
report_drc completed successfully
report_drc: Time (s): cpu = 00:00:11 ; elapsed = 00:00:05 . Memory (MB): peak = 5876.211 ; gain = 8.004 ; free physical = 20290 ; free virtual = 47213
INFO: [runtcl-4] Executing : report_methodology -file top_wrapper_methodology_drc_routed.rpt -pb top_wrapper_methodology_drc_routed.pb -rpx top_wrapper_methodology_drc_routed.rpx
Command: report_methodology -file top_wrapper_methodology_drc_routed.rpt -pb top_wrapper_methodology_drc_routed.pb -rpx top_wrapper_methodology_drc_routed.rpx
INFO: [Timing 38-35] Done setting XDC timing constraints.
INFO: [DRC 23-133] Running Methodology with 8 threads
INFO: [Vivado_Tcl 2-1520] The results of Report Methodology are in file /tmp/finn_qi_int8_sweep/vivado_zynq_proj_j0p0ephx/finn_zynq_link.runs/impl_1/top_wrapper_methodology_drc_routed.rpt.
report_methodology completed successfully
report_methodology: Time (s): cpu = 00:00:35 ; elapsed = 00:00:09 . Memory (MB): peak = 5876.211 ; gain = 0.000 ; free physical = 20431 ; free virtual = 47354
INFO: [runtcl-4] Executing : report_power -file top_wrapper_power_routed.rpt -pb top_wrapper_power_summary_routed.pb -rpx top_wrapper_power_routed.rpx
Command: report_power -file top_wrapper_power_routed.rpt -pb top_wrapper_power_summary_routed.pb -rpx top_wrapper_power_routed.rpx
INFO: [Timing 38-35] Done setting XDC timing constraints.
Running Vector-less Activity Propagation...

Finished Running Vector-less Activity Propagation
173 Infos, 0 Warnings, 0 Critical Warnings and 0 Errors encountered.
report_power completed successfully
report_power: Time (s): cpu = 00:00:40 ; elapsed = 00:00:11 . Memory (MB): peak = 5900.223 ; gain = 24.012 ; free physical = 20267 ; free virtual = 47209
INFO: [runtcl-4] Executing : report_route_status -file top_wrapper_route_status.rpt -pb top_wrapper_route_status.pb
INFO: [runtcl-4] Executing : report_timing_summary -max_paths 10 -report_unconstrained -file top_wrapper_timing_summary_routed.rpt -pb top_wrapper_timing_summary_routed.pb -rpx top_wrapper_timing_summary_routed.rpx
INFO: [Timing 38-91] UpdateTimingParams: Speed grade: -1, Temperature grade: E, Delay Type: min_max.
INFO: [Timing 38-191] Multithreading enabled for timing update using a maximum of 8 CPUs
INFO: [runtcl-4] Executing : report_incremental_reuse -file top_wrapper_incremental_reuse_routed.rpt
INFO: [Vivado_Tcl 4-1062] Incremental flow is disabled. No incremental reuse Info to report.
INFO: [runtcl-4] Executing : report_clock_utilization -file top_wrapper_clock_utilization_routed.rpt
INFO: [runtcl-4] Executing : report_bus_skew -warn_on_violation -file top_wrapper_bus_skew_routed.rpt -pb top_wrapper_bus_skew_routed.pb -rpx top_wrapper_bus_skew_routed.rpx
INFO: [Timing 38-91] UpdateTimingParams: Speed grade: -1, Temperature grade: E, Delay Type: min_max.
INFO: [Timing 38-191] Multithreading enabled for timing update using a maximum of 8 CPUs
Command: phys_opt_design -directive AggressiveExplore
Attempting to get a license for feature 'Implementation' and/or device 'xczu3eg'
INFO: [Common 17-349] Got license for feature 'Implementation' and/or device 'xczu3eg'
INFO: [Vivado_Tcl 4-241] Physical synthesis in post route mode ( 100.0% nets are fully routed)
INFO: [Vivado_Tcl 4-137] Directive used for phys_opt_design is: AggressiveExplore

Starting Initial Update Timing Task

Time (s): cpu = 00:00:09 ; elapsed = 00:00:03 . Memory (MB): peak = 5900.223 ; gain = 0.000 ; free physical = 20122 ; free virtual = 47065
INFO: [Vivado_Tcl 4-383] Design worst setup slack (WNS) is greater than or equal to 0.000 ns. Skipping all physical synthesis optimizations.
INFO: [Vivado_Tcl 4-232] No setup violation found. The netlist was not modified.
INFO: [Common 17-83] Releasing license: Implementation
9 Infos, 0 Warnings, 0 Critical Warnings and 0 Errors encountered.
phys_opt_design completed successfully
phys_opt_design: Time (s): cpu = 00:00:12 ; elapsed = 00:00:06 . Memory (MB): peak = 5900.223 ; gain = 0.000 ; free physical = 20122 ; free virtual = 47065
INFO: [Timing 38-480] Writing timing data to binary archive.
Writing XDEF routing.
Writing XDEF routing logical nets.
Writing XDEF routing special nets.
Write XDEF Complete: Time (s): cpu = 00:00:18 ; elapsed = 00:00:08 . Memory (MB): peak = 5900.223 ; gain = 0.000 ; free physical = 19889 ; free virtual = 47021
INFO: [Common 17-1381] The checkpoint '/tmp/finn_qi_int8_sweep/vivado_zynq_proj_j0p0ephx/finn_zynq_link.runs/impl_1/top_wrapper_postroute_physopt.dcp' has been generated.
write_checkpoint: Time (s): cpu = 00:00:23 ; elapsed = 00:00:12 . Memory (MB): peak = 5900.223 ; gain = 0.000 ; free physical = 20072 ; free virtual = 47075
INFO: [runtcl-4] Executing : report_timing_summary -max_paths 10 -report_unconstrained -warn_on_violation -file top_wrapper_timing_summary_postroute_physopted.rpt -pb top_wrapper_timing_summary_postroute_physopted.pb -rpx top_wrapper_timing_summary_postroute_physopted.rpx
INFO: [Timing 38-91] UpdateTimingParams: Speed grade: -1, Temperature grade: E, Delay Type: min_max.
INFO: [Timing 38-191] Multithreading enabled for timing update using a maximum of 8 CPUs
INFO: [runtcl-4] Executing : report_bus_skew -warn_on_violation -file top_wrapper_bus_skew_postroute_physopted.rpt -pb top_wrapper_bus_skew_postroute_physopted.pb -rpx top_wrapper_bus_skew_postroute_physopted.rpx
INFO: [Timing 38-91] UpdateTimingParams: Speed grade: -1, Temperature grade: E, Delay Type: min_max.
INFO: [Timing 38-191] Multithreading enabled for timing update using a maximum of 8 CPUs
INFO: [Memdata 28-167] Found XPM memory block top_i/smartconnect_0/inst/s01_nodes/s01_w_node/inst/inst_mi_handler/gen_normal_area.inst_fifo_node_payld/gen_xpm_memory_fifo.inst_fifo/gen_mem_rep[0].inst_xpm_memory/xpm_memory_base_inst with a P_MEMORY_PRIMITIVE property set to distributed. A value of block is required. You will not be able to use the updatemem program to update the bitstream with new data for the top_i/smartconnect_0/inst/s01_nodes/s01_w_node/inst/inst_mi_handler/gen_normal_area.inst_fifo_node_payld/gen_xpm_memory_fifo.inst_fifo/gen_mem_rep[0].inst_xpm_memory/xpm_memory_base_inst block.
INFO: [Memdata 28-167] Found XPM memory block top_i/smartconnect_0/inst/s01_nodes/s01_w_node/inst/inst_mi_handler/gen_normal_area.gen_fifo_req.inst_fifo_req/gen_xpm_memory_fifo.inst_fifo/gen_mem_rep[0].inst_xpm_memory/xpm_memory_base_inst with a P_MEMORY_PRIMITIVE property set to distributed. A value of block is required. You will not be able to use the updatemem program to update the bitstream with new data for the top_i/smartconnect_0/inst/s01_nodes/s01_w_node/inst/inst_mi_handler/gen_normal_area.gen_fifo_req.inst_fifo_req/gen_xpm_memory_fifo.inst_fifo/gen_mem_rep[0].inst_xpm_memory/xpm_memory_base_inst block.
INFO: [Memdata 28-167] Found XPM memory block top_i/smartconnect_0/inst/s01_nodes/s01_aw_node/inst/inst_mi_handler/gen_normal_area.inst_fifo_node_payld/gen_xpm_memory_fifo.inst_fifo/gen_mem_rep[0].inst_xpm_memory/xpm_memory_base_inst with a P_MEMORY_PRIMITIVE property set to distributed. A value of block is required. You will not be able to use the updatemem program to update the bitstream with new data for the top_i/smartconnect_0/inst/s01_nodes/s01_aw_node/inst/inst_mi_handler/gen_normal_area.inst_fifo_node_payld/gen_xpm_memory_fifo.inst_fifo/gen_mem_rep[0].inst_xpm_memory/xpm_memory_base_inst block.
INFO: [Memdata 28-167] Found XPM memory block top_i/smartconnect_0/inst/s01_nodes/s01_ar_node/inst/inst_mi_handler/gen_normal_area.inst_fifo_node_payld/gen_xpm_memory_fifo.inst_fifo/gen_mem_rep[0].inst_xpm_memory/xpm_memory_base_inst with a P_MEMORY_PRIMITIVE property set to distributed. A value of block is required. You will not be able to use the updatemem program to update the bitstream with new data for the top_i/smartconnect_0/inst/s01_nodes/s01_ar_node/inst/inst_mi_handler/gen_normal_area.inst_fifo_node_payld/gen_xpm_memory_fifo.inst_fifo/gen_mem_rep[0].inst_xpm_memory/xpm_memory_base_inst block.
INFO: [Memdata 28-167] Found XPM memory block top_i/smartconnect_0/inst/s00_nodes/s00_w_node/inst/inst_mi_handler/gen_normal_area.inst_fifo_node_payld/gen_xpm_memory_fifo.inst_fifo/gen_mem_rep[0].inst_xpm_memory/xpm_memory_base_inst with a P_MEMORY_PRIMITIVE property set to distributed. A value of block is required. You will not be able to use the updatemem program to update the bitstream with new data for the top_i/smartconnect_0/inst/s00_nodes/s00_w_node/inst/inst_mi_handler/gen_normal_area.inst_fifo_node_payld/gen_xpm_memory_fifo.inst_fifo/gen_mem_rep[0].inst_xpm_memory/xpm_memory_base_inst block.
INFO: [Memdata 28-167] Found XPM memory block top_i/smartconnect_0/inst/s00_nodes/s00_w_node/inst/inst_mi_handler/gen_normal_area.gen_fifo_req.inst_fifo_req/gen_xpm_memory_fifo.inst_fifo/gen_mem_rep[0].inst_xpm_memory/xpm_memory_base_inst with a P_MEMORY_PRIMITIVE property set to distributed. A value of block is required. You will not be able to use the updatemem program to update the bitstream with new data for the top_i/smartconnect_0/inst/s00_nodes/s00_w_node/inst/inst_mi_handler/gen_normal_area.gen_fifo_req.inst_fifo_req/gen_xpm_memory_fifo.inst_fifo/gen_mem_rep[0].inst_xpm_memory/xpm_memory_base_inst block.
INFO: [Memdata 28-167] Found XPM memory block top_i/smartconnect_0/inst/s00_nodes/s00_r_node/inst/inst_mi_handler/gen_normal_area.inst_fifo_node_payld/gen_xpm_memory_fifo.inst_fifo/gen_mem_rep[0].inst_xpm_memory/xpm_memory_base_inst with a P_MEMORY_PRIMITIVE property set to distributed. A value of block is required. You will not be able to use the updatemem program to update the bitstream with new data for the top_i/smartconnect_0/inst/s00_nodes/s00_r_node/inst/inst_mi_handler/gen_normal_area.inst_fifo_node_payld/gen_xpm_memory_fifo.inst_fifo/gen_mem_rep[0].inst_xpm_memory/xpm_memory_base_inst block.
INFO: [Memdata 28-167] Found XPM memory block top_i/smartconnect_0/inst/s00_nodes/s00_aw_node/inst/inst_mi_handler/gen_normal_area.inst_fifo_node_payld/gen_xpm_memory_fifo.inst_fifo/gen_mem_rep[0].inst_xpm_memory/xpm_memory_base_inst with a P_MEMORY_PRIMITIVE property set to distributed. A value of block is required. You will not be able to use the updatemem program to update the bitstream with new data for the top_i/smartconnect_0/inst/s00_nodes/s00_aw_node/inst/inst_mi_handler/gen_normal_area.inst_fifo_node_payld/gen_xpm_memory_fifo.inst_fifo/gen_mem_rep[0].inst_xpm_memory/xpm_memory_base_inst block.
INFO: [Memdata 28-167] Found XPM memory block top_i/smartconnect_0/inst/s00_nodes/s00_ar_node/inst/inst_mi_handler/gen_normal_area.inst_fifo_node_payld/gen_xpm_memory_fifo.inst_fifo/gen_mem_rep[0].inst_xpm_memory/xpm_memory_base_inst with a P_MEMORY_PRIMITIVE property set to distributed. A value of block is required. You will not be able to use the updatemem program to update the bitstream with new data for the top_i/smartconnect_0/inst/s00_nodes/s00_ar_node/inst/inst_mi_handler/gen_normal_area.inst_fifo_node_payld/gen_xpm_memory_fifo.inst_fifo/gen_mem_rep[0].inst_xpm_memory/xpm_memory_base_inst block.
INFO: [Memdata 28-167] Found XPM memory block top_i/smartconnect_0/inst/m00_nodes/m00_w_node/inst/inst_si_handler/gen_si_handler.gen_request_fifos.gen_req_fifo[1].inst_req_fifo/gen_xpm_memory_fifo.inst_fifo/gen_mem_rep[0].inst_xpm_memory/xpm_memory_base_inst with a P_MEMORY_PRIMITIVE property set to distributed. A value of block is required. You will not be able to use the updatemem program to update the bitstream with new data for the top_i/smartconnect_0/inst/m00_nodes/m00_w_node/inst/inst_si_handler/gen_si_handler.gen_request_fifos.gen_req_fifo[1].inst_req_fifo/gen_xpm_memory_fifo.inst_fifo/gen_mem_rep[0].inst_xpm_memory/xpm_memory_base_inst block.
INFO: [Memdata 28-167] Found XPM memory block top_i/smartconnect_0/inst/m00_nodes/m00_w_node/inst/inst_si_handler/gen_si_handler.gen_request_fifos.gen_req_fifo[0].inst_req_fifo/gen_xpm_memory_fifo.inst_fifo/gen_mem_rep[0].inst_xpm_memory/xpm_memory_base_inst with a P_MEMORY_PRIMITIVE property set to distributed. A value of block is required. You will not be able to use the updatemem program to update the bitstream with new data for the top_i/smartconnect_0/inst/m00_nodes/m00_w_node/inst/inst_si_handler/gen_si_handler.gen_request_fifos.gen_req_fifo[0].inst_req_fifo/gen_xpm_memory_fifo.inst_fifo/gen_mem_rep[0].inst_xpm_memory/xpm_memory_base_inst block.
INFO: [Memdata 28-167] Found XPM memory block top_i/smartconnect_0/inst/m00_nodes/m00_w_node/inst/inst_mi_handler/gen_normal_area.inst_fifo_node_payld/gen_xpm_memory_fifo.inst_fifo/gen_mem_rep[0].inst_xpm_memory/xpm_memory_base_inst with a P_MEMORY_PRIMITIVE property set to distributed. A value of block is required. You will not be able to use the updatemem program to update the bitstream with new data for the top_i/smartconnect_0/inst/m00_nodes/m00_w_node/inst/inst_mi_handler/gen_normal_area.inst_fifo_node_payld/gen_xpm_memory_fifo.inst_fifo/gen_mem_rep[0].inst_xpm_memory/xpm_memory_base_inst block.
INFO: [Memdata 28-167] Found XPM memory block top_i/smartconnect_0/inst/m00_nodes/m00_r_node/inst/inst_mi_handler/gen_normal_area.inst_fifo_node_payld/gen_xpm_memory_fifo.inst_fifo/gen_mem_rep[0].inst_xpm_memory/xpm_memory_base_inst with a P_MEMORY_PRIMITIVE property set to distributed. A value of block is required. You will not be able to use the updatemem program to update the bitstream with new data for the top_i/smartconnect_0/inst/m00_nodes/m00_r_node/inst/inst_mi_handler/gen_normal_area.inst_fifo_node_payld/gen_xpm_memory_fifo.inst_fifo/gen_mem_rep[0].inst_xpm_memory/xpm_memory_base_inst block.
INFO: [Memdata 28-167] Found XPM memory block top_i/smartconnect_0/inst/m00_nodes/m00_r_node/inst/inst_mi_handler/gen_normal_area.gen_fifo_req.inst_fifo_req/gen_xpm_memory_fifo.inst_fifo/gen_mem_rep[0].inst_xpm_memory/xpm_memory_base_inst with a P_MEMORY_PRIMITIVE property set to distributed. A value of block is required. You will not be able to use the updatemem program to update the bitstream with new data for the top_i/smartconnect_0/inst/m00_nodes/m00_r_node/inst/inst_mi_handler/gen_normal_area.gen_fifo_req.inst_fifo_req/gen_xpm_memory_fifo.inst_fifo/gen_mem_rep[0].inst_xpm_memory/xpm_memory_base_inst block.
INFO: [Memdata 28-167] Found XPM memory block top_i/smartconnect_0/inst/m00_nodes/m00_b_node/inst/inst_mi_handler/gen_normal_area.gen_fifo_req.inst_fifo_req/gen_xpm_memory_fifo.inst_fifo/gen_mem_rep[0].inst_xpm_memory/xpm_memory_base_inst with a P_MEMORY_PRIMITIVE property set to distributed. A value of block is required. You will not be able to use the updatemem program to update the bitstream with new data for the top_i/smartconnect_0/inst/m00_nodes/m00_b_node/inst/inst_mi_handler/gen_normal_area.gen_fifo_req.inst_fifo_req/gen_xpm_memory_fifo.inst_fifo/gen_mem_rep[0].inst_xpm_memory/xpm_memory_base_inst block.
INFO: [Memdata 28-167] Found XPM memory block top_i/smartconnect_0/inst/m00_nodes/m00_aw_node/inst/inst_mi_handler/gen_normal_area.inst_fifo_node_payld/gen_xpm_memory_fifo.inst_fifo/gen_mem_rep[0].inst_xpm_memory/xpm_memory_base_inst with a P_MEMORY_PRIMITIVE property set to distributed. A value of block is required. You will not be able to use the updatemem program to update the bitstream with new data for the top_i/smartconnect_0/inst/m00_nodes/m00_aw_node/inst/inst_mi_handler/gen_normal_area.inst_fifo_node_payld/gen_xpm_memory_fifo.inst_fifo/gen_mem_rep[0].inst_xpm_memory/xpm_memory_base_inst block.
INFO: [Memdata 28-167] Found XPM memory block top_i/smartconnect_0/inst/m00_nodes/m00_ar_node/inst/inst_mi_handler/gen_normal_area.inst_fifo_node_payld/gen_xpm_memory_fifo.inst_fifo/gen_mem_rep[0].inst_xpm_memory/xpm_memory_base_inst with a P_MEMORY_PRIMITIVE property set to distributed. A value of block is required. You will not be able to use the updatemem program to update the bitstream with new data for the top_i/smartconnect_0/inst/m00_nodes/m00_ar_node/inst/inst_mi_handler/gen_normal_area.inst_fifo_node_payld/gen_xpm_memory_fifo.inst_fifo/gen_mem_rep[0].inst_xpm_memory/xpm_memory_base_inst block.
INFO: [Memdata 28-208] The XPM instance: <top_i/StreamingDataflowPartition_1/inst/StreamingDataflowPartition_1_StreamingFIFO_rtl_8/fifo/inst/gen_fifo.xpm_fifo_axis_inst/xpm_fifo_base_inst/gen_sdpram.xpm_memory_base_inst> is part of IP: <top_i/StreamingDataflowPartition_1/inst/StreamingDataflowPartition_1_StreamingFIFO_rtl_8/fifo>. This XPM instance will be excluded from the .mmi because updatemem is prohibited from making changes to an XPM that is part of an IP.
INFO: [Memdata 28-208] The XPM instance: <top_i/StreamingDataflowPartition_1/inst/StreamingDataflowPartition_1_StreamingFIFO_rtl_3/fifo/inst/gen_fifo.xpm_fifo_axis_inst/xpm_fifo_base_inst/gen_sdpram.xpm_memory_base_inst> is part of IP: <top_i/StreamingDataflowPartition_1/inst/StreamingDataflowPartition_1_StreamingFIFO_rtl_3/fifo>. This XPM instance will be excluded from the .mmi because updatemem is prohibited from making changes to an XPM that is part of an IP.
INFO: [Memdata 28-208] The XPM instance: <top_i/StreamingDataflowPartition_1/inst/StreamingDataflowPartition_1_StreamingFIFO_rtl_2/fifo/inst/gen_fifo.xpm_fifo_axis_inst/xpm_fifo_base_inst/gen_sdpram.xpm_memory_base_inst> is part of IP: <top_i/StreamingDataflowPartition_1/inst/StreamingDataflowPartition_1_StreamingFIFO_rtl_2/fifo>. This XPM instance will be excluded from the .mmi because updatemem is prohibited from making changes to an XPM that is part of an IP.
INFO: [Memdata 28-208] The XPM instance: <top_i/StreamingDataflowPartition_1/inst/StreamingDataflowPartition_1_StreamingFIFO_rtl_10/fifo/inst/gen_fifo.xpm_fifo_axis_inst/xpm_fifo_base_inst/gen_sdpram.xpm_memory_base_inst> is part of IP: <top_i/StreamingDataflowPartition_1/inst/StreamingDataflowPartition_1_StreamingFIFO_rtl_10/fifo>. This XPM instance will be excluded from the .mmi because updatemem is prohibited from making changes to an XPM that is part of an IP.
INFO: [Memdata 28-208] The XPM instance: <top_i/StreamingDataflowPartition_1/inst/StreamingDataflowPartition_1_StreamingFIFO_rtl_1/fifo/inst/gen_fifo.xpm_fifo_axis_inst/xpm_fifo_base_inst/gen_sdpram.xpm_memory_base_inst> is part of IP: <top_i/StreamingDataflowPartition_1/inst/StreamingDataflowPartition_1_StreamingFIFO_rtl_1/fifo>. This XPM instance will be excluded from the .mmi because updatemem is prohibited from making changes to an XPM that is part of an IP.
Command: write_bitstream -force top_wrapper.bit
Attempting to get a license for feature 'Implementation' and/or device 'xczu3eg'
INFO: [Common 17-349] Got license for feature 'Implementation' and/or device 'xczu3eg'
Running DRC as a precondition to command write_bitstream
INFO: [IP_Flow 19-1839] IP Catalog is up to date.
INFO: [DRC 23-27] Running DRC with 8 threads
WARNING: [DRC DPIP-2] Input pipelining: DSP top_i/StreamingDataflowPartition_1/inst/StreamingDataflowPartition_1_MVAU_hls_0/StreamingDataflowPartition_1_MVAU_hls_0/inst/grp_Matrix_Vector_Activate_Stream_Batch_fu_540/mac_muladd_8s_8s_18s_18_4_1_U3/MVAU_hls_0_mac_muladd_8s_8s_18s_18_4_1_DSP48_0_U/p_reg_reg input top_i/StreamingDataflowPartition_1/inst/StreamingDataflowPartition_1_MVAU_hls_0/StreamingDataflowPartition_1_MVAU_hls_0/inst/grp_Matrix_Vector_Activate_Stream_Batch_fu_540/mac_muladd_8s_8s_18s_18_4_1_U3/MVAU_hls_0_mac_muladd_8s_8s_18s_18_4_1_DSP48_0_U/p_reg_reg/C[47:0] is not pipelined. Pipelining DSP48 input will improve performance.
WARNING: [DRC DPIP-2] Input pipelining: DSP top_i/StreamingDataflowPartition_1/inst/StreamingDataflowPartition_1_MVAU_hls_1/StreamingDataflowPartition_1_MVAU_hls_1/inst/grp_Matrix_Vector_Activate_Stream_Batch_fu_4110/mac_muladd_8ns_8s_16s_17_4_1_U10/MVAU_hls_1_mac_muladd_8ns_8s_16s_17_4_1_DSP48_0_U/p_reg_reg input top_i/StreamingDataflowPartition_1/inst/StreamingDataflowPartition_1_MVAU_hls_1/StreamingDataflowPartition_1_MVAU_hls_1/inst/grp_Matrix_Vector_Activate_Stream_Batch_fu_4110/mac_muladd_8ns_8s_16s_17_4_1_U10/MVAU_hls_1_mac_muladd_8ns_8s_16s_17_4_1_DSP48_0_U/p_reg_reg/C[47:0] is not pipelined. Pipelining DSP48 input will improve performance.
WARNING: [DRC DPIP-2] Input pipelining: DSP top_i/StreamingDataflowPartition_1/inst/StreamingDataflowPartition_1_MVAU_hls_1/StreamingDataflowPartition_1_MVAU_hls_1/inst/grp_Matrix_Vector_Activate_Stream_Batch_fu_4110/mac_muladd_8ns_8s_21s_21_4_1_U18/MVAU_hls_1_mac_muladd_8ns_8s_21s_21_4_1_DSP48_2_U/p_reg_reg input top_i/StreamingDataflowPartition_1/inst/StreamingDataflowPartition_1_MVAU_hls_1/StreamingDataflowPartition_1_MVAU_hls_1/inst/grp_Matrix_Vector_Activate_Stream_Batch_fu_4110/mac_muladd_8ns_8s_21s_21_4_1_U18/MVAU_hls_1_mac_muladd_8ns_8s_21s_21_4_1_DSP48_2_U/p_reg_reg/C[47:0] is not pipelined. Pipelining DSP48 input will improve performance.
WARNING: [DRC DPIP-2] Input pipelining: DSP top_i/StreamingDataflowPartition_1/inst/StreamingDataflowPartition_1_MVAU_hls_1/StreamingDataflowPartition_1_MVAU_hls_1/inst/grp_Matrix_Vector_Activate_Stream_Batch_fu_4110/mac_muladd_8s_8ns_16s_17_4_1_U11/MVAU_hls_1_mac_muladd_8s_8ns_16s_17_4_1_DSP48_1_U/p_reg_reg input top_i/StreamingDataflowPartition_1/inst/StreamingDataflowPartition_1_MVAU_hls_1/StreamingDataflowPartition_1_MVAU_hls_1/inst/grp_Matrix_Vector_Activate_Stream_Batch_fu_4110/mac_muladd_8s_8ns_16s_17_4_1_U11/MVAU_hls_1_mac_muladd_8s_8ns_16s_17_4_1_DSP48_1_U/p_reg_reg/C[47:0] is not pipelined. Pipelining DSP48 input will improve performance.
WARNING: [DRC DPIP-2] Input pipelining: DSP top_i/StreamingDataflowPartition_1/inst/StreamingDataflowPartition_1_MVAU_hls_1/StreamingDataflowPartition_1_MVAU_hls_1/inst/grp_Matrix_Vector_Activate_Stream_Batch_fu_4110/mac_muladd_8s_8ns_16s_17_4_1_U12/MVAU_hls_1_mac_muladd_8s_8ns_16s_17_4_1_DSP48_1_U/p_reg_reg input top_i/StreamingDataflowPartition_1/inst/StreamingDataflowPartition_1_MVAU_hls_1/StreamingDataflowPartition_1_MVAU_hls_1/inst/grp_Matrix_Vector_Activate_Stream_Batch_fu_4110/mac_muladd_8s_8ns_16s_17_4_1_U12/MVAU_hls_1_mac_muladd_8s_8ns_16s_17_4_1_DSP48_1_U/p_reg_reg/C[47:0] is not pipelined. Pipelining DSP48 input will improve performance.
WARNING: [DRC DPIP-2] Input pipelining: DSP top_i/StreamingDataflowPartition_1/inst/StreamingDataflowPartition_1_MVAU_hls_1/StreamingDataflowPartition_1_MVAU_hls_1/inst/grp_Matrix_Vector_Activate_Stream_Batch_fu_4110/mac_muladd_8s_8ns_16s_17_4_1_U13/MVAU_hls_1_mac_muladd_8s_8ns_16s_17_4_1_DSP48_1_U/p_reg_reg input top_i/StreamingDataflowPartition_1/inst/StreamingDataflowPartition_1_MVAU_hls_1/StreamingDataflowPartition_1_MVAU_hls_1/inst/grp_Matrix_Vector_Activate_Stream_Batch_fu_4110/mac_muladd_8s_8ns_16s_17_4_1_U13/MVAU_hls_1_mac_muladd_8s_8ns_16s_17_4_1_DSP48_1_U/p_reg_reg/C[47:0] is not pipelined. Pipelining DSP48 input will improve performance.
WARNING: [DRC DPIP-2] Input pipelining: DSP top_i/StreamingDataflowPartition_1/inst/StreamingDataflowPartition_1_MVAU_hls_1/StreamingDataflowPartition_1_MVAU_hls_1/inst/grp_Matrix_Vector_Activate_Stream_Batch_fu_4110/mac_muladd_8s_8ns_16s_17_4_1_U14/MVAU_hls_1_mac_muladd_8s_8ns_16s_17_4_1_DSP48_1_U/p_reg_reg input top_i/StreamingDataflowPartition_1/inst/StreamingDataflowPartition_1_MVAU_hls_1/StreamingDataflowPartition_1_MVAU_hls_1/inst/grp_Matrix_Vector_Activate_Stream_Batch_fu_4110/mac_muladd_8s_8ns_16s_17_4_1_U14/MVAU_hls_1_mac_muladd_8s_8ns_16s_17_4_1_DSP48_1_U/p_reg_reg/C[47:0] is not pipelined. Pipelining DSP48 input will improve performance.
WARNING: [DRC DPIP-2] Input pipelining: DSP top_i/StreamingDataflowPartition_1/inst/StreamingDataflowPartition_1_MVAU_hls_1/StreamingDataflowPartition_1_MVAU_hls_1/inst/grp_Matrix_Vector_Activate_Stream_Batch_fu_4110/mac_muladd_8s_8ns_16s_17_4_1_U15/MVAU_hls_1_mac_muladd_8s_8ns_16s_17_4_1_DSP48_1_U/p_reg_reg input top_i/StreamingDataflowPartition_1/inst/StreamingDataflowPartition_1_MVAU_hls_1/StreamingDataflowPartition_1_MVAU_hls_1/inst/grp_Matrix_Vector_Activate_Stream_Batch_fu_4110/mac_muladd_8s_8ns_16s_17_4_1_U15/MVAU_hls_1_mac_muladd_8s_8ns_16s_17_4_1_DSP48_1_U/p_reg_reg/C[47:0] is not pipelined. Pipelining DSP48 input will improve performance.
WARNING: [DRC DPIP-2] Input pipelining: DSP top_i/StreamingDataflowPartition_1/inst/StreamingDataflowPartition_1_MVAU_hls_1/StreamingDataflowPartition_1_MVAU_hls_1/inst/grp_Matrix_Vector_Activate_Stream_Batch_fu_4110/mac_muladd_8s_8ns_16s_17_4_1_U16/MVAU_hls_1_mac_muladd_8s_8ns_16s_17_4_1_DSP48_1_U/p_reg_reg input top_i/StreamingDataflowPartition_1/inst/StreamingDataflowPartition_1_MVAU_hls_1/StreamingDataflowPartition_1_MVAU_hls_1/inst/grp_Matrix_Vector_Activate_Stream_Batch_fu_4110/mac_muladd_8s_8ns_16s_17_4_1_U16/MVAU_hls_1_mac_muladd_8s_8ns_16s_17_4_1_DSP48_1_U/p_reg_reg/C[47:0] is not pipelined. Pipelining DSP48 input will improve performance.
WARNING: [DRC DPIP-2] Input pipelining: DSP top_i/StreamingDataflowPartition_1/inst/StreamingDataflowPartition_1_MVAU_hls_1/StreamingDataflowPartition_1_MVAU_hls_1/inst/grp_Matrix_Vector_Activate_Stream_Batch_fu_4110/mac_muladd_8s_8ns_16s_17_4_1_U17/MVAU_hls_1_mac_muladd_8s_8ns_16s_17_4_1_DSP48_1_U/p_reg_reg input top_i/StreamingDataflowPartition_1/inst/StreamingDataflowPartition_1_MVAU_hls_1/StreamingDataflowPartition_1_MVAU_hls_1/inst/grp_Matrix_Vector_Activate_Stream_Batch_fu_4110/mac_muladd_8s_8ns_16s_17_4_1_U17/MVAU_hls_1_mac_muladd_8s_8ns_16s_17_4_1_DSP48_1_U/p_reg_reg/C[47:0] is not pipelined. Pipelining DSP48 input will improve performance.
WARNING: [DRC DPIP-2] Input pipelining: DSP top_i/StreamingDataflowPartition_1/inst/StreamingDataflowPartition_1_MVAU_hls_1/StreamingDataflowPartition_1_MVAU_hls_1/inst/grp_Matrix_Vector_Activate_Stream_Batch_fu_4110/mac_muladd_8s_8ns_21s_21_4_1_U20/MVAU_hls_1_mac_muladd_8s_8ns_21s_21_4_1_DSP48_4_U/p_reg_reg input top_i/StreamingDataflowPartition_1/inst/StreamingDataflowPartition_1_MVAU_hls_1/StreamingDataflowPartition_1_MVAU_hls_1/inst/grp_Matrix_Vector_Activate_Stream_Batch_fu_4110/mac_muladd_8s_8ns_21s_21_4_1_U20/MVAU_hls_1_mac_muladd_8s_8ns_21s_21_4_1_DSP48_4_U/p_reg_reg/C[47:0] is not pipelined. Pipelining DSP48 input will improve performance.
WARNING: [DRC DPIP-2] Input pipelining: DSP top_i/StreamingDataflowPartition_1/inst/StreamingDataflowPartition_1_MVAU_hls_1/StreamingDataflowPartition_1_MVAU_hls_1/inst/grp_Matrix_Vector_Activate_Stream_Batch_fu_4110/mac_muladd_8s_8ns_21s_21_4_1_U22/MVAU_hls_1_mac_muladd_8s_8ns_21s_21_4_1_DSP48_4_U/p_reg_reg input top_i/StreamingDataflowPartition_1/inst/StreamingDataflowPartition_1_MVAU_hls_1/StreamingDataflowPartition_1_MVAU_hls_1/inst/grp_Matrix_Vector_Activate_Stream_Batch_fu_4110/mac_muladd_8s_8ns_21s_21_4_1_U22/MVAU_hls_1_mac_muladd_8s_8ns_21s_21_4_1_DSP48_4_U/p_reg_reg/C[47:0] is not pipelined. Pipelining DSP48 input will improve performance.
WARNING: [DRC DPIP-2] Input pipelining: DSP top_i/StreamingDataflowPartition_1/inst/StreamingDataflowPartition_1_MVAU_hls_1/StreamingDataflowPartition_1_MVAU_hls_1/inst/grp_Matrix_Vector_Activate_Stream_Batch_fu_4110/mac_muladd_8s_8ns_21s_21_4_1_U24/MVAU_hls_1_mac_muladd_8s_8ns_21s_21_4_1_DSP48_4_U/p_reg_reg input top_i/StreamingDataflowPartition_1/inst/StreamingDataflowPartition_1_MVAU_hls_1/StreamingDataflowPartition_1_MVAU_hls_1/inst/grp_Matrix_Vector_Activate_Stream_Batch_fu_4110/mac_muladd_8s_8ns_21s_21_4_1_U24/MVAU_hls_1_mac_muladd_8s_8ns_21s_21_4_1_DSP48_4_U/p_reg_reg/C[47:0] is not pipelined. Pipelining DSP48 input will improve performance.
WARNING: [DRC DPIP-2] Input pipelining: DSP top_i/StreamingDataflowPartition_1/inst/StreamingDataflowPartition_1_MVAU_hls_1/StreamingDataflowPartition_1_MVAU_hls_1/inst/grp_Matrix_Vector_Activate_Stream_Batch_fu_4110/mac_muladd_8s_8ns_21s_21_4_1_U26/MVAU_hls_1_mac_muladd_8s_8ns_21s_21_4_1_DSP48_4_U/p_reg_reg input top_i/StreamingDataflowPartition_1/inst/StreamingDataflowPartition_1_MVAU_hls_1/StreamingDataflowPartition_1_MVAU_hls_1/inst/grp_Matrix_Vector_Activate_Stream_Batch_fu_4110/mac_muladd_8s_8ns_21s_21_4_1_U26/MVAU_hls_1_mac_muladd_8s_8ns_21s_21_4_1_DSP48_4_U/p_reg_reg/C[47:0] is not pipelined. Pipelining DSP48 input will improve performance.
WARNING: [DRC DPIP-2] Input pipelining: DSP top_i/StreamingDataflowPartition_1/inst/StreamingDataflowPartition_1_MVAU_hls_1/StreamingDataflowPartition_1_MVAU_hls_1/inst/grp_Matrix_Vector_Activate_Stream_Batch_fu_4110/mac_muladd_8s_8ns_21s_21_4_1_U28/MVAU_hls_1_mac_muladd_8s_8ns_21s_21_4_1_DSP48_4_U/p_reg_reg input top_i/StreamingDataflowPartition_1/inst/StreamingDataflowPartition_1_MVAU_hls_1/StreamingDataflowPartition_1_MVAU_hls_1/inst/grp_Matrix_Vector_Activate_Stream_Batch_fu_4110/mac_muladd_8s_8ns_21s_21_4_1_U28/MVAU_hls_1_mac_muladd_8s_8ns_21s_21_4_1_DSP48_4_U/p_reg_reg/C[47:0] is not pipelined. Pipelining DSP48 input will improve performance.
WARNING: [DRC DPIP-2] Input pipelining: DSP top_i/StreamingDataflowPartition_1/inst/StreamingDataflowPartition_1_MVAU_hls_1/StreamingDataflowPartition_1_MVAU_hls_1/inst/grp_Matrix_Vector_Activate_Stream_Batch_fu_4110/mac_muladd_8s_8ns_21s_21_4_1_U30/MVAU_hls_1_mac_muladd_8s_8ns_21s_21_4_1_DSP48_4_U/p_reg_reg input top_i/StreamingDataflowPartition_1/inst/StreamingDataflowPartition_1_MVAU_hls_1/StreamingDataflowPartition_1_MVAU_hls_1/inst/grp_Matrix_Vector_Activate_Stream_Batch_fu_4110/mac_muladd_8s_8ns_21s_21_4_1_U30/MVAU_hls_1_mac_muladd_8s_8ns_21s_21_4_1_DSP48_4_U/p_reg_reg/C[47:0] is not pipelined. Pipelining DSP48 input will improve performance.
WARNING: [DRC DPIP-2] Input pipelining: DSP top_i/StreamingDataflowPartition_1/inst/StreamingDataflowPartition_1_MVAU_hls_1/StreamingDataflowPartition_1_MVAU_hls_1/inst/grp_Matrix_Vector_Activate_Stream_Batch_fu_4110/mac_muladd_8s_8ns_21s_21_4_1_U32/MVAU_hls_1_mac_muladd_8s_8ns_21s_21_4_1_DSP48_4_U/p_reg_reg input top_i/StreamingDataflowPartition_1/inst/StreamingDataflowPartition_1_MVAU_hls_1/StreamingDataflowPartition_1_MVAU_hls_1/inst/grp_Matrix_Vector_Activate_Stream_Batch_fu_4110/mac_muladd_8s_8ns_21s_21_4_1_U32/MVAU_hls_1_mac_muladd_8s_8ns_21s_21_4_1_DSP48_4_U/p_reg_reg/C[47:0] is not pipelined. Pipelining DSP48 input will improve performance.
WARNING: [DRC DPOP-3] PREG Output pipelining: DSP top_i/StreamingDataflowPartition_1/inst/StreamingDataflowPartition_1_MVAU_hls_1/StreamingDataflowPartition_1_MVAU_hls_1/inst/grp_Matrix_Vector_Activate_Stream_Batch_fu_4110/mul_8ns_8s_16_1_1_U2/dout output top_i/StreamingDataflowPartition_1/inst/StreamingDataflowPartition_1_MVAU_hls_1/StreamingDataflowPartition_1_MVAU_hls_1/inst/grp_Matrix_Vector_Activate_Stream_Batch_fu_4110/mul_8ns_8s_16_1_1_U2/dout/P[47:0] is not pipelined (PREG=0). Pipelining the DSP48 output will improve performance and often saves power so it is suggested whenever possible to fully pipeline this function.  If this DSP48 function was inferred, it is suggested to describe an additional register stage after this function.  If the DSP48 was instantiated in the design, it is suggested to set the PREG attribute to 1.
WARNING: [DRC DPOP-3] PREG Output pipelining: DSP top_i/StreamingDataflowPartition_1/inst/StreamingDataflowPartition_1_MVAU_hls_1/StreamingDataflowPartition_1_MVAU_hls_1/inst/grp_Matrix_Vector_Activate_Stream_Batch_fu_4110/mul_8s_8ns_16_1_1_U3/dout output top_i/StreamingDataflowPartition_1/inst/StreamingDataflowPartition_1_MVAU_hls_1/StreamingDataflowPartition_1_MVAU_hls_1/inst/grp_Matrix_Vector_Activate_Stream_Batch_fu_4110/mul_8s_8ns_16_1_1_U3/dout/P[47:0] is not pipelined (PREG=0). Pipelining the DSP48 output will improve performance and often saves power so it is suggested whenever possible to fully pipeline this function.  If this DSP48 function was inferred, it is suggested to describe an additional register stage after this function.  If the DSP48 was instantiated in the design, it is suggested to set the PREG attribute to 1.
WARNING: [DRC DPOP-3] PREG Output pipelining: DSP top_i/StreamingDataflowPartition_1/inst/StreamingDataflowPartition_1_MVAU_hls_1/StreamingDataflowPartition_1_MVAU_hls_1/inst/grp_Matrix_Vector_Activate_Stream_Batch_fu_4110/mul_8s_8ns_16_1_1_U4/dout output top_i/StreamingDataflowPartition_1/inst/StreamingDataflowPartition_1_MVAU_hls_1/StreamingDataflowPartition_1_MVAU_hls_1/inst/grp_Matrix_Vector_Activate_Stream_Batch_fu_4110/mul_8s_8ns_16_1_1_U4/dout/P[47:0] is not pipelined (PREG=0). Pipelining the DSP48 output will improve performance and often saves power so it is suggested whenever possible to fully pipeline this function.  If this DSP48 function was inferred, it is suggested to describe an additional register stage after this function.  If the DSP48 was instantiated in the design, it is suggested to set the PREG attribute to 1.
WARNING: [DRC DPOP-3] PREG Output pipelining: DSP top_i/StreamingDataflowPartition_1/inst/StreamingDataflowPartition_1_MVAU_hls_1/StreamingDataflowPartition_1_MVAU_hls_1/inst/grp_Matrix_Vector_Activate_Stream_Batch_fu_4110/mul_8s_8ns_16_1_1_U5/dout output top_i/StreamingDataflowPartition_1/inst/StreamingDataflowPartition_1_MVAU_hls_1/StreamingDataflowPartition_1_MVAU_hls_1/inst/grp_Matrix_Vector_Activate_Stream_Batch_fu_4110/mul_8s_8ns_16_1_1_U5/dout/P[47:0] is not pipelined (PREG=0). Pipelining the DSP48 output will improve performance and often saves power so it is suggested whenever possible to fully pipeline this function.  If this DSP48 function was inferred, it is suggested to describe an additional register stage after this function.  If the DSP48 was instantiated in the design, it is suggested to set the PREG attribute to 1.
WARNING: [DRC DPOP-3] PREG Output pipelining: DSP top_i/StreamingDataflowPartition_1/inst/StreamingDataflowPartition_1_MVAU_hls_1/StreamingDataflowPartition_1_MVAU_hls_1/inst/grp_Matrix_Vector_Activate_Stream_Batch_fu_4110/mul_8s_8ns_16_1_1_U6/dout output top_i/StreamingDataflowPartition_1/inst/StreamingDataflowPartition_1_MVAU_hls_1/StreamingDataflowPartition_1_MVAU_hls_1/inst/grp_Matrix_Vector_Activate_Stream_Batch_fu_4110/mul_8s_8ns_16_1_1_U6/dout/P[47:0] is not pipelined (PREG=0). Pipelining the DSP48 output will improve performance and often saves power so it is suggested whenever possible to fully pipeline this function.  If this DSP48 function was inferred, it is suggested to describe an additional register stage after this function.  If the DSP48 was instantiated in the design, it is suggested to set the PREG attribute to 1.
WARNING: [DRC DPOP-3] PREG Output pipelining: DSP top_i/StreamingDataflowPartition_1/inst/StreamingDataflowPartition_1_MVAU_hls_1/StreamingDataflowPartition_1_MVAU_hls_1/inst/grp_Matrix_Vector_Activate_Stream_Batch_fu_4110/mul_8s_8ns_16_1_1_U7/dout output top_i/StreamingDataflowPartition_1/inst/StreamingDataflowPartition_1_MVAU_hls_1/StreamingDataflowPartition_1_MVAU_hls_1/inst/grp_Matrix_Vector_Activate_Stream_Batch_fu_4110/mul_8s_8ns_16_1_1_U7/dout/P[47:0] is not pipelined (PREG=0). Pipelining the DSP48 output will improve performance and often saves power so it is suggested whenever possible to fully pipeline this function.  If this DSP48 function was inferred, it is suggested to describe an additional register stage after this function.  If the DSP48 was instantiated in the design, it is suggested to set the PREG attribute to 1.
WARNING: [DRC DPOP-3] PREG Output pipelining: DSP top_i/StreamingDataflowPartition_1/inst/StreamingDataflowPartition_1_MVAU_hls_1/StreamingDataflowPartition_1_MVAU_hls_1/inst/grp_Matrix_Vector_Activate_Stream_Batch_fu_4110/mul_8s_8ns_16_1_1_U8/dout output top_i/StreamingDataflowPartition_1/inst/StreamingDataflowPartition_1_MVAU_hls_1/StreamingDataflowPartition_1_MVAU_hls_1/inst/grp_Matrix_Vector_Activate_Stream_Batch_fu_4110/mul_8s_8ns_16_1_1_U8/dout/P[47:0] is not pipelined (PREG=0). Pipelining the DSP48 output will improve performance and often saves power so it is suggested whenever possible to fully pipeline this function.  If this DSP48 function was inferred, it is suggested to describe an additional register stage after this function.  If the DSP48 was instantiated in the design, it is suggested to set the PREG attribute to 1.
WARNING: [DRC DPOP-3] PREG Output pipelining: DSP top_i/StreamingDataflowPartition_1/inst/StreamingDataflowPartition_1_MVAU_hls_1/StreamingDataflowPartition_1_MVAU_hls_1/inst/grp_Matrix_Vector_Activate_Stream_Batch_fu_4110/mul_8s_8ns_16_1_1_U9/dout output top_i/StreamingDataflowPartition_1/inst/StreamingDataflowPartition_1_MVAU_hls_1/StreamingDataflowPartition_1_MVAU_hls_1/inst/grp_Matrix_Vector_Activate_Stream_Batch_fu_4110/mul_8s_8ns_16_1_1_U9/dout/P[47:0] is not pipelined (PREG=0). Pipelining the DSP48 output will improve performance and often saves power so it is suggested whenever possible to fully pipeline this function.  If this DSP48 function was inferred, it is suggested to describe an additional register stage after this function.  If the DSP48 was instantiated in the design, it is suggested to set the PREG attribute to 1.
WARNING: [DRC DPOP-4] MREG Output pipelining: DSP top_i/StreamingDataflowPartition_1/inst/StreamingDataflowPartition_1_MVAU_hls_0/StreamingDataflowPartition_1_MVAU_hls_0/inst/grp_Matrix_Vector_Activate_Stream_Batch_fu_540/mac_muladd_8s_8s_16s_17_4_1_U4/MVAU_hls_0_mac_muladd_8s_8s_16s_17_4_1_DSP48_1_U/p_reg_reg multiplier stage top_i/StreamingDataflowPartition_1/inst/StreamingDataflowPartition_1_MVAU_hls_0/StreamingDataflowPartition_1_MVAU_hls_0/inst/grp_Matrix_Vector_Activate_Stream_Batch_fu_540/mac_muladd_8s_8s_16s_17_4_1_U4/MVAU_hls_0_mac_muladd_8s_8s_16s_17_4_1_DSP48_1_U/p_reg_reg/P[47:0] is not pipelined (MREG=0). Pipelining the multiplier function will improve performance and will save significant power so it is suggested whenever possible to fully pipeline this function.  If this multiplier was inferred, it is suggested to describe an additional register stage after this function.  If there is no registered adder/accumulator following the multiply function, two pipeline stages are suggested to allow both the MREG and PREG registers to be used.  If the DSP48 was instantiated in the design, it is suggested to set both the MREG and PREG attributes to 1 when performing multiply functions.
WARNING: [DRC DPOP-4] MREG Output pipelining: DSP top_i/StreamingDataflowPartition_1/inst/StreamingDataflowPartition_1_MVAU_hls_1/StreamingDataflowPartition_1_MVAU_hls_1/inst/grp_Matrix_Vector_Activate_Stream_Batch_fu_4110/mul_8ns_8s_16_1_1_U2/dout multiplier stage top_i/StreamingDataflowPartition_1/inst/StreamingDataflowPartition_1_MVAU_hls_1/StreamingDataflowPartition_1_MVAU_hls_1/inst/grp_Matrix_Vector_Activate_Stream_Batch_fu_4110/mul_8ns_8s_16_1_1_U2/dout/P[47:0] is not pipelined (MREG=0). Pipelining the multiplier function will improve performance and will save significant power so it is suggested whenever possible to fully pipeline this function.  If this multiplier was inferred, it is suggested to describe an additional register stage after this function.  If there is no registered adder/accumulator following the multiply function, two pipeline stages are suggested to allow both the MREG and PREG registers to be used.  If the DSP48 was instantiated in the design, it is suggested to set both the MREG and PREG attributes to 1 when performing multiply functions.
WARNING: [DRC DPOP-4] MREG Output pipelining: DSP top_i/StreamingDataflowPartition_1/inst/StreamingDataflowPartition_1_MVAU_hls_1/StreamingDataflowPartition_1_MVAU_hls_1/inst/grp_Matrix_Vector_Activate_Stream_Batch_fu_4110/mul_8s_8ns_16_1_1_U3/dout multiplier stage top_i/StreamingDataflowPartition_1/inst/StreamingDataflowPartition_1_MVAU_hls_1/StreamingDataflowPartition_1_MVAU_hls_1/inst/grp_Matrix_Vector_Activate_Stream_Batch_fu_4110/mul_8s_8ns_16_1_1_U3/dout/P[47:0] is not pipelined (MREG=0). Pipelining the multiplier function will improve performance and will save significant power so it is suggested whenever possible to fully pipeline this function.  If this multiplier was inferred, it is suggested to describe an additional register stage after this function.  If there is no registered adder/accumulator following the multiply function, two pipeline stages are suggested to allow both the MREG and PREG registers to be used.  If the DSP48 was instantiated in the design, it is suggested to set both the MREG and PREG attributes to 1 when performing multiply functions.
WARNING: [DRC DPOP-4] MREG Output pipelining: DSP top_i/StreamingDataflowPartition_1/inst/StreamingDataflowPartition_1_MVAU_hls_1/StreamingDataflowPartition_1_MVAU_hls_1/inst/grp_Matrix_Vector_Activate_Stream_Batch_fu_4110/mul_8s_8ns_16_1_1_U4/dout multiplier stage top_i/StreamingDataflowPartition_1/inst/StreamingDataflowPartition_1_MVAU_hls_1/StreamingDataflowPartition_1_MVAU_hls_1/inst/grp_Matrix_Vector_Activate_Stream_Batch_fu_4110/mul_8s_8ns_16_1_1_U4/dout/P[47:0] is not pipelined (MREG=0). Pipelining the multiplier function will improve performance and will save significant power so it is suggested whenever possible to fully pipeline this function.  If this multiplier was inferred, it is suggested to describe an additional register stage after this function.  If there is no registered adder/accumulator following the multiply function, two pipeline stages are suggested to allow both the MREG and PREG registers to be used.  If the DSP48 was instantiated in the design, it is suggested to set both the MREG and PREG attributes to 1 when performing multiply functions.
WARNING: [DRC DPOP-4] MREG Output pipelining: DSP top_i/StreamingDataflowPartition_1/inst/StreamingDataflowPartition_1_MVAU_hls_1/StreamingDataflowPartition_1_MVAU_hls_1/inst/grp_Matrix_Vector_Activate_Stream_Batch_fu_4110/mul_8s_8ns_16_1_1_U5/dout multiplier stage top_i/StreamingDataflowPartition_1/inst/StreamingDataflowPartition_1_MVAU_hls_1/StreamingDataflowPartition_1_MVAU_hls_1/inst/grp_Matrix_Vector_Activate_Stream_Batch_fu_4110/mul_8s_8ns_16_1_1_U5/dout/P[47:0] is not pipelined (MREG=0). Pipelining the multiplier function will improve performance and will save significant power so it is suggested whenever possible to fully pipeline this function.  If this multiplier was inferred, it is suggested to describe an additional register stage after this function.  If there is no registered adder/accumulator following the multiply function, two pipeline stages are suggested to allow both the MREG and PREG registers to be used.  If the DSP48 was instantiated in the design, it is suggested to set both the MREG and PREG attributes to 1 when performing multiply functions.
WARNING: [DRC DPOP-4] MREG Output pipelining: DSP top_i/StreamingDataflowPartition_1/inst/StreamingDataflowPartition_1_MVAU_hls_1/StreamingDataflowPartition_1_MVAU_hls_1/inst/grp_Matrix_Vector_Activate_Stream_Batch_fu_4110/mul_8s_8ns_16_1_1_U6/dout multiplier stage top_i/StreamingDataflowPartition_1/inst/StreamingDataflowPartition_1_MVAU_hls_1/StreamingDataflowPartition_1_MVAU_hls_1/inst/grp_Matrix_Vector_Activate_Stream_Batch_fu_4110/mul_8s_8ns_16_1_1_U6/dout/P[47:0] is not pipelined (MREG=0). Pipelining the multiplier function will improve performance and will save significant power so it is suggested whenever possible to fully pipeline this function.  If this multiplier was inferred, it is suggested to describe an additional register stage after this function.  If there is no registered adder/accumulator following the multiply function, two pipeline stages are suggested to allow both the MREG and PREG registers to be used.  If the DSP48 was instantiated in the design, it is suggested to set both the MREG and PREG attributes to 1 when performing multiply functions.
WARNING: [DRC DPOP-4] MREG Output pipelining: DSP top_i/StreamingDataflowPartition_1/inst/StreamingDataflowPartition_1_MVAU_hls_1/StreamingDataflowPartition_1_MVAU_hls_1/inst/grp_Matrix_Vector_Activate_Stream_Batch_fu_4110/mul_8s_8ns_16_1_1_U7/dout multiplier stage top_i/StreamingDataflowPartition_1/inst/StreamingDataflowPartition_1_MVAU_hls_1/StreamingDataflowPartition_1_MVAU_hls_1/inst/grp_Matrix_Vector_Activate_Stream_Batch_fu_4110/mul_8s_8ns_16_1_1_U7/dout/P[47:0] is not pipelined (MREG=0). Pipelining the multiplier function will improve performance and will save significant power so it is suggested whenever possible to fully pipeline this function.  If this multiplier was inferred, it is suggested to describe an additional register stage after this function.  If there is no registered adder/accumulator following the multiply function, two pipeline stages are suggested to allow both the MREG and PREG registers to be used.  If the DSP48 was instantiated in the design, it is suggested to set both the MREG and PREG attributes to 1 when performing multiply functions.
WARNING: [DRC DPOP-4] MREG Output pipelining: DSP top_i/StreamingDataflowPartition_1/inst/StreamingDataflowPartition_1_MVAU_hls_1/StreamingDataflowPartition_1_MVAU_hls_1/inst/grp_Matrix_Vector_Activate_Stream_Batch_fu_4110/mul_8s_8ns_16_1_1_U8/dout multiplier stage top_i/StreamingDataflowPartition_1/inst/StreamingDataflowPartition_1_MVAU_hls_1/StreamingDataflowPartition_1_MVAU_hls_1/inst/grp_Matrix_Vector_Activate_Stream_Batch_fu_4110/mul_8s_8ns_16_1_1_U8/dout/P[47:0] is not pipelined (MREG=0). Pipelining the multiplier function will improve performance and will save significant power so it is suggested whenever possible to fully pipeline this function.  If this multiplier was inferred, it is suggested to describe an additional register stage after this function.  If there is no registered adder/accumulator following the multiply function, two pipeline stages are suggested to allow both the MREG and PREG registers to be used.  If the DSP48 was instantiated in the design, it is suggested to set both the MREG and PREG attributes to 1 when performing multiply functions.
WARNING: [DRC DPOP-4] MREG Output pipelining: DSP top_i/StreamingDataflowPartition_1/inst/StreamingDataflowPartition_1_MVAU_hls_1/StreamingDataflowPartition_1_MVAU_hls_1/inst/grp_Matrix_Vector_Activate_Stream_Batch_fu_4110/mul_8s_8ns_16_1_1_U9/dout multiplier stage top_i/StreamingDataflowPartition_1/inst/StreamingDataflowPartition_1_MVAU_hls_1/StreamingDataflowPartition_1_MVAU_hls_1/inst/grp_Matrix_Vector_Activate_Stream_Batch_fu_4110/mul_8s_8ns_16_1_1_U9/dout/P[47:0] is not pipelined (MREG=0). Pipelining the multiplier function will improve performance and will save significant power so it is suggested whenever possible to fully pipeline this function.  If this multiplier was inferred, it is suggested to describe an additional register stage after this function.  If there is no registered adder/accumulator following the multiply function, two pipeline stages are suggested to allow both the MREG and PREG registers to be used.  If the DSP48 was instantiated in the design, it is suggested to set both the MREG and PREG attributes to 1 when performing multiply functions.
WARNING: [DRC PDCN-1569] LUT equation term check: Used physical LUT pin 'A1' of cell top_i/axi_interconnect_0/s00_couplers/auto_ds/inst/gen_downsizer.gen_simple_downsizer.axi_downsizer_inst/USE_WRITE.write_addr_inst/USE_B_CHANNEL.cmd_b_queue/inst/fifo_gen_inst/inst_fifo_gen/gconvfifo.rf/grf.rf/gntv_or_sync_fifo.gl0.rd/gr1.gr1_int.rfwft/gpregsm1.user_valid_i_1 (pin top_i/axi_interconnect_0/s00_couplers/auto_ds/inst/gen_downsizer.gen_simple_downsizer.axi_downsizer_inst/USE_WRITE.write_addr_inst/USE_B_CHANNEL.cmd_b_queue/inst/fifo_gen_inst/inst_fifo_gen/gconvfifo.rf/grf.rf/gntv_or_sync_fifo.gl0.rd/gr1.gr1_int.rfwft/gpregsm1.user_valid_i_1/I1) is not included in the LUT equation: 'O5=(A2)+((~A2)*(~A5)*A4)'. If this cell is a user instantiated LUT in the design, please remove connectivity to the pin or change the equation and/or INIT string of the LUT to prevent this issue. If the cell is inferred or IP created LUT, please regenerate the IP and/or resynthesize the design to attempt to correct the issue.
WARNING: [DRC PDCN-1569] LUT equation term check: Used physical LUT pin 'A4' of cell top_i/axi_interconnect_0/s00_couplers/auto_ds/inst/gen_downsizer.gen_simple_downsizer.axi_downsizer_inst/USE_WRITE.write_addr_inst/cmd_queue/inst/fifo_gen_inst/inst_fifo_gen/gconvfifo.rf/grf.rf/gntv_or_sync_fifo.gl0.rd/gr1.gr1_int.rfwft/gpregsm1.user_valid_i_1 (pin top_i/axi_interconnect_0/s00_couplers/auto_ds/inst/gen_downsizer.gen_simple_downsizer.axi_downsizer_inst/USE_WRITE.write_addr_inst/cmd_queue/inst/fifo_gen_inst/inst_fifo_gen/gconvfifo.rf/grf.rf/gntv_or_sync_fifo.gl0.rd/gr1.gr1_int.rfwft/gpregsm1.user_valid_i_1/I1) is not included in the LUT equation: 'O5=(A1)+((~A1)*(~A2)*A3)'. If this cell is a user instantiated LUT in the design, please remove connectivity to the pin or change the equation and/or INIT string of the LUT to prevent this issue. If the cell is inferred or IP created LUT, please regenerate the IP and/or resynthesize the design to attempt to correct the issue.
WARNING: [DRC PDCN-1569] LUT equation term check: Used physical LUT pin 'A5' of cell top_i/axi_interconnect_0/s00_couplers/auto_ds/inst/gen_downsizer.gen_simple_downsizer.axi_downsizer_inst/USE_READ.read_addr_inst/cmd_queue/inst/fifo_gen_inst/inst_fifo_gen/gconvfifo.rf/grf.rf/gntv_or_sync_fifo.gl0.rd/gr1.gr1_int.rfwft/gpregsm1.user_valid_i_1 (pin top_i/axi_interconnect_0/s00_couplers/auto_ds/inst/gen_downsizer.gen_simple_downsizer.axi_downsizer_inst/USE_READ.read_addr_inst/cmd_queue/inst/fifo_gen_inst/inst_fifo_gen/gconvfifo.rf/grf.rf/gntv_or_sync_fifo.gl0.rd/gr1.gr1_int.rfwft/gpregsm1.user_valid_i_1/I1) is not included in the LUT equation: 'O5=(A1)+((~A1)*(~A4)*A3)'. If this cell is a user instantiated LUT in the design, please remove connectivity to the pin or change the equation and/or INIT string of the LUT to prevent this issue. If the cell is inferred or IP created LUT, please regenerate the IP and/or resynthesize the design to attempt to correct the issue.
WARNING: [DRC RTSTAT-10] No routable loads: 33 net(s) have no routable loads. The problem bus(es) and/or net(s) are top_i/axi_interconnect_0/s00_couplers/auto_ds/inst/gen_downsizer.gen_simple_downsizer.axi_downsizer_inst/USE_READ.read_addr_inst/cmd_queue/inst/fifo_gen_inst/inst_fifo_gen/gconvfifo.rf/grf.rf/gntv_or_sync_fifo.gl0.rd/gr1.gr1_int.rfwft/aempty_fwft_i, top_i/axi_interconnect_0/s00_couplers/auto_ds/inst/gen_downsizer.gen_simple_downsizer.axi_downsizer_inst/USE_WRITE.write_addr_inst/cmd_queue/inst/fifo_gen_inst/inst_fifo_gen/gconvfifo.rf/grf.rf/gntv_or_sync_fifo.gl0.rd/gr1.gr1_int.rfwft/aempty_fwft_i, top_i/axi_interconnect_0/s00_couplers/auto_ds/inst/gen_downsizer.gen_simple_downsizer.axi_downsizer_inst/USE_WRITE.write_addr_inst/USE_B_CHANNEL.cmd_b_queue/inst/fifo_gen_inst/inst_fifo_gen/gconvfifo.rf/grf.rf/gntv_or_sync_fifo.gl0.rd/gr1.gr1_int.rfwft/aempty_fwft_i, top_i/axi_interconnect_0/s00_couplers/auto_ds/inst/gen_downsizer.gen_simple_downsizer.axi_downsizer_inst/USE_WRITE.write_addr_inst/USE_B_CHANNEL.cmd_b_queue/inst/fifo_gen_inst/inst_fifo_gen/gconvfifo.rf/grf.rf/rstblk/ngwrdrst.grst.rd_rst_reg[2:0], top_i/axi_interconnect_0/s00_couplers/auto_ds/inst/gen_downsizer.gen_simple_downsizer.axi_downsizer_inst/USE_READ.read_addr_inst/cmd_queue/inst/fifo_gen_inst/inst_fifo_gen/gconvfifo.rf/grf.rf/rstblk/ngwrdrst.grst.rd_rst_reg[2:0], top_i/axi_interconnect_0/s00_couplers/auto_ds/inst/gen_downsizer.gen_simple_downsizer.axi_downsizer_inst/USE_WRITE.write_addr_inst/cmd_queue/inst/fifo_gen_inst/inst_fifo_gen/gconvfifo.rf/grf.rf/rstblk/ngwrdrst.grst.rd_rst_reg[2:0], top_i/axi_interconnect_0/s00_couplers/auto_ds/inst/gen_downsizer.gen_simple_downsizer.axi_downsizer_inst/USE_WRITE.write_addr_inst/USE_B_CHANNEL.cmd_b_queue/inst/fifo_gen_inst/inst_fifo_gen/gconvfifo.rf/grf.rf/rstblk/ngwrdrst.grst.wr_rst_reg[2:0], top_i/axi_interconnect_0/s00_couplers/auto_ds/inst/gen_downsizer.gen_simple_downsizer.axi_downsizer_inst/USE_READ.read_addr_inst/cmd_queue/inst/fifo_gen_inst/inst_fifo_gen/gconvfifo.rf/grf.rf/rstblk/ngwrdrst.grst.wr_rst_reg[2:0], top_i/axi_interconnect_0/s00_couplers/auto_ds/inst/gen_downsizer.gen_simple_downsizer.axi_downsizer_inst/USE_WRITE.write_addr_inst/cmd_queue/inst/fifo_gen_inst/inst_fifo_gen/gconvfifo.rf/grf.rf/rstblk/ngwrdrst.grst.wr_rst_reg[2:0], top_i/axi_interconnect_0/s00_couplers/auto_ds/inst/gen_downsizer.gen_simple_downsizer.axi_downsizer_inst/USE_WRITE.write_addr_inst/cmd_queue/inst/fifo_gen_inst/inst_fifo_gen/gconvfifo.rf/grf.rf/gntv_or_sync_fifo.gl0.wr/gwss.wsts/ram_afull_fb, top_i/axi_interconnect_0/s00_couplers/auto_ds/inst/gen_downsizer.gen_simple_downsizer.axi_downsizer_inst/USE_READ.read_addr_inst/cmd_queue/inst/fifo_gen_inst/inst_fifo_gen/gconvfifo.rf/grf.rf/gntv_or_sync_fifo.gl0.wr/gwss.wsts/ram_afull_fb, top_i/axi_interconnect_0/s00_couplers/auto_ds/inst/gen_downsizer.gen_simple_downsizer.axi_downsizer_inst/USE_WRITE.write_addr_inst/USE_B_CHANNEL.cmd_b_queue/inst/fifo_gen_inst/inst_fifo_gen/gconvfifo.rf/grf.rf/gntv_or_sync_fifo.gl0.wr/gwss.wsts/ram_afull_fb, top_i/axi_interconnect_0/s00_couplers/auto_ds/inst/gen_downsizer.gen_simple_downsizer.axi_downsizer_inst/USE_WRITE.write_addr_inst/cmd_queue/inst/fifo_gen_inst/inst_fifo_gen/gconvfifo.rf/grf.rf/gntv_or_sync_fifo.gl0.wr/gwss.wsts/ram_afull_i, top_i/axi_interconnect_0/s00_couplers/auto_ds/inst/gen_downsizer.gen_simple_downsizer.axi_downsizer_inst/USE_READ.read_addr_inst/cmd_queue/inst/fifo_gen_inst/inst_fifo_gen/gconvfifo.rf/grf.rf/gntv_or_sync_fifo.gl0.wr/gwss.wsts/ram_afull_i, top_i/axi_interconnect_0/s00_couplers/auto_ds/inst/gen_downsizer.gen_simple_downsizer.axi_downsizer_inst/USE_WRITE.write_addr_inst/USE_B_CHANNEL.cmd_b_queue/inst/fifo_gen_inst/inst_fifo_gen/gconvfifo.rf/grf.rf/gntv_or_sync_fifo.gl0.wr/gwss.wsts/ram_afull_i... and (the first 15 of 21 listed).
INFO: [Vivado 12-3199] DRC finished with 0 Errors, 38 Warnings
INFO: [Vivado 12-3200] Please refer to the DRC report (report_drc) for more information.
INFO: [Designutils 20-2272] Running write_bitstream with 8 threads.
Loading data files...
Loading site data...
Loading route data...
Processing options...
Creating bitmap...
Creating bitstream...
Writing bitstream ./top_wrapper.bit...
INFO: [Vivado 12-1842] Bitgen Completed Successfully.
INFO: [Project 1-1876] WebTalk data collection is mandatory when using a ULT device. To see the specific WebTalk data collected for your design, open the usage_statistics_webtalk.html or usage_statistics_webtalk.xml file in the implementation directory.
INFO: [Common 17-83] Releasing license: Implementation
48 Infos, 38 Warnings, 0 Critical Warnings and 0 Errors encountered.
write_bitstream completed successfully
write_bitstream: Time (s): cpu = 00:00:40 ; elapsed = 00:00:29 . Memory (MB): peak = 6019.781 ; gain = 119.559 ; free physical = 20136 ; free virtual = 47146
INFO: [Common 17-206] Exiting Vivado at Tue Jun  9 10:04:33 2026...
