Copyright 1986-2022 Xilinx, Inc. All Rights Reserved.
----------------------------------------------------------------------------------------------------------------------------------------------------------------------------------------------------------------
| Tool Version      : Vivado v.2022.2 (lin64) Build 3671981 Fri Oct 14 04:59:54 MDT 2022
| Date              : Tue Jun  9 07:49:40 2026
| Host              : finn_dev_samu running 64-bit Ubuntu 22.04.1 LTS
| Command           : report_timing_summary -max_paths 10 -report_unconstrained -file top_wrapper_timing_summary_routed.rpt -pb top_wrapper_timing_summary_routed.pb -rpx top_wrapper_timing_summary_routed.rpx
| Design            : top_wrapper
| Device            : xczu3eg-sbva484
| Speed File        : -1  PRODUCTION 1.30 05-15-2022
| Temperature Grade : E
----------------------------------------------------------------------------------------------------------------------------------------------------------------------------------------------------------------

Timing Summary Report

------------------------------------------------------------------------------------------------
| Timer Settings
| --------------
------------------------------------------------------------------------------------------------

  Enable Multi Corner Analysis               :  Yes
  Enable Pessimism Removal                   :  Yes
  Pessimism Removal Resolution               :  Nearest Common Node
  Enable Input Delay Default Clock           :  No
  Enable Preset / Clear Arcs                 :  No
  Disable Flight Delays                      :  No
  Ignore I/O Paths                           :  No
  Timing Early Launch at Borrowing Latches   :  No
  Borrow Time for Max Delay Exceptions       :  Yes
  Merge Timing Exceptions                    :  Yes

  Corner  Analyze    Analyze    
  Name    Max Paths  Min Paths  
  ------  ---------  ---------  
  Slow    Yes        Yes        
  Fast    Yes        Yes        


------------------------------------------------------------------------------------------------
| Report Methodology
| ------------------
------------------------------------------------------------------------------------------------

Rule     Severity  Description                   Violations  
-------  --------  ----------------------------  ----------  
LUTAR-1  Warning   LUT drives async reset alert  3           

Note: This report is based on the most recent report_methodology run and may not be up-to-date. Run report_methodology on the current design for the latest report.



check_timing report

Table of Contents
-----------------
1. checking no_clock (0)
2. checking constant_clock (0)
3. checking pulse_width_clock (0)
4. checking unconstrained_internal_endpoints (0)
5. checking no_input_delay (0)
6. checking no_output_delay (0)
7. checking multiple_clock (0)
8. checking generated_clocks (0)
9. checking loops (0)
10. checking partial_input_delay (0)
11. checking partial_output_delay (0)
12. checking latch_loops (0)

1. checking no_clock (0)
------------------------
 There are 0 register/latch pins with no clock.


2. checking constant_clock (0)
------------------------------
 There are 0 register/latch pins with constant_clock.


3. checking pulse_width_clock (0)
---------------------------------
 There are 0 register/latch pins which need pulse_width check


4. checking unconstrained_internal_endpoints (0)
------------------------------------------------
 There are 0 pins that are not constrained for maximum delay.

 There are 0 pins that are not constrained for maximum delay due to constant clock.


5. checking no_input_delay (0)
------------------------------
 There are 0 input ports with no input delay specified.

 There are 0 input ports with no input delay but user has a false path constraint.


6. checking no_output_delay (0)
-------------------------------
 There are 0 ports with no output delay specified.

 There are 0 ports with no output delay but user has a false path constraint

 There are 0 ports with no output delay but with a timing clock defined on it or propagating through it


7. checking multiple_clock (0)
------------------------------
 There are 0 register/latch pins with multiple clocks.


8. checking generated_clocks (0)
--------------------------------
 There are 0 generated clocks that are not connected to a clock source.


9. checking loops (0)
---------------------
 There are 0 combinational loops in the design.


10. checking partial_input_delay (0)
------------------------------------
 There are 0 input ports with partial input delay specified.


11. checking partial_output_delay (0)
-------------------------------------
 There are 0 ports with partial output delay specified.


12. checking latch_loops (0)
----------------------------
 There are 0 combinational latch loops in the design through latch input



------------------------------------------------------------------------------------------------
| Design Timing Summary
| ---------------------
------------------------------------------------------------------------------------------------

    WNS(ns)      TNS(ns)  TNS Failing Endpoints  TNS Total Endpoints      WHS(ns)      THS(ns)  THS Failing Endpoints  THS Total Endpoints     WPWS(ns)     TPWS(ns)  TPWS Failing Endpoints  TPWS Total Endpoints  
    -------      -------  ---------------------  -------------------      -------      -------  ---------------------  -------------------     --------     --------  ----------------------  --------------------  
      1.233        0.000                      0                67226        0.009        0.000                      0                67226        3.500        0.000                       0                 24282  


All user specified timing constraints are met.


------------------------------------------------------------------------------------------------
| Clock Summary
| -------------
------------------------------------------------------------------------------------------------

Clock     Waveform(ns)       Period(ns)      Frequency(MHz)
-----     ------------       ----------      --------------
clk_pl_0  {0.000 5.000}      10.000          100.000         


------------------------------------------------------------------------------------------------
| Intra Clock Table
| -----------------
------------------------------------------------------------------------------------------------

Clock             WNS(ns)      TNS(ns)  TNS Failing Endpoints  TNS Total Endpoints      WHS(ns)      THS(ns)  THS Failing Endpoints  THS Total Endpoints     WPWS(ns)     TPWS(ns)  TPWS Failing Endpoints  TPWS Total Endpoints  
-----             -------      -------  ---------------------  -------------------      -------      -------  ---------------------  -------------------     --------     --------  ----------------------  --------------------  
clk_pl_0            1.233        0.000                      0                67130        0.009        0.000                      0                67130        3.500        0.000                       0                 24282  


------------------------------------------------------------------------------------------------
| Inter Clock Table
| -----------------
------------------------------------------------------------------------------------------------

From Clock    To Clock          WNS(ns)      TNS(ns)  TNS Failing Endpoints  TNS Total Endpoints      WHS(ns)      THS(ns)  THS Failing Endpoints  THS Total Endpoints  
----------    --------          -------      -------  ---------------------  -------------------      -------      -------  ---------------------  -------------------  


------------------------------------------------------------------------------------------------
| Other Path Groups Table
| -----------------------
------------------------------------------------------------------------------------------------

Path Group         From Clock         To Clock               WNS(ns)      TNS(ns)  TNS Failing Endpoints  TNS Total Endpoints      WHS(ns)      THS(ns)  THS Failing Endpoints  THS Total Endpoints  
----------         ----------         --------               -------      -------  ---------------------  -------------------      -------      -------  ---------------------  -------------------  
**async_default**  clk_pl_0           clk_pl_0                 8.441        0.000                      0                   96        0.205        0.000                      0                   96  


------------------------------------------------------------------------------------------------
| User Ignored Path Table
| -----------------------
------------------------------------------------------------------------------------------------

Path Group    From Clock    To Clock    
----------    ----------    --------    
(none)                      clk_pl_0      
(none)        clk_pl_0      clk_pl_0      


------------------------------------------------------------------------------------------------
| Unconstrained Path Table
| ------------------------
------------------------------------------------------------------------------------------------

Path Group    From Clock    To Clock    
----------    ----------    --------    


------------------------------------------------------------------------------------------------
| Timing Details
| --------------
------------------------------------------------------------------------------------------------


---------------------------------------------------------------------------------------------------
From Clock:  clk_pl_0
  To Clock:  clk_pl_0

Setup :            0  Failing Endpoints,  Worst Slack        1.233ns,  Total Violation        0.000ns
Hold  :            0  Failing Endpoints,  Worst Slack        0.009ns,  Total Violation        0.000ns
PW    :            0  Failing Endpoints,  Worst Slack        3.500ns,  Total Violation        0.000ns
---------------------------------------------------------------------------------------------------


Max Delay Paths
--------------------------------------------------------------------------------------
Slack (MET) :             1.233ns  (required time - arrival time)
  Source:                 top_i/StreamingDataflowPartition_1/inst/StreamingDataflowPartition_1_MVAU_hls_1/StreamingDataflowPartition_1_MVAU_hls_1/inst/grp_Matrix_Vector_Activate_Stream_Batch_fu_30/accu_V_10_reg_49496_reg[0]/C
                            (rising edge-triggered cell FDRE clocked by clk_pl_0  {rise@0.000ns fall@5.000ns period=10.000ns})
  Destination:            top_i/StreamingDataflowPartition_1/inst/StreamingDataflowPartition_1_MVAU_hls_1/StreamingDataflowPartition_1_MVAU_hls_1/inst/regslice_both_out_V_U/B_V_data_1_payload_B_reg[23]/D
                            (rising edge-triggered cell FDRE clocked by clk_pl_0  {rise@0.000ns fall@5.000ns period=10.000ns})
  Path Group:             clk_pl_0
  Path Type:              Setup (Max at Slow Process Corner)
  Requirement:            10.000ns  (clk_pl_0 rise@10.000ns - clk_pl_0 rise@0.000ns)
  Data Path Delay:        8.626ns  (logic 2.320ns (26.895%)  route 6.306ns (73.105%))
  Logic Levels:           17  (CARRY8=2 LUT3=2 LUT4=2 LUT5=8 LUT6=3)
  Clock Path Skew:        -0.038ns (DCD - SCD + CPR)
    Destination Clock Delay (DCD):    1.837ns = ( 11.837 - 10.000 ) 
    Source Clock Delay      (SCD):    2.037ns
    Clock Pessimism Removal (CPR):    0.162ns
  Clock Uncertainty:      0.130ns  ((TSJ^2 + DJ^2)^1/2) / 2 + PE
    Total System Jitter     (TSJ):    0.071ns
    Discrete Jitter          (DJ):    0.250ns
    Phase Error              (PE):    0.000ns
  Clock Net Delay (Source):      1.830ns (routing 0.638ns, distribution 1.192ns)
  Clock Net Delay (Destination): 1.670ns (routing 0.576ns, distribution 1.094ns)

    Location             Delay type                Incr(ns)  Path(ns)    Netlist Resource(s)
  -------------------------------------------------------------------    -------------------
                         (clock clk_pl_0 rise edge)
                                                      0.000     0.000 r  
    PS8_X0Y0             PS8                          0.000     0.000 r  top_i/zynq_ps/inst/PS8_i/PLCLK[0]
                         net (fo=1, routed)           0.178     0.178    top_i/zynq_ps/inst/pl_clk_unbuffered[0]
    BUFG_PS_X0Y58        BUFG_PS (Prop_BUFG_PS_I_O)
                                                      0.029     0.207 r  top_i/zynq_ps/inst/buffer_pl_clk_0.PL_CLK_0_BUFG/O
    X0Y1 (CLOCK_ROOT)    net (fo=24362, routed)       1.830     2.037    top_i/StreamingDataflowPartition_1/inst/StreamingDataflowPartition_1_MVAU_hls_1/StreamingDataflowPartition_1_MVAU_hls_1/inst/grp_Matrix_Vector_Activate_Stream_Batch_fu_30/ap_clk
    SLICE_X28Y122        FDRE                                         r  top_i/StreamingDataflowPartition_1/inst/StreamingDataflowPartition_1_MVAU_hls_1/StreamingDataflowPartition_1_MVAU_hls_1/inst/grp_Matrix_Vector_Activate_Stream_Batch_fu_30/accu_V_10_reg_49496_reg[0]/C
  -------------------------------------------------------------------    -------------------
    SLICE_X28Y122        FDRE (Prop_AFF_SLICEM_C_Q)
                                                      0.093     2.130 r  top_i/StreamingDataflowPartition_1/inst/StreamingDataflowPartition_1_MVAU_hls_1/StreamingDataflowPartition_1_MVAU_hls_1/inst/grp_Matrix_Vector_Activate_Stream_Batch_fu_30/accu_V_10_reg_49496_reg[0]/Q
                         net (fo=65, routed)          0.522     2.652    top_i/StreamingDataflowPartition_1/inst/StreamingDataflowPartition_1_MVAU_hls_1/StreamingDataflowPartition_1_MVAU_hls_1/inst/grp_Matrix_Vector_Activate_Stream_Batch_fu_30/accu_V_2_fu_7960[0]
    SLICE_X21Y114        LUT4 (Prop_A6LUT_SLICEL_I0_O)
                                                      0.149     2.801 r  top_i/StreamingDataflowPartition_1/inst/StreamingDataflowPartition_1_MVAU_hls_1/StreamingDataflowPartition_1_MVAU_hls_1/inst/grp_Matrix_Vector_Activate_Stream_Batch_fu_30/B_V_data_1_payload_A[23]_i_1882/O
                         net (fo=1, routed)           0.011     2.812    top_i/StreamingDataflowPartition_1/inst/StreamingDataflowPartition_1_MVAU_hls_1/StreamingDataflowPartition_1_MVAU_hls_1/inst/grp_Matrix_Vector_Activate_Stream_Batch_fu_30/B_V_data_1_payload_A[23]_i_1882_n_3
    SLICE_X21Y114        CARRY8 (Prop_CARRY8_SLICEL_S[0]_CO[7])
                                                      0.238     3.050 r  top_i/StreamingDataflowPartition_1/inst/StreamingDataflowPartition_1_MVAU_hls_1/StreamingDataflowPartition_1_MVAU_hls_1/inst/grp_Matrix_Vector_Activate_Stream_Batch_fu_30/B_V_data_1_payload_A_reg[23]_i_1144/CO[7]
                         net (fo=1, routed)           0.028     3.078    top_i/StreamingDataflowPartition_1/inst/StreamingDataflowPartition_1_MVAU_hls_1/StreamingDataflowPartition_1_MVAU_hls_1/inst/grp_Matrix_Vector_Activate_Stream_Batch_fu_30/B_V_data_1_payload_A_reg[23]_i_1144_n_3
    SLICE_X21Y115        CARRY8 (Prop_CARRY8_SLICEL_CI_CO[1])
                                                      0.055     3.133 r  top_i/StreamingDataflowPartition_1/inst/StreamingDataflowPartition_1_MVAU_hls_1/StreamingDataflowPartition_1_MVAU_hls_1/inst/grp_Matrix_Vector_Activate_Stream_Batch_fu_30/B_V_data_1_payload_A_reg[23]_i_539/CO[1]
                         net (fo=3, routed)           0.374     3.507    top_i/StreamingDataflowPartition_1/inst/StreamingDataflowPartition_1_MVAU_hls_1/StreamingDataflowPartition_1_MVAU_hls_1/inst/regslice_both_out_V_U/B_V_data_1_payload_A[23]_i_254_0[0]
    SLICE_X26Y121        LUT4 (Prop_D6LUT_SLICEL_I0_O)
                                                      0.147     3.654 r  top_i/StreamingDataflowPartition_1/inst/StreamingDataflowPartition_1_MVAU_hls_1/StreamingDataflowPartition_1_MVAU_hls_1/inst/regslice_both_out_V_U/B_V_data_1_payload_A[23]_i_503/O
                         net (fo=5, routed)           0.175     3.829    top_i/StreamingDataflowPartition_1/inst/StreamingDataflowPartition_1_MVAU_hls_1/StreamingDataflowPartition_1_MVAU_hls_1/inst/regslice_both_out_V_U/B_V_data_1_payload_A[23]_i_503_n_3
    SLICE_X24Y120        LUT6 (Prop_H6LUT_SLICEM_I4_O)
                                                      0.100     3.929 r  top_i/StreamingDataflowPartition_1/inst/StreamingDataflowPartition_1_MVAU_hls_1/StreamingDataflowPartition_1_MVAU_hls_1/inst/regslice_both_out_V_U/B_V_data_1_payload_A[23]_i_237/O
                         net (fo=7, routed)           0.236     4.165    top_i/StreamingDataflowPartition_1/inst/StreamingDataflowPartition_1_MVAU_hls_1/StreamingDataflowPartition_1_MVAU_hls_1/inst/regslice_both_out_V_U/B_V_data_1_payload_A[23]_i_237_n_3
    SLICE_X24Y124        LUT5 (Prop_D5LUT_SLICEM_I3_O)
                                                      0.167     4.332 r  top_i/StreamingDataflowPartition_1/inst/StreamingDataflowPartition_1_MVAU_hls_1/StreamingDataflowPartition_1_MVAU_hls_1/inst/regslice_both_out_V_U/B_V_data_1_payload_A[23]_i_318/O
                         net (fo=3, routed)           0.237     4.569    top_i/StreamingDataflowPartition_1/inst/StreamingDataflowPartition_1_MVAU_hls_1/StreamingDataflowPartition_1_MVAU_hls_1/inst/regslice_both_out_V_U/B_V_data_1_payload_A[23]_i_318_n_3
    SLICE_X25Y126        LUT6 (Prop_F6LUT_SLICEL_I1_O)
                                                      0.177     4.746 r  top_i/StreamingDataflowPartition_1/inst/StreamingDataflowPartition_1_MVAU_hls_1/StreamingDataflowPartition_1_MVAU_hls_1/inst/regslice_both_out_V_U/B_V_data_1_payload_A[23]_i_211/O
                         net (fo=4, routed)           0.307     5.053    top_i/StreamingDataflowPartition_1/inst/StreamingDataflowPartition_1_MVAU_hls_1/StreamingDataflowPartition_1_MVAU_hls_1/inst/regslice_both_out_V_U/grp_Matrix_Vector_Activate_Stream_Batch_fu_30/zext_ln840_520_fu_35513_p1[1]
    SLICE_X28Y132        LUT5 (Prop_H5LUT_SLICEM_I3_O)
                                                      0.082     5.135 r  top_i/StreamingDataflowPartition_1/inst/StreamingDataflowPartition_1_MVAU_hls_1/StreamingDataflowPartition_1_MVAU_hls_1/inst/regslice_both_out_V_U/B_V_data_1_payload_A[23]_i_127/O
                         net (fo=6, routed)           0.413     5.548    top_i/StreamingDataflowPartition_1/inst/StreamingDataflowPartition_1_MVAU_hls_1/StreamingDataflowPartition_1_MVAU_hls_1/inst/regslice_both_out_V_U/B_V_data_1_payload_A[23]_i_127_n_3
    SLICE_X33Y133        LUT5 (Prop_D6LUT_SLICEL_I1_O)
                                                      0.174     5.722 r  top_i/StreamingDataflowPartition_1/inst/StreamingDataflowPartition_1_MVAU_hls_1/StreamingDataflowPartition_1_MVAU_hls_1/inst/regslice_both_out_V_U/B_V_data_1_payload_A[23]_i_102/O
                         net (fo=2, routed)           0.346     6.068    top_i/StreamingDataflowPartition_1/inst/StreamingDataflowPartition_1_MVAU_hls_1/StreamingDataflowPartition_1_MVAU_hls_1/inst/regslice_both_out_V_U/B_V_data_1_payload_A[23]_i_102_n_3
    SLICE_X37Y136        LUT6 (Prop_D6LUT_SLICEM_I3_O)
                                                      0.062     6.130 r  top_i/StreamingDataflowPartition_1/inst/StreamingDataflowPartition_1_MVAU_hls_1/StreamingDataflowPartition_1_MVAU_hls_1/inst/regslice_both_out_V_U/B_V_data_1_payload_A[23]_i_71/O
                         net (fo=3, routed)           0.565     6.695    top_i/StreamingDataflowPartition_1/inst/StreamingDataflowPartition_1_MVAU_hls_1/StreamingDataflowPartition_1_MVAU_hls_1/inst/regslice_both_out_V_U/B_V_data_1_payload_A[23]_i_71_n_3
    SLICE_X40Y136        LUT5 (Prop_H6LUT_SLICEM_I1_O)
                                                      0.182     6.877 r  top_i/StreamingDataflowPartition_1/inst/StreamingDataflowPartition_1_MVAU_hls_1/StreamingDataflowPartition_1_MVAU_hls_1/inst/regslice_both_out_V_U/B_V_data_1_payload_A[23]_i_31/O
                         net (fo=6, routed)           0.483     7.360    top_i/StreamingDataflowPartition_1/inst/StreamingDataflowPartition_1_MVAU_hls_1/StreamingDataflowPartition_1_MVAU_hls_1/inst/regslice_both_out_V_U/B_V_data_1_payload_A[23]_i_31_n_3
    SLICE_X35Y131        LUT5 (Prop_C5LUT_SLICEL_I4_O)
                                                      0.168     7.528 r  top_i/StreamingDataflowPartition_1/inst/StreamingDataflowPartition_1_MVAU_hls_1/StreamingDataflowPartition_1_MVAU_hls_1/inst/regslice_both_out_V_U/B_V_data_1_payload_A[23]_i_24/O
                         net (fo=2, routed)           0.524     8.052    top_i/StreamingDataflowPartition_1/inst/StreamingDataflowPartition_1_MVAU_hls_1/StreamingDataflowPartition_1_MVAU_hls_1/inst/regslice_both_out_V_U/B_V_data_1_payload_A[23]_i_24_n_3
    SLICE_X46Y130        LUT3 (Prop_D5LUT_SLICEL_I0_O)
                                                      0.080     8.132 r  top_i/StreamingDataflowPartition_1/inst/StreamingDataflowPartition_1_MVAU_hls_1/StreamingDataflowPartition_1_MVAU_hls_1/inst/regslice_both_out_V_U/B_V_data_1_payload_A[23]_i_9/O
                         net (fo=4, routed)           0.532     8.664    top_i/StreamingDataflowPartition_1/inst/StreamingDataflowPartition_1_MVAU_hls_1/StreamingDataflowPartition_1_MVAU_hls_1/inst/regslice_both_out_V_U/B_V_data_1_payload_A[23]_i_9_n_3
    SLICE_X35Y130        LUT3 (Prop_B6LUT_SLICEL_I1_O)
                                                      0.149     8.813 r  top_i/StreamingDataflowPartition_1/inst/StreamingDataflowPartition_1_MVAU_hls_1/StreamingDataflowPartition_1_MVAU_hls_1/inst/regslice_both_out_V_U/B_V_data_1_payload_A[21]_i_18/O
                         net (fo=2, routed)           0.513     9.327    top_i/StreamingDataflowPartition_1/inst/StreamingDataflowPartition_1_MVAU_hls_1/StreamingDataflowPartition_1_MVAU_hls_1/inst/regslice_both_out_V_U/B_V_data_1_payload_A[21]_i_18_n_3
    SLICE_X38Y132        LUT5 (Prop_F6LUT_SLICEL_I3_O)
                                                      0.039     9.366 r  top_i/StreamingDataflowPartition_1/inst/StreamingDataflowPartition_1_MVAU_hls_1/StreamingDataflowPartition_1_MVAU_hls_1/inst/regslice_both_out_V_U/B_V_data_1_payload_A[23]_i_20/O
                         net (fo=1, routed)           0.567     9.933    top_i/StreamingDataflowPartition_1/inst/StreamingDataflowPartition_1_MVAU_hls_1/StreamingDataflowPartition_1_MVAU_hls_1/inst/regslice_both_out_V_U/B_V_data_1_payload_A[23]_i_20_n_3
    SLICE_X35Y130        LUT5 (Prop_A5LUT_SLICEL_I4_O)
                                                      0.085    10.018 r  top_i/StreamingDataflowPartition_1/inst/StreamingDataflowPartition_1_MVAU_hls_1/StreamingDataflowPartition_1_MVAU_hls_1/inst/regslice_both_out_V_U/B_V_data_1_payload_A[23]_i_5/O
                         net (fo=2, routed)           0.147    10.165    top_i/StreamingDataflowPartition_1/inst/StreamingDataflowPartition_1_MVAU_hls_1/StreamingDataflowPartition_1_MVAU_hls_1/inst/regslice_both_out_V_U/B_V_data_1_payload_A[23]_i_5_n_3
    SLICE_X35Y131        LUT5 (Prop_B5LUT_SLICEL_I3_O)
                                                      0.173    10.338 r  top_i/StreamingDataflowPartition_1/inst/StreamingDataflowPartition_1_MVAU_hls_1/StreamingDataflowPartition_1_MVAU_hls_1/inst/regslice_both_out_V_U/B_V_data_1_payload_A[23]_i_1/O
                         net (fo=2, routed)           0.326    10.663    top_i/StreamingDataflowPartition_1/inst/StreamingDataflowPartition_1_MVAU_hls_1/StreamingDataflowPartition_1_MVAU_hls_1/inst/regslice_both_out_V_U/grp_Matrix_Vector_Activate_Stream_Batch_fu_30_out_V_TDATA__0__0[23]
    SLICE_X35Y131        FDRE                                         r  top_i/StreamingDataflowPartition_1/inst/StreamingDataflowPartition_1_MVAU_hls_1/StreamingDataflowPartition_1_MVAU_hls_1/inst/regslice_both_out_V_U/B_V_data_1_payload_B_reg[23]/D
  -------------------------------------------------------------------    -------------------

                         (clock clk_pl_0 rise edge)
                                                     10.000    10.000 r  
    PS8_X0Y0             PS8                          0.000    10.000 r  top_i/zynq_ps/inst/PS8_i/PLCLK[0]
                         net (fo=1, routed)           0.140    10.140    top_i/zynq_ps/inst/pl_clk_unbuffered[0]
    BUFG_PS_X0Y58        BUFG_PS (Prop_BUFG_PS_I_O)
                                                      0.027    10.167 r  top_i/zynq_ps/inst/buffer_pl_clk_0.PL_CLK_0_BUFG/O
    X0Y1 (CLOCK_ROOT)    net (fo=24362, routed)       1.670    11.837    top_i/StreamingDataflowPartition_1/inst/StreamingDataflowPartition_1_MVAU_hls_1/StreamingDataflowPartition_1_MVAU_hls_1/inst/regslice_both_out_V_U/ap_clk
    SLICE_X35Y131        FDRE                                         r  top_i/StreamingDataflowPartition_1/inst/StreamingDataflowPartition_1_MVAU_hls_1/StreamingDataflowPartition_1_MVAU_hls_1/inst/regslice_both_out_V_U/B_V_data_1_payload_B_reg[23]/C
                         clock pessimism              0.162    11.999    
                         clock uncertainty           -0.130    11.869    
    SLICE_X35Y131        FDRE (Setup_GFF2_SLICEL_C_D)
                                                      0.027    11.896    top_i/StreamingDataflowPartition_1/inst/StreamingDataflowPartition_1_MVAU_hls_1/StreamingDataflowPartition_1_MVAU_hls_1/inst/regslice_both_out_V_U/B_V_data_1_payload_B_reg[23]
  -------------------------------------------------------------------
                         required time                         11.896    
                         arrival time                         -10.663    
  -------------------------------------------------------------------
                         slack                                  1.233    

Slack (MET) :             1.272ns  (required time - arrival time)
  Source:                 top_i/StreamingDataflowPartition_1/inst/StreamingDataflowPartition_1_MVAU_hls_1/StreamingDataflowPartition_1_MVAU_hls_1/inst/grp_Matrix_Vector_Activate_Stream_Batch_fu_30/accu_V_10_reg_49496_reg[0]/C
                            (rising edge-triggered cell FDRE clocked by clk_pl_0  {rise@0.000ns fall@5.000ns period=10.000ns})
  Destination:            top_i/StreamingDataflowPartition_1/inst/StreamingDataflowPartition_1_MVAU_hls_1/StreamingDataflowPartition_1_MVAU_hls_1/inst/regslice_both_out_V_U/B_V_data_1_payload_A_reg[23]/D
                            (rising edge-triggered cell FDRE clocked by clk_pl_0  {rise@0.000ns fall@5.000ns period=10.000ns})
  Path Group:             clk_pl_0
  Path Type:              Setup (Max at Slow Process Corner)
  Requirement:            10.000ns  (clk_pl_0 rise@10.000ns - clk_pl_0 rise@0.000ns)
  Data Path Delay:        8.587ns  (logic 2.320ns (27.017%)  route 6.267ns (72.983%))
  Logic Levels:           17  (CARRY8=2 LUT3=2 LUT4=2 LUT5=8 LUT6=3)
  Clock Path Skew:        -0.038ns (DCD - SCD + CPR)
    Destination Clock Delay (DCD):    1.837ns = ( 11.837 - 10.000 ) 
    Source Clock Delay      (SCD):    2.037ns
    Clock Pessimism Removal (CPR):    0.162ns
  Clock Uncertainty:      0.130ns  ((TSJ^2 + DJ^2)^1/2) / 2 + PE
    Total System Jitter     (TSJ):    0.071ns
    Discrete Jitter          (DJ):    0.250ns
    Phase Error              (PE):    0.000ns
  Clock Net Delay (Source):      1.830ns (routing 0.638ns, distribution 1.192ns)
  Clock Net Delay (Destination): 1.670ns (routing 0.576ns, distribution 1.094ns)

    Location             Delay type                Incr(ns)  Path(ns)    Netlist Resource(s)
  -------------------------------------------------------------------    -------------------
                         (clock clk_pl_0 rise edge)
                                                      0.000     0.000 r  
    PS8_X0Y0             PS8                          0.000     0.000 r  top_i/zynq_ps/inst/PS8_i/PLCLK[0]
                         net (fo=1, routed)           0.178     0.178    top_i/zynq_ps/inst/pl_clk_unbuffered[0]
    BUFG_PS_X0Y58        BUFG_PS (Prop_BUFG_PS_I_O)
                                                      0.029     0.207 r  top_i/zynq_ps/inst/buffer_pl_clk_0.PL_CLK_0_BUFG/O
    X0Y1 (CLOCK_ROOT)    net (fo=24362, routed)       1.830     2.037    top_i/StreamingDataflowPartition_1/inst/StreamingDataflowPartition_1_MVAU_hls_1/StreamingDataflowPartition_1_MVAU_hls_1/inst/grp_Matrix_Vector_Activate_Stream_Batch_fu_30/ap_clk
    SLICE_X28Y122        FDRE                                         r  top_i/StreamingDataflowPartition_1/inst/StreamingDataflowPartition_1_MVAU_hls_1/StreamingDataflowPartition_1_MVAU_hls_1/inst/grp_Matrix_Vector_Activate_Stream_Batch_fu_30/accu_V_10_reg_49496_reg[0]/C
  -------------------------------------------------------------------    -------------------
    SLICE_X28Y122        FDRE (Prop_AFF_SLICEM_C_Q)
                                                      0.093     2.130 r  top_i/StreamingDataflowPartition_1/inst/StreamingDataflowPartition_1_MVAU_hls_1/StreamingDataflowPartition_1_MVAU_hls_1/inst/grp_Matrix_Vector_Activate_Stream_Batch_fu_30/accu_V_10_reg_49496_reg[0]/Q
                         net (fo=65, routed)          0.522     2.652    top_i/StreamingDataflowPartition_1/inst/StreamingDataflowPartition_1_MVAU_hls_1/StreamingDataflowPartition_1_MVAU_hls_1/inst/grp_Matrix_Vector_Activate_Stream_Batch_fu_30/accu_V_2_fu_7960[0]
    SLICE_X21Y114        LUT4 (Prop_A6LUT_SLICEL_I0_O)
                                                      0.149     2.801 r  top_i/StreamingDataflowPartition_1/inst/StreamingDataflowPartition_1_MVAU_hls_1/StreamingDataflowPartition_1_MVAU_hls_1/inst/grp_Matrix_Vector_Activate_Stream_Batch_fu_30/B_V_data_1_payload_A[23]_i_1882/O
                         net (fo=1, routed)           0.011     2.812    top_i/StreamingDataflowPartition_1/inst/StreamingDataflowPartition_1_MVAU_hls_1/StreamingDataflowPartition_1_MVAU_hls_1/inst/grp_Matrix_Vector_Activate_Stream_Batch_fu_30/B_V_data_1_payload_A[23]_i_1882_n_3
    SLICE_X21Y114        CARRY8 (Prop_CARRY8_SLICEL_S[0]_CO[7])
                                                      0.238     3.050 r  top_i/StreamingDataflowPartition_1/inst/StreamingDataflowPartition_1_MVAU_hls_1/StreamingDataflowPartition_1_MVAU_hls_1/inst/grp_Matrix_Vector_Activate_Stream_Batch_fu_30/B_V_data_1_payload_A_reg[23]_i_1144/CO[7]
                         net (fo=1, routed)           0.028     3.078    top_i/StreamingDataflowPartition_1/inst/StreamingDataflowPartition_1_MVAU_hls_1/StreamingDataflowPartition_1_MVAU_hls_1/inst/grp_Matrix_Vector_Activate_Stream_Batch_fu_30/B_V_data_1_payload_A_reg[23]_i_1144_n_3
    SLICE_X21Y115        CARRY8 (Prop_CARRY8_SLICEL_CI_CO[1])
                                                      0.055     3.133 r  top_i/StreamingDataflowPartition_1/inst/StreamingDataflowPartition_1_MVAU_hls_1/StreamingDataflowPartition_1_MVAU_hls_1/inst/grp_Matrix_Vector_Activate_Stream_Batch_fu_30/B_V_data_1_payload_A_reg[23]_i_539/CO[1]
                         net (fo=3, routed)           0.374     3.507    top_i/StreamingDataflowPartition_1/inst/StreamingDataflowPartition_1_MVAU_hls_1/StreamingDataflowPartition_1_MVAU_hls_1/inst/regslice_both_out_V_U/B_V_data_1_payload_A[23]_i_254_0[0]
    SLICE_X26Y121        LUT4 (Prop_D6LUT_SLICEL_I0_O)
                                                      0.147     3.654 r  top_i/StreamingDataflowPartition_1/inst/StreamingDataflowPartition_1_MVAU_hls_1/StreamingDataflowPartition_1_MVAU_hls_1/inst/regslice_both_out_V_U/B_V_data_1_payload_A[23]_i_503/O
                         net (fo=5, routed)           0.175     3.829    top_i/StreamingDataflowPartition_1/inst/StreamingDataflowPartition_1_MVAU_hls_1/StreamingDataflowPartition_1_MVAU_hls_1/inst/regslice_both_out_V_U/B_V_data_1_payload_A[23]_i_503_n_3
    SLICE_X24Y120        LUT6 (Prop_H6LUT_SLICEM_I4_O)
                                                      0.100     3.929 r  top_i/StreamingDataflowPartition_1/inst/StreamingDataflowPartition_1_MVAU_hls_1/StreamingDataflowPartition_1_MVAU_hls_1/inst/regslice_both_out_V_U/B_V_data_1_payload_A[23]_i_237/O
                         net (fo=7, routed)           0.236     4.165    top_i/StreamingDataflowPartition_1/inst/StreamingDataflowPartition_1_MVAU_hls_1/StreamingDataflowPartition_1_MVAU_hls_1/inst/regslice_both_out_V_U/B_V_data_1_payload_A[23]_i_237_n_3
    SLICE_X24Y124        LUT5 (Prop_D5LUT_SLICEM_I3_O)
                                                      0.167     4.332 r  top_i/StreamingDataflowPartition_1/inst/StreamingDataflowPartition_1_MVAU_hls_1/StreamingDataflowPartition_1_MVAU_hls_1/inst/regslice_both_out_V_U/B_V_data_1_payload_A[23]_i_318/O
                         net (fo=3, routed)           0.237     4.569    top_i/StreamingDataflowPartition_1/inst/StreamingDataflowPartition_1_MVAU_hls_1/StreamingDataflowPartition_1_MVAU_hls_1/inst/regslice_both_out_V_U/B_V_data_1_payload_A[23]_i_318_n_3
    SLICE_X25Y126        LUT6 (Prop_F6LUT_SLICEL_I1_O)
                                                      0.177     4.746 r  top_i/StreamingDataflowPartition_1/inst/StreamingDataflowPartition_1_MVAU_hls_1/StreamingDataflowPartition_1_MVAU_hls_1/inst/regslice_both_out_V_U/B_V_data_1_payload_A[23]_i_211/O
                         net (fo=4, routed)           0.307     5.053    top_i/StreamingDataflowPartition_1/inst/StreamingDataflowPartition_1_MVAU_hls_1/StreamingDataflowPartition_1_MVAU_hls_1/inst/regslice_both_out_V_U/grp_Matrix_Vector_Activate_Stream_Batch_fu_30/zext_ln840_520_fu_35513_p1[1]
    SLICE_X28Y132        LUT5 (Prop_H5LUT_SLICEM_I3_O)
                                                      0.082     5.135 r  top_i/StreamingDataflowPartition_1/inst/StreamingDataflowPartition_1_MVAU_hls_1/StreamingDataflowPartition_1_MVAU_hls_1/inst/regslice_both_out_V_U/B_V_data_1_payload_A[23]_i_127/O
                         net (fo=6, routed)           0.413     5.548    top_i/StreamingDataflowPartition_1/inst/StreamingDataflowPartition_1_MVAU_hls_1/StreamingDataflowPartition_1_MVAU_hls_1/inst/regslice_both_out_V_U/B_V_data_1_payload_A[23]_i_127_n_3
    SLICE_X33Y133        LUT5 (Prop_D6LUT_SLICEL_I1_O)
                                                      0.174     5.722 r  top_i/StreamingDataflowPartition_1/inst/StreamingDataflowPartition_1_MVAU_hls_1/StreamingDataflowPartition_1_MVAU_hls_1/inst/regslice_both_out_V_U/B_V_data_1_payload_A[23]_i_102/O
                         net (fo=2, routed)           0.346     6.068    top_i/StreamingDataflowPartition_1/inst/StreamingDataflowPartition_1_MVAU_hls_1/StreamingDataflowPartition_1_MVAU_hls_1/inst/regslice_both_out_V_U/B_V_data_1_payload_A[23]_i_102_n_3
    SLICE_X37Y136        LUT6 (Prop_D6LUT_SLICEM_I3_O)
                                                      0.062     6.130 r  top_i/StreamingDataflowPartition_1/inst/StreamingDataflowPartition_1_MVAU_hls_1/StreamingDataflowPartition_1_MVAU_hls_1/inst/regslice_both_out_V_U/B_V_data_1_payload_A[23]_i_71/O
                         net (fo=3, routed)           0.565     6.695    top_i/StreamingDataflowPartition_1/inst/StreamingDataflowPartition_1_MVAU_hls_1/StreamingDataflowPartition_1_MVAU_hls_1/inst/regslice_both_out_V_U/B_V_data_1_payload_A[23]_i_71_n_3
    SLICE_X40Y136        LUT5 (Prop_H6LUT_SLICEM_I1_O)
                                                      0.182     6.877 r  top_i/StreamingDataflowPartition_1/inst/StreamingDataflowPartition_1_MVAU_hls_1/StreamingDataflowPartition_1_MVAU_hls_1/inst/regslice_both_out_V_U/B_V_data_1_payload_A[23]_i_31/O
                         net (fo=6, routed)           0.483     7.360    top_i/StreamingDataflowPartition_1/inst/StreamingDataflowPartition_1_MVAU_hls_1/StreamingDataflowPartition_1_MVAU_hls_1/inst/regslice_both_out_V_U/B_V_data_1_payload_A[23]_i_31_n_3
    SLICE_X35Y131        LUT5 (Prop_C5LUT_SLICEL_I4_O)
                                                      0.168     7.528 r  top_i/StreamingDataflowPartition_1/inst/StreamingDataflowPartition_1_MVAU_hls_1/StreamingDataflowPartition_1_MVAU_hls_1/inst/regslice_both_out_V_U/B_V_data_1_payload_A[23]_i_24/O
                         net (fo=2, routed)           0.524     8.052    top_i/StreamingDataflowPartition_1/inst/StreamingDataflowPartition_1_MVAU_hls_1/StreamingDataflowPartition_1_MVAU_hls_1/inst/regslice_both_out_V_U/B_V_data_1_payload_A[23]_i_24_n_3
    SLICE_X46Y130        LUT3 (Prop_D5LUT_SLICEL_I0_O)
                                                      0.080     8.132 r  top_i/StreamingDataflowPartition_1/inst/StreamingDataflowPartition_1_MVAU_hls_1/StreamingDataflowPartition_1_MVAU_hls_1/inst/regslice_both_out_V_U/B_V_data_1_payload_A[23]_i_9/O
                         net (fo=4, routed)           0.532     8.664    top_i/StreamingDataflowPartition_1/inst/StreamingDataflowPartition_1_MVAU_hls_1/StreamingDataflowPartition_1_MVAU_hls_1/inst/regslice_both_out_V_U/B_V_data_1_payload_A[23]_i_9_n_3
    SLICE_X35Y130        LUT3 (Prop_B6LUT_SLICEL_I1_O)
                                                      0.149     8.813 r  top_i/StreamingDataflowPartition_1/inst/StreamingDataflowPartition_1_MVAU_hls_1/StreamingDataflowPartition_1_MVAU_hls_1/inst/regslice_both_out_V_U/B_V_data_1_payload_A[21]_i_18/O
                         net (fo=2, routed)           0.513     9.327    top_i/StreamingDataflowPartition_1/inst/StreamingDataflowPartition_1_MVAU_hls_1/StreamingDataflowPartition_1_MVAU_hls_1/inst/regslice_both_out_V_U/B_V_data_1_payload_A[21]_i_18_n_3
    SLICE_X38Y132        LUT5 (Prop_F6LUT_SLICEL_I3_O)
                                                      0.039     9.366 r  top_i/StreamingDataflowPartition_1/inst/StreamingDataflowPartition_1_MVAU_hls_1/StreamingDataflowPartition_1_MVAU_hls_1/inst/regslice_both_out_V_U/B_V_data_1_payload_A[23]_i_20/O
                         net (fo=1, routed)           0.567     9.933    top_i/StreamingDataflowPartition_1/inst/StreamingDataflowPartition_1_MVAU_hls_1/StreamingDataflowPartition_1_MVAU_hls_1/inst/regslice_both_out_V_U/B_V_data_1_payload_A[23]_i_20_n_3
    SLICE_X35Y130        LUT5 (Prop_A5LUT_SLICEL_I4_O)
                                                      0.085    10.018 r  top_i/StreamingDataflowPartition_1/inst/StreamingDataflowPartition_1_MVAU_hls_1/StreamingDataflowPartition_1_MVAU_hls_1/inst/regslice_both_out_V_U/B_V_data_1_payload_A[23]_i_5/O
                         net (fo=2, routed)           0.147    10.165    top_i/StreamingDataflowPartition_1/inst/StreamingDataflowPartition_1_MVAU_hls_1/StreamingDataflowPartition_1_MVAU_hls_1/inst/regslice_both_out_V_U/B_V_data_1_payload_A[23]_i_5_n_3
    SLICE_X35Y131        LUT5 (Prop_B5LUT_SLICEL_I3_O)
                                                      0.173    10.338 r  top_i/StreamingDataflowPartition_1/inst/StreamingDataflowPartition_1_MVAU_hls_1/StreamingDataflowPartition_1_MVAU_hls_1/inst/regslice_both_out_V_U/B_V_data_1_payload_A[23]_i_1/O
                         net (fo=2, routed)           0.287    10.624    top_i/StreamingDataflowPartition_1/inst/StreamingDataflowPartition_1_MVAU_hls_1/StreamingDataflowPartition_1_MVAU_hls_1/inst/regslice_both_out_V_U/grp_Matrix_Vector_Activate_Stream_Batch_fu_30_out_V_TDATA__0__0[23]
    SLICE_X35Y131        FDRE                                         r  top_i/StreamingDataflowPartition_1/inst/StreamingDataflowPartition_1_MVAU_hls_1/StreamingDataflowPartition_1_MVAU_hls_1/inst/regslice_both_out_V_U/B_V_data_1_payload_A_reg[23]/D
  -------------------------------------------------------------------    -------------------

                         (clock clk_pl_0 rise edge)
                                                     10.000    10.000 r  
    PS8_X0Y0             PS8                          0.000    10.000 r  top_i/zynq_ps/inst/PS8_i/PLCLK[0]
                         net (fo=1, routed)           0.140    10.140    top_i/zynq_ps/inst/pl_clk_unbuffered[0]
    BUFG_PS_X0Y58        BUFG_PS (Prop_BUFG_PS_I_O)
                                                      0.027    10.167 r  top_i/zynq_ps/inst/buffer_pl_clk_0.PL_CLK_0_BUFG/O
    X0Y1 (CLOCK_ROOT)    net (fo=24362, routed)       1.670    11.837    top_i/StreamingDataflowPartition_1/inst/StreamingDataflowPartition_1_MVAU_hls_1/StreamingDataflowPartition_1_MVAU_hls_1/inst/regslice_both_out_V_U/ap_clk
    SLICE_X35Y131        FDRE                                         r  top_i/StreamingDataflowPartition_1/inst/StreamingDataflowPartition_1_MVAU_hls_1/StreamingDataflowPartition_1_MVAU_hls_1/inst/regslice_both_out_V_U/B_V_data_1_payload_A_reg[23]/C
                         clock pessimism              0.162    11.999    
                         clock uncertainty           -0.130    11.869    
    SLICE_X35Y131        FDRE (Setup_GFF_SLICEL_C_D)
                                                      0.027    11.896    top_i/StreamingDataflowPartition_1/inst/StreamingDataflowPartition_1_MVAU_hls_1/StreamingDataflowPartition_1_MVAU_hls_1/inst/regslice_both_out_V_U/B_V_data_1_payload_A_reg[23]
  -------------------------------------------------------------------
                         required time                         11.896    
                         arrival time                         -10.624    
  -------------------------------------------------------------------
                         slack                                  1.272    

Slack (MET) :             1.336ns  (required time - arrival time)
  Source:                 top_i/StreamingDataflowPartition_1/inst/StreamingDataflowPartition_1_MVAU_hls_1/StreamingDataflowPartition_1_MVAU_hls_1/inst/grp_Matrix_Vector_Activate_Stream_Batch_fu_30/accu_V_10_reg_49496_reg[0]/C
                            (rising edge-triggered cell FDRE clocked by clk_pl_0  {rise@0.000ns fall@5.000ns period=10.000ns})
  Destination:            top_i/StreamingDataflowPartition_1/inst/StreamingDataflowPartition_1_MVAU_hls_1/StreamingDataflowPartition_1_MVAU_hls_1/inst/regslice_both_out_V_U/B_V_data_1_payload_A_reg[22]/D
                            (rising edge-triggered cell FDRE clocked by clk_pl_0  {rise@0.000ns fall@5.000ns period=10.000ns})
  Path Group:             clk_pl_0
  Path Type:              Setup (Max at Slow Process Corner)
  Requirement:            10.000ns  (clk_pl_0 rise@10.000ns - clk_pl_0 rise@0.000ns)
  Data Path Delay:        8.528ns  (logic 2.296ns (26.923%)  route 6.232ns (73.077%))
  Logic Levels:           17  (CARRY8=2 LUT3=2 LUT4=2 LUT5=8 LUT6=3)
  Clock Path Skew:        -0.033ns (DCD - SCD + CPR)
    Destination Clock Delay (DCD):    1.842ns = ( 11.842 - 10.000 ) 
    Source Clock Delay      (SCD):    2.037ns
    Clock Pessimism Removal (CPR):    0.162ns
  Clock Uncertainty:      0.130ns  ((TSJ^2 + DJ^2)^1/2) / 2 + PE
    Total System Jitter     (TSJ):    0.071ns
    Discrete Jitter          (DJ):    0.250ns
    Phase Error              (PE):    0.000ns
  Clock Net Delay (Source):      1.830ns (routing 0.638ns, distribution 1.192ns)
  Clock Net Delay (Destination): 1.675ns (routing 0.576ns, distribution 1.099ns)

    Location             Delay type                Incr(ns)  Path(ns)    Netlist Resource(s)
  -------------------------------------------------------------------    -------------------
                         (clock clk_pl_0 rise edge)
                                                      0.000     0.000 r  
    PS8_X0Y0             PS8                          0.000     0.000 r  top_i/zynq_ps/inst/PS8_i/PLCLK[0]
                         net (fo=1, routed)           0.178     0.178    top_i/zynq_ps/inst/pl_clk_unbuffered[0]
    BUFG_PS_X0Y58        BUFG_PS (Prop_BUFG_PS_I_O)
                                                      0.029     0.207 r  top_i/zynq_ps/inst/buffer_pl_clk_0.PL_CLK_0_BUFG/O
    X0Y1 (CLOCK_ROOT)    net (fo=24362, routed)       1.830     2.037    top_i/StreamingDataflowPartition_1/inst/StreamingDataflowPartition_1_MVAU_hls_1/StreamingDataflowPartition_1_MVAU_hls_1/inst/grp_Matrix_Vector_Activate_Stream_Batch_fu_30/ap_clk
    SLICE_X28Y122        FDRE                                         r  top_i/StreamingDataflowPartition_1/inst/StreamingDataflowPartition_1_MVAU_hls_1/StreamingDataflowPartition_1_MVAU_hls_1/inst/grp_Matrix_Vector_Activate_Stream_Batch_fu_30/accu_V_10_reg_49496_reg[0]/C
  -------------------------------------------------------------------    -------------------
    SLICE_X28Y122        FDRE (Prop_AFF_SLICEM_C_Q)
                                                      0.093     2.130 r  top_i/StreamingDataflowPartition_1/inst/StreamingDataflowPartition_1_MVAU_hls_1/StreamingDataflowPartition_1_MVAU_hls_1/inst/grp_Matrix_Vector_Activate_Stream_Batch_fu_30/accu_V_10_reg_49496_reg[0]/Q
                         net (fo=65, routed)          0.522     2.652    top_i/StreamingDataflowPartition_1/inst/StreamingDataflowPartition_1_MVAU_hls_1/StreamingDataflowPartition_1_MVAU_hls_1/inst/grp_Matrix_Vector_Activate_Stream_Batch_fu_30/accu_V_2_fu_7960[0]
    SLICE_X21Y114        LUT4 (Prop_A6LUT_SLICEL_I0_O)
                                                      0.149     2.801 r  top_i/StreamingDataflowPartition_1/inst/StreamingDataflowPartition_1_MVAU_hls_1/StreamingDataflowPartition_1_MVAU_hls_1/inst/grp_Matrix_Vector_Activate_Stream_Batch_fu_30/B_V_data_1_payload_A[23]_i_1882/O
                         net (fo=1, routed)           0.011     2.812    top_i/StreamingDataflowPartition_1/inst/StreamingDataflowPartition_1_MVAU_hls_1/StreamingDataflowPartition_1_MVAU_hls_1/inst/grp_Matrix_Vector_Activate_Stream_Batch_fu_30/B_V_data_1_payload_A[23]_i_1882_n_3
    SLICE_X21Y114        CARRY8 (Prop_CARRY8_SLICEL_S[0]_CO[7])
                                                      0.238     3.050 r  top_i/StreamingDataflowPartition_1/inst/StreamingDataflowPartition_1_MVAU_hls_1/StreamingDataflowPartition_1_MVAU_hls_1/inst/grp_Matrix_Vector_Activate_Stream_Batch_fu_30/B_V_data_1_payload_A_reg[23]_i_1144/CO[7]
                         net (fo=1, routed)           0.028     3.078    top_i/StreamingDataflowPartition_1/inst/StreamingDataflowPartition_1_MVAU_hls_1/StreamingDataflowPartition_1_MVAU_hls_1/inst/grp_Matrix_Vector_Activate_Stream_Batch_fu_30/B_V_data_1_payload_A_reg[23]_i_1144_n_3
    SLICE_X21Y115        CARRY8 (Prop_CARRY8_SLICEL_CI_CO[1])
                                                      0.055     3.133 r  top_i/StreamingDataflowPartition_1/inst/StreamingDataflowPartition_1_MVAU_hls_1/StreamingDataflowPartition_1_MVAU_hls_1/inst/grp_Matrix_Vector_Activate_Stream_Batch_fu_30/B_V_data_1_payload_A_reg[23]_i_539/CO[1]
                         net (fo=3, routed)           0.374     3.507    top_i/StreamingDataflowPartition_1/inst/StreamingDataflowPartition_1_MVAU_hls_1/StreamingDataflowPartition_1_MVAU_hls_1/inst/regslice_both_out_V_U/B_V_data_1_payload_A[23]_i_254_0[0]
    SLICE_X26Y121        LUT4 (Prop_D6LUT_SLICEL_I0_O)
                                                      0.147     3.654 r  top_i/StreamingDataflowPartition_1/inst/StreamingDataflowPartition_1_MVAU_hls_1/StreamingDataflowPartition_1_MVAU_hls_1/inst/regslice_both_out_V_U/B_V_data_1_payload_A[23]_i_503/O
                         net (fo=5, routed)           0.175     3.829    top_i/StreamingDataflowPartition_1/inst/StreamingDataflowPartition_1_MVAU_hls_1/StreamingDataflowPartition_1_MVAU_hls_1/inst/regslice_both_out_V_U/B_V_data_1_payload_A[23]_i_503_n_3
    SLICE_X24Y120        LUT6 (Prop_H6LUT_SLICEM_I4_O)
                                                      0.100     3.929 r  top_i/StreamingDataflowPartition_1/inst/StreamingDataflowPartition_1_MVAU_hls_1/StreamingDataflowPartition_1_MVAU_hls_1/inst/regslice_both_out_V_U/B_V_data_1_payload_A[23]_i_237/O
                         net (fo=7, routed)           0.236     4.165    top_i/StreamingDataflowPartition_1/inst/StreamingDataflowPartition_1_MVAU_hls_1/StreamingDataflowPartition_1_MVAU_hls_1/inst/regslice_both_out_V_U/B_V_data_1_payload_A[23]_i_237_n_3
    SLICE_X24Y124        LUT5 (Prop_D5LUT_SLICEM_I3_O)
                                                      0.167     4.332 r  top_i/StreamingDataflowPartition_1/inst/StreamingDataflowPartition_1_MVAU_hls_1/StreamingDataflowPartition_1_MVAU_hls_1/inst/regslice_both_out_V_U/B_V_data_1_payload_A[23]_i_318/O
                         net (fo=3, routed)           0.237     4.569    top_i/StreamingDataflowPartition_1/inst/StreamingDataflowPartition_1_MVAU_hls_1/StreamingDataflowPartition_1_MVAU_hls_1/inst/regslice_both_out_V_U/B_V_data_1_payload_A[23]_i_318_n_3
    SLICE_X25Y126        LUT6 (Prop_F6LUT_SLICEL_I1_O)
                                                      0.177     4.746 r  top_i/StreamingDataflowPartition_1/inst/StreamingDataflowPartition_1_MVAU_hls_1/StreamingDataflowPartition_1_MVAU_hls_1/inst/regslice_both_out_V_U/B_V_data_1_payload_A[23]_i_211/O
                         net (fo=4, routed)           0.307     5.053    top_i/StreamingDataflowPartition_1/inst/StreamingDataflowPartition_1_MVAU_hls_1/StreamingDataflowPartition_1_MVAU_hls_1/inst/regslice_both_out_V_U/grp_Matrix_Vector_Activate_Stream_Batch_fu_30/zext_ln840_520_fu_35513_p1[1]
    SLICE_X28Y132        LUT5 (Prop_H5LUT_SLICEM_I3_O)
                                                      0.082     5.135 r  top_i/StreamingDataflowPartition_1/inst/StreamingDataflowPartition_1_MVAU_hls_1/StreamingDataflowPartition_1_MVAU_hls_1/inst/regslice_both_out_V_U/B_V_data_1_payload_A[23]_i_127/O
                         net (fo=6, routed)           0.413     5.548    top_i/StreamingDataflowPartition_1/inst/StreamingDataflowPartition_1_MVAU_hls_1/StreamingDataflowPartition_1_MVAU_hls_1/inst/regslice_both_out_V_U/B_V_data_1_payload_A[23]_i_127_n_3
    SLICE_X33Y133        LUT5 (Prop_D6LUT_SLICEL_I1_O)
                                                      0.174     5.722 r  top_i/StreamingDataflowPartition_1/inst/StreamingDataflowPartition_1_MVAU_hls_1/StreamingDataflowPartition_1_MVAU_hls_1/inst/regslice_both_out_V_U/B_V_data_1_payload_A[23]_i_102/O
                         net (fo=2, routed)           0.346     6.068    top_i/StreamingDataflowPartition_1/inst/StreamingDataflowPartition_1_MVAU_hls_1/StreamingDataflowPartition_1_MVAU_hls_1/inst/regslice_both_out_V_U/B_V_data_1_payload_A[23]_i_102_n_3
    SLICE_X37Y136        LUT6 (Prop_D6LUT_SLICEM_I3_O)
                                                      0.062     6.130 r  top_i/StreamingDataflowPartition_1/inst/StreamingDataflowPartition_1_MVAU_hls_1/StreamingDataflowPartition_1_MVAU_hls_1/inst/regslice_both_out_V_U/B_V_data_1_payload_A[23]_i_71/O
                         net (fo=3, routed)           0.565     6.695    top_i/StreamingDataflowPartition_1/inst/StreamingDataflowPartition_1_MVAU_hls_1/StreamingDataflowPartition_1_MVAU_hls_1/inst/regslice_both_out_V_U/B_V_data_1_payload_A[23]_i_71_n_3
    SLICE_X40Y136        LUT5 (Prop_H6LUT_SLICEM_I1_O)
                                                      0.182     6.877 r  top_i/StreamingDataflowPartition_1/inst/StreamingDataflowPartition_1_MVAU_hls_1/StreamingDataflowPartition_1_MVAU_hls_1/inst/regslice_both_out_V_U/B_V_data_1_payload_A[23]_i_31/O
                         net (fo=6, routed)           0.483     7.360    top_i/StreamingDataflowPartition_1/inst/StreamingDataflowPartition_1_MVAU_hls_1/StreamingDataflowPartition_1_MVAU_hls_1/inst/regslice_both_out_V_U/B_V_data_1_payload_A[23]_i_31_n_3
    SLICE_X35Y131        LUT5 (Prop_C5LUT_SLICEL_I4_O)
                                                      0.168     7.528 r  top_i/StreamingDataflowPartition_1/inst/StreamingDataflowPartition_1_MVAU_hls_1/StreamingDataflowPartition_1_MVAU_hls_1/inst/regslice_both_out_V_U/B_V_data_1_payload_A[23]_i_24/O
                         net (fo=2, routed)           0.524     8.052    top_i/StreamingDataflowPartition_1/inst/StreamingDataflowPartition_1_MVAU_hls_1/StreamingDataflowPartition_1_MVAU_hls_1/inst/regslice_both_out_V_U/B_V_data_1_payload_A[23]_i_24_n_3
    SLICE_X46Y130        LUT3 (Prop_D5LUT_SLICEL_I0_O)
                                                      0.080     8.132 r  top_i/StreamingDataflowPartition_1/inst/StreamingDataflowPartition_1_MVAU_hls_1/StreamingDataflowPartition_1_MVAU_hls_1/inst/regslice_both_out_V_U/B_V_data_1_payload_A[23]_i_9/O
                         net (fo=4, routed)           0.532     8.664    top_i/StreamingDataflowPartition_1/inst/StreamingDataflowPartition_1_MVAU_hls_1/StreamingDataflowPartition_1_MVAU_hls_1/inst/regslice_both_out_V_U/B_V_data_1_payload_A[23]_i_9_n_3
    SLICE_X35Y130        LUT3 (Prop_B6LUT_SLICEL_I1_O)
                                                      0.149     8.813 r  top_i/StreamingDataflowPartition_1/inst/StreamingDataflowPartition_1_MVAU_hls_1/StreamingDataflowPartition_1_MVAU_hls_1/inst/regslice_both_out_V_U/B_V_data_1_payload_A[21]_i_18/O
                         net (fo=2, routed)           0.513     9.327    top_i/StreamingDataflowPartition_1/inst/StreamingDataflowPartition_1_MVAU_hls_1/StreamingDataflowPartition_1_MVAU_hls_1/inst/regslice_both_out_V_U/B_V_data_1_payload_A[21]_i_18_n_3
    SLICE_X38Y132        LUT5 (Prop_F6LUT_SLICEL_I3_O)
                                                      0.039     9.366 r  top_i/StreamingDataflowPartition_1/inst/StreamingDataflowPartition_1_MVAU_hls_1/StreamingDataflowPartition_1_MVAU_hls_1/inst/regslice_both_out_V_U/B_V_data_1_payload_A[23]_i_20/O
                         net (fo=1, routed)           0.567     9.933    top_i/StreamingDataflowPartition_1/inst/StreamingDataflowPartition_1_MVAU_hls_1/StreamingDataflowPartition_1_MVAU_hls_1/inst/regslice_both_out_V_U/B_V_data_1_payload_A[23]_i_20_n_3
    SLICE_X35Y130        LUT5 (Prop_A5LUT_SLICEL_I4_O)
                                                      0.085    10.018 r  top_i/StreamingDataflowPartition_1/inst/StreamingDataflowPartition_1_MVAU_hls_1/StreamingDataflowPartition_1_MVAU_hls_1/inst/regslice_both_out_V_U/B_V_data_1_payload_A[23]_i_5/O
                         net (fo=2, routed)           0.147    10.165    top_i/StreamingDataflowPartition_1/inst/StreamingDataflowPartition_1_MVAU_hls_1/StreamingDataflowPartition_1_MVAU_hls_1/inst/regslice_both_out_V_U/B_V_data_1_payload_A[23]_i_5_n_3
    SLICE_X35Y131        LUT5 (Prop_B6LUT_SLICEL_I4_O)
                                                      0.149    10.314 r  top_i/StreamingDataflowPartition_1/inst/StreamingDataflowPartition_1_MVAU_hls_1/StreamingDataflowPartition_1_MVAU_hls_1/inst/regslice_both_out_V_U/B_V_data_1_payload_A[22]_i_1/O
                         net (fo=2, routed)           0.251    10.565    top_i/StreamingDataflowPartition_1/inst/StreamingDataflowPartition_1_MVAU_hls_1/StreamingDataflowPartition_1_MVAU_hls_1/inst/regslice_both_out_V_U/grp_Matrix_Vector_Activate_Stream_Batch_fu_30_out_V_TDATA__0__0[22]
    SLICE_X35Y133        FDRE                                         r  top_i/StreamingDataflowPartition_1/inst/StreamingDataflowPartition_1_MVAU_hls_1/StreamingDataflowPartition_1_MVAU_hls_1/inst/regslice_both_out_V_U/B_V_data_1_payload_A_reg[22]/D
  -------------------------------------------------------------------    -------------------

                         (clock clk_pl_0 rise edge)
                                                     10.000    10.000 r  
    PS8_X0Y0             PS8                          0.000    10.000 r  top_i/zynq_ps/inst/PS8_i/PLCLK[0]
                         net (fo=1, routed)           0.140    10.140    top_i/zynq_ps/inst/pl_clk_unbuffered[0]
    BUFG_PS_X0Y58        BUFG_PS (Prop_BUFG_PS_I_O)
                                                      0.027    10.167 r  top_i/zynq_ps/inst/buffer_pl_clk_0.PL_CLK_0_BUFG/O
    X0Y1 (CLOCK_ROOT)    net (fo=24362, routed)       1.675    11.842    top_i/StreamingDataflowPartition_1/inst/StreamingDataflowPartition_1_MVAU_hls_1/StreamingDataflowPartition_1_MVAU_hls_1/inst/regslice_both_out_V_U/ap_clk
    SLICE_X35Y133        FDRE                                         r  top_i/StreamingDataflowPartition_1/inst/StreamingDataflowPartition_1_MVAU_hls_1/StreamingDataflowPartition_1_MVAU_hls_1/inst/regslice_both_out_V_U/B_V_data_1_payload_A_reg[22]/C
                         clock pessimism              0.162    12.004    
                         clock uncertainty           -0.130    11.874    
    SLICE_X35Y133        FDRE (Setup_BFF_SLICEL_C_D)
                                                      0.027    11.901    top_i/StreamingDataflowPartition_1/inst/StreamingDataflowPartition_1_MVAU_hls_1/StreamingDataflowPartition_1_MVAU_hls_1/inst/regslice_both_out_V_U/B_V_data_1_payload_A_reg[22]
  -------------------------------------------------------------------
                         required time                         11.901    
                         arrival time                         -10.565    
  -------------------------------------------------------------------
                         slack                                  1.336    

Slack (MET) :             1.411ns  (required time - arrival time)
  Source:                 top_i/StreamingDataflowPartition_1/inst/StreamingDataflowPartition_1_MVAU_hls_1/StreamingDataflowPartition_1_MVAU_hls_1/inst/grp_Matrix_Vector_Activate_Stream_Batch_fu_30/accu_V_10_reg_49496_reg[0]/C
                            (rising edge-triggered cell FDRE clocked by clk_pl_0  {rise@0.000ns fall@5.000ns period=10.000ns})
  Destination:            top_i/StreamingDataflowPartition_1/inst/StreamingDataflowPartition_1_MVAU_hls_1/StreamingDataflowPartition_1_MVAU_hls_1/inst/regslice_both_out_V_U/B_V_data_1_payload_B_reg[22]/D
                            (rising edge-triggered cell FDRE clocked by clk_pl_0  {rise@0.000ns fall@5.000ns period=10.000ns})
  Path Group:             clk_pl_0
  Path Type:              Setup (Max at Slow Process Corner)
  Requirement:            10.000ns  (clk_pl_0 rise@10.000ns - clk_pl_0 rise@0.000ns)
  Data Path Delay:        8.453ns  (logic 2.296ns (27.162%)  route 6.157ns (72.838%))
  Logic Levels:           17  (CARRY8=2 LUT3=2 LUT4=2 LUT5=8 LUT6=3)
  Clock Path Skew:        -0.033ns (DCD - SCD + CPR)
    Destination Clock Delay (DCD):    1.842ns = ( 11.842 - 10.000 ) 
    Source Clock Delay      (SCD):    2.037ns
    Clock Pessimism Removal (CPR):    0.162ns
  Clock Uncertainty:      0.130ns  ((TSJ^2 + DJ^2)^1/2) / 2 + PE
    Total System Jitter     (TSJ):    0.071ns
    Discrete Jitter          (DJ):    0.250ns
    Phase Error              (PE):    0.000ns
  Clock Net Delay (Source):      1.830ns (routing 0.638ns, distribution 1.192ns)
  Clock Net Delay (Destination): 1.675ns (routing 0.576ns, distribution 1.099ns)

    Location             Delay type                Incr(ns)  Path(ns)    Netlist Resource(s)
  -------------------------------------------------------------------    -------------------
                         (clock clk_pl_0 rise edge)
                                                      0.000     0.000 r  
    PS8_X0Y0             PS8                          0.000     0.000 r  top_i/zynq_ps/inst/PS8_i/PLCLK[0]
                         net (fo=1, routed)           0.178     0.178    top_i/zynq_ps/inst/pl_clk_unbuffered[0]
    BUFG_PS_X0Y58        BUFG_PS (Prop_BUFG_PS_I_O)
                                                      0.029     0.207 r  top_i/zynq_ps/inst/buffer_pl_clk_0.PL_CLK_0_BUFG/O
    X0Y1 (CLOCK_ROOT)    net (fo=24362, routed)       1.830     2.037    top_i/StreamingDataflowPartition_1/inst/StreamingDataflowPartition_1_MVAU_hls_1/StreamingDataflowPartition_1_MVAU_hls_1/inst/grp_Matrix_Vector_Activate_Stream_Batch_fu_30/ap_clk
    SLICE_X28Y122        FDRE                                         r  top_i/StreamingDataflowPartition_1/inst/StreamingDataflowPartition_1_MVAU_hls_1/StreamingDataflowPartition_1_MVAU_hls_1/inst/grp_Matrix_Vector_Activate_Stream_Batch_fu_30/accu_V_10_reg_49496_reg[0]/C
  -------------------------------------------------------------------    -------------------
    SLICE_X28Y122        FDRE (Prop_AFF_SLICEM_C_Q)
                                                      0.093     2.130 r  top_i/StreamingDataflowPartition_1/inst/StreamingDataflowPartition_1_MVAU_hls_1/StreamingDataflowPartition_1_MVAU_hls_1/inst/grp_Matrix_Vector_Activate_Stream_Batch_fu_30/accu_V_10_reg_49496_reg[0]/Q
                         net (fo=65, routed)          0.522     2.652    top_i/StreamingDataflowPartition_1/inst/StreamingDataflowPartition_1_MVAU_hls_1/StreamingDataflowPartition_1_MVAU_hls_1/inst/grp_Matrix_Vector_Activate_Stream_Batch_fu_30/accu_V_2_fu_7960[0]
    SLICE_X21Y114        LUT4 (Prop_A6LUT_SLICEL_I0_O)
                                                      0.149     2.801 r  top_i/StreamingDataflowPartition_1/inst/StreamingDataflowPartition_1_MVAU_hls_1/StreamingDataflowPartition_1_MVAU_hls_1/inst/grp_Matrix_Vector_Activate_Stream_Batch_fu_30/B_V_data_1_payload_A[23]_i_1882/O
                         net (fo=1, routed)           0.011     2.812    top_i/StreamingDataflowPartition_1/inst/StreamingDataflowPartition_1_MVAU_hls_1/StreamingDataflowPartition_1_MVAU_hls_1/inst/grp_Matrix_Vector_Activate_Stream_Batch_fu_30/B_V_data_1_payload_A[23]_i_1882_n_3
    SLICE_X21Y114        CARRY8 (Prop_CARRY8_SLICEL_S[0]_CO[7])
                                                      0.238     3.050 r  top_i/StreamingDataflowPartition_1/inst/StreamingDataflowPartition_1_MVAU_hls_1/StreamingDataflowPartition_1_MVAU_hls_1/inst/grp_Matrix_Vector_Activate_Stream_Batch_fu_30/B_V_data_1_payload_A_reg[23]_i_1144/CO[7]
                         net (fo=1, routed)           0.028     3.078    top_i/StreamingDataflowPartition_1/inst/StreamingDataflowPartition_1_MVAU_hls_1/StreamingDataflowPartition_1_MVAU_hls_1/inst/grp_Matrix_Vector_Activate_Stream_Batch_fu_30/B_V_data_1_payload_A_reg[23]_i_1144_n_3
    SLICE_X21Y115        CARRY8 (Prop_CARRY8_SLICEL_CI_CO[1])
                                                      0.055     3.133 r  top_i/StreamingDataflowPartition_1/inst/StreamingDataflowPartition_1_MVAU_hls_1/StreamingDataflowPartition_1_MVAU_hls_1/inst/grp_Matrix_Vector_Activate_Stream_Batch_fu_30/B_V_data_1_payload_A_reg[23]_i_539/CO[1]
                         net (fo=3, routed)           0.374     3.507    top_i/StreamingDataflowPartition_1/inst/StreamingDataflowPartition_1_MVAU_hls_1/StreamingDataflowPartition_1_MVAU_hls_1/inst/regslice_both_out_V_U/B_V_data_1_payload_A[23]_i_254_0[0]
    SLICE_X26Y121        LUT4 (Prop_D6LUT_SLICEL_I0_O)
                                                      0.147     3.654 r  top_i/StreamingDataflowPartition_1/inst/StreamingDataflowPartition_1_MVAU_hls_1/StreamingDataflowPartition_1_MVAU_hls_1/inst/regslice_both_out_V_U/B_V_data_1_payload_A[23]_i_503/O
                         net (fo=5, routed)           0.175     3.829    top_i/StreamingDataflowPartition_1/inst/StreamingDataflowPartition_1_MVAU_hls_1/StreamingDataflowPartition_1_MVAU_hls_1/inst/regslice_both_out_V_U/B_V_data_1_payload_A[23]_i_503_n_3
    SLICE_X24Y120        LUT6 (Prop_H6LUT_SLICEM_I4_O)
                                                      0.100     3.929 r  top_i/StreamingDataflowPartition_1/inst/StreamingDataflowPartition_1_MVAU_hls_1/StreamingDataflowPartition_1_MVAU_hls_1/inst/regslice_both_out_V_U/B_V_data_1_payload_A[23]_i_237/O
                         net (fo=7, routed)           0.236     4.165    top_i/StreamingDataflowPartition_1/inst/StreamingDataflowPartition_1_MVAU_hls_1/StreamingDataflowPartition_1_MVAU_hls_1/inst/regslice_both_out_V_U/B_V_data_1_payload_A[23]_i_237_n_3
    SLICE_X24Y124        LUT5 (Prop_D5LUT_SLICEM_I3_O)
                                                      0.167     4.332 r  top_i/StreamingDataflowPartition_1/inst/StreamingDataflowPartition_1_MVAU_hls_1/StreamingDataflowPartition_1_MVAU_hls_1/inst/regslice_both_out_V_U/B_V_data_1_payload_A[23]_i_318/O
                         net (fo=3, routed)           0.237     4.569    top_i/StreamingDataflowPartition_1/inst/StreamingDataflowPartition_1_MVAU_hls_1/StreamingDataflowPartition_1_MVAU_hls_1/inst/regslice_both_out_V_U/B_V_data_1_payload_A[23]_i_318_n_3
    SLICE_X25Y126        LUT6 (Prop_F6LUT_SLICEL_I1_O)
                                                      0.177     4.746 r  top_i/StreamingDataflowPartition_1/inst/StreamingDataflowPartition_1_MVAU_hls_1/StreamingDataflowPartition_1_MVAU_hls_1/inst/regslice_both_out_V_U/B_V_data_1_payload_A[23]_i_211/O
                         net (fo=4, routed)           0.307     5.053    top_i/StreamingDataflowPartition_1/inst/StreamingDataflowPartition_1_MVAU_hls_1/StreamingDataflowPartition_1_MVAU_hls_1/inst/regslice_both_out_V_U/grp_Matrix_Vector_Activate_Stream_Batch_fu_30/zext_ln840_520_fu_35513_p1[1]
    SLICE_X28Y132        LUT5 (Prop_H5LUT_SLICEM_I3_O)
                                                      0.082     5.135 r  top_i/StreamingDataflowPartition_1/inst/StreamingDataflowPartition_1_MVAU_hls_1/StreamingDataflowPartition_1_MVAU_hls_1/inst/regslice_both_out_V_U/B_V_data_1_payload_A[23]_i_127/O
                         net (fo=6, routed)           0.413     5.548    top_i/StreamingDataflowPartition_1/inst/StreamingDataflowPartition_1_MVAU_hls_1/StreamingDataflowPartition_1_MVAU_hls_1/inst/regslice_both_out_V_U/B_V_data_1_payload_A[23]_i_127_n_3
    SLICE_X33Y133        LUT5 (Prop_D6LUT_SLICEL_I1_O)
                                                      0.174     5.722 r  top_i/StreamingDataflowPartition_1/inst/StreamingDataflowPartition_1_MVAU_hls_1/StreamingDataflowPartition_1_MVAU_hls_1/inst/regslice_both_out_V_U/B_V_data_1_payload_A[23]_i_102/O
                         net (fo=2, routed)           0.346     6.068    top_i/StreamingDataflowPartition_1/inst/StreamingDataflowPartition_1_MVAU_hls_1/StreamingDataflowPartition_1_MVAU_hls_1/inst/regslice_both_out_V_U/B_V_data_1_payload_A[23]_i_102_n_3
    SLICE_X37Y136        LUT6 (Prop_D6LUT_SLICEM_I3_O)
                                                      0.062     6.130 r  top_i/StreamingDataflowPartition_1/inst/StreamingDataflowPartition_1_MVAU_hls_1/StreamingDataflowPartition_1_MVAU_hls_1/inst/regslice_both_out_V_U/B_V_data_1_payload_A[23]_i_71/O
                         net (fo=3, routed)           0.565     6.695    top_i/StreamingDataflowPartition_1/inst/StreamingDataflowPartition_1_MVAU_hls_1/StreamingDataflowPartition_1_MVAU_hls_1/inst/regslice_both_out_V_U/B_V_data_1_payload_A[23]_i_71_n_3
    SLICE_X40Y136        LUT5 (Prop_H6LUT_SLICEM_I1_O)
                                                      0.182     6.877 r  top_i/StreamingDataflowPartition_1/inst/StreamingDataflowPartition_1_MVAU_hls_1/StreamingDataflowPartition_1_MVAU_hls_1/inst/regslice_both_out_V_U/B_V_data_1_payload_A[23]_i_31/O
                         net (fo=6, routed)           0.483     7.360    top_i/StreamingDataflowPartition_1/inst/StreamingDataflowPartition_1_MVAU_hls_1/StreamingDataflowPartition_1_MVAU_hls_1/inst/regslice_both_out_V_U/B_V_data_1_payload_A[23]_i_31_n_3
    SLICE_X35Y131        LUT5 (Prop_C5LUT_SLICEL_I4_O)
                                                      0.168     7.528 r  top_i/StreamingDataflowPartition_1/inst/StreamingDataflowPartition_1_MVAU_hls_1/StreamingDataflowPartition_1_MVAU_hls_1/inst/regslice_both_out_V_U/B_V_data_1_payload_A[23]_i_24/O
                         net (fo=2, routed)           0.524     8.052    top_i/StreamingDataflowPartition_1/inst/StreamingDataflowPartition_1_MVAU_hls_1/StreamingDataflowPartition_1_MVAU_hls_1/inst/regslice_both_out_V_U/B_V_data_1_payload_A[23]_i_24_n_3
    SLICE_X46Y130        LUT3 (Prop_D5LUT_SLICEL_I0_O)
                                                      0.080     8.132 r  top_i/StreamingDataflowPartition_1/inst/StreamingDataflowPartition_1_MVAU_hls_1/StreamingDataflowPartition_1_MVAU_hls_1/inst/regslice_both_out_V_U/B_V_data_1_payload_A[23]_i_9/O
                         net (fo=4, routed)           0.532     8.664    top_i/StreamingDataflowPartition_1/inst/StreamingDataflowPartition_1_MVAU_hls_1/StreamingDataflowPartition_1_MVAU_hls_1/inst/regslice_both_out_V_U/B_V_data_1_payload_A[23]_i_9_n_3
    SLICE_X35Y130        LUT3 (Prop_B6LUT_SLICEL_I1_O)
                                                      0.149     8.813 r  top_i/StreamingDataflowPartition_1/inst/StreamingDataflowPartition_1_MVAU_hls_1/StreamingDataflowPartition_1_MVAU_hls_1/inst/regslice_both_out_V_U/B_V_data_1_payload_A[21]_i_18/O
                         net (fo=2, routed)           0.513     9.327    top_i/StreamingDataflowPartition_1/inst/StreamingDataflowPartition_1_MVAU_hls_1/StreamingDataflowPartition_1_MVAU_hls_1/inst/regslice_both_out_V_U/B_V_data_1_payload_A[21]_i_18_n_3
    SLICE_X38Y132        LUT5 (Prop_F6LUT_SLICEL_I3_O)
                                                      0.039     9.366 r  top_i/StreamingDataflowPartition_1/inst/StreamingDataflowPartition_1_MVAU_hls_1/StreamingDataflowPartition_1_MVAU_hls_1/inst/regslice_both_out_V_U/B_V_data_1_payload_A[23]_i_20/O
                         net (fo=1, routed)           0.567     9.933    top_i/StreamingDataflowPartition_1/inst/StreamingDataflowPartition_1_MVAU_hls_1/StreamingDataflowPartition_1_MVAU_hls_1/inst/regslice_both_out_V_U/B_V_data_1_payload_A[23]_i_20_n_3
    SLICE_X35Y130        LUT5 (Prop_A5LUT_SLICEL_I4_O)
                                                      0.085    10.018 r  top_i/StreamingDataflowPartition_1/inst/StreamingDataflowPartition_1_MVAU_hls_1/StreamingDataflowPartition_1_MVAU_hls_1/inst/regslice_both_out_V_U/B_V_data_1_payload_A[23]_i_5/O
                         net (fo=2, routed)           0.147    10.165    top_i/StreamingDataflowPartition_1/inst/StreamingDataflowPartition_1_MVAU_hls_1/StreamingDataflowPartition_1_MVAU_hls_1/inst/regslice_both_out_V_U/B_V_data_1_payload_A[23]_i_5_n_3
    SLICE_X35Y131        LUT5 (Prop_B6LUT_SLICEL_I4_O)
                                                      0.149    10.314 r  top_i/StreamingDataflowPartition_1/inst/StreamingDataflowPartition_1_MVAU_hls_1/StreamingDataflowPartition_1_MVAU_hls_1/inst/regslice_both_out_V_U/B_V_data_1_payload_A[22]_i_1/O
                         net (fo=2, routed)           0.176    10.490    top_i/StreamingDataflowPartition_1/inst/StreamingDataflowPartition_1_MVAU_hls_1/StreamingDataflowPartition_1_MVAU_hls_1/inst/regslice_both_out_V_U/grp_Matrix_Vector_Activate_Stream_Batch_fu_30_out_V_TDATA__0__0[22]
    SLICE_X35Y133        FDRE                                         r  top_i/StreamingDataflowPartition_1/inst/StreamingDataflowPartition_1_MVAU_hls_1/StreamingDataflowPartition_1_MVAU_hls_1/inst/regslice_both_out_V_U/B_V_data_1_payload_B_reg[22]/D
  -------------------------------------------------------------------    -------------------

                         (clock clk_pl_0 rise edge)
                                                     10.000    10.000 r  
    PS8_X0Y0             PS8                          0.000    10.000 r  top_i/zynq_ps/inst/PS8_i/PLCLK[0]
                         net (fo=1, routed)           0.140    10.140    top_i/zynq_ps/inst/pl_clk_unbuffered[0]
    BUFG_PS_X0Y58        BUFG_PS (Prop_BUFG_PS_I_O)
                                                      0.027    10.167 r  top_i/zynq_ps/inst/buffer_pl_clk_0.PL_CLK_0_BUFG/O
    X0Y1 (CLOCK_ROOT)    net (fo=24362, routed)       1.675    11.842    top_i/StreamingDataflowPartition_1/inst/StreamingDataflowPartition_1_MVAU_hls_1/StreamingDataflowPartition_1_MVAU_hls_1/inst/regslice_both_out_V_U/ap_clk
    SLICE_X35Y133        FDRE                                         r  top_i/StreamingDataflowPartition_1/inst/StreamingDataflowPartition_1_MVAU_hls_1/StreamingDataflowPartition_1_MVAU_hls_1/inst/regslice_both_out_V_U/B_V_data_1_payload_B_reg[22]/C
                         clock pessimism              0.162    12.004    
                         clock uncertainty           -0.130    11.874    
    SLICE_X35Y133        FDRE (Setup_BFF2_SLICEL_C_D)
                                                      0.027    11.901    top_i/StreamingDataflowPartition_1/inst/StreamingDataflowPartition_1_MVAU_hls_1/StreamingDataflowPartition_1_MVAU_hls_1/inst/regslice_both_out_V_U/B_V_data_1_payload_B_reg[22]
  -------------------------------------------------------------------
                         required time                         11.901    
                         arrival time                         -10.490    
  -------------------------------------------------------------------
                         slack                                  1.411    

Slack (MET) :             2.009ns  (required time - arrival time)
  Source:                 top_i/StreamingDataflowPartition_1/inst/StreamingDataflowPartition_1_MVAU_hls_1/StreamingDataflowPartition_1_MVAU_hls_1/inst/grp_Matrix_Vector_Activate_Stream_Batch_fu_30/accu_V_11_reg_49755_reg[3]_rep__0/C
                            (rising edge-triggered cell FDRE clocked by clk_pl_0  {rise@0.000ns fall@5.000ns period=10.000ns})
  Destination:            top_i/StreamingDataflowPartition_1/inst/StreamingDataflowPartition_1_MVAU_hls_1/StreamingDataflowPartition_1_MVAU_hls_1/inst/regslice_both_out_V_U/B_V_data_1_payload_B_reg[31]/D
                            (rising edge-triggered cell FDRE clocked by clk_pl_0  {rise@0.000ns fall@5.000ns period=10.000ns})
  Path Group:             clk_pl_0
  Path Type:              Setup (Max at Slow Process Corner)
  Requirement:            10.000ns  (clk_pl_0 rise@10.000ns - clk_pl_0 rise@0.000ns)
  Data Path Delay:        7.806ns  (logic 1.978ns (25.340%)  route 5.828ns (74.660%))
  Logic Levels:           17  (CARRY8=2 LUT4=2 LUT5=7 LUT6=6)
  Clock Path Skew:        -0.082ns (DCD - SCD + CPR)
    Destination Clock Delay (DCD):    1.771ns = ( 11.771 - 10.000 ) 
    Source Clock Delay      (SCD):    2.013ns
    Clock Pessimism Removal (CPR):    0.160ns
  Clock Uncertainty:      0.130ns  ((TSJ^2 + DJ^2)^1/2) / 2 + PE
    Total System Jitter     (TSJ):    0.071ns
    Discrete Jitter          (DJ):    0.250ns
    Phase Error              (PE):    0.000ns
  Clock Net Delay (Source):      1.806ns (routing 0.638ns, distribution 1.168ns)
  Clock Net Delay (Destination): 1.604ns (routing 0.576ns, distribution 1.028ns)

    Location             Delay type                Incr(ns)  Path(ns)    Netlist Resource(s)
  -------------------------------------------------------------------    -------------------
                         (clock clk_pl_0 rise edge)
                                                      0.000     0.000 r  
    PS8_X0Y0             PS8                          0.000     0.000 r  top_i/zynq_ps/inst/PS8_i/PLCLK[0]
                         net (fo=1, routed)           0.178     0.178    top_i/zynq_ps/inst/pl_clk_unbuffered[0]
    BUFG_PS_X0Y58        BUFG_PS (Prop_BUFG_PS_I_O)
                                                      0.029     0.207 r  top_i/zynq_ps/inst/buffer_pl_clk_0.PL_CLK_0_BUFG/O
    X0Y1 (CLOCK_ROOT)    net (fo=24362, routed)       1.806     2.013    top_i/StreamingDataflowPartition_1/inst/StreamingDataflowPartition_1_MVAU_hls_1/StreamingDataflowPartition_1_MVAU_hls_1/inst/grp_Matrix_Vector_Activate_Stream_Batch_fu_30/ap_clk
    SLICE_X17Y137        FDRE                                         r  top_i/StreamingDataflowPartition_1/inst/StreamingDataflowPartition_1_MVAU_hls_1/StreamingDataflowPartition_1_MVAU_hls_1/inst/grp_Matrix_Vector_Activate_Stream_Batch_fu_30/accu_V_11_reg_49755_reg[3]_rep__0/C
  -------------------------------------------------------------------    -------------------
    SLICE_X17Y137        FDRE (Prop_EFF_SLICEL_C_Q)
                                                      0.096     2.109 r  top_i/StreamingDataflowPartition_1/inst/StreamingDataflowPartition_1_MVAU_hls_1/StreamingDataflowPartition_1_MVAU_hls_1/inst/grp_Matrix_Vector_Activate_Stream_Batch_fu_30/accu_V_11_reg_49755_reg[3]_rep__0/Q
                         net (fo=128, routed)         1.070     3.179    top_i/StreamingDataflowPartition_1/inst/StreamingDataflowPartition_1_MVAU_hls_1/StreamingDataflowPartition_1_MVAU_hls_1/inst/grp_Matrix_Vector_Activate_Stream_Batch_fu_30/accu_V_11_reg_49755_reg[3]_rep__0_n_3
    SLICE_X39Y144        LUT4 (Prop_B6LUT_SLICEM_I0_O)
                                                      0.116     3.295 r  top_i/StreamingDataflowPartition_1/inst/StreamingDataflowPartition_1_MVAU_hls_1/StreamingDataflowPartition_1_MVAU_hls_1/inst/grp_Matrix_Vector_Activate_Stream_Batch_fu_30/B_V_data_1_payload_A[31]_i_1669/O
                         net (fo=1, routed)           0.018     3.313    top_i/StreamingDataflowPartition_1/inst/StreamingDataflowPartition_1_MVAU_hls_1/StreamingDataflowPartition_1_MVAU_hls_1/inst/grp_Matrix_Vector_Activate_Stream_Batch_fu_30/B_V_data_1_payload_A[31]_i_1669_n_3
    SLICE_X39Y144        CARRY8 (Prop_CARRY8_SLICEM_S[1]_CO[7])
                                                      0.238     3.551 r  top_i/StreamingDataflowPartition_1/inst/StreamingDataflowPartition_1_MVAU_hls_1/StreamingDataflowPartition_1_MVAU_hls_1/inst/grp_Matrix_Vector_Activate_Stream_Batch_fu_30/B_V_data_1_payload_A_reg[31]_i_995/CO[7]
                         net (fo=1, routed)           0.028     3.579    top_i/StreamingDataflowPartition_1/inst/StreamingDataflowPartition_1_MVAU_hls_1/StreamingDataflowPartition_1_MVAU_hls_1/inst/grp_Matrix_Vector_Activate_Stream_Batch_fu_30/B_V_data_1_payload_A_reg[31]_i_995_n_3
    SLICE_X39Y145        CARRY8 (Prop_CARRY8_SLICEM_CI_CO[1])
                                                      0.055     3.634 r  top_i/StreamingDataflowPartition_1/inst/StreamingDataflowPartition_1_MVAU_hls_1/StreamingDataflowPartition_1_MVAU_hls_1/inst/grp_Matrix_Vector_Activate_Stream_Batch_fu_30/B_V_data_1_payload_A_reg[31]_i_473/CO[1]
                         net (fo=3, routed)           0.546     4.180    top_i/StreamingDataflowPartition_1/inst/StreamingDataflowPartition_1_MVAU_hls_1/StreamingDataflowPartition_1_MVAU_hls_1/inst/regslice_both_out_V_U/B_V_data_1_payload_A[31]_i_445_0[0]
    SLICE_X36Y143        LUT4 (Prop_A6LUT_SLICEL_I1_O)
                                                      0.178     4.358 r  top_i/StreamingDataflowPartition_1/inst/StreamingDataflowPartition_1_MVAU_hls_1/StreamingDataflowPartition_1_MVAU_hls_1/inst/regslice_both_out_V_U/B_V_data_1_payload_A[31]_i_902/O
                         net (fo=3, routed)           0.276     4.633    top_i/StreamingDataflowPartition_1/inst/StreamingDataflowPartition_1_MVAU_hls_1/StreamingDataflowPartition_1_MVAU_hls_1/inst/regslice_both_out_V_U/B_V_data_1_payload_A[31]_i_902_n_3
    SLICE_X36Y140        LUT5 (Prop_D6LUT_SLICEL_I0_O)
                                                      0.116     4.749 r  top_i/StreamingDataflowPartition_1/inst/StreamingDataflowPartition_1_MVAU_hls_1/StreamingDataflowPartition_1_MVAU_hls_1/inst/regslice_both_out_V_U/B_V_data_1_payload_A[31]_i_445/O
                         net (fo=3, routed)           0.488     5.238    top_i/StreamingDataflowPartition_1/inst/StreamingDataflowPartition_1_MVAU_hls_1/StreamingDataflowPartition_1_MVAU_hls_1/inst/regslice_both_out_V_U/B_V_data_1_payload_A[31]_i_445_n_3
    SLICE_X21Y137        LUT5 (Prop_H5LUT_SLICEL_I0_O)
                                                      0.118     5.356 r  top_i/StreamingDataflowPartition_1/inst/StreamingDataflowPartition_1_MVAU_hls_1/StreamingDataflowPartition_1_MVAU_hls_1/inst/regslice_both_out_V_U/B_V_data_1_payload_A[31]_i_428/O
                         net (fo=3, routed)           0.239     5.594    top_i/StreamingDataflowPartition_1/inst/StreamingDataflowPartition_1_MVAU_hls_1/StreamingDataflowPartition_1_MVAU_hls_1/inst/regslice_both_out_V_U/B_V_data_1_payload_A[31]_i_428_n_3
    SLICE_X21Y137        LUT5 (Prop_B6LUT_SLICEL_I2_O)
                                                      0.100     5.694 r  top_i/StreamingDataflowPartition_1/inst/StreamingDataflowPartition_1_MVAU_hls_1/StreamingDataflowPartition_1_MVAU_hls_1/inst/regslice_both_out_V_U/B_V_data_1_payload_A[31]_i_215/O
                         net (fo=4, routed)           0.174     5.868    top_i/StreamingDataflowPartition_1/inst/StreamingDataflowPartition_1_MVAU_hls_1/StreamingDataflowPartition_1_MVAU_hls_1/inst/regslice_both_out_V_U/B_V_data_1_payload_A[31]_i_215_n_3
    SLICE_X20Y135        LUT6 (Prop_G6LUT_SLICEM_I1_O)
                                                      0.100     5.968 r  top_i/StreamingDataflowPartition_1/inst/StreamingDataflowPartition_1_MVAU_hls_1/StreamingDataflowPartition_1_MVAU_hls_1/inst/regslice_both_out_V_U/B_V_data_1_payload_A[31]_i_159/O
                         net (fo=4, routed)           0.384     6.352    top_i/StreamingDataflowPartition_1/inst/StreamingDataflowPartition_1_MVAU_hls_1/StreamingDataflowPartition_1_MVAU_hls_1/inst/regslice_both_out_V_U/B_V_data_1_payload_A[31]_i_159_n_3
    SLICE_X17Y134        LUT5 (Prop_C6LUT_SLICEL_I4_O)
                                                      0.063     6.415 r  top_i/StreamingDataflowPartition_1/inst/StreamingDataflowPartition_1_MVAU_hls_1/StreamingDataflowPartition_1_MVAU_hls_1/inst/regslice_both_out_V_U/B_V_data_1_payload_A[31]_i_155/O
                         net (fo=1, routed)           0.365     6.780    top_i/StreamingDataflowPartition_1/inst/StreamingDataflowPartition_1_MVAU_hls_1/StreamingDataflowPartition_1_MVAU_hls_1/inst/regslice_both_out_V_U/B_V_data_1_payload_A[31]_i_155_n_3
    SLICE_X20Y134        LUT5 (Prop_H5LUT_SLICEM_I3_O)
                                                      0.167     6.947 r  top_i/StreamingDataflowPartition_1/inst/StreamingDataflowPartition_1_MVAU_hls_1/StreamingDataflowPartition_1_MVAU_hls_1/inst/regslice_both_out_V_U/B_V_data_1_payload_A[31]_i_67/O
                         net (fo=6, routed)           0.422     7.369    top_i/StreamingDataflowPartition_1/inst/StreamingDataflowPartition_1_MVAU_hls_1/StreamingDataflowPartition_1_MVAU_hls_1/inst/regslice_both_out_V_U/B_V_data_1_payload_A[31]_i_67_n_3
    SLICE_X15Y136        LUT6 (Prop_D6LUT_SLICEL_I4_O)
                                                      0.063     7.432 r  top_i/StreamingDataflowPartition_1/inst/StreamingDataflowPartition_1_MVAU_hls_1/StreamingDataflowPartition_1_MVAU_hls_1/inst/regslice_both_out_V_U/B_V_data_1_payload_A[31]_i_85/O
                         net (fo=4, routed)           0.423     7.855    top_i/StreamingDataflowPartition_1/inst/StreamingDataflowPartition_1_MVAU_hls_1/StreamingDataflowPartition_1_MVAU_hls_1/inst/regslice_both_out_V_U/B_V_data_1_payload_A[31]_i_85_n_3
    SLICE_X19Y140        LUT6 (Prop_E6LUT_SLICEM_I3_O)
                                                      0.063     7.918 r  top_i/StreamingDataflowPartition_1/inst/StreamingDataflowPartition_1_MVAU_hls_1/StreamingDataflowPartition_1_MVAU_hls_1/inst/regslice_both_out_V_U/B_V_data_1_payload_A[31]_i_40/O
                         net (fo=5, routed)           0.237     8.155    top_i/StreamingDataflowPartition_1/inst/StreamingDataflowPartition_1_MVAU_hls_1/StreamingDataflowPartition_1_MVAU_hls_1/inst/regslice_both_out_V_U/grp_Matrix_Vector_Activate_Stream_Batch_fu_30/zext_ln840_861_fu_46113_p1[2]
    SLICE_X20Y143        LUT5 (Prop_D5LUT_SLICEM_I1_O)
                                                      0.082     8.237 r  top_i/StreamingDataflowPartition_1/inst/StreamingDataflowPartition_1_MVAU_hls_1/StreamingDataflowPartition_1_MVAU_hls_1/inst/regslice_both_out_V_U/B_V_data_1_payload_A[31]_i_14/O
                         net (fo=3, routed)           0.359     8.595    top_i/StreamingDataflowPartition_1/inst/StreamingDataflowPartition_1_MVAU_hls_1/StreamingDataflowPartition_1_MVAU_hls_1/inst/regslice_both_out_V_U/B_V_data_1_payload_A[31]_i_14_n_3
    SLICE_X19Y138        LUT6 (Prop_H6LUT_SLICEM_I0_O)
                                                      0.151     8.746 r  top_i/StreamingDataflowPartition_1/inst/StreamingDataflowPartition_1_MVAU_hls_1/StreamingDataflowPartition_1_MVAU_hls_1/inst/regslice_both_out_V_U/B_V_data_1_payload_A[31]_i_20/O
                         net (fo=2, routed)           0.197     8.943    top_i/StreamingDataflowPartition_1/inst/StreamingDataflowPartition_1_MVAU_hls_1/StreamingDataflowPartition_1_MVAU_hls_1/inst/regslice_both_out_V_U/B_V_data_1_payload_A[31]_i_20_n_3
    SLICE_X20Y140        LUT6 (Prop_H6LUT_SLICEM_I2_O)
                                                      0.151     9.094 r  top_i/StreamingDataflowPartition_1/inst/StreamingDataflowPartition_1_MVAU_hls_1/StreamingDataflowPartition_1_MVAU_hls_1/inst/regslice_both_out_V_U/B_V_data_1_payload_A[29]_i_7/O
                         net (fo=2, routed)           0.117     9.211    top_i/StreamingDataflowPartition_1/inst/StreamingDataflowPartition_1_MVAU_hls_1/StreamingDataflowPartition_1_MVAU_hls_1/inst/regslice_both_out_V_U/B_V_data_1_payload_A[29]_i_7_n_3
    SLICE_X20Y142        LUT6 (Prop_G6LUT_SLICEM_I4_O)
                                                      0.039     9.250 r  top_i/StreamingDataflowPartition_1/inst/StreamingDataflowPartition_1_MVAU_hls_1/StreamingDataflowPartition_1_MVAU_hls_1/inst/regslice_both_out_V_U/B_V_data_1_payload_A[31]_i_6/O
                         net (fo=2, routed)           0.169     9.419    top_i/StreamingDataflowPartition_1/inst/StreamingDataflowPartition_1_MVAU_hls_1/StreamingDataflowPartition_1_MVAU_hls_1/inst/regslice_both_out_V_U/B_V_data_1_payload_A[31]_i_6_n_3
    SLICE_X20Y138        LUT5 (Prop_D5LUT_SLICEM_I3_O)
                                                      0.082     9.501 r  top_i/StreamingDataflowPartition_1/inst/StreamingDataflowPartition_1_MVAU_hls_1/StreamingDataflowPartition_1_MVAU_hls_1/inst/regslice_both_out_V_U/B_V_data_1_payload_A[31]_i_2/O
                         net (fo=2, routed)           0.318     9.819    top_i/StreamingDataflowPartition_1/inst/StreamingDataflowPartition_1_MVAU_hls_1/StreamingDataflowPartition_1_MVAU_hls_1/inst/regslice_both_out_V_U/grp_Matrix_Vector_Activate_Stream_Batch_fu_30_out_V_TDATA__0[31]
    SLICE_X20Y135        FDRE                                         r  top_i/StreamingDataflowPartition_1/inst/StreamingDataflowPartition_1_MVAU_hls_1/StreamingDataflowPartition_1_MVAU_hls_1/inst/regslice_both_out_V_U/B_V_data_1_payload_B_reg[31]/D
  -------------------------------------------------------------------    -------------------

                         (clock clk_pl_0 rise edge)
                                                     10.000    10.000 r  
    PS8_X0Y0             PS8                          0.000    10.000 r  top_i/zynq_ps/inst/PS8_i/PLCLK[0]
                         net (fo=1, routed)           0.140    10.140    top_i/zynq_ps/inst/pl_clk_unbuffered[0]
    BUFG_PS_X0Y58        BUFG_PS (Prop_BUFG_PS_I_O)
                                                      0.027    10.167 r  top_i/zynq_ps/inst/buffer_pl_clk_0.PL_CLK_0_BUFG/O
    X0Y1 (CLOCK_ROOT)    net (fo=24362, routed)       1.604    11.771    top_i/StreamingDataflowPartition_1/inst/StreamingDataflowPartition_1_MVAU_hls_1/StreamingDataflowPartition_1_MVAU_hls_1/inst/regslice_both_out_V_U/ap_clk
    SLICE_X20Y135        FDRE                                         r  top_i/StreamingDataflowPartition_1/inst/StreamingDataflowPartition_1_MVAU_hls_1/StreamingDataflowPartition_1_MVAU_hls_1/inst/regslice_both_out_V_U/B_V_data_1_payload_B_reg[31]/C
                         clock pessimism              0.160    11.931    
                         clock uncertainty           -0.130    11.801    
    SLICE_X20Y135        FDRE (Setup_HFF_SLICEM_C_D)
                                                      0.027    11.828    top_i/StreamingDataflowPartition_1/inst/StreamingDataflowPartition_1_MVAU_hls_1/StreamingDataflowPartition_1_MVAU_hls_1/inst/regslice_both_out_V_U/B_V_data_1_payload_B_reg[31]
  -------------------------------------------------------------------
                         required time                         11.828    
                         arrival time                          -9.819    
  -------------------------------------------------------------------
                         slack                                  2.009    

Slack (MET) :             2.012ns  (required time - arrival time)
  Source:                 top_i/StreamingDataflowPartition_1/inst/StreamingDataflowPartition_1_MVAU_hls_1/StreamingDataflowPartition_1_MVAU_hls_1/inst/grp_Matrix_Vector_Activate_Stream_Batch_fu_30/accu_V_8_reg_48978_reg[2]/C
                            (rising edge-triggered cell FDRE clocked by clk_pl_0  {rise@0.000ns fall@5.000ns period=10.000ns})
  Destination:            top_i/StreamingDataflowPartition_1/inst/StreamingDataflowPartition_1_MVAU_hls_1/StreamingDataflowPartition_1_MVAU_hls_1/inst/regslice_both_out_V_U/B_V_data_1_payload_B_reg[6]/D
                            (rising edge-triggered cell FDRE clocked by clk_pl_0  {rise@0.000ns fall@5.000ns period=10.000ns})
  Path Group:             clk_pl_0
  Path Type:              Setup (Max at Slow Process Corner)
  Requirement:            10.000ns  (clk_pl_0 rise@10.000ns - clk_pl_0 rise@0.000ns)
  Data Path Delay:        7.841ns  (logic 1.947ns (24.830%)  route 5.894ns (75.170%))
  Logic Levels:           17  (CARRY8=2 LUT4=2 LUT5=4 LUT6=9)
  Clock Path Skew:        -0.044ns (DCD - SCD + CPR)
    Destination Clock Delay (DCD):    1.781ns = ( 11.781 - 10.000 ) 
    Source Clock Delay      (SCD):    1.983ns
    Clock Pessimism Removal (CPR):    0.158ns
  Clock Uncertainty:      0.130ns  ((TSJ^2 + DJ^2)^1/2) / 2 + PE
    Total System Jitter     (TSJ):    0.071ns
    Discrete Jitter          (DJ):    0.250ns
    Phase Error              (PE):    0.000ns
  Clock Net Delay (Source):      1.776ns (routing 0.638ns, distribution 1.138ns)
  Clock Net Delay (Destination): 1.614ns (routing 0.576ns, distribution 1.038ns)

    Location             Delay type                Incr(ns)  Path(ns)    Netlist Resource(s)
  -------------------------------------------------------------------    -------------------
                         (clock clk_pl_0 rise edge)
                                                      0.000     0.000 r  
    PS8_X0Y0             PS8                          0.000     0.000 r  top_i/zynq_ps/inst/PS8_i/PLCLK[0]
                         net (fo=1, routed)           0.178     0.178    top_i/zynq_ps/inst/pl_clk_unbuffered[0]
    BUFG_PS_X0Y58        BUFG_PS (Prop_BUFG_PS_I_O)
                                                      0.029     0.207 r  top_i/zynq_ps/inst/buffer_pl_clk_0.PL_CLK_0_BUFG/O
    X0Y1 (CLOCK_ROOT)    net (fo=24362, routed)       1.776     1.983    top_i/StreamingDataflowPartition_1/inst/StreamingDataflowPartition_1_MVAU_hls_1/StreamingDataflowPartition_1_MVAU_hls_1/inst/grp_Matrix_Vector_Activate_Stream_Batch_fu_30/ap_clk
    SLICE_X20Y105        FDRE                                         r  top_i/StreamingDataflowPartition_1/inst/StreamingDataflowPartition_1_MVAU_hls_1/StreamingDataflowPartition_1_MVAU_hls_1/inst/grp_Matrix_Vector_Activate_Stream_Batch_fu_30/accu_V_8_reg_48978_reg[2]/C
  -------------------------------------------------------------------    -------------------
    SLICE_X20Y105        FDRE (Prop_CFF_SLICEM_C_Q)
                                                      0.095     2.078 r  top_i/StreamingDataflowPartition_1/inst/StreamingDataflowPartition_1_MVAU_hls_1/StreamingDataflowPartition_1_MVAU_hls_1/inst/grp_Matrix_Vector_Activate_Stream_Batch_fu_30/accu_V_8_reg_48978_reg[2]/Q
                         net (fo=495, routed)         0.832     2.910    top_i/StreamingDataflowPartition_1/inst/StreamingDataflowPartition_1_MVAU_hls_1/StreamingDataflowPartition_1_MVAU_hls_1/inst/grp_Matrix_Vector_Activate_Stream_Batch_fu_30/accu_V_fu_7952[2]
    SLICE_X14Y94         LUT4 (Prop_B6LUT_SLICEM_I0_O)
                                                      0.150     3.060 r  top_i/StreamingDataflowPartition_1/inst/StreamingDataflowPartition_1_MVAU_hls_1/StreamingDataflowPartition_1_MVAU_hls_1/inst/grp_Matrix_Vector_Activate_Stream_Batch_fu_30/B_V_data_1_payload_A[7]_i_2506/O
                         net (fo=1, routed)           0.018     3.078    top_i/StreamingDataflowPartition_1/inst/StreamingDataflowPartition_1_MVAU_hls_1/StreamingDataflowPartition_1_MVAU_hls_1/inst/grp_Matrix_Vector_Activate_Stream_Batch_fu_30/B_V_data_1_payload_A[7]_i_2506_n_3
    SLICE_X14Y94         CARRY8 (Prop_CARRY8_SLICEM_S[1]_CO[7])
                                                      0.238     3.316 r  top_i/StreamingDataflowPartition_1/inst/StreamingDataflowPartition_1_MVAU_hls_1/StreamingDataflowPartition_1_MVAU_hls_1/inst/grp_Matrix_Vector_Activate_Stream_Batch_fu_30/B_V_data_1_payload_A_reg[7]_i_1600/CO[7]
                         net (fo=1, routed)           0.028     3.344    top_i/StreamingDataflowPartition_1/inst/StreamingDataflowPartition_1_MVAU_hls_1/StreamingDataflowPartition_1_MVAU_hls_1/inst/grp_Matrix_Vector_Activate_Stream_Batch_fu_30/B_V_data_1_payload_A_reg[7]_i_1600_n_3
    SLICE_X14Y95         CARRY8 (Prop_CARRY8_SLICEM_CI_CO[1])
                                                      0.055     3.399 r  top_i/StreamingDataflowPartition_1/inst/StreamingDataflowPartition_1_MVAU_hls_1/StreamingDataflowPartition_1_MVAU_hls_1/inst/grp_Matrix_Vector_Activate_Stream_Batch_fu_30/B_V_data_1_payload_A_reg[7]_i_845/CO[1]
                         net (fo=3, routed)           0.679     4.078    top_i/StreamingDataflowPartition_1/inst/StreamingDataflowPartition_1_MVAU_hls_1/StreamingDataflowPartition_1_MVAU_hls_1/inst/regslice_both_out_V_U/B_V_data_1_payload_A[7]_i_317_2[0]
    SLICE_X21Y94         LUT4 (Prop_E6LUT_SLICEL_I3_O)
                                                      0.100     4.178 r  top_i/StreamingDataflowPartition_1/inst/StreamingDataflowPartition_1_MVAU_hls_1/StreamingDataflowPartition_1_MVAU_hls_1/inst/regslice_both_out_V_U/B_V_data_1_payload_A[7]_i_853/O
                         net (fo=3, routed)           0.167     4.345    top_i/StreamingDataflowPartition_1/inst/StreamingDataflowPartition_1_MVAU_hls_1/StreamingDataflowPartition_1_MVAU_hls_1/inst/regslice_both_out_V_U/B_V_data_1_payload_A[7]_i_853_n_3
    SLICE_X21Y93         LUT6 (Prop_E6LUT_SLICEL_I1_O)
                                                      0.039     4.384 r  top_i/StreamingDataflowPartition_1/inst/StreamingDataflowPartition_1_MVAU_hls_1/StreamingDataflowPartition_1_MVAU_hls_1/inst/regslice_both_out_V_U/B_V_data_1_payload_A[7]_i_817/O
                         net (fo=3, routed)           0.117     4.502    top_i/StreamingDataflowPartition_1/inst/StreamingDataflowPartition_1_MVAU_hls_1/StreamingDataflowPartition_1_MVAU_hls_1/inst/regslice_both_out_V_U/B_V_data_1_payload_A[7]_i_817_n_3
    SLICE_X21Y93         LUT6 (Prop_H6LUT_SLICEL_I1_O)
                                                      0.116     4.618 r  top_i/StreamingDataflowPartition_1/inst/StreamingDataflowPartition_1_MVAU_hls_1/StreamingDataflowPartition_1_MVAU_hls_1/inst/regslice_both_out_V_U/B_V_data_1_payload_A[0]_i_423/O
                         net (fo=7, routed)           0.406     5.024    top_i/StreamingDataflowPartition_1/inst/StreamingDataflowPartition_1_MVAU_hls_1/StreamingDataflowPartition_1_MVAU_hls_1/inst/regslice_both_out_V_U/B_V_data_1_payload_A[0]_i_423_n_3
    SLICE_X24Y99         LUT6 (Prop_H6LUT_SLICEM_I0_O)
                                                      0.066     5.090 r  top_i/StreamingDataflowPartition_1/inst/StreamingDataflowPartition_1_MVAU_hls_1/StreamingDataflowPartition_1_MVAU_hls_1/inst/regslice_both_out_V_U/B_V_data_1_payload_A[0]_i_130/O
                         net (fo=4, routed)           0.176     5.266    top_i/StreamingDataflowPartition_1/inst/StreamingDataflowPartition_1_MVAU_hls_1/StreamingDataflowPartition_1_MVAU_hls_1/inst/regslice_both_out_V_U/B_V_data_1_payload_A[0]_i_130_n_3
    SLICE_X26Y100        LUT6 (Prop_B6LUT_SLICEL_I1_O)
                                                      0.100     5.366 r  top_i/StreamingDataflowPartition_1/inst/StreamingDataflowPartition_1_MVAU_hls_1/StreamingDataflowPartition_1_MVAU_hls_1/inst/regslice_both_out_V_U/B_V_data_1_payload_A[0]_i_36/O
                         net (fo=6, routed)           0.463     5.829    top_i/StreamingDataflowPartition_1/inst/StreamingDataflowPartition_1_MVAU_hls_1/StreamingDataflowPartition_1_MVAU_hls_1/inst/regslice_both_out_V_U/grp_Matrix_Vector_Activate_Stream_Batch_fu_30/zext_ln840_57_fu_16533_p1[0]
    SLICE_X25Y111        LUT5 (Prop_C6LUT_SLICEL_I1_O)
                                                      0.063     5.892 r  top_i/StreamingDataflowPartition_1/inst/StreamingDataflowPartition_1_MVAU_hls_1/StreamingDataflowPartition_1_MVAU_hls_1/inst/regslice_both_out_V_U/B_V_data_1_payload_A[1]_i_113/O
                         net (fo=2, routed)           0.321     6.213    top_i/StreamingDataflowPartition_1/inst/StreamingDataflowPartition_1_MVAU_hls_1/StreamingDataflowPartition_1_MVAU_hls_1/inst/regslice_both_out_V_U/B_V_data_1_payload_A[1]_i_113_n_3
    SLICE_X33Y111        LUT5 (Prop_D6LUT_SLICEL_I4_O)
                                                      0.099     6.312 r  top_i/StreamingDataflowPartition_1/inst/StreamingDataflowPartition_1_MVAU_hls_1/StreamingDataflowPartition_1_MVAU_hls_1/inst/regslice_both_out_V_U/B_V_data_1_payload_A[1]_i_41/O
                         net (fo=4, routed)           0.239     6.552    top_i/StreamingDataflowPartition_1/inst/StreamingDataflowPartition_1_MVAU_hls_1/StreamingDataflowPartition_1_MVAU_hls_1/inst/regslice_both_out_V_U/B_V_data_1_payload_A[1]_i_41_n_3
    SLICE_X29Y111        LUT6 (Prop_H6LUT_SLICEM_I1_O)
                                                      0.100     6.652 r  top_i/StreamingDataflowPartition_1/inst/StreamingDataflowPartition_1_MVAU_hls_1/StreamingDataflowPartition_1_MVAU_hls_1/inst/regslice_both_out_V_U/B_V_data_1_payload_A[1]_i_10/O
                         net (fo=4, routed)           0.282     6.934    top_i/StreamingDataflowPartition_1/inst/StreamingDataflowPartition_1_MVAU_hls_1/StreamingDataflowPartition_1_MVAU_hls_1/inst/regslice_both_out_V_U/B_V_data_1_payload_A[1]_i_10_n_3
    SLICE_X25Y107        LUT5 (Prop_D5LUT_SLICEL_I4_O)
                                                      0.164     7.098 r  top_i/StreamingDataflowPartition_1/inst/StreamingDataflowPartition_1_MVAU_hls_1/StreamingDataflowPartition_1_MVAU_hls_1/inst/regslice_both_out_V_U/B_V_data_1_payload_A[4]_i_30/O
                         net (fo=3, routed)           0.312     7.410    top_i/StreamingDataflowPartition_1/inst/StreamingDataflowPartition_1_MVAU_hls_1/StreamingDataflowPartition_1_MVAU_hls_1/inst/regslice_both_out_V_U/B_V_data_1_payload_A[4]_i_30_n_3
    SLICE_X30Y109        LUT6 (Prop_H6LUT_SLICEL_I4_O)
                                                      0.116     7.526 f  top_i/StreamingDataflowPartition_1/inst/StreamingDataflowPartition_1_MVAU_hls_1/StreamingDataflowPartition_1_MVAU_hls_1/inst/regslice_both_out_V_U/B_V_data_1_payload_A[4]_i_13/O
                         net (fo=5, routed)           0.360     7.886    top_i/StreamingDataflowPartition_1/inst/StreamingDataflowPartition_1_MVAU_hls_1/StreamingDataflowPartition_1_MVAU_hls_1/inst/regslice_both_out_V_U/B_V_data_1_payload_A[4]_i_13_n_3
    SLICE_X35Y108        LUT5 (Prop_D5LUT_SLICEL_I3_O)
                                                      0.164     8.050 r  top_i/StreamingDataflowPartition_1/inst/StreamingDataflowPartition_1_MVAU_hls_1/StreamingDataflowPartition_1_MVAU_hls_1/inst/regslice_both_out_V_U/B_V_data_1_payload_A[7]_i_27/O
                         net (fo=3, routed)           0.362     8.413    top_i/StreamingDataflowPartition_1/inst/StreamingDataflowPartition_1_MVAU_hls_1/StreamingDataflowPartition_1_MVAU_hls_1/inst/regslice_both_out_V_U/B_V_data_1_payload_A[7]_i_27_n_3
    SLICE_X31Y110        LUT6 (Prop_H6LUT_SLICEM_I1_O)
                                                      0.182     8.595 r  top_i/StreamingDataflowPartition_1/inst/StreamingDataflowPartition_1_MVAU_hls_1/StreamingDataflowPartition_1_MVAU_hls_1/inst/regslice_both_out_V_U/B_V_data_1_payload_A[4]_i_7/O
                         net (fo=2, routed)           0.358     8.952    top_i/StreamingDataflowPartition_1/inst/StreamingDataflowPartition_1_MVAU_hls_1/StreamingDataflowPartition_1_MVAU_hls_1/inst/regslice_both_out_V_U/B_V_data_1_payload_A[4]_i_7_n_3
    SLICE_X35Y109        LUT6 (Prop_G6LUT_SLICEL_I5_O)
                                                      0.038     8.990 r  top_i/StreamingDataflowPartition_1/inst/StreamingDataflowPartition_1_MVAU_hls_1/StreamingDataflowPartition_1_MVAU_hls_1/inst/regslice_both_out_V_U/B_V_data_1_payload_A[7]_i_5/O
                         net (fo=3, routed)           0.444     9.434    top_i/StreamingDataflowPartition_1/inst/StreamingDataflowPartition_1_MVAU_hls_1/StreamingDataflowPartition_1_MVAU_hls_1/inst/regslice_both_out_V_U/B_V_data_1_payload_A[7]_i_5_n_3
    SLICE_X29Y113        LUT6 (Prop_D6LUT_SLICEM_I2_O)
                                                      0.062     9.496 r  top_i/StreamingDataflowPartition_1/inst/StreamingDataflowPartition_1_MVAU_hls_1/StreamingDataflowPartition_1_MVAU_hls_1/inst/regslice_both_out_V_U/B_V_data_1_payload_A[6]_i_1/O
                         net (fo=2, routed)           0.328     9.825    top_i/StreamingDataflowPartition_1/inst/StreamingDataflowPartition_1_MVAU_hls_1/StreamingDataflowPartition_1_MVAU_hls_1/inst/regslice_both_out_V_U/grp_Matrix_Vector_Activate_Stream_Batch_fu_30_out_V_TDATA__1[6]
    SLICE_X29Y117        FDRE                                         r  top_i/StreamingDataflowPartition_1/inst/StreamingDataflowPartition_1_MVAU_hls_1/StreamingDataflowPartition_1_MVAU_hls_1/inst/regslice_both_out_V_U/B_V_data_1_payload_B_reg[6]/D
  -------------------------------------------------------------------    -------------------

                         (clock clk_pl_0 rise edge)
                                                     10.000    10.000 r  
    PS8_X0Y0             PS8                          0.000    10.000 r  top_i/zynq_ps/inst/PS8_i/PLCLK[0]
                         net (fo=1, routed)           0.140    10.140    top_i/zynq_ps/inst/pl_clk_unbuffered[0]
    BUFG_PS_X0Y58        BUFG_PS (Prop_BUFG_PS_I_O)
                                                      0.027    10.167 r  top_i/zynq_ps/inst/buffer_pl_clk_0.PL_CLK_0_BUFG/O
    X0Y1 (CLOCK_ROOT)    net (fo=24362, routed)       1.614    11.781    top_i/StreamingDataflowPartition_1/inst/StreamingDataflowPartition_1_MVAU_hls_1/StreamingDataflowPartition_1_MVAU_hls_1/inst/regslice_both_out_V_U/ap_clk
    SLICE_X29Y117        FDRE                                         r  top_i/StreamingDataflowPartition_1/inst/StreamingDataflowPartition_1_MVAU_hls_1/StreamingDataflowPartition_1_MVAU_hls_1/inst/regslice_both_out_V_U/B_V_data_1_payload_B_reg[6]/C
                         clock pessimism              0.158    11.939    
                         clock uncertainty           -0.130    11.809    
    SLICE_X29Y117        FDRE (Setup_AFF_SLICEM_C_D)
                                                      0.027    11.836    top_i/StreamingDataflowPartition_1/inst/StreamingDataflowPartition_1_MVAU_hls_1/StreamingDataflowPartition_1_MVAU_hls_1/inst/regslice_both_out_V_U/B_V_data_1_payload_B_reg[6]
  -------------------------------------------------------------------
                         required time                         11.836    
                         arrival time                          -9.825    
  -------------------------------------------------------------------
                         slack                                  2.012    

Slack (MET) :             2.023ns  (required time - arrival time)
  Source:                 top_i/StreamingDataflowPartition_1/inst/StreamingDataflowPartition_1_MVAU_hls_1/StreamingDataflowPartition_1_MVAU_hls_1/inst/grp_Matrix_Vector_Activate_Stream_Batch_fu_30/accu_V_8_reg_48978_reg[2]/C
                            (rising edge-triggered cell FDRE clocked by clk_pl_0  {rise@0.000ns fall@5.000ns period=10.000ns})
  Destination:            top_i/StreamingDataflowPartition_1/inst/StreamingDataflowPartition_1_MVAU_hls_1/StreamingDataflowPartition_1_MVAU_hls_1/inst/regslice_both_out_V_U/B_V_data_1_payload_A_reg[7]/D
                            (rising edge-triggered cell FDRE clocked by clk_pl_0  {rise@0.000ns fall@5.000ns period=10.000ns})
  Path Group:             clk_pl_0
  Path Type:              Setup (Max at Slow Process Corner)
  Requirement:            10.000ns  (clk_pl_0 rise@10.000ns - clk_pl_0 rise@0.000ns)
  Data Path Delay:        7.830ns  (logic 1.947ns (24.867%)  route 5.883ns (75.133%))
  Logic Levels:           17  (CARRY8=2 LUT4=2 LUT5=4 LUT6=9)
  Clock Path Skew:        -0.044ns (DCD - SCD + CPR)
    Destination Clock Delay (DCD):    1.781ns = ( 11.781 - 10.000 ) 
    Source Clock Delay      (SCD):    1.983ns
    Clock Pessimism Removal (CPR):    0.158ns
  Clock Uncertainty:      0.130ns  ((TSJ^2 + DJ^2)^1/2) / 2 + PE
    Total System Jitter     (TSJ):    0.071ns
    Discrete Jitter          (DJ):    0.250ns
    Phase Error              (PE):    0.000ns
  Clock Net Delay (Source):      1.776ns (routing 0.638ns, distribution 1.138ns)
  Clock Net Delay (Destination): 1.614ns (routing 0.576ns, distribution 1.038ns)

    Location             Delay type                Incr(ns)  Path(ns)    Netlist Resource(s)
  -------------------------------------------------------------------    -------------------
                         (clock clk_pl_0 rise edge)
                                                      0.000     0.000 r  
    PS8_X0Y0             PS8                          0.000     0.000 r  top_i/zynq_ps/inst/PS8_i/PLCLK[0]
                         net (fo=1, routed)           0.178     0.178    top_i/zynq_ps/inst/pl_clk_unbuffered[0]
    BUFG_PS_X0Y58        BUFG_PS (Prop_BUFG_PS_I_O)
                                                      0.029     0.207 r  top_i/zynq_ps/inst/buffer_pl_clk_0.PL_CLK_0_BUFG/O
    X0Y1 (CLOCK_ROOT)    net (fo=24362, routed)       1.776     1.983    top_i/StreamingDataflowPartition_1/inst/StreamingDataflowPartition_1_MVAU_hls_1/StreamingDataflowPartition_1_MVAU_hls_1/inst/grp_Matrix_Vector_Activate_Stream_Batch_fu_30/ap_clk
    SLICE_X20Y105        FDRE                                         r  top_i/StreamingDataflowPartition_1/inst/StreamingDataflowPartition_1_MVAU_hls_1/StreamingDataflowPartition_1_MVAU_hls_1/inst/grp_Matrix_Vector_Activate_Stream_Batch_fu_30/accu_V_8_reg_48978_reg[2]/C
  -------------------------------------------------------------------    -------------------
    SLICE_X20Y105        FDRE (Prop_CFF_SLICEM_C_Q)
                                                      0.095     2.078 r  top_i/StreamingDataflowPartition_1/inst/StreamingDataflowPartition_1_MVAU_hls_1/StreamingDataflowPartition_1_MVAU_hls_1/inst/grp_Matrix_Vector_Activate_Stream_Batch_fu_30/accu_V_8_reg_48978_reg[2]/Q
                         net (fo=495, routed)         0.832     2.910    top_i/StreamingDataflowPartition_1/inst/StreamingDataflowPartition_1_MVAU_hls_1/StreamingDataflowPartition_1_MVAU_hls_1/inst/grp_Matrix_Vector_Activate_Stream_Batch_fu_30/accu_V_fu_7952[2]
    SLICE_X14Y94         LUT4 (Prop_B6LUT_SLICEM_I0_O)
                                                      0.150     3.060 r  top_i/StreamingDataflowPartition_1/inst/StreamingDataflowPartition_1_MVAU_hls_1/StreamingDataflowPartition_1_MVAU_hls_1/inst/grp_Matrix_Vector_Activate_Stream_Batch_fu_30/B_V_data_1_payload_A[7]_i_2506/O
                         net (fo=1, routed)           0.018     3.078    top_i/StreamingDataflowPartition_1/inst/StreamingDataflowPartition_1_MVAU_hls_1/StreamingDataflowPartition_1_MVAU_hls_1/inst/grp_Matrix_Vector_Activate_Stream_Batch_fu_30/B_V_data_1_payload_A[7]_i_2506_n_3
    SLICE_X14Y94         CARRY8 (Prop_CARRY8_SLICEM_S[1]_CO[7])
                                                      0.238     3.316 r  top_i/StreamingDataflowPartition_1/inst/StreamingDataflowPartition_1_MVAU_hls_1/StreamingDataflowPartition_1_MVAU_hls_1/inst/grp_Matrix_Vector_Activate_Stream_Batch_fu_30/B_V_data_1_payload_A_reg[7]_i_1600/CO[7]
                         net (fo=1, routed)           0.028     3.344    top_i/StreamingDataflowPartition_1/inst/StreamingDataflowPartition_1_MVAU_hls_1/StreamingDataflowPartition_1_MVAU_hls_1/inst/grp_Matrix_Vector_Activate_Stream_Batch_fu_30/B_V_data_1_payload_A_reg[7]_i_1600_n_3
    SLICE_X14Y95         CARRY8 (Prop_CARRY8_SLICEM_CI_CO[1])
                                                      0.055     3.399 r  top_i/StreamingDataflowPartition_1/inst/StreamingDataflowPartition_1_MVAU_hls_1/StreamingDataflowPartition_1_MVAU_hls_1/inst/grp_Matrix_Vector_Activate_Stream_Batch_fu_30/B_V_data_1_payload_A_reg[7]_i_845/CO[1]
                         net (fo=3, routed)           0.679     4.078    top_i/StreamingDataflowPartition_1/inst/StreamingDataflowPartition_1_MVAU_hls_1/StreamingDataflowPartition_1_MVAU_hls_1/inst/regslice_both_out_V_U/B_V_data_1_payload_A[7]_i_317_2[0]
    SLICE_X21Y94         LUT4 (Prop_E6LUT_SLICEL_I3_O)
                                                      0.100     4.178 r  top_i/StreamingDataflowPartition_1/inst/StreamingDataflowPartition_1_MVAU_hls_1/StreamingDataflowPartition_1_MVAU_hls_1/inst/regslice_both_out_V_U/B_V_data_1_payload_A[7]_i_853/O
                         net (fo=3, routed)           0.167     4.345    top_i/StreamingDataflowPartition_1/inst/StreamingDataflowPartition_1_MVAU_hls_1/StreamingDataflowPartition_1_MVAU_hls_1/inst/regslice_both_out_V_U/B_V_data_1_payload_A[7]_i_853_n_3
    SLICE_X21Y93         LUT6 (Prop_E6LUT_SLICEL_I1_O)
                                                      0.039     4.384 r  top_i/StreamingDataflowPartition_1/inst/StreamingDataflowPartition_1_MVAU_hls_1/StreamingDataflowPartition_1_MVAU_hls_1/inst/regslice_both_out_V_U/B_V_data_1_payload_A[7]_i_817/O
                         net (fo=3, routed)           0.117     4.502    top_i/StreamingDataflowPartition_1/inst/StreamingDataflowPartition_1_MVAU_hls_1/StreamingDataflowPartition_1_MVAU_hls_1/inst/regslice_both_out_V_U/B_V_data_1_payload_A[7]_i_817_n_3
    SLICE_X21Y93         LUT6 (Prop_H6LUT_SLICEL_I1_O)
                                                      0.116     4.618 r  top_i/StreamingDataflowPartition_1/inst/StreamingDataflowPartition_1_MVAU_hls_1/StreamingDataflowPartition_1_MVAU_hls_1/inst/regslice_both_out_V_U/B_V_data_1_payload_A[0]_i_423/O
                         net (fo=7, routed)           0.406     5.024    top_i/StreamingDataflowPartition_1/inst/StreamingDataflowPartition_1_MVAU_hls_1/StreamingDataflowPartition_1_MVAU_hls_1/inst/regslice_both_out_V_U/B_V_data_1_payload_A[0]_i_423_n_3
    SLICE_X24Y99         LUT6 (Prop_H6LUT_SLICEM_I0_O)
                                                      0.066     5.090 r  top_i/StreamingDataflowPartition_1/inst/StreamingDataflowPartition_1_MVAU_hls_1/StreamingDataflowPartition_1_MVAU_hls_1/inst/regslice_both_out_V_U/B_V_data_1_payload_A[0]_i_130/O
                         net (fo=4, routed)           0.176     5.266    top_i/StreamingDataflowPartition_1/inst/StreamingDataflowPartition_1_MVAU_hls_1/StreamingDataflowPartition_1_MVAU_hls_1/inst/regslice_both_out_V_U/B_V_data_1_payload_A[0]_i_130_n_3
    SLICE_X26Y100        LUT6 (Prop_B6LUT_SLICEL_I1_O)
                                                      0.100     5.366 r  top_i/StreamingDataflowPartition_1/inst/StreamingDataflowPartition_1_MVAU_hls_1/StreamingDataflowPartition_1_MVAU_hls_1/inst/regslice_both_out_V_U/B_V_data_1_payload_A[0]_i_36/O
                         net (fo=6, routed)           0.463     5.829    top_i/StreamingDataflowPartition_1/inst/StreamingDataflowPartition_1_MVAU_hls_1/StreamingDataflowPartition_1_MVAU_hls_1/inst/regslice_both_out_V_U/grp_Matrix_Vector_Activate_Stream_Batch_fu_30/zext_ln840_57_fu_16533_p1[0]
    SLICE_X25Y111        LUT5 (Prop_C6LUT_SLICEL_I1_O)
                                                      0.063     5.892 r  top_i/StreamingDataflowPartition_1/inst/StreamingDataflowPartition_1_MVAU_hls_1/StreamingDataflowPartition_1_MVAU_hls_1/inst/regslice_both_out_V_U/B_V_data_1_payload_A[1]_i_113/O
                         net (fo=2, routed)           0.321     6.213    top_i/StreamingDataflowPartition_1/inst/StreamingDataflowPartition_1_MVAU_hls_1/StreamingDataflowPartition_1_MVAU_hls_1/inst/regslice_both_out_V_U/B_V_data_1_payload_A[1]_i_113_n_3
    SLICE_X33Y111        LUT5 (Prop_D6LUT_SLICEL_I4_O)
                                                      0.099     6.312 r  top_i/StreamingDataflowPartition_1/inst/StreamingDataflowPartition_1_MVAU_hls_1/StreamingDataflowPartition_1_MVAU_hls_1/inst/regslice_both_out_V_U/B_V_data_1_payload_A[1]_i_41/O
                         net (fo=4, routed)           0.239     6.552    top_i/StreamingDataflowPartition_1/inst/StreamingDataflowPartition_1_MVAU_hls_1/StreamingDataflowPartition_1_MVAU_hls_1/inst/regslice_both_out_V_U/B_V_data_1_payload_A[1]_i_41_n_3
    SLICE_X29Y111        LUT6 (Prop_H6LUT_SLICEM_I1_O)
                                                      0.100     6.652 r  top_i/StreamingDataflowPartition_1/inst/StreamingDataflowPartition_1_MVAU_hls_1/StreamingDataflowPartition_1_MVAU_hls_1/inst/regslice_both_out_V_U/B_V_data_1_payload_A[1]_i_10/O
                         net (fo=4, routed)           0.282     6.934    top_i/StreamingDataflowPartition_1/inst/StreamingDataflowPartition_1_MVAU_hls_1/StreamingDataflowPartition_1_MVAU_hls_1/inst/regslice_both_out_V_U/B_V_data_1_payload_A[1]_i_10_n_3
    SLICE_X25Y107        LUT5 (Prop_D5LUT_SLICEL_I4_O)
                                                      0.164     7.098 r  top_i/StreamingDataflowPartition_1/inst/StreamingDataflowPartition_1_MVAU_hls_1/StreamingDataflowPartition_1_MVAU_hls_1/inst/regslice_both_out_V_U/B_V_data_1_payload_A[4]_i_30/O
                         net (fo=3, routed)           0.312     7.410    top_i/StreamingDataflowPartition_1/inst/StreamingDataflowPartition_1_MVAU_hls_1/StreamingDataflowPartition_1_MVAU_hls_1/inst/regslice_both_out_V_U/B_V_data_1_payload_A[4]_i_30_n_3
    SLICE_X30Y109        LUT6 (Prop_H6LUT_SLICEL_I4_O)
                                                      0.116     7.526 f  top_i/StreamingDataflowPartition_1/inst/StreamingDataflowPartition_1_MVAU_hls_1/StreamingDataflowPartition_1_MVAU_hls_1/inst/regslice_both_out_V_U/B_V_data_1_payload_A[4]_i_13/O
                         net (fo=5, routed)           0.360     7.886    top_i/StreamingDataflowPartition_1/inst/StreamingDataflowPartition_1_MVAU_hls_1/StreamingDataflowPartition_1_MVAU_hls_1/inst/regslice_both_out_V_U/B_V_data_1_payload_A[4]_i_13_n_3
    SLICE_X35Y108        LUT5 (Prop_D5LUT_SLICEL_I3_O)
                                                      0.164     8.050 r  top_i/StreamingDataflowPartition_1/inst/StreamingDataflowPartition_1_MVAU_hls_1/StreamingDataflowPartition_1_MVAU_hls_1/inst/regslice_both_out_V_U/B_V_data_1_payload_A[7]_i_27/O
                         net (fo=3, routed)           0.362     8.413    top_i/StreamingDataflowPartition_1/inst/StreamingDataflowPartition_1_MVAU_hls_1/StreamingDataflowPartition_1_MVAU_hls_1/inst/regslice_both_out_V_U/B_V_data_1_payload_A[7]_i_27_n_3
    SLICE_X31Y110        LUT6 (Prop_H6LUT_SLICEM_I1_O)
                                                      0.182     8.595 f  top_i/StreamingDataflowPartition_1/inst/StreamingDataflowPartition_1_MVAU_hls_1/StreamingDataflowPartition_1_MVAU_hls_1/inst/regslice_both_out_V_U/B_V_data_1_payload_A[4]_i_7/O
                         net (fo=2, routed)           0.358     8.952    top_i/StreamingDataflowPartition_1/inst/StreamingDataflowPartition_1_MVAU_hls_1/StreamingDataflowPartition_1_MVAU_hls_1/inst/regslice_both_out_V_U/B_V_data_1_payload_A[4]_i_7_n_3
    SLICE_X35Y109        LUT6 (Prop_G6LUT_SLICEL_I5_O)
                                                      0.038     8.990 f  top_i/StreamingDataflowPartition_1/inst/StreamingDataflowPartition_1_MVAU_hls_1/StreamingDataflowPartition_1_MVAU_hls_1/inst/regslice_both_out_V_U/B_V_data_1_payload_A[7]_i_5/O
                         net (fo=3, routed)           0.445     9.435    top_i/StreamingDataflowPartition_1/inst/StreamingDataflowPartition_1_MVAU_hls_1/StreamingDataflowPartition_1_MVAU_hls_1/inst/regslice_both_out_V_U/B_V_data_1_payload_A[7]_i_5_n_3
    SLICE_X29Y113        LUT6 (Prop_C6LUT_SLICEM_I3_O)
                                                      0.062     9.497 r  top_i/StreamingDataflowPartition_1/inst/StreamingDataflowPartition_1_MVAU_hls_1/StreamingDataflowPartition_1_MVAU_hls_1/inst/regslice_both_out_V_U/B_V_data_1_payload_A[7]_i_1/O
                         net (fo=2, routed)           0.316     9.813    top_i/StreamingDataflowPartition_1/inst/StreamingDataflowPartition_1_MVAU_hls_1/StreamingDataflowPartition_1_MVAU_hls_1/inst/regslice_both_out_V_U/grp_Matrix_Vector_Activate_Stream_Batch_fu_30_out_V_TDATA__1[7]
    SLICE_X29Y117        FDRE                                         r  top_i/StreamingDataflowPartition_1/inst/StreamingDataflowPartition_1_MVAU_hls_1/StreamingDataflowPartition_1_MVAU_hls_1/inst/regslice_both_out_V_U/B_V_data_1_payload_A_reg[7]/D
  -------------------------------------------------------------------    -------------------

                         (clock clk_pl_0 rise edge)
                                                     10.000    10.000 r  
    PS8_X0Y0             PS8                          0.000    10.000 r  top_i/zynq_ps/inst/PS8_i/PLCLK[0]
                         net (fo=1, routed)           0.140    10.140    top_i/zynq_ps/inst/pl_clk_unbuffered[0]
    BUFG_PS_X0Y58        BUFG_PS (Prop_BUFG_PS_I_O)
                                                      0.027    10.167 r  top_i/zynq_ps/inst/buffer_pl_clk_0.PL_CLK_0_BUFG/O
    X0Y1 (CLOCK_ROOT)    net (fo=24362, routed)       1.614    11.781    top_i/StreamingDataflowPartition_1/inst/StreamingDataflowPartition_1_MVAU_hls_1/StreamingDataflowPartition_1_MVAU_hls_1/inst/regslice_both_out_V_U/ap_clk
    SLICE_X29Y117        FDRE                                         r  top_i/StreamingDataflowPartition_1/inst/StreamingDataflowPartition_1_MVAU_hls_1/StreamingDataflowPartition_1_MVAU_hls_1/inst/regslice_both_out_V_U/B_V_data_1_payload_A_reg[7]/C
                         clock pessimism              0.158    11.939    
                         clock uncertainty           -0.130    11.809    
    SLICE_X29Y117        FDRE (Setup_EFF2_SLICEM_C_D)
                                                      0.027    11.836    top_i/StreamingDataflowPartition_1/inst/StreamingDataflowPartition_1_MVAU_hls_1/StreamingDataflowPartition_1_MVAU_hls_1/inst/regslice_both_out_V_U/B_V_data_1_payload_A_reg[7]
  -------------------------------------------------------------------
                         required time                         11.836    
                         arrival time                          -9.813    
  -------------------------------------------------------------------
                         slack                                  2.023    

Slack (MET) :             2.036ns  (required time - arrival time)
  Source:                 top_i/StreamingDataflowPartition_1/inst/StreamingDataflowPartition_1_MVAU_hls_1/StreamingDataflowPartition_1_MVAU_hls_1/inst/grp_Matrix_Vector_Activate_Stream_Batch_fu_30/accu_V_11_reg_49755_reg[3]_rep__0/C
                            (rising edge-triggered cell FDRE clocked by clk_pl_0  {rise@0.000ns fall@5.000ns period=10.000ns})
  Destination:            top_i/StreamingDataflowPartition_1/inst/StreamingDataflowPartition_1_MVAU_hls_1/StreamingDataflowPartition_1_MVAU_hls_1/inst/regslice_both_out_V_U/B_V_data_1_payload_A_reg[30]/D
                            (rising edge-triggered cell FDRE clocked by clk_pl_0  {rise@0.000ns fall@5.000ns period=10.000ns})
  Path Group:             clk_pl_0
  Path Type:              Setup (Max at Slow Process Corner)
  Requirement:            10.000ns  (clk_pl_0 rise@10.000ns - clk_pl_0 rise@0.000ns)
  Data Path Delay:        7.775ns  (logic 1.958ns (25.182%)  route 5.817ns (74.818%))
  Logic Levels:           17  (CARRY8=2 LUT4=2 LUT5=7 LUT6=6)
  Clock Path Skew:        -0.086ns (DCD - SCD + CPR)
    Destination Clock Delay (DCD):    1.767ns = ( 11.767 - 10.000 ) 
    Source Clock Delay      (SCD):    2.013ns
    Clock Pessimism Removal (CPR):    0.160ns
  Clock Uncertainty:      0.130ns  ((TSJ^2 + DJ^2)^1/2) / 2 + PE
    Total System Jitter     (TSJ):    0.071ns
    Discrete Jitter          (DJ):    0.250ns
    Phase Error              (PE):    0.000ns
  Clock Net Delay (Source):      1.806ns (routing 0.638ns, distribution 1.168ns)
  Clock Net Delay (Destination): 1.600ns (routing 0.576ns, distribution 1.024ns)

    Location             Delay type                Incr(ns)  Path(ns)    Netlist Resource(s)
  -------------------------------------------------------------------    -------------------
                         (clock clk_pl_0 rise edge)
                                                      0.000     0.000 r  
    PS8_X0Y0             PS8                          0.000     0.000 r  top_i/zynq_ps/inst/PS8_i/PLCLK[0]
                         net (fo=1, routed)           0.178     0.178    top_i/zynq_ps/inst/pl_clk_unbuffered[0]
    BUFG_PS_X0Y58        BUFG_PS (Prop_BUFG_PS_I_O)
                                                      0.029     0.207 r  top_i/zynq_ps/inst/buffer_pl_clk_0.PL_CLK_0_BUFG/O
    X0Y1 (CLOCK_ROOT)    net (fo=24362, routed)       1.806     2.013    top_i/StreamingDataflowPartition_1/inst/StreamingDataflowPartition_1_MVAU_hls_1/StreamingDataflowPartition_1_MVAU_hls_1/inst/grp_Matrix_Vector_Activate_Stream_Batch_fu_30/ap_clk
    SLICE_X17Y137        FDRE                                         r  top_i/StreamingDataflowPartition_1/inst/StreamingDataflowPartition_1_MVAU_hls_1/StreamingDataflowPartition_1_MVAU_hls_1/inst/grp_Matrix_Vector_Activate_Stream_Batch_fu_30/accu_V_11_reg_49755_reg[3]_rep__0/C
  -------------------------------------------------------------------    -------------------
    SLICE_X17Y137        FDRE (Prop_EFF_SLICEL_C_Q)
                                                      0.096     2.109 r  top_i/StreamingDataflowPartition_1/inst/StreamingDataflowPartition_1_MVAU_hls_1/StreamingDataflowPartition_1_MVAU_hls_1/inst/grp_Matrix_Vector_Activate_Stream_Batch_fu_30/accu_V_11_reg_49755_reg[3]_rep__0/Q
                         net (fo=128, routed)         1.070     3.179    top_i/StreamingDataflowPartition_1/inst/StreamingDataflowPartition_1_MVAU_hls_1/StreamingDataflowPartition_1_MVAU_hls_1/inst/grp_Matrix_Vector_Activate_Stream_Batch_fu_30/accu_V_11_reg_49755_reg[3]_rep__0_n_3
    SLICE_X39Y144        LUT4 (Prop_B6LUT_SLICEM_I0_O)
                                                      0.116     3.295 r  top_i/StreamingDataflowPartition_1/inst/StreamingDataflowPartition_1_MVAU_hls_1/StreamingDataflowPartition_1_MVAU_hls_1/inst/grp_Matrix_Vector_Activate_Stream_Batch_fu_30/B_V_data_1_payload_A[31]_i_1669/O
                         net (fo=1, routed)           0.018     3.313    top_i/StreamingDataflowPartition_1/inst/StreamingDataflowPartition_1_MVAU_hls_1/StreamingDataflowPartition_1_MVAU_hls_1/inst/grp_Matrix_Vector_Activate_Stream_Batch_fu_30/B_V_data_1_payload_A[31]_i_1669_n_3
    SLICE_X39Y144        CARRY8 (Prop_CARRY8_SLICEM_S[1]_CO[7])
                                                      0.238     3.551 r  top_i/StreamingDataflowPartition_1/inst/StreamingDataflowPartition_1_MVAU_hls_1/StreamingDataflowPartition_1_MVAU_hls_1/inst/grp_Matrix_Vector_Activate_Stream_Batch_fu_30/B_V_data_1_payload_A_reg[31]_i_995/CO[7]
                         net (fo=1, routed)           0.028     3.579    top_i/StreamingDataflowPartition_1/inst/StreamingDataflowPartition_1_MVAU_hls_1/StreamingDataflowPartition_1_MVAU_hls_1/inst/grp_Matrix_Vector_Activate_Stream_Batch_fu_30/B_V_data_1_payload_A_reg[31]_i_995_n_3
    SLICE_X39Y145        CARRY8 (Prop_CARRY8_SLICEM_CI_CO[1])
                                                      0.055     3.634 r  top_i/StreamingDataflowPartition_1/inst/StreamingDataflowPartition_1_MVAU_hls_1/StreamingDataflowPartition_1_MVAU_hls_1/inst/grp_Matrix_Vector_Activate_Stream_Batch_fu_30/B_V_data_1_payload_A_reg[31]_i_473/CO[1]
                         net (fo=3, routed)           0.546     4.180    top_i/StreamingDataflowPartition_1/inst/StreamingDataflowPartition_1_MVAU_hls_1/StreamingDataflowPartition_1_MVAU_hls_1/inst/regslice_both_out_V_U/B_V_data_1_payload_A[31]_i_445_0[0]
    SLICE_X36Y143        LUT4 (Prop_A6LUT_SLICEL_I1_O)
                                                      0.178     4.358 r  top_i/StreamingDataflowPartition_1/inst/StreamingDataflowPartition_1_MVAU_hls_1/StreamingDataflowPartition_1_MVAU_hls_1/inst/regslice_both_out_V_U/B_V_data_1_payload_A[31]_i_902/O
                         net (fo=3, routed)           0.276     4.633    top_i/StreamingDataflowPartition_1/inst/StreamingDataflowPartition_1_MVAU_hls_1/StreamingDataflowPartition_1_MVAU_hls_1/inst/regslice_both_out_V_U/B_V_data_1_payload_A[31]_i_902_n_3
    SLICE_X36Y140        LUT5 (Prop_D6LUT_SLICEL_I0_O)
                                                      0.116     4.749 r  top_i/StreamingDataflowPartition_1/inst/StreamingDataflowPartition_1_MVAU_hls_1/StreamingDataflowPartition_1_MVAU_hls_1/inst/regslice_both_out_V_U/B_V_data_1_payload_A[31]_i_445/O
                         net (fo=3, routed)           0.488     5.238    top_i/StreamingDataflowPartition_1/inst/StreamingDataflowPartition_1_MVAU_hls_1/StreamingDataflowPartition_1_MVAU_hls_1/inst/regslice_both_out_V_U/B_V_data_1_payload_A[31]_i_445_n_3
    SLICE_X21Y137        LUT5 (Prop_H5LUT_SLICEL_I0_O)
                                                      0.118     5.356 r  top_i/StreamingDataflowPartition_1/inst/StreamingDataflowPartition_1_MVAU_hls_1/StreamingDataflowPartition_1_MVAU_hls_1/inst/regslice_both_out_V_U/B_V_data_1_payload_A[31]_i_428/O
                         net (fo=3, routed)           0.239     5.594    top_i/StreamingDataflowPartition_1/inst/StreamingDataflowPartition_1_MVAU_hls_1/StreamingDataflowPartition_1_MVAU_hls_1/inst/regslice_both_out_V_U/B_V_data_1_payload_A[31]_i_428_n_3
    SLICE_X21Y137        LUT5 (Prop_B6LUT_SLICEL_I2_O)
                                                      0.100     5.694 r  top_i/StreamingDataflowPartition_1/inst/StreamingDataflowPartition_1_MVAU_hls_1/StreamingDataflowPartition_1_MVAU_hls_1/inst/regslice_both_out_V_U/B_V_data_1_payload_A[31]_i_215/O
                         net (fo=4, routed)           0.174     5.868    top_i/StreamingDataflowPartition_1/inst/StreamingDataflowPartition_1_MVAU_hls_1/StreamingDataflowPartition_1_MVAU_hls_1/inst/regslice_both_out_V_U/B_V_data_1_payload_A[31]_i_215_n_3
    SLICE_X20Y135        LUT6 (Prop_G6LUT_SLICEM_I1_O)
                                                      0.100     5.968 r  top_i/StreamingDataflowPartition_1/inst/StreamingDataflowPartition_1_MVAU_hls_1/StreamingDataflowPartition_1_MVAU_hls_1/inst/regslice_both_out_V_U/B_V_data_1_payload_A[31]_i_159/O
                         net (fo=4, routed)           0.384     6.352    top_i/StreamingDataflowPartition_1/inst/StreamingDataflowPartition_1_MVAU_hls_1/StreamingDataflowPartition_1_MVAU_hls_1/inst/regslice_both_out_V_U/B_V_data_1_payload_A[31]_i_159_n_3
    SLICE_X17Y134        LUT5 (Prop_C6LUT_SLICEL_I4_O)
                                                      0.063     6.415 r  top_i/StreamingDataflowPartition_1/inst/StreamingDataflowPartition_1_MVAU_hls_1/StreamingDataflowPartition_1_MVAU_hls_1/inst/regslice_both_out_V_U/B_V_data_1_payload_A[31]_i_155/O
                         net (fo=1, routed)           0.365     6.780    top_i/StreamingDataflowPartition_1/inst/StreamingDataflowPartition_1_MVAU_hls_1/StreamingDataflowPartition_1_MVAU_hls_1/inst/regslice_both_out_V_U/B_V_data_1_payload_A[31]_i_155_n_3
    SLICE_X20Y134        LUT5 (Prop_H5LUT_SLICEM_I3_O)
                                                      0.167     6.947 r  top_i/StreamingDataflowPartition_1/inst/StreamingDataflowPartition_1_MVAU_hls_1/StreamingDataflowPartition_1_MVAU_hls_1/inst/regslice_both_out_V_U/B_V_data_1_payload_A[31]_i_67/O
                         net (fo=6, routed)           0.422     7.369    top_i/StreamingDataflowPartition_1/inst/StreamingDataflowPartition_1_MVAU_hls_1/StreamingDataflowPartition_1_MVAU_hls_1/inst/regslice_both_out_V_U/B_V_data_1_payload_A[31]_i_67_n_3
    SLICE_X15Y136        LUT6 (Prop_D6LUT_SLICEL_I4_O)
                                                      0.063     7.432 r  top_i/StreamingDataflowPartition_1/inst/StreamingDataflowPartition_1_MVAU_hls_1/StreamingDataflowPartition_1_MVAU_hls_1/inst/regslice_both_out_V_U/B_V_data_1_payload_A[31]_i_85/O
                         net (fo=4, routed)           0.423     7.855    top_i/StreamingDataflowPartition_1/inst/StreamingDataflowPartition_1_MVAU_hls_1/StreamingDataflowPartition_1_MVAU_hls_1/inst/regslice_both_out_V_U/B_V_data_1_payload_A[31]_i_85_n_3
    SLICE_X19Y140        LUT6 (Prop_E6LUT_SLICEM_I3_O)
                                                      0.063     7.918 r  top_i/StreamingDataflowPartition_1/inst/StreamingDataflowPartition_1_MVAU_hls_1/StreamingDataflowPartition_1_MVAU_hls_1/inst/regslice_both_out_V_U/B_V_data_1_payload_A[31]_i_40/O
                         net (fo=5, routed)           0.237     8.155    top_i/StreamingDataflowPartition_1/inst/StreamingDataflowPartition_1_MVAU_hls_1/StreamingDataflowPartition_1_MVAU_hls_1/inst/regslice_both_out_V_U/grp_Matrix_Vector_Activate_Stream_Batch_fu_30/zext_ln840_861_fu_46113_p1[2]
    SLICE_X20Y143        LUT5 (Prop_D5LUT_SLICEM_I1_O)
                                                      0.082     8.237 r  top_i/StreamingDataflowPartition_1/inst/StreamingDataflowPartition_1_MVAU_hls_1/StreamingDataflowPartition_1_MVAU_hls_1/inst/regslice_both_out_V_U/B_V_data_1_payload_A[31]_i_14/O
                         net (fo=3, routed)           0.359     8.595    top_i/StreamingDataflowPartition_1/inst/StreamingDataflowPartition_1_MVAU_hls_1/StreamingDataflowPartition_1_MVAU_hls_1/inst/regslice_both_out_V_U/B_V_data_1_payload_A[31]_i_14_n_3
    SLICE_X19Y138        LUT6 (Prop_H6LUT_SLICEM_I0_O)
                                                      0.151     8.746 r  top_i/StreamingDataflowPartition_1/inst/StreamingDataflowPartition_1_MVAU_hls_1/StreamingDataflowPartition_1_MVAU_hls_1/inst/regslice_both_out_V_U/B_V_data_1_payload_A[31]_i_20/O
                         net (fo=2, routed)           0.197     8.943    top_i/StreamingDataflowPartition_1/inst/StreamingDataflowPartition_1_MVAU_hls_1/StreamingDataflowPartition_1_MVAU_hls_1/inst/regslice_both_out_V_U/B_V_data_1_payload_A[31]_i_20_n_3
    SLICE_X20Y140        LUT6 (Prop_H6LUT_SLICEM_I2_O)
                                                      0.151     9.094 r  top_i/StreamingDataflowPartition_1/inst/StreamingDataflowPartition_1_MVAU_hls_1/StreamingDataflowPartition_1_MVAU_hls_1/inst/regslice_both_out_V_U/B_V_data_1_payload_A[29]_i_7/O
                         net (fo=2, routed)           0.117     9.211    top_i/StreamingDataflowPartition_1/inst/StreamingDataflowPartition_1_MVAU_hls_1/StreamingDataflowPartition_1_MVAU_hls_1/inst/regslice_both_out_V_U/B_V_data_1_payload_A[29]_i_7_n_3
    SLICE_X20Y142        LUT6 (Prop_G6LUT_SLICEM_I4_O)
                                                      0.039     9.250 r  top_i/StreamingDataflowPartition_1/inst/StreamingDataflowPartition_1_MVAU_hls_1/StreamingDataflowPartition_1_MVAU_hls_1/inst/regslice_both_out_V_U/B_V_data_1_payload_A[31]_i_6/O
                         net (fo=2, routed)           0.169     9.419    top_i/StreamingDataflowPartition_1/inst/StreamingDataflowPartition_1_MVAU_hls_1/StreamingDataflowPartition_1_MVAU_hls_1/inst/regslice_both_out_V_U/B_V_data_1_payload_A[31]_i_6_n_3
    SLICE_X20Y138        LUT5 (Prop_D6LUT_SLICEM_I3_O)
                                                      0.062     9.481 r  top_i/StreamingDataflowPartition_1/inst/StreamingDataflowPartition_1_MVAU_hls_1/StreamingDataflowPartition_1_MVAU_hls_1/inst/regslice_both_out_V_U/B_V_data_1_payload_A[30]_i_1/O
                         net (fo=2, routed)           0.308     9.788    top_i/StreamingDataflowPartition_1/inst/StreamingDataflowPartition_1_MVAU_hls_1/StreamingDataflowPartition_1_MVAU_hls_1/inst/regslice_both_out_V_U/grp_Matrix_Vector_Activate_Stream_Batch_fu_30_out_V_TDATA__0[30]
    SLICE_X20Y133        FDRE                                         r  top_i/StreamingDataflowPartition_1/inst/StreamingDataflowPartition_1_MVAU_hls_1/StreamingDataflowPartition_1_MVAU_hls_1/inst/regslice_both_out_V_U/B_V_data_1_payload_A_reg[30]/D
  -------------------------------------------------------------------    -------------------

                         (clock clk_pl_0 rise edge)
                                                     10.000    10.000 r  
    PS8_X0Y0             PS8                          0.000    10.000 r  top_i/zynq_ps/inst/PS8_i/PLCLK[0]
                         net (fo=1, routed)           0.140    10.140    top_i/zynq_ps/inst/pl_clk_unbuffered[0]
    BUFG_PS_X0Y58        BUFG_PS (Prop_BUFG_PS_I_O)
                                                      0.027    10.167 r  top_i/zynq_ps/inst/buffer_pl_clk_0.PL_CLK_0_BUFG/O
    X0Y1 (CLOCK_ROOT)    net (fo=24362, routed)       1.600    11.767    top_i/StreamingDataflowPartition_1/inst/StreamingDataflowPartition_1_MVAU_hls_1/StreamingDataflowPartition_1_MVAU_hls_1/inst/regslice_both_out_V_U/ap_clk
    SLICE_X20Y133        FDRE                                         r  top_i/StreamingDataflowPartition_1/inst/StreamingDataflowPartition_1_MVAU_hls_1/StreamingDataflowPartition_1_MVAU_hls_1/inst/regslice_both_out_V_U/B_V_data_1_payload_A_reg[30]/C
                         clock pessimism              0.160    11.927    
                         clock uncertainty           -0.130    11.797    
    SLICE_X20Y133        FDRE (Setup_HFF2_SLICEM_C_D)
                                                      0.027    11.824    top_i/StreamingDataflowPartition_1/inst/StreamingDataflowPartition_1_MVAU_hls_1/StreamingDataflowPartition_1_MVAU_hls_1/inst/regslice_both_out_V_U/B_V_data_1_payload_A_reg[30]
  -------------------------------------------------------------------
                         required time                         11.824    
                         arrival time                          -9.788    
  -------------------------------------------------------------------
                         slack                                  2.036    

Slack (MET) :             2.056ns  (required time - arrival time)
  Source:                 top_i/StreamingDataflowPartition_1/inst/StreamingDataflowPartition_1_MVAU_hls_1/StreamingDataflowPartition_1_MVAU_hls_1/inst/grp_Matrix_Vector_Activate_Stream_Batch_fu_30/accu_V_8_reg_48978_reg[2]/C
                            (rising edge-triggered cell FDRE clocked by clk_pl_0  {rise@0.000ns fall@5.000ns period=10.000ns})
  Destination:            top_i/StreamingDataflowPartition_1/inst/StreamingDataflowPartition_1_MVAU_hls_1/StreamingDataflowPartition_1_MVAU_hls_1/inst/regslice_both_out_V_U/B_V_data_1_payload_A_reg[6]/D
                            (rising edge-triggered cell FDRE clocked by clk_pl_0  {rise@0.000ns fall@5.000ns period=10.000ns})
  Path Group:             clk_pl_0
  Path Type:              Setup (Max at Slow Process Corner)
  Requirement:            10.000ns  (clk_pl_0 rise@10.000ns - clk_pl_0 rise@0.000ns)
  Data Path Delay:        7.797ns  (logic 1.947ns (24.970%)  route 5.850ns (75.030%))
  Logic Levels:           17  (CARRY8=2 LUT4=2 LUT5=4 LUT6=9)
  Clock Path Skew:        -0.044ns (DCD - SCD + CPR)
    Destination Clock Delay (DCD):    1.781ns = ( 11.781 - 10.000 ) 
    Source Clock Delay      (SCD):    1.983ns
    Clock Pessimism Removal (CPR):    0.158ns
  Clock Uncertainty:      0.130ns  ((TSJ^2 + DJ^2)^1/2) / 2 + PE
    Total System Jitter     (TSJ):    0.071ns
    Discrete Jitter          (DJ):    0.250ns
    Phase Error              (PE):    0.000ns
  Clock Net Delay (Source):      1.776ns (routing 0.638ns, distribution 1.138ns)
  Clock Net Delay (Destination): 1.614ns (routing 0.576ns, distribution 1.038ns)

    Location             Delay type                Incr(ns)  Path(ns)    Netlist Resource(s)
  -------------------------------------------------------------------    -------------------
                         (clock clk_pl_0 rise edge)
                                                      0.000     0.000 r  
    PS8_X0Y0             PS8                          0.000     0.000 r  top_i/zynq_ps/inst/PS8_i/PLCLK[0]
                         net (fo=1, routed)           0.178     0.178    top_i/zynq_ps/inst/pl_clk_unbuffered[0]
    BUFG_PS_X0Y58        BUFG_PS (Prop_BUFG_PS_I_O)
                                                      0.029     0.207 r  top_i/zynq_ps/inst/buffer_pl_clk_0.PL_CLK_0_BUFG/O
    X0Y1 (CLOCK_ROOT)    net (fo=24362, routed)       1.776     1.983    top_i/StreamingDataflowPartition_1/inst/StreamingDataflowPartition_1_MVAU_hls_1/StreamingDataflowPartition_1_MVAU_hls_1/inst/grp_Matrix_Vector_Activate_Stream_Batch_fu_30/ap_clk
    SLICE_X20Y105        FDRE                                         r  top_i/StreamingDataflowPartition_1/inst/StreamingDataflowPartition_1_MVAU_hls_1/StreamingDataflowPartition_1_MVAU_hls_1/inst/grp_Matrix_Vector_Activate_Stream_Batch_fu_30/accu_V_8_reg_48978_reg[2]/C
  -------------------------------------------------------------------    -------------------
    SLICE_X20Y105        FDRE (Prop_CFF_SLICEM_C_Q)
                                                      0.095     2.078 r  top_i/StreamingDataflowPartition_1/inst/StreamingDataflowPartition_1_MVAU_hls_1/StreamingDataflowPartition_1_MVAU_hls_1/inst/grp_Matrix_Vector_Activate_Stream_Batch_fu_30/accu_V_8_reg_48978_reg[2]/Q
                         net (fo=495, routed)         0.832     2.910    top_i/StreamingDataflowPartition_1/inst/StreamingDataflowPartition_1_MVAU_hls_1/StreamingDataflowPartition_1_MVAU_hls_1/inst/grp_Matrix_Vector_Activate_Stream_Batch_fu_30/accu_V_fu_7952[2]
    SLICE_X14Y94         LUT4 (Prop_B6LUT_SLICEM_I0_O)
                                                      0.150     3.060 r  top_i/StreamingDataflowPartition_1/inst/StreamingDataflowPartition_1_MVAU_hls_1/StreamingDataflowPartition_1_MVAU_hls_1/inst/grp_Matrix_Vector_Activate_Stream_Batch_fu_30/B_V_data_1_payload_A[7]_i_2506/O
                         net (fo=1, routed)           0.018     3.078    top_i/StreamingDataflowPartition_1/inst/StreamingDataflowPartition_1_MVAU_hls_1/StreamingDataflowPartition_1_MVAU_hls_1/inst/grp_Matrix_Vector_Activate_Stream_Batch_fu_30/B_V_data_1_payload_A[7]_i_2506_n_3
    SLICE_X14Y94         CARRY8 (Prop_CARRY8_SLICEM_S[1]_CO[7])
                                                      0.238     3.316 r  top_i/StreamingDataflowPartition_1/inst/StreamingDataflowPartition_1_MVAU_hls_1/StreamingDataflowPartition_1_MVAU_hls_1/inst/grp_Matrix_Vector_Activate_Stream_Batch_fu_30/B_V_data_1_payload_A_reg[7]_i_1600/CO[7]
                         net (fo=1, routed)           0.028     3.344    top_i/StreamingDataflowPartition_1/inst/StreamingDataflowPartition_1_MVAU_hls_1/StreamingDataflowPartition_1_MVAU_hls_1/inst/grp_Matrix_Vector_Activate_Stream_Batch_fu_30/B_V_data_1_payload_A_reg[7]_i_1600_n_3
    SLICE_X14Y95         CARRY8 (Prop_CARRY8_SLICEM_CI_CO[1])
                                                      0.055     3.399 r  top_i/StreamingDataflowPartition_1/inst/StreamingDataflowPartition_1_MVAU_hls_1/StreamingDataflowPartition_1_MVAU_hls_1/inst/grp_Matrix_Vector_Activate_Stream_Batch_fu_30/B_V_data_1_payload_A_reg[7]_i_845/CO[1]
                         net (fo=3, routed)           0.679     4.078    top_i/StreamingDataflowPartition_1/inst/StreamingDataflowPartition_1_MVAU_hls_1/StreamingDataflowPartition_1_MVAU_hls_1/inst/regslice_both_out_V_U/B_V_data_1_payload_A[7]_i_317_2[0]
    SLICE_X21Y94         LUT4 (Prop_E6LUT_SLICEL_I3_O)
                                                      0.100     4.178 r  top_i/StreamingDataflowPartition_1/inst/StreamingDataflowPartition_1_MVAU_hls_1/StreamingDataflowPartition_1_MVAU_hls_1/inst/regslice_both_out_V_U/B_V_data_1_payload_A[7]_i_853/O
                         net (fo=3, routed)           0.167     4.345    top_i/StreamingDataflowPartition_1/inst/StreamingDataflowPartition_1_MVAU_hls_1/StreamingDataflowPartition_1_MVAU_hls_1/inst/regslice_both_out_V_U/B_V_data_1_payload_A[7]_i_853_n_3
    SLICE_X21Y93         LUT6 (Prop_E6LUT_SLICEL_I1_O)
                                                      0.039     4.384 r  top_i/StreamingDataflowPartition_1/inst/StreamingDataflowPartition_1_MVAU_hls_1/StreamingDataflowPartition_1_MVAU_hls_1/inst/regslice_both_out_V_U/B_V_data_1_payload_A[7]_i_817/O
                         net (fo=3, routed)           0.117     4.502    top_i/StreamingDataflowPartition_1/inst/StreamingDataflowPartition_1_MVAU_hls_1/StreamingDataflowPartition_1_MVAU_hls_1/inst/regslice_both_out_V_U/B_V_data_1_payload_A[7]_i_817_n_3
    SLICE_X21Y93         LUT6 (Prop_H6LUT_SLICEL_I1_O)
                                                      0.116     4.618 r  top_i/StreamingDataflowPartition_1/inst/StreamingDataflowPartition_1_MVAU_hls_1/StreamingDataflowPartition_1_MVAU_hls_1/inst/regslice_both_out_V_U/B_V_data_1_payload_A[0]_i_423/O
                         net (fo=7, routed)           0.406     5.024    top_i/StreamingDataflowPartition_1/inst/StreamingDataflowPartition_1_MVAU_hls_1/StreamingDataflowPartition_1_MVAU_hls_1/inst/regslice_both_out_V_U/B_V_data_1_payload_A[0]_i_423_n_3
    SLICE_X24Y99         LUT6 (Prop_H6LUT_SLICEM_I0_O)
                                                      0.066     5.090 r  top_i/StreamingDataflowPartition_1/inst/StreamingDataflowPartition_1_MVAU_hls_1/StreamingDataflowPartition_1_MVAU_hls_1/inst/regslice_both_out_V_U/B_V_data_1_payload_A[0]_i_130/O
                         net (fo=4, routed)           0.176     5.266    top_i/StreamingDataflowPartition_1/inst/StreamingDataflowPartition_1_MVAU_hls_1/StreamingDataflowPartition_1_MVAU_hls_1/inst/regslice_both_out_V_U/B_V_data_1_payload_A[0]_i_130_n_3
    SLICE_X26Y100        LUT6 (Prop_B6LUT_SLICEL_I1_O)
                                                      0.100     5.366 r  top_i/StreamingDataflowPartition_1/inst/StreamingDataflowPartition_1_MVAU_hls_1/StreamingDataflowPartition_1_MVAU_hls_1/inst/regslice_both_out_V_U/B_V_data_1_payload_A[0]_i_36/O
                         net (fo=6, routed)           0.463     5.829    top_i/StreamingDataflowPartition_1/inst/StreamingDataflowPartition_1_MVAU_hls_1/StreamingDataflowPartition_1_MVAU_hls_1/inst/regslice_both_out_V_U/grp_Matrix_Vector_Activate_Stream_Batch_fu_30/zext_ln840_57_fu_16533_p1[0]
    SLICE_X25Y111        LUT5 (Prop_C6LUT_SLICEL_I1_O)
                                                      0.063     5.892 r  top_i/StreamingDataflowPartition_1/inst/StreamingDataflowPartition_1_MVAU_hls_1/StreamingDataflowPartition_1_MVAU_hls_1/inst/regslice_both_out_V_U/B_V_data_1_payload_A[1]_i_113/O
                         net (fo=2, routed)           0.321     6.213    top_i/StreamingDataflowPartition_1/inst/StreamingDataflowPartition_1_MVAU_hls_1/StreamingDataflowPartition_1_MVAU_hls_1/inst/regslice_both_out_V_U/B_V_data_1_payload_A[1]_i_113_n_3
    SLICE_X33Y111        LUT5 (Prop_D6LUT_SLICEL_I4_O)
                                                      0.099     6.312 r  top_i/StreamingDataflowPartition_1/inst/StreamingDataflowPartition_1_MVAU_hls_1/StreamingDataflowPartition_1_MVAU_hls_1/inst/regslice_both_out_V_U/B_V_data_1_payload_A[1]_i_41/O
                         net (fo=4, routed)           0.239     6.552    top_i/StreamingDataflowPartition_1/inst/StreamingDataflowPartition_1_MVAU_hls_1/StreamingDataflowPartition_1_MVAU_hls_1/inst/regslice_both_out_V_U/B_V_data_1_payload_A[1]_i_41_n_3
    SLICE_X29Y111        LUT6 (Prop_H6LUT_SLICEM_I1_O)
                                                      0.100     6.652 r  top_i/StreamingDataflowPartition_1/inst/StreamingDataflowPartition_1_MVAU_hls_1/StreamingDataflowPartition_1_MVAU_hls_1/inst/regslice_both_out_V_U/B_V_data_1_payload_A[1]_i_10/O
                         net (fo=4, routed)           0.282     6.934    top_i/StreamingDataflowPartition_1/inst/StreamingDataflowPartition_1_MVAU_hls_1/StreamingDataflowPartition_1_MVAU_hls_1/inst/regslice_both_out_V_U/B_V_data_1_payload_A[1]_i_10_n_3
    SLICE_X25Y107        LUT5 (Prop_D5LUT_SLICEL_I4_O)
                                                      0.164     7.098 r  top_i/StreamingDataflowPartition_1/inst/StreamingDataflowPartition_1_MVAU_hls_1/StreamingDataflowPartition_1_MVAU_hls_1/inst/regslice_both_out_V_U/B_V_data_1_payload_A[4]_i_30/O
                         net (fo=3, routed)           0.312     7.410    top_i/StreamingDataflowPartition_1/inst/StreamingDataflowPartition_1_MVAU_hls_1/StreamingDataflowPartition_1_MVAU_hls_1/inst/regslice_both_out_V_U/B_V_data_1_payload_A[4]_i_30_n_3
    SLICE_X30Y109        LUT6 (Prop_H6LUT_SLICEL_I4_O)
                                                      0.116     7.526 f  top_i/StreamingDataflowPartition_1/inst/StreamingDataflowPartition_1_MVAU_hls_1/StreamingDataflowPartition_1_MVAU_hls_1/inst/regslice_both_out_V_U/B_V_data_1_payload_A[4]_i_13/O
                         net (fo=5, routed)           0.360     7.886    top_i/StreamingDataflowPartition_1/inst/StreamingDataflowPartition_1_MVAU_hls_1/StreamingDataflowPartition_1_MVAU_hls_1/inst/regslice_both_out_V_U/B_V_data_1_payload_A[4]_i_13_n_3
    SLICE_X35Y108        LUT5 (Prop_D5LUT_SLICEL_I3_O)
                                                      0.164     8.050 r  top_i/StreamingDataflowPartition_1/inst/StreamingDataflowPartition_1_MVAU_hls_1/StreamingDataflowPartition_1_MVAU_hls_1/inst/regslice_both_out_V_U/B_V_data_1_payload_A[7]_i_27/O
                         net (fo=3, routed)           0.362     8.413    top_i/StreamingDataflowPartition_1/inst/StreamingDataflowPartition_1_MVAU_hls_1/StreamingDataflowPartition_1_MVAU_hls_1/inst/regslice_both_out_V_U/B_V_data_1_payload_A[7]_i_27_n_3
    SLICE_X31Y110        LUT6 (Prop_H6LUT_SLICEM_I1_O)
                                                      0.182     8.595 r  top_i/StreamingDataflowPartition_1/inst/StreamingDataflowPartition_1_MVAU_hls_1/StreamingDataflowPartition_1_MVAU_hls_1/inst/regslice_both_out_V_U/B_V_data_1_payload_A[4]_i_7/O
                         net (fo=2, routed)           0.358     8.952    top_i/StreamingDataflowPartition_1/inst/StreamingDataflowPartition_1_MVAU_hls_1/StreamingDataflowPartition_1_MVAU_hls_1/inst/regslice_both_out_V_U/B_V_data_1_payload_A[4]_i_7_n_3
    SLICE_X35Y109        LUT6 (Prop_G6LUT_SLICEL_I5_O)
                                                      0.038     8.990 r  top_i/StreamingDataflowPartition_1/inst/StreamingDataflowPartition_1_MVAU_hls_1/StreamingDataflowPartition_1_MVAU_hls_1/inst/regslice_both_out_V_U/B_V_data_1_payload_A[7]_i_5/O
                         net (fo=3, routed)           0.444     9.434    top_i/StreamingDataflowPartition_1/inst/StreamingDataflowPartition_1_MVAU_hls_1/StreamingDataflowPartition_1_MVAU_hls_1/inst/regslice_both_out_V_U/B_V_data_1_payload_A[7]_i_5_n_3
    SLICE_X29Y113        LUT6 (Prop_D6LUT_SLICEM_I2_O)
                                                      0.062     9.496 r  top_i/StreamingDataflowPartition_1/inst/StreamingDataflowPartition_1_MVAU_hls_1/StreamingDataflowPartition_1_MVAU_hls_1/inst/regslice_both_out_V_U/B_V_data_1_payload_A[6]_i_1/O
                         net (fo=2, routed)           0.284     9.781    top_i/StreamingDataflowPartition_1/inst/StreamingDataflowPartition_1_MVAU_hls_1/StreamingDataflowPartition_1_MVAU_hls_1/inst/regslice_both_out_V_U/grp_Matrix_Vector_Activate_Stream_Batch_fu_30_out_V_TDATA__1[6]
    SLICE_X29Y117        FDRE                                         r  top_i/StreamingDataflowPartition_1/inst/StreamingDataflowPartition_1_MVAU_hls_1/StreamingDataflowPartition_1_MVAU_hls_1/inst/regslice_both_out_V_U/B_V_data_1_payload_A_reg[6]/D
  -------------------------------------------------------------------    -------------------

                         (clock clk_pl_0 rise edge)
                                                     10.000    10.000 r  
    PS8_X0Y0             PS8                          0.000    10.000 r  top_i/zynq_ps/inst/PS8_i/PLCLK[0]
                         net (fo=1, routed)           0.140    10.140    top_i/zynq_ps/inst/pl_clk_unbuffered[0]
    BUFG_PS_X0Y58        BUFG_PS (Prop_BUFG_PS_I_O)
                                                      0.027    10.167 r  top_i/zynq_ps/inst/buffer_pl_clk_0.PL_CLK_0_BUFG/O
    X0Y1 (CLOCK_ROOT)    net (fo=24362, routed)       1.614    11.781    top_i/StreamingDataflowPartition_1/inst/StreamingDataflowPartition_1_MVAU_hls_1/StreamingDataflowPartition_1_MVAU_hls_1/inst/regslice_both_out_V_U/ap_clk
    SLICE_X29Y117        FDRE                                         r  top_i/StreamingDataflowPartition_1/inst/StreamingDataflowPartition_1_MVAU_hls_1/StreamingDataflowPartition_1_MVAU_hls_1/inst/regslice_both_out_V_U/B_V_data_1_payload_A_reg[6]/C
                         clock pessimism              0.158    11.939    
                         clock uncertainty           -0.130    11.809    
    SLICE_X29Y117        FDRE (Setup_EFF_SLICEM_C_D)
                                                      0.027    11.836    top_i/StreamingDataflowPartition_1/inst/StreamingDataflowPartition_1_MVAU_hls_1/StreamingDataflowPartition_1_MVAU_hls_1/inst/regslice_both_out_V_U/B_V_data_1_payload_A_reg[6]
  -------------------------------------------------------------------
                         required time                         11.836    
                         arrival time                          -9.781    
  -------------------------------------------------------------------
                         slack                                  2.056    

Slack (MET) :             2.072ns  (required time - arrival time)
  Source:                 top_i/StreamingDataflowPartition_1/inst/StreamingDataflowPartition_1_MVAU_hls_1/StreamingDataflowPartition_1_MVAU_hls_1/inst/grp_Matrix_Vector_Activate_Stream_Batch_fu_30/accu_V_11_reg_49755_reg[3]_rep__0/C
                            (rising edge-triggered cell FDRE clocked by clk_pl_0  {rise@0.000ns fall@5.000ns period=10.000ns})
  Destination:            top_i/StreamingDataflowPartition_1/inst/StreamingDataflowPartition_1_MVAU_hls_1/StreamingDataflowPartition_1_MVAU_hls_1/inst/regslice_both_out_V_U/B_V_data_1_payload_B_reg[30]/D
                            (rising edge-triggered cell FDRE clocked by clk_pl_0  {rise@0.000ns fall@5.000ns period=10.000ns})
  Path Group:             clk_pl_0
  Path Type:              Setup (Max at Slow Process Corner)
  Requirement:            10.000ns  (clk_pl_0 rise@10.000ns - clk_pl_0 rise@0.000ns)
  Data Path Delay:        7.739ns  (logic 1.958ns (25.299%)  route 5.781ns (74.701%))
  Logic Levels:           17  (CARRY8=2 LUT4=2 LUT5=7 LUT6=6)
  Clock Path Skew:        -0.086ns (DCD - SCD + CPR)
    Destination Clock Delay (DCD):    1.767ns = ( 11.767 - 10.000 ) 
    Source Clock Delay      (SCD):    2.013ns
    Clock Pessimism Removal (CPR):    0.160ns
  Clock Uncertainty:      0.130ns  ((TSJ^2 + DJ^2)^1/2) / 2 + PE
    Total System Jitter     (TSJ):    0.071ns
    Discrete Jitter          (DJ):    0.250ns
    Phase Error              (PE):    0.000ns
  Clock Net Delay (Source):      1.806ns (routing 0.638ns, distribution 1.168ns)
  Clock Net Delay (Destination): 1.600ns (routing 0.576ns, distribution 1.024ns)

    Location             Delay type                Incr(ns)  Path(ns)    Netlist Resource(s)
  -------------------------------------------------------------------    -------------------
                         (clock clk_pl_0 rise edge)
                                                      0.000     0.000 r  
    PS8_X0Y0             PS8                          0.000     0.000 r  top_i/zynq_ps/inst/PS8_i/PLCLK[0]
                         net (fo=1, routed)           0.178     0.178    top_i/zynq_ps/inst/pl_clk_unbuffered[0]
    BUFG_PS_X0Y58        BUFG_PS (Prop_BUFG_PS_I_O)
                                                      0.029     0.207 r  top_i/zynq_ps/inst/buffer_pl_clk_0.PL_CLK_0_BUFG/O
    X0Y1 (CLOCK_ROOT)    net (fo=24362, routed)       1.806     2.013    top_i/StreamingDataflowPartition_1/inst/StreamingDataflowPartition_1_MVAU_hls_1/StreamingDataflowPartition_1_MVAU_hls_1/inst/grp_Matrix_Vector_Activate_Stream_Batch_fu_30/ap_clk
    SLICE_X17Y137        FDRE                                         r  top_i/StreamingDataflowPartition_1/inst/StreamingDataflowPartition_1_MVAU_hls_1/StreamingDataflowPartition_1_MVAU_hls_1/inst/grp_Matrix_Vector_Activate_Stream_Batch_fu_30/accu_V_11_reg_49755_reg[3]_rep__0/C
  -------------------------------------------------------------------    -------------------
    SLICE_X17Y137        FDRE (Prop_EFF_SLICEL_C_Q)
                                                      0.096     2.109 r  top_i/StreamingDataflowPartition_1/inst/StreamingDataflowPartition_1_MVAU_hls_1/StreamingDataflowPartition_1_MVAU_hls_1/inst/grp_Matrix_Vector_Activate_Stream_Batch_fu_30/accu_V_11_reg_49755_reg[3]_rep__0/Q
                         net (fo=128, routed)         1.070     3.179    top_i/StreamingDataflowPartition_1/inst/StreamingDataflowPartition_1_MVAU_hls_1/StreamingDataflowPartition_1_MVAU_hls_1/inst/grp_Matrix_Vector_Activate_Stream_Batch_fu_30/accu_V_11_reg_49755_reg[3]_rep__0_n_3
    SLICE_X39Y144        LUT4 (Prop_B6LUT_SLICEM_I0_O)
                                                      0.116     3.295 r  top_i/StreamingDataflowPartition_1/inst/StreamingDataflowPartition_1_MVAU_hls_1/StreamingDataflowPartition_1_MVAU_hls_1/inst/grp_Matrix_Vector_Activate_Stream_Batch_fu_30/B_V_data_1_payload_A[31]_i_1669/O
                         net (fo=1, routed)           0.018     3.313    top_i/StreamingDataflowPartition_1/inst/StreamingDataflowPartition_1_MVAU_hls_1/StreamingDataflowPartition_1_MVAU_hls_1/inst/grp_Matrix_Vector_Activate_Stream_Batch_fu_30/B_V_data_1_payload_A[31]_i_1669_n_3
    SLICE_X39Y144        CARRY8 (Prop_CARRY8_SLICEM_S[1]_CO[7])
                                                      0.238     3.551 r  top_i/StreamingDataflowPartition_1/inst/StreamingDataflowPartition_1_MVAU_hls_1/StreamingDataflowPartition_1_MVAU_hls_1/inst/grp_Matrix_Vector_Activate_Stream_Batch_fu_30/B_V_data_1_payload_A_reg[31]_i_995/CO[7]
                         net (fo=1, routed)           0.028     3.579    top_i/StreamingDataflowPartition_1/inst/StreamingDataflowPartition_1_MVAU_hls_1/StreamingDataflowPartition_1_MVAU_hls_1/inst/grp_Matrix_Vector_Activate_Stream_Batch_fu_30/B_V_data_1_payload_A_reg[31]_i_995_n_3
    SLICE_X39Y145        CARRY8 (Prop_CARRY8_SLICEM_CI_CO[1])
                                                      0.055     3.634 r  top_i/StreamingDataflowPartition_1/inst/StreamingDataflowPartition_1_MVAU_hls_1/StreamingDataflowPartition_1_MVAU_hls_1/inst/grp_Matrix_Vector_Activate_Stream_Batch_fu_30/B_V_data_1_payload_A_reg[31]_i_473/CO[1]
                         net (fo=3, routed)           0.546     4.180    top_i/StreamingDataflowPartition_1/inst/StreamingDataflowPartition_1_MVAU_hls_1/StreamingDataflowPartition_1_MVAU_hls_1/inst/regslice_both_out_V_U/B_V_data_1_payload_A[31]_i_445_0[0]
    SLICE_X36Y143        LUT4 (Prop_A6LUT_SLICEL_I1_O)
                                                      0.178     4.358 r  top_i/StreamingDataflowPartition_1/inst/StreamingDataflowPartition_1_MVAU_hls_1/StreamingDataflowPartition_1_MVAU_hls_1/inst/regslice_both_out_V_U/B_V_data_1_payload_A[31]_i_902/O
                         net (fo=3, routed)           0.276     4.633    top_i/StreamingDataflowPartition_1/inst/StreamingDataflowPartition_1_MVAU_hls_1/StreamingDataflowPartition_1_MVAU_hls_1/inst/regslice_both_out_V_U/B_V_data_1_payload_A[31]_i_902_n_3
    SLICE_X36Y140        LUT5 (Prop_D6LUT_SLICEL_I0_O)
                                                      0.116     4.749 r  top_i/StreamingDataflowPartition_1/inst/StreamingDataflowPartition_1_MVAU_hls_1/StreamingDataflowPartition_1_MVAU_hls_1/inst/regslice_both_out_V_U/B_V_data_1_payload_A[31]_i_445/O
                         net (fo=3, routed)           0.488     5.238    top_i/StreamingDataflowPartition_1/inst/StreamingDataflowPartition_1_MVAU_hls_1/StreamingDataflowPartition_1_MVAU_hls_1/inst/regslice_both_out_V_U/B_V_data_1_payload_A[31]_i_445_n_3
    SLICE_X21Y137        LUT5 (Prop_H5LUT_SLICEL_I0_O)
                                                      0.118     5.356 r  top_i/StreamingDataflowPartition_1/inst/StreamingDataflowPartition_1_MVAU_hls_1/StreamingDataflowPartition_1_MVAU_hls_1/inst/regslice_both_out_V_U/B_V_data_1_payload_A[31]_i_428/O
                         net (fo=3, routed)           0.239     5.594    top_i/StreamingDataflowPartition_1/inst/StreamingDataflowPartition_1_MVAU_hls_1/StreamingDataflowPartition_1_MVAU_hls_1/inst/regslice_both_out_V_U/B_V_data_1_payload_A[31]_i_428_n_3
    SLICE_X21Y137        LUT5 (Prop_B6LUT_SLICEL_I2_O)
                                                      0.100     5.694 r  top_i/StreamingDataflowPartition_1/inst/StreamingDataflowPartition_1_MVAU_hls_1/StreamingDataflowPartition_1_MVAU_hls_1/inst/regslice_both_out_V_U/B_V_data_1_payload_A[31]_i_215/O
                         net (fo=4, routed)           0.174     5.868    top_i/StreamingDataflowPartition_1/inst/StreamingDataflowPartition_1_MVAU_hls_1/StreamingDataflowPartition_1_MVAU_hls_1/inst/regslice_both_out_V_U/B_V_data_1_payload_A[31]_i_215_n_3
    SLICE_X20Y135        LUT6 (Prop_G6LUT_SLICEM_I1_O)
                                                      0.100     5.968 r  top_i/StreamingDataflowPartition_1/inst/StreamingDataflowPartition_1_MVAU_hls_1/StreamingDataflowPartition_1_MVAU_hls_1/inst/regslice_both_out_V_U/B_V_data_1_payload_A[31]_i_159/O
                         net (fo=4, routed)           0.384     6.352    top_i/StreamingDataflowPartition_1/inst/StreamingDataflowPartition_1_MVAU_hls_1/StreamingDataflowPartition_1_MVAU_hls_1/inst/regslice_both_out_V_U/B_V_data_1_payload_A[31]_i_159_n_3
    SLICE_X17Y134        LUT5 (Prop_C6LUT_SLICEL_I4_O)
                                                      0.063     6.415 r  top_i/StreamingDataflowPartition_1/inst/StreamingDataflowPartition_1_MVAU_hls_1/StreamingDataflowPartition_1_MVAU_hls_1/inst/regslice_both_out_V_U/B_V_data_1_payload_A[31]_i_155/O
                         net (fo=1, routed)           0.365     6.780    top_i/StreamingDataflowPartition_1/inst/StreamingDataflowPartition_1_MVAU_hls_1/StreamingDataflowPartition_1_MVAU_hls_1/inst/regslice_both_out_V_U/B_V_data_1_payload_A[31]_i_155_n_3
    SLICE_X20Y134        LUT5 (Prop_H5LUT_SLICEM_I3_O)
                                                      0.167     6.947 r  top_i/StreamingDataflowPartition_1/inst/StreamingDataflowPartition_1_MVAU_hls_1/StreamingDataflowPartition_1_MVAU_hls_1/inst/regslice_both_out_V_U/B_V_data_1_payload_A[31]_i_67/O
                         net (fo=6, routed)           0.422     7.369    top_i/StreamingDataflowPartition_1/inst/StreamingDataflowPartition_1_MVAU_hls_1/StreamingDataflowPartition_1_MVAU_hls_1/inst/regslice_both_out_V_U/B_V_data_1_payload_A[31]_i_67_n_3
    SLICE_X15Y136        LUT6 (Prop_D6LUT_SLICEL_I4_O)
                                                      0.063     7.432 r  top_i/StreamingDataflowPartition_1/inst/StreamingDataflowPartition_1_MVAU_hls_1/StreamingDataflowPartition_1_MVAU_hls_1/inst/regslice_both_out_V_U/B_V_data_1_payload_A[31]_i_85/O
                         net (fo=4, routed)           0.423     7.855    top_i/StreamingDataflowPartition_1/inst/StreamingDataflowPartition_1_MVAU_hls_1/StreamingDataflowPartition_1_MVAU_hls_1/inst/regslice_both_out_V_U/B_V_data_1_payload_A[31]_i_85_n_3
    SLICE_X19Y140        LUT6 (Prop_E6LUT_SLICEM_I3_O)
                                                      0.063     7.918 r  top_i/StreamingDataflowPartition_1/inst/StreamingDataflowPartition_1_MVAU_hls_1/StreamingDataflowPartition_1_MVAU_hls_1/inst/regslice_both_out_V_U/B_V_data_1_payload_A[31]_i_40/O
                         net (fo=5, routed)           0.237     8.155    top_i/StreamingDataflowPartition_1/inst/StreamingDataflowPartition_1_MVAU_hls_1/StreamingDataflowPartition_1_MVAU_hls_1/inst/regslice_both_out_V_U/grp_Matrix_Vector_Activate_Stream_Batch_fu_30/zext_ln840_861_fu_46113_p1[2]
    SLICE_X20Y143        LUT5 (Prop_D5LUT_SLICEM_I1_O)
                                                      0.082     8.237 r  top_i/StreamingDataflowPartition_1/inst/StreamingDataflowPartition_1_MVAU_hls_1/StreamingDataflowPartition_1_MVAU_hls_1/inst/regslice_both_out_V_U/B_V_data_1_payload_A[31]_i_14/O
                         net (fo=3, routed)           0.359     8.595    top_i/StreamingDataflowPartition_1/inst/StreamingDataflowPartition_1_MVAU_hls_1/StreamingDataflowPartition_1_MVAU_hls_1/inst/regslice_both_out_V_U/B_V_data_1_payload_A[31]_i_14_n_3
    SLICE_X19Y138        LUT6 (Prop_H6LUT_SLICEM_I0_O)
                                                      0.151     8.746 r  top_i/StreamingDataflowPartition_1/inst/StreamingDataflowPartition_1_MVAU_hls_1/StreamingDataflowPartition_1_MVAU_hls_1/inst/regslice_both_out_V_U/B_V_data_1_payload_A[31]_i_20/O
                         net (fo=2, routed)           0.197     8.943    top_i/StreamingDataflowPartition_1/inst/StreamingDataflowPartition_1_MVAU_hls_1/StreamingDataflowPartition_1_MVAU_hls_1/inst/regslice_both_out_V_U/B_V_data_1_payload_A[31]_i_20_n_3
    SLICE_X20Y140        LUT6 (Prop_H6LUT_SLICEM_I2_O)
                                                      0.151     9.094 r  top_i/StreamingDataflowPartition_1/inst/StreamingDataflowPartition_1_MVAU_hls_1/StreamingDataflowPartition_1_MVAU_hls_1/inst/regslice_both_out_V_U/B_V_data_1_payload_A[29]_i_7/O
                         net (fo=2, routed)           0.117     9.211    top_i/StreamingDataflowPartition_1/inst/StreamingDataflowPartition_1_MVAU_hls_1/StreamingDataflowPartition_1_MVAU_hls_1/inst/regslice_both_out_V_U/B_V_data_1_payload_A[29]_i_7_n_3
    SLICE_X20Y142        LUT6 (Prop_G6LUT_SLICEM_I4_O)
                                                      0.039     9.250 r  top_i/StreamingDataflowPartition_1/inst/StreamingDataflowPartition_1_MVAU_hls_1/StreamingDataflowPartition_1_MVAU_hls_1/inst/regslice_both_out_V_U/B_V_data_1_payload_A[31]_i_6/O
                         net (fo=2, routed)           0.169     9.419    top_i/StreamingDataflowPartition_1/inst/StreamingDataflowPartition_1_MVAU_hls_1/StreamingDataflowPartition_1_MVAU_hls_1/inst/regslice_both_out_V_U/B_V_data_1_payload_A[31]_i_6_n_3
    SLICE_X20Y138        LUT5 (Prop_D6LUT_SLICEM_I3_O)
                                                      0.062     9.481 r  top_i/StreamingDataflowPartition_1/inst/StreamingDataflowPartition_1_MVAU_hls_1/StreamingDataflowPartition_1_MVAU_hls_1/inst/regslice_both_out_V_U/B_V_data_1_payload_A[30]_i_1/O
                         net (fo=2, routed)           0.272     9.752    top_i/StreamingDataflowPartition_1/inst/StreamingDataflowPartition_1_MVAU_hls_1/StreamingDataflowPartition_1_MVAU_hls_1/inst/regslice_both_out_V_U/grp_Matrix_Vector_Activate_Stream_Batch_fu_30_out_V_TDATA__0[30]
    SLICE_X20Y133        FDRE                                         r  top_i/StreamingDataflowPartition_1/inst/StreamingDataflowPartition_1_MVAU_hls_1/StreamingDataflowPartition_1_MVAU_hls_1/inst/regslice_both_out_V_U/B_V_data_1_payload_B_reg[30]/D
  -------------------------------------------------------------------    -------------------

                         (clock clk_pl_0 rise edge)
                                                     10.000    10.000 r  
    PS8_X0Y0             PS8                          0.000    10.000 r  top_i/zynq_ps/inst/PS8_i/PLCLK[0]
                         net (fo=1, routed)           0.140    10.140    top_i/zynq_ps/inst/pl_clk_unbuffered[0]
    BUFG_PS_X0Y58        BUFG_PS (Prop_BUFG_PS_I_O)
                                                      0.027    10.167 r  top_i/zynq_ps/inst/buffer_pl_clk_0.PL_CLK_0_BUFG/O
    X0Y1 (CLOCK_ROOT)    net (fo=24362, routed)       1.600    11.767    top_i/StreamingDataflowPartition_1/inst/StreamingDataflowPartition_1_MVAU_hls_1/StreamingDataflowPartition_1_MVAU_hls_1/inst/regslice_both_out_V_U/ap_clk
    SLICE_X20Y133        FDRE                                         r  top_i/StreamingDataflowPartition_1/inst/StreamingDataflowPartition_1_MVAU_hls_1/StreamingDataflowPartition_1_MVAU_hls_1/inst/regslice_both_out_V_U/B_V_data_1_payload_B_reg[30]/C
                         clock pessimism              0.160    11.927    
                         clock uncertainty           -0.130    11.797    
    SLICE_X20Y133        FDRE (Setup_HFF_SLICEM_C_D)
                                                      0.027    11.824    top_i/StreamingDataflowPartition_1/inst/StreamingDataflowPartition_1_MVAU_hls_1/StreamingDataflowPartition_1_MVAU_hls_1/inst/regslice_both_out_V_U/B_V_data_1_payload_B_reg[30]
  -------------------------------------------------------------------
                         required time                         11.824    
                         arrival time                          -9.752    
  -------------------------------------------------------------------
                         slack                                  2.072    





Min Delay Paths
--------------------------------------------------------------------------------------
Slack (MET) :             0.009ns  (arrival time - required time)
  Source:                 top_i/smartconnect_0/inst/s01_entry_pipeline/s01_si_converter/inst/converter.wrap_narrow_inst/w_accum_reg[data][59]/C
                            (rising edge-triggered cell FDRE clocked by clk_pl_0  {rise@0.000ns fall@5.000ns period=10.000ns})
  Destination:            top_i/smartconnect_0/inst/s01_entry_pipeline/s01_si_converter/inst/converter.wrap_narrow_inst/w_payld_fifo/gen_srls[155].srl_nx1/shift_reg_reg[0]_srl32/D
                            (rising edge-triggered cell SRLC32E clocked by clk_pl_0  {rise@0.000ns fall@5.000ns period=10.000ns})
  Path Group:             clk_pl_0
  Path Type:              Hold (Min at Slow Process Corner)
  Requirement:            0.000ns  (clk_pl_0 rise@0.000ns - clk_pl_0 rise@0.000ns)
  Data Path Delay:        0.265ns  (logic 0.070ns (26.432%)  route 0.195ns (73.568%))
  Logic Levels:           0  
  Clock Path Skew:        0.175ns (DCD - SCD - CPR)
    Destination Clock Delay (DCD):    2.066ns
    Source Clock Delay      (SCD):    1.730ns
    Clock Pessimism Removal (CPR):    0.160ns
  Clock Net Delay (Source):      1.563ns (routing 0.576ns, distribution 0.987ns)
  Clock Net Delay (Destination): 1.859ns (routing 0.638ns, distribution 1.221ns)

    Location             Delay type                Incr(ns)  Path(ns)    Netlist Resource(s)
  -------------------------------------------------------------------    -------------------
                         (clock clk_pl_0 rise edge)
                                                      0.000     0.000 r  
    PS8_X0Y0             PS8                          0.000     0.000 r  top_i/zynq_ps/inst/PS8_i/PLCLK[0]
                         net (fo=1, routed)           0.140     0.140    top_i/zynq_ps/inst/pl_clk_unbuffered[0]
    BUFG_PS_X0Y58        BUFG_PS (Prop_BUFG_PS_I_O)
                                                      0.027     0.167 r  top_i/zynq_ps/inst/buffer_pl_clk_0.PL_CLK_0_BUFG/O
    X0Y1 (CLOCK_ROOT)    net (fo=24362, routed)       1.563     1.730    top_i/smartconnect_0/inst/s01_entry_pipeline/s01_si_converter/inst/converter.wrap_narrow_inst/aclk
    SLICE_X26Y34         FDRE                                         r  top_i/smartconnect_0/inst/s01_entry_pipeline/s01_si_converter/inst/converter.wrap_narrow_inst/w_accum_reg[data][59]/C
  -------------------------------------------------------------------    -------------------
    SLICE_X26Y34         FDRE (Prop_BFF_SLICEL_C_Q)
                                                      0.070     1.800 r  top_i/smartconnect_0/inst/s01_entry_pipeline/s01_si_converter/inst/converter.wrap_narrow_inst/w_accum_reg[data][59]/Q
                         net (fo=2, routed)           0.195     1.995    top_i/smartconnect_0/inst/s01_entry_pipeline/s01_si_converter/inst/converter.wrap_narrow_inst/w_payld_fifo/gen_srls[155].srl_nx1/s_mesg[0]
    SLICE_X24Y26         SRLC32E                                      r  top_i/smartconnect_0/inst/s01_entry_pipeline/s01_si_converter/inst/converter.wrap_narrow_inst/w_payld_fifo/gen_srls[155].srl_nx1/shift_reg_reg[0]_srl32/D
  -------------------------------------------------------------------    -------------------

                         (clock clk_pl_0 rise edge)
                                                      0.000     0.000 r  
    PS8_X0Y0             PS8                          0.000     0.000 r  top_i/zynq_ps/inst/PS8_i/PLCLK[0]
                         net (fo=1, routed)           0.178     0.178    top_i/zynq_ps/inst/pl_clk_unbuffered[0]
    BUFG_PS_X0Y58        BUFG_PS (Prop_BUFG_PS_I_O)
                                                      0.029     0.207 r  top_i/zynq_ps/inst/buffer_pl_clk_0.PL_CLK_0_BUFG/O
    X0Y1 (CLOCK_ROOT)    net (fo=24362, routed)       1.859     2.066    top_i/smartconnect_0/inst/s01_entry_pipeline/s01_si_converter/inst/converter.wrap_narrow_inst/w_payld_fifo/gen_srls[155].srl_nx1/aclk
    SLICE_X24Y26         SRLC32E                                      r  top_i/smartconnect_0/inst/s01_entry_pipeline/s01_si_converter/inst/converter.wrap_narrow_inst/w_payld_fifo/gen_srls[155].srl_nx1/shift_reg_reg[0]_srl32/CLK
                         clock pessimism             -0.160     1.905    
    SLICE_X24Y26         SRLC32E (Hold_H6LUT_SLICEM_CLK_D)
                                                      0.080     1.985    top_i/smartconnect_0/inst/s01_entry_pipeline/s01_si_converter/inst/converter.wrap_narrow_inst/w_payld_fifo/gen_srls[155].srl_nx1/shift_reg_reg[0]_srl32
  -------------------------------------------------------------------
                         required time                         -1.985    
                         arrival time                           1.995    
  -------------------------------------------------------------------
                         slack                                  0.009    

Slack (MET) :             0.010ns  (arrival time - required time)
  Source:                 top_i/smartconnect_0/inst/switchboards/aw_switchboard/inst/gen_mi[0].inst_opipe_payld/gen_pipe[1].pipe_reg[1][145]/C
                            (rising edge-triggered cell FDRE clocked by clk_pl_0  {rise@0.000ns fall@5.000ns period=10.000ns})
  Destination:            top_i/smartconnect_0/inst/m00_nodes/m00_aw_node/inst/inst_mi_handler/gen_normal_area.inst_fifo_node_payld/gen_xpm_memory_fifo.inst_fifo/gen_mem_rep[0].inst_xpm_memory/xpm_memory_base_inst/gen_wr_a.gen_word_narrow.mem_reg_0_31_140_153/RAMC_D1/I
                            (rising edge-triggered cell RAMD32 clocked by clk_pl_0  {rise@0.000ns fall@5.000ns period=10.000ns})
  Path Group:             clk_pl_0
  Path Type:              Hold (Min at Slow Process Corner)
  Requirement:            0.000ns  (clk_pl_0 rise@0.000ns - clk_pl_0 rise@0.000ns)
  Data Path Delay:        0.209ns  (logic 0.070ns (33.493%)  route 0.139ns (66.507%))
  Logic Levels:           0  
  Clock Path Skew:        0.136ns (DCD - SCD - CPR)
    Destination Clock Delay (DCD):    1.997ns
    Source Clock Delay      (SCD):    1.700ns
    Clock Pessimism Removal (CPR):    0.161ns
  Clock Net Delay (Source):      1.533ns (routing 0.576ns, distribution 0.957ns)
  Clock Net Delay (Destination): 1.790ns (routing 0.638ns, distribution 1.152ns)

    Location             Delay type                Incr(ns)  Path(ns)    Netlist Resource(s)
  -------------------------------------------------------------------    -------------------
                         (clock clk_pl_0 rise edge)
                                                      0.000     0.000 r  
    PS8_X0Y0             PS8                          0.000     0.000 r  top_i/zynq_ps/inst/PS8_i/PLCLK[0]
                         net (fo=1, routed)           0.140     0.140    top_i/zynq_ps/inst/pl_clk_unbuffered[0]
    BUFG_PS_X0Y58        BUFG_PS (Prop_BUFG_PS_I_O)
                                                      0.027     0.167 r  top_i/zynq_ps/inst/buffer_pl_clk_0.PL_CLK_0_BUFG/O
    X0Y1 (CLOCK_ROOT)    net (fo=24362, routed)       1.533     1.700    top_i/smartconnect_0/inst/switchboards/aw_switchboard/inst/gen_mi[0].inst_opipe_payld/aclk
    SLICE_X13Y38         FDRE                                         r  top_i/smartconnect_0/inst/switchboards/aw_switchboard/inst/gen_mi[0].inst_opipe_payld/gen_pipe[1].pipe_reg[1][145]/C
  -------------------------------------------------------------------    -------------------
    SLICE_X13Y38         FDRE (Prop_GFF_SLICEL_C_Q)
                                                      0.070     1.770 r  top_i/smartconnect_0/inst/switchboards/aw_switchboard/inst/gen_mi[0].inst_opipe_payld/gen_pipe[1].pipe_reg[1][145]/Q
                         net (fo=1, routed)           0.139     1.909    top_i/smartconnect_0/inst/m00_nodes/m00_aw_node/inst/inst_mi_handler/gen_normal_area.inst_fifo_node_payld/gen_xpm_memory_fifo.inst_fifo/gen_mem_rep[0].inst_xpm_memory/xpm_memory_base_inst/gen_wr_a.gen_word_narrow.mem_reg_0_31_140_153/DIC1
    SLICE_X14Y38         RAMD32                                       r  top_i/smartconnect_0/inst/m00_nodes/m00_aw_node/inst/inst_mi_handler/gen_normal_area.inst_fifo_node_payld/gen_xpm_memory_fifo.inst_fifo/gen_mem_rep[0].inst_xpm_memory/xpm_memory_base_inst/gen_wr_a.gen_word_narrow.mem_reg_0_31_140_153/RAMC_D1/I
  -------------------------------------------------------------------    -------------------

                         (clock clk_pl_0 rise edge)
                                                      0.000     0.000 r  
    PS8_X0Y0             PS8                          0.000     0.000 r  top_i/zynq_ps/inst/PS8_i/PLCLK[0]
                         net (fo=1, routed)           0.178     0.178    top_i/zynq_ps/inst/pl_clk_unbuffered[0]
    BUFG_PS_X0Y58        BUFG_PS (Prop_BUFG_PS_I_O)
                                                      0.029     0.207 r  top_i/zynq_ps/inst/buffer_pl_clk_0.PL_CLK_0_BUFG/O
    X0Y1 (CLOCK_ROOT)    net (fo=24362, routed)       1.790     1.997    top_i/smartconnect_0/inst/m00_nodes/m00_aw_node/inst/inst_mi_handler/gen_normal_area.inst_fifo_node_payld/gen_xpm_memory_fifo.inst_fifo/gen_mem_rep[0].inst_xpm_memory/xpm_memory_base_inst/gen_wr_a.gen_word_narrow.mem_reg_0_31_140_153/WCLK
    SLICE_X14Y38         RAMD32                                       r  top_i/smartconnect_0/inst/m00_nodes/m00_aw_node/inst/inst_mi_handler/gen_normal_area.inst_fifo_node_payld/gen_xpm_memory_fifo.inst_fifo/gen_mem_rep[0].inst_xpm_memory/xpm_memory_base_inst/gen_wr_a.gen_word_narrow.mem_reg_0_31_140_153/RAMC_D1/CLK
                         clock pessimism             -0.161     1.836    
    SLICE_X14Y38         RAMD32 (Hold_C6LUT_SLICEM_CLK_I)
                                                      0.063     1.899    top_i/smartconnect_0/inst/m00_nodes/m00_aw_node/inst/inst_mi_handler/gen_normal_area.inst_fifo_node_payld/gen_xpm_memory_fifo.inst_fifo/gen_mem_rep[0].inst_xpm_memory/xpm_memory_base_inst/gen_wr_a.gen_word_narrow.mem_reg_0_31_140_153/RAMC_D1
  -------------------------------------------------------------------
                         required time                         -1.899    
                         arrival time                           1.909    
  -------------------------------------------------------------------
                         slack                                  0.010    

Slack (MET) :             0.010ns  (arrival time - required time)
  Source:                 top_i/smartconnect_0/inst/m00_nodes/m00_w_node/inst/inst_mi_handler/gen_normal_area.inst_fifo_node_payld/gen_xpm_memory_fifo.inst_fifo/gen_mem_rep[0].inst_xpm_memory/xpm_memory_base_inst/gen_rd_b.gen_rd_b_synth_template.gen_rf_narrow_reg.doutb_reg_reg[109]/C
                            (rising edge-triggered cell FDRE clocked by clk_pl_0  {rise@0.000ns fall@5.000ns period=10.000ns})
  Destination:            top_i/smartconnect_0/inst/m00_exit_pipeline/m00_exit/inst/w_reg/skid_buffer_reg[1107]/D
                            (rising edge-triggered cell FDRE clocked by clk_pl_0  {rise@0.000ns fall@5.000ns period=10.000ns})
  Path Group:             clk_pl_0
  Path Type:              Hold (Min at Slow Process Corner)
  Requirement:            0.000ns  (clk_pl_0 rise@0.000ns - clk_pl_0 rise@0.000ns)
  Data Path Delay:        0.149ns  (logic 0.069ns (46.177%)  route 0.080ns (53.823%))
  Logic Levels:           0  
  Clock Path Skew:        0.084ns (DCD - SCD - CPR)
    Destination Clock Delay (DCD):    1.955ns
    Source Clock Delay      (SCD):    1.710ns
    Clock Pessimism Removal (CPR):    0.161ns
  Clock Net Delay (Source):      1.543ns (routing 0.576ns, distribution 0.967ns)
  Clock Net Delay (Destination): 1.748ns (routing 0.638ns, distribution 1.110ns)

    Location             Delay type                Incr(ns)  Path(ns)    Netlist Resource(s)
  -------------------------------------------------------------------    -------------------
                         (clock clk_pl_0 rise edge)
                                                      0.000     0.000 r  
    PS8_X0Y0             PS8                          0.000     0.000 r  top_i/zynq_ps/inst/PS8_i/PLCLK[0]
                         net (fo=1, routed)           0.140     0.140    top_i/zynq_ps/inst/pl_clk_unbuffered[0]
    BUFG_PS_X0Y58        BUFG_PS (Prop_BUFG_PS_I_O)
                                                      0.027     0.167 r  top_i/zynq_ps/inst/buffer_pl_clk_0.PL_CLK_0_BUFG/O
    X0Y1 (CLOCK_ROOT)    net (fo=24362, routed)       1.543     1.710    top_i/smartconnect_0/inst/m00_nodes/m00_w_node/inst/inst_mi_handler/gen_normal_area.inst_fifo_node_payld/gen_xpm_memory_fifo.inst_fifo/gen_mem_rep[0].inst_xpm_memory/xpm_memory_base_inst/clka
    SLICE_X14Y27         FDRE                                         r  top_i/smartconnect_0/inst/m00_nodes/m00_w_node/inst/inst_mi_handler/gen_normal_area.inst_fifo_node_payld/gen_xpm_memory_fifo.inst_fifo/gen_mem_rep[0].inst_xpm_memory/xpm_memory_base_inst/gen_rd_b.gen_rd_b_synth_template.gen_rf_narrow_reg.doutb_reg_reg[109]/C
  -------------------------------------------------------------------    -------------------
    SLICE_X14Y27         FDRE (Prop_FFF_SLICEM_C_Q)
                                                      0.069     1.779 r  top_i/smartconnect_0/inst/m00_nodes/m00_w_node/inst/inst_mi_handler/gen_normal_area.inst_fifo_node_payld/gen_xpm_memory_fifo.inst_fifo/gen_mem_rep[0].inst_xpm_memory/xpm_memory_base_inst/gen_rd_b.gen_rd_b_synth_template.gen_rf_narrow_reg.doutb_reg_reg[109]/Q
                         net (fo=2, routed)           0.080     1.859    top_i/smartconnect_0/inst/m00_exit_pipeline/m00_exit/inst/w_reg/D[83]
    SLICE_X13Y27         FDRE                                         r  top_i/smartconnect_0/inst/m00_exit_pipeline/m00_exit/inst/w_reg/skid_buffer_reg[1107]/D
  -------------------------------------------------------------------    -------------------

                         (clock clk_pl_0 rise edge)
                                                      0.000     0.000 r  
    PS8_X0Y0             PS8                          0.000     0.000 r  top_i/zynq_ps/inst/PS8_i/PLCLK[0]
                         net (fo=1, routed)           0.178     0.178    top_i/zynq_ps/inst/pl_clk_unbuffered[0]
    BUFG_PS_X0Y58        BUFG_PS (Prop_BUFG_PS_I_O)
                                                      0.029     0.207 r  top_i/zynq_ps/inst/buffer_pl_clk_0.PL_CLK_0_BUFG/O
    X0Y1 (CLOCK_ROOT)    net (fo=24362, routed)       1.748     1.955    top_i/smartconnect_0/inst/m00_exit_pipeline/m00_exit/inst/w_reg/aclk
    SLICE_X13Y27         FDRE                                         r  top_i/smartconnect_0/inst/m00_exit_pipeline/m00_exit/inst/w_reg/skid_buffer_reg[1107]/C
                         clock pessimism             -0.161     1.794    
    SLICE_X13Y27         FDRE (Hold_EFF2_SLICEL_C_D)
                                                      0.055     1.849    top_i/smartconnect_0/inst/m00_exit_pipeline/m00_exit/inst/w_reg/skid_buffer_reg[1107]
  -------------------------------------------------------------------
                         required time                         -1.849    
                         arrival time                           1.859    
  -------------------------------------------------------------------
                         slack                                  0.010    

Slack (MET) :             0.011ns  (arrival time - required time)
  Source:                 top_i/idma0/inst/StreamingDataflowPartition_0_IODMA_hls_0/inst/dma2dwc_U/U_StreamingDataflowPartition_0_IODMA_hls_0_fifo_w128_d2_S_ShiftReg/SRL_SIG_reg[0][79]/C
                            (rising edge-triggered cell FDRE clocked by clk_pl_0  {rise@0.000ns fall@5.000ns period=10.000ns})
  Destination:            top_i/idma0/inst/StreamingDataflowPartition_0_IODMA_hls_0/inst/dma2dwc_U/U_StreamingDataflowPartition_0_IODMA_hls_0_fifo_w128_d2_S_ShiftReg/SRL_SIG_reg[1][79]/D
                            (rising edge-triggered cell FDRE clocked by clk_pl_0  {rise@0.000ns fall@5.000ns period=10.000ns})
  Path Group:             clk_pl_0
  Path Type:              Hold (Min at Slow Process Corner)
  Requirement:            0.000ns  (clk_pl_0 rise@0.000ns - clk_pl_0 rise@0.000ns)
  Data Path Delay:        0.183ns  (logic 0.073ns (39.891%)  route 0.110ns (60.109%))
  Logic Levels:           0  
  Clock Path Skew:        0.117ns (DCD - SCD - CPR)
    Destination Clock Delay (DCD):    2.027ns
    Source Clock Delay      (SCD):    1.749ns
    Clock Pessimism Removal (CPR):    0.160ns
  Clock Net Delay (Source):      1.582ns (routing 0.576ns, distribution 1.006ns)
  Clock Net Delay (Destination): 1.820ns (routing 0.638ns, distribution 1.182ns)

    Location             Delay type                Incr(ns)  Path(ns)    Netlist Resource(s)
  -------------------------------------------------------------------    -------------------
                         (clock clk_pl_0 rise edge)
                                                      0.000     0.000 r  
    PS8_X0Y0             PS8                          0.000     0.000 r  top_i/zynq_ps/inst/PS8_i/PLCLK[0]
                         net (fo=1, routed)           0.140     0.140    top_i/zynq_ps/inst/pl_clk_unbuffered[0]
    BUFG_PS_X0Y58        BUFG_PS (Prop_BUFG_PS_I_O)
                                                      0.027     0.167 r  top_i/zynq_ps/inst/buffer_pl_clk_0.PL_CLK_0_BUFG/O
    X0Y1 (CLOCK_ROOT)    net (fo=24362, routed)       1.582     1.749    top_i/idma0/inst/StreamingDataflowPartition_0_IODMA_hls_0/inst/dma2dwc_U/U_StreamingDataflowPartition_0_IODMA_hls_0_fifo_w128_d2_S_ShiftReg/ap_clk
    SLICE_X22Y4          FDRE                                         r  top_i/idma0/inst/StreamingDataflowPartition_0_IODMA_hls_0/inst/dma2dwc_U/U_StreamingDataflowPartition_0_IODMA_hls_0_fifo_w128_d2_S_ShiftReg/SRL_SIG_reg[0][79]/C
  -------------------------------------------------------------------    -------------------
    SLICE_X22Y4          FDRE (Prop_DFF2_SLICEL_C_Q)
                                                      0.073     1.822 r  top_i/idma0/inst/StreamingDataflowPartition_0_IODMA_hls_0/inst/dma2dwc_U/U_StreamingDataflowPartition_0_IODMA_hls_0_fifo_w128_d2_S_ShiftReg/SRL_SIG_reg[0][79]/Q
                         net (fo=2, routed)           0.110     1.932    top_i/idma0/inst/StreamingDataflowPartition_0_IODMA_hls_0/inst/dma2dwc_U/U_StreamingDataflowPartition_0_IODMA_hls_0_fifo_w128_d2_S_ShiftReg/SRL_SIG_reg[0][79]
    SLICE_X21Y5          FDRE                                         r  top_i/idma0/inst/StreamingDataflowPartition_0_IODMA_hls_0/inst/dma2dwc_U/U_StreamingDataflowPartition_0_IODMA_hls_0_fifo_w128_d2_S_ShiftReg/SRL_SIG_reg[1][79]/D
  -------------------------------------------------------------------    -------------------

                         (clock clk_pl_0 rise edge)
                                                      0.000     0.000 r  
    PS8_X0Y0             PS8                          0.000     0.000 r  top_i/zynq_ps/inst/PS8_i/PLCLK[0]
                         net (fo=1, routed)           0.178     0.178    top_i/zynq_ps/inst/pl_clk_unbuffered[0]
    BUFG_PS_X0Y58        BUFG_PS (Prop_BUFG_PS_I_O)
                                                      0.029     0.207 r  top_i/zynq_ps/inst/buffer_pl_clk_0.PL_CLK_0_BUFG/O
    X0Y1 (CLOCK_ROOT)    net (fo=24362, routed)       1.820     2.027    top_i/idma0/inst/StreamingDataflowPartition_0_IODMA_hls_0/inst/dma2dwc_U/U_StreamingDataflowPartition_0_IODMA_hls_0_fifo_w128_d2_S_ShiftReg/ap_clk
    SLICE_X21Y5          FDRE                                         r  top_i/idma0/inst/StreamingDataflowPartition_0_IODMA_hls_0/inst/dma2dwc_U/U_StreamingDataflowPartition_0_IODMA_hls_0_fifo_w128_d2_S_ShiftReg/SRL_SIG_reg[1][79]/C
                         clock pessimism             -0.160     1.867    
    SLICE_X21Y5          FDRE (Hold_EFF2_SLICEL_C_D)
                                                      0.055     1.922    top_i/idma0/inst/StreamingDataflowPartition_0_IODMA_hls_0/inst/dma2dwc_U/U_StreamingDataflowPartition_0_IODMA_hls_0_fifo_w128_d2_S_ShiftReg/SRL_SIG_reg[1][79]
  -------------------------------------------------------------------
                         required time                         -1.922    
                         arrival time                           1.932    
  -------------------------------------------------------------------
                         slack                                  0.011    

Slack (MET) :             0.011ns  (arrival time - required time)
  Source:                 top_i/idma0/inst/StreamingDataflowPartition_0_IODMA_hls_0/inst/gmem_m_axi_U/bus_read/rs_rdata/data_p1_reg[58]/C
                            (rising edge-triggered cell FDRE clocked by clk_pl_0  {rise@0.000ns fall@5.000ns period=10.000ns})
  Destination:            top_i/idma0/inst/StreamingDataflowPartition_0_IODMA_hls_0/inst/gmem_m_axi_U/load_unit/buff_rdata/U_fifo_mem/mem_reg_0/DINBDIN[26]
                            (rising edge-triggered cell RAMB36E2 clocked by clk_pl_0  {rise@0.000ns fall@5.000ns period=10.000ns})
  Path Group:             clk_pl_0
  Path Type:              Hold (Min at Slow Process Corner)
  Requirement:            0.000ns  (clk_pl_0 rise@0.000ns - clk_pl_0 rise@0.000ns)
  Data Path Delay:        0.215ns  (logic 0.070ns (32.558%)  route 0.145ns (67.442%))
  Logic Levels:           0  
  Clock Path Skew:        0.233ns (DCD - SCD - CPR)
    Destination Clock Delay (DCD):    2.148ns
    Source Clock Delay      (SCD):    1.751ns
    Clock Pessimism Removal (CPR):    0.163ns
  Clock Net Delay (Source):      1.584ns (routing 0.576ns, distribution 1.008ns)
  Clock Net Delay (Destination): 1.941ns (routing 0.638ns, distribution 1.303ns)

    Location             Delay type                Incr(ns)  Path(ns)    Netlist Resource(s)
  -------------------------------------------------------------------    -------------------
                         (clock clk_pl_0 rise edge)
                                                      0.000     0.000 r  
    PS8_X0Y0             PS8                          0.000     0.000 r  top_i/zynq_ps/inst/PS8_i/PLCLK[0]
                         net (fo=1, routed)           0.140     0.140    top_i/zynq_ps/inst/pl_clk_unbuffered[0]
    BUFG_PS_X0Y58        BUFG_PS (Prop_BUFG_PS_I_O)
                                                      0.027     0.167 r  top_i/zynq_ps/inst/buffer_pl_clk_0.PL_CLK_0_BUFG/O
    X0Y1 (CLOCK_ROOT)    net (fo=24362, routed)       1.584     1.751    top_i/idma0/inst/StreamingDataflowPartition_0_IODMA_hls_0/inst/gmem_m_axi_U/bus_read/rs_rdata/ap_clk
    SLICE_X17Y6          FDRE                                         r  top_i/idma0/inst/StreamingDataflowPartition_0_IODMA_hls_0/inst/gmem_m_axi_U/bus_read/rs_rdata/data_p1_reg[58]/C
  -------------------------------------------------------------------    -------------------
    SLICE_X17Y6          FDRE (Prop_HFF_SLICEL_C_Q)
                                                      0.070     1.821 r  top_i/idma0/inst/StreamingDataflowPartition_0_IODMA_hls_0/inst/gmem_m_axi_U/bus_read/rs_rdata/data_p1_reg[58]/Q
                         net (fo=1, routed)           0.145     1.966    top_i/idma0/inst/StreamingDataflowPartition_0_IODMA_hls_0/inst/gmem_m_axi_U/load_unit/buff_rdata/U_fifo_mem/din[58]
    RAMB36_X2Y1          RAMB36E2                                     r  top_i/idma0/inst/StreamingDataflowPartition_0_IODMA_hls_0/inst/gmem_m_axi_U/load_unit/buff_rdata/U_fifo_mem/mem_reg_0/DINBDIN[26]
  -------------------------------------------------------------------    -------------------

                         (clock clk_pl_0 rise edge)
                                                      0.000     0.000 r  
    PS8_X0Y0             PS8                          0.000     0.000 r  top_i/zynq_ps/inst/PS8_i/PLCLK[0]
                         net (fo=1, routed)           0.178     0.178    top_i/zynq_ps/inst/pl_clk_unbuffered[0]
    BUFG_PS_X0Y58        BUFG_PS (Prop_BUFG_PS_I_O)
                                                      0.029     0.207 r  top_i/zynq_ps/inst/buffer_pl_clk_0.PL_CLK_0_BUFG/O
    X0Y1 (CLOCK_ROOT)    net (fo=24362, routed)       1.941     2.148    top_i/idma0/inst/StreamingDataflowPartition_0_IODMA_hls_0/inst/gmem_m_axi_U/load_unit/buff_rdata/U_fifo_mem/ap_clk
    RAMB36_X2Y1          RAMB36E2                                     r  top_i/idma0/inst/StreamingDataflowPartition_0_IODMA_hls_0/inst/gmem_m_axi_U/load_unit/buff_rdata/U_fifo_mem/mem_reg_0/CLKBWRCLK
                         clock pessimism             -0.163     1.985    
    RAMB36_X2Y1          RAMB36E2 (Hold_RAMB36E2_RAMB36_CLKBWRCLK_DINBDIN[26])
                                                     -0.029     1.956    top_i/idma0/inst/StreamingDataflowPartition_0_IODMA_hls_0/inst/gmem_m_axi_U/load_unit/buff_rdata/U_fifo_mem/mem_reg_0
  -------------------------------------------------------------------
                         required time                         -1.956    
                         arrival time                           1.966    
  -------------------------------------------------------------------
                         slack                                  0.011    

Slack (MET) :             0.011ns  (arrival time - required time)
  Source:                 top_i/smartconnect_0/inst/s01_entry_pipeline/s01_si_converter/inst/converter.wrap_narrow_inst/ar_reg_slice/m_vector_i_reg[181]/C
                            (rising edge-triggered cell FDRE clocked by clk_pl_0  {rise@0.000ns fall@5.000ns period=10.000ns})
  Destination:            top_i/smartconnect_0/inst/s01_nodes/s01_ar_node/inst/inst_mi_handler/gen_normal_area.inst_fifo_node_payld/gen_xpm_memory_fifo.inst_fifo/gen_mem_rep[0].inst_xpm_memory/xpm_memory_base_inst/gen_wr_a.gen_word_narrow.mem_reg_0_31_84_97/RAMC/I
                            (rising edge-triggered cell RAMD32 clocked by clk_pl_0  {rise@0.000ns fall@5.000ns period=10.000ns})
  Path Group:             clk_pl_0
  Path Type:              Hold (Min at Slow Process Corner)
  Requirement:            0.000ns  (clk_pl_0 rise@0.000ns - clk_pl_0 rise@0.000ns)
  Data Path Delay:        0.266ns  (logic 0.070ns (26.316%)  route 0.196ns (73.684%))
  Logic Levels:           0  
  Clock Path Skew:        0.173ns (DCD - SCD - CPR)
    Destination Clock Delay (DCD):    2.051ns
    Source Clock Delay      (SCD):    1.717ns
    Clock Pessimism Removal (CPR):    0.161ns
  Clock Net Delay (Source):      1.550ns (routing 0.576ns, distribution 0.974ns)
  Clock Net Delay (Destination): 1.844ns (routing 0.638ns, distribution 1.206ns)

    Location             Delay type                Incr(ns)  Path(ns)    Netlist Resource(s)
  -------------------------------------------------------------------    -------------------
                         (clock clk_pl_0 rise edge)
                                                      0.000     0.000 r  
    PS8_X0Y0             PS8                          0.000     0.000 r  top_i/zynq_ps/inst/PS8_i/PLCLK[0]
                         net (fo=1, routed)           0.140     0.140    top_i/zynq_ps/inst/pl_clk_unbuffered[0]
    BUFG_PS_X0Y58        BUFG_PS (Prop_BUFG_PS_I_O)
                                                      0.027     0.167 r  top_i/zynq_ps/inst/buffer_pl_clk_0.PL_CLK_0_BUFG/O
    X0Y1 (CLOCK_ROOT)    net (fo=24362, routed)       1.550     1.717    top_i/smartconnect_0/inst/s01_entry_pipeline/s01_si_converter/inst/converter.wrap_narrow_inst/ar_reg_slice/aclk
    SLICE_X8Y16          FDRE                                         r  top_i/smartconnect_0/inst/s01_entry_pipeline/s01_si_converter/inst/converter.wrap_narrow_inst/ar_reg_slice/m_vector_i_reg[181]/C
  -------------------------------------------------------------------    -------------------
    SLICE_X8Y16          FDRE (Prop_CFF_SLICEL_C_Q)
                                                      0.070     1.787 r  top_i/smartconnect_0/inst/s01_entry_pipeline/s01_si_converter/inst/converter.wrap_narrow_inst/ar_reg_slice/m_vector_i_reg[181]/Q
                         net (fo=1, routed)           0.196     1.983    top_i/smartconnect_0/inst/s01_nodes/s01_ar_node/inst/inst_mi_handler/gen_normal_area.inst_fifo_node_payld/gen_xpm_memory_fifo.inst_fifo/gen_mem_rep[0].inst_xpm_memory/xpm_memory_base_inst/gen_wr_a.gen_word_narrow.mem_reg_0_31_84_97/DIC0
    SLICE_X5Y16          RAMD32                                       r  top_i/smartconnect_0/inst/s01_nodes/s01_ar_node/inst/inst_mi_handler/gen_normal_area.inst_fifo_node_payld/gen_xpm_memory_fifo.inst_fifo/gen_mem_rep[0].inst_xpm_memory/xpm_memory_base_inst/gen_wr_a.gen_word_narrow.mem_reg_0_31_84_97/RAMC/I
  -------------------------------------------------------------------    -------------------

                         (clock clk_pl_0 rise edge)
                                                      0.000     0.000 r  
    PS8_X0Y0             PS8                          0.000     0.000 r  top_i/zynq_ps/inst/PS8_i/PLCLK[0]
                         net (fo=1, routed)           0.178     0.178    top_i/zynq_ps/inst/pl_clk_unbuffered[0]
    BUFG_PS_X0Y58        BUFG_PS (Prop_BUFG_PS_I_O)
                                                      0.029     0.207 r  top_i/zynq_ps/inst/buffer_pl_clk_0.PL_CLK_0_BUFG/O
    X0Y1 (CLOCK_ROOT)    net (fo=24362, routed)       1.844     2.051    top_i/smartconnect_0/inst/s01_nodes/s01_ar_node/inst/inst_mi_handler/gen_normal_area.inst_fifo_node_payld/gen_xpm_memory_fifo.inst_fifo/gen_mem_rep[0].inst_xpm_memory/xpm_memory_base_inst/gen_wr_a.gen_word_narrow.mem_reg_0_31_84_97/WCLK
    SLICE_X5Y16          RAMD32                                       r  top_i/smartconnect_0/inst/s01_nodes/s01_ar_node/inst/inst_mi_handler/gen_normal_area.inst_fifo_node_payld/gen_xpm_memory_fifo.inst_fifo/gen_mem_rep[0].inst_xpm_memory/xpm_memory_base_inst/gen_wr_a.gen_word_narrow.mem_reg_0_31_84_97/RAMC/CLK
                         clock pessimism             -0.161     1.890    
    SLICE_X5Y16          RAMD32 (Hold_C5LUT_SLICEM_CLK_I)
                                                      0.082     1.972    top_i/smartconnect_0/inst/s01_nodes/s01_ar_node/inst/inst_mi_handler/gen_normal_area.inst_fifo_node_payld/gen_xpm_memory_fifo.inst_fifo/gen_mem_rep[0].inst_xpm_memory/xpm_memory_base_inst/gen_wr_a.gen_word_narrow.mem_reg_0_31_84_97/RAMC
  -------------------------------------------------------------------
                         required time                         -1.972    
                         arrival time                           1.983    
  -------------------------------------------------------------------
                         slack                                  0.011    

Slack (MET) :             0.011ns  (arrival time - required time)
  Source:                 top_i/smartconnect_0/inst/switchboards/r_switchboard/inst/gen_mi[0].inst_opipe_payld/gen_pipe[1].pipe_reg[1][86]/C
                            (rising edge-triggered cell FDRE clocked by clk_pl_0  {rise@0.000ns fall@5.000ns period=10.000ns})
  Destination:            top_i/smartconnect_0/inst/s00_nodes/s00_r_node/inst/inst_mi_handler/gen_normal_area.inst_fifo_node_payld/gen_xpm_memory_fifo.inst_fifo/gen_mem_rep[0].inst_xpm_memory/xpm_memory_base_inst/gen_wr_a.gen_word_narrow.mem_reg_0_31_84_97/RAMB/I
                            (rising edge-triggered cell RAMD32 clocked by clk_pl_0  {rise@0.000ns fall@5.000ns period=10.000ns})
  Path Group:             clk_pl_0
  Path Type:              Hold (Min at Slow Process Corner)
  Requirement:            0.000ns  (clk_pl_0 rise@0.000ns - clk_pl_0 rise@0.000ns)
  Data Path Delay:        0.246ns  (logic 0.070ns (28.455%)  route 0.176ns (71.545%))
  Logic Levels:           0  
  Clock Path Skew:        0.153ns (DCD - SCD - CPR)
    Destination Clock Delay (DCD):    2.036ns
    Source Clock Delay      (SCD):    1.722ns
    Clock Pessimism Removal (CPR):    0.161ns
  Clock Net Delay (Source):      1.555ns (routing 0.576ns, distribution 0.979ns)
  Clock Net Delay (Destination): 1.829ns (routing 0.638ns, distribution 1.191ns)

    Location             Delay type                Incr(ns)  Path(ns)    Netlist Resource(s)
  -------------------------------------------------------------------    -------------------
                         (clock clk_pl_0 rise edge)
                                                      0.000     0.000 r  
    PS8_X0Y0             PS8                          0.000     0.000 r  top_i/zynq_ps/inst/PS8_i/PLCLK[0]
                         net (fo=1, routed)           0.140     0.140    top_i/zynq_ps/inst/pl_clk_unbuffered[0]
    BUFG_PS_X0Y58        BUFG_PS (Prop_BUFG_PS_I_O)
                                                      0.027     0.167 r  top_i/zynq_ps/inst/buffer_pl_clk_0.PL_CLK_0_BUFG/O
    X0Y1 (CLOCK_ROOT)    net (fo=24362, routed)       1.555     1.722    top_i/smartconnect_0/inst/switchboards/r_switchboard/inst/gen_mi[0].inst_opipe_payld/aclk
    SLICE_X10Y5          FDRE                                         r  top_i/smartconnect_0/inst/switchboards/r_switchboard/inst/gen_mi[0].inst_opipe_payld/gen_pipe[1].pipe_reg[1][86]/C
  -------------------------------------------------------------------    -------------------
    SLICE_X10Y5          FDRE (Prop_AFF_SLICEL_C_Q)
                                                      0.070     1.792 r  top_i/smartconnect_0/inst/switchboards/r_switchboard/inst/gen_mi[0].inst_opipe_payld/gen_pipe[1].pipe_reg[1][86]/Q
                         net (fo=1, routed)           0.176     1.968    top_i/smartconnect_0/inst/s00_nodes/s00_r_node/inst/inst_mi_handler/gen_normal_area.inst_fifo_node_payld/gen_xpm_memory_fifo.inst_fifo/gen_mem_rep[0].inst_xpm_memory/xpm_memory_base_inst/gen_wr_a.gen_word_narrow.mem_reg_0_31_84_97/DIB0
    SLICE_X14Y5          RAMD32                                       r  top_i/smartconnect_0/inst/s00_nodes/s00_r_node/inst/inst_mi_handler/gen_normal_area.inst_fifo_node_payld/gen_xpm_memory_fifo.inst_fifo/gen_mem_rep[0].inst_xpm_memory/xpm_memory_base_inst/gen_wr_a.gen_word_narrow.mem_reg_0_31_84_97/RAMB/I
  -------------------------------------------------------------------    -------------------

                         (clock clk_pl_0 rise edge)
                                                      0.000     0.000 r  
    PS8_X0Y0             PS8                          0.000     0.000 r  top_i/zynq_ps/inst/PS8_i/PLCLK[0]
                         net (fo=1, routed)           0.178     0.178    top_i/zynq_ps/inst/pl_clk_unbuffered[0]
    BUFG_PS_X0Y58        BUFG_PS (Prop_BUFG_PS_I_O)
                                                      0.029     0.207 r  top_i/zynq_ps/inst/buffer_pl_clk_0.PL_CLK_0_BUFG/O
    X0Y1 (CLOCK_ROOT)    net (fo=24362, routed)       1.829     2.036    top_i/smartconnect_0/inst/s00_nodes/s00_r_node/inst/inst_mi_handler/gen_normal_area.inst_fifo_node_payld/gen_xpm_memory_fifo.inst_fifo/gen_mem_rep[0].inst_xpm_memory/xpm_memory_base_inst/gen_wr_a.gen_word_narrow.mem_reg_0_31_84_97/WCLK
    SLICE_X14Y5          RAMD32                                       r  top_i/smartconnect_0/inst/s00_nodes/s00_r_node/inst/inst_mi_handler/gen_normal_area.inst_fifo_node_payld/gen_xpm_memory_fifo.inst_fifo/gen_mem_rep[0].inst_xpm_memory/xpm_memory_base_inst/gen_wr_a.gen_word_narrow.mem_reg_0_31_84_97/RAMB/CLK
                         clock pessimism             -0.161     1.875    
    SLICE_X14Y5          RAMD32 (Hold_B5LUT_SLICEM_CLK_I)
                                                      0.082     1.957    top_i/smartconnect_0/inst/s00_nodes/s00_r_node/inst/inst_mi_handler/gen_normal_area.inst_fifo_node_payld/gen_xpm_memory_fifo.inst_fifo/gen_mem_rep[0].inst_xpm_memory/xpm_memory_base_inst/gen_wr_a.gen_word_narrow.mem_reg_0_31_84_97/RAMB
  -------------------------------------------------------------------
                         required time                         -1.957    
                         arrival time                           1.968    
  -------------------------------------------------------------------
                         slack                                  0.011    

Slack (MET) :             0.011ns  (arrival time - required time)
  Source:                 top_i/smartconnect_0/inst/s00_nodes/s00_ar_node/inst/inst_mi_handler/gen_normal_area.inst_fifo_node_payld/gen_xpm_memory_fifo.inst_fifo/gen_mem_rep[0].inst_wr_addra/count_r_reg[1]/C
                            (rising edge-triggered cell FDRE clocked by clk_pl_0  {rise@0.000ns fall@5.000ns period=10.000ns})
  Destination:            top_i/smartconnect_0/inst/s00_nodes/s00_ar_node/inst/inst_mi_handler/gen_normal_area.inst_fifo_node_payld/gen_xpm_memory_fifo.inst_fifo/gen_mem_rep[0].inst_xpm_memory/xpm_memory_base_inst/gen_wr_a.gen_word_narrow.mem_reg_0_31_0_13/RAMA/WADR1
                            (rising edge-triggered cell RAMD32 clocked by clk_pl_0  {rise@0.000ns fall@5.000ns period=10.000ns})
  Path Group:             clk_pl_0
  Path Type:              Hold (Min at Slow Process Corner)
  Requirement:            0.000ns  (clk_pl_0 rise@0.000ns - clk_pl_0 rise@0.000ns)
  Data Path Delay:        0.292ns  (logic 0.070ns (23.957%)  route 0.222ns (76.043%))
  Logic Levels:           0  
  Clock Path Skew:        0.188ns (DCD - SCD - CPR)
    Destination Clock Delay (DCD):    2.052ns
    Source Clock Delay      (SCD):    1.703ns
    Clock Pessimism Removal (CPR):    0.161ns
  Clock Net Delay (Source):      1.536ns (routing 0.576ns, distribution 0.960ns)
  Clock Net Delay (Destination): 1.845ns (routing 0.638ns, distribution 1.207ns)

    Location             Delay type                Incr(ns)  Path(ns)    Netlist Resource(s)
  -------------------------------------------------------------------    -------------------
                         (clock clk_pl_0 rise edge)
                                                      0.000     0.000 r  
    PS8_X0Y0             PS8                          0.000     0.000 r  top_i/zynq_ps/inst/PS8_i/PLCLK[0]
                         net (fo=1, routed)           0.140     0.140    top_i/zynq_ps/inst/pl_clk_unbuffered[0]
    BUFG_PS_X0Y58        BUFG_PS (Prop_BUFG_PS_I_O)
                                                      0.027     0.167 r  top_i/zynq_ps/inst/buffer_pl_clk_0.PL_CLK_0_BUFG/O
    X0Y1 (CLOCK_ROOT)    net (fo=24362, routed)       1.536     1.703    top_i/smartconnect_0/inst/s00_nodes/s00_ar_node/inst/inst_mi_handler/gen_normal_area.inst_fifo_node_payld/gen_xpm_memory_fifo.inst_fifo/gen_mem_rep[0].inst_wr_addra/s_sc_aclk
    SLICE_X3Y22          FDRE                                         r  top_i/smartconnect_0/inst/s00_nodes/s00_ar_node/inst/inst_mi_handler/gen_normal_area.inst_fifo_node_payld/gen_xpm_memory_fifo.inst_fifo/gen_mem_rep[0].inst_wr_addra/count_r_reg[1]/C
  -------------------------------------------------------------------    -------------------
    SLICE_X3Y22          FDRE (Prop_EFF_SLICEL_C_Q)
                                                      0.070     1.773 r  top_i/smartconnect_0/inst/s00_nodes/s00_ar_node/inst/inst_mi_handler/gen_normal_area.inst_fifo_node_payld/gen_xpm_memory_fifo.inst_fifo/gen_mem_rep[0].inst_wr_addra/count_r_reg[1]/Q
                         net (fo=142, routed)         0.222     1.995    top_i/smartconnect_0/inst/s00_nodes/s00_ar_node/inst/inst_mi_handler/gen_normal_area.inst_fifo_node_payld/gen_xpm_memory_fifo.inst_fifo/gen_mem_rep[0].inst_xpm_memory/xpm_memory_base_inst/gen_wr_a.gen_word_narrow.mem_reg_0_31_0_13/ADDRH1
    SLICE_X1Y18          RAMD32                                       r  top_i/smartconnect_0/inst/s00_nodes/s00_ar_node/inst/inst_mi_handler/gen_normal_area.inst_fifo_node_payld/gen_xpm_memory_fifo.inst_fifo/gen_mem_rep[0].inst_xpm_memory/xpm_memory_base_inst/gen_wr_a.gen_word_narrow.mem_reg_0_31_0_13/RAMA/WADR1
  -------------------------------------------------------------------    -------------------

                         (clock clk_pl_0 rise edge)
                                                      0.000     0.000 r  
    PS8_X0Y0             PS8                          0.000     0.000 r  top_i/zynq_ps/inst/PS8_i/PLCLK[0]
                         net (fo=1, routed)           0.178     0.178    top_i/zynq_ps/inst/pl_clk_unbuffered[0]
    BUFG_PS_X0Y58        BUFG_PS (Prop_BUFG_PS_I_O)
                                                      0.029     0.207 r  top_i/zynq_ps/inst/buffer_pl_clk_0.PL_CLK_0_BUFG/O
    X0Y1 (CLOCK_ROOT)    net (fo=24362, routed)       1.845     2.052    top_i/smartconnect_0/inst/s00_nodes/s00_ar_node/inst/inst_mi_handler/gen_normal_area.inst_fifo_node_payld/gen_xpm_memory_fifo.inst_fifo/gen_mem_rep[0].inst_xpm_memory/xpm_memory_base_inst/gen_wr_a.gen_word_narrow.mem_reg_0_31_0_13/WCLK
    SLICE_X1Y18          RAMD32                                       r  top_i/smartconnect_0/inst/s00_nodes/s00_ar_node/inst/inst_mi_handler/gen_normal_area.inst_fifo_node_payld/gen_xpm_memory_fifo.inst_fifo/gen_mem_rep[0].inst_xpm_memory/xpm_memory_base_inst/gen_wr_a.gen_word_narrow.mem_reg_0_31_0_13/RAMA/CLK
                         clock pessimism             -0.161     1.891    
    SLICE_X1Y18          RAMD32 (Hold_A5LUT_SLICEM_CLK_WADR1)
                                                      0.093     1.984    top_i/smartconnect_0/inst/s00_nodes/s00_ar_node/inst/inst_mi_handler/gen_normal_area.inst_fifo_node_payld/gen_xpm_memory_fifo.inst_fifo/gen_mem_rep[0].inst_xpm_memory/xpm_memory_base_inst/gen_wr_a.gen_word_narrow.mem_reg_0_31_0_13/RAMA
  -------------------------------------------------------------------
                         required time                         -1.984    
                         arrival time                           1.995    
  -------------------------------------------------------------------
                         slack                                  0.011    

Slack (MET) :             0.011ns  (arrival time - required time)
  Source:                 top_i/smartconnect_0/inst/s00_nodes/s00_ar_node/inst/inst_mi_handler/gen_normal_area.inst_fifo_node_payld/gen_xpm_memory_fifo.inst_fifo/gen_mem_rep[0].inst_wr_addra/count_r_reg[1]/C
                            (rising edge-triggered cell FDRE clocked by clk_pl_0  {rise@0.000ns fall@5.000ns period=10.000ns})
  Destination:            top_i/smartconnect_0/inst/s00_nodes/s00_ar_node/inst/inst_mi_handler/gen_normal_area.inst_fifo_node_payld/gen_xpm_memory_fifo.inst_fifo/gen_mem_rep[0].inst_xpm_memory/xpm_memory_base_inst/gen_wr_a.gen_word_narrow.mem_reg_0_31_0_13/RAMA_D1/WADR1
                            (rising edge-triggered cell RAMD32 clocked by clk_pl_0  {rise@0.000ns fall@5.000ns period=10.000ns})
  Path Group:             clk_pl_0
  Path Type:              Hold (Min at Slow Process Corner)
  Requirement:            0.000ns  (clk_pl_0 rise@0.000ns - clk_pl_0 rise@0.000ns)
  Data Path Delay:        0.292ns  (logic 0.070ns (23.957%)  route 0.222ns (76.043%))
  Logic Levels:           0  
  Clock Path Skew:        0.188ns (DCD - SCD - CPR)
    Destination Clock Delay (DCD):    2.052ns
    Source Clock Delay      (SCD):    1.703ns
    Clock Pessimism Removal (CPR):    0.161ns
  Clock Net Delay (Source):      1.536ns (routing 0.576ns, distribution 0.960ns)
  Clock Net Delay (Destination): 1.845ns (routing 0.638ns, distribution 1.207ns)

    Location             Delay type                Incr(ns)  Path(ns)    Netlist Resource(s)
  -------------------------------------------------------------------    -------------------
                         (clock clk_pl_0 rise edge)
                                                      0.000     0.000 r  
    PS8_X0Y0             PS8                          0.000     0.000 r  top_i/zynq_ps/inst/PS8_i/PLCLK[0]
                         net (fo=1, routed)           0.140     0.140    top_i/zynq_ps/inst/pl_clk_unbuffered[0]
    BUFG_PS_X0Y58        BUFG_PS (Prop_BUFG_PS_I_O)
                                                      0.027     0.167 r  top_i/zynq_ps/inst/buffer_pl_clk_0.PL_CLK_0_BUFG/O
    X0Y1 (CLOCK_ROOT)    net (fo=24362, routed)       1.536     1.703    top_i/smartconnect_0/inst/s00_nodes/s00_ar_node/inst/inst_mi_handler/gen_normal_area.inst_fifo_node_payld/gen_xpm_memory_fifo.inst_fifo/gen_mem_rep[0].inst_wr_addra/s_sc_aclk
    SLICE_X3Y22          FDRE                                         r  top_i/smartconnect_0/inst/s00_nodes/s00_ar_node/inst/inst_mi_handler/gen_normal_area.inst_fifo_node_payld/gen_xpm_memory_fifo.inst_fifo/gen_mem_rep[0].inst_wr_addra/count_r_reg[1]/C
  -------------------------------------------------------------------    -------------------
    SLICE_X3Y22          FDRE (Prop_EFF_SLICEL_C_Q)
                                                      0.070     1.773 r  top_i/smartconnect_0/inst/s00_nodes/s00_ar_node/inst/inst_mi_handler/gen_normal_area.inst_fifo_node_payld/gen_xpm_memory_fifo.inst_fifo/gen_mem_rep[0].inst_wr_addra/count_r_reg[1]/Q
                         net (fo=142, routed)         0.222     1.995    top_i/smartconnect_0/inst/s00_nodes/s00_ar_node/inst/inst_mi_handler/gen_normal_area.inst_fifo_node_payld/gen_xpm_memory_fifo.inst_fifo/gen_mem_rep[0].inst_xpm_memory/xpm_memory_base_inst/gen_wr_a.gen_word_narrow.mem_reg_0_31_0_13/ADDRH1
    SLICE_X1Y18          RAMD32                                       r  top_i/smartconnect_0/inst/s00_nodes/s00_ar_node/inst/inst_mi_handler/gen_normal_area.inst_fifo_node_payld/gen_xpm_memory_fifo.inst_fifo/gen_mem_rep[0].inst_xpm_memory/xpm_memory_base_inst/gen_wr_a.gen_word_narrow.mem_reg_0_31_0_13/RAMA_D1/WADR1
  -------------------------------------------------------------------    -------------------

                         (clock clk_pl_0 rise edge)
                                                      0.000     0.000 r  
    PS8_X0Y0             PS8                          0.000     0.000 r  top_i/zynq_ps/inst/PS8_i/PLCLK[0]
                         net (fo=1, routed)           0.178     0.178    top_i/zynq_ps/inst/pl_clk_unbuffered[0]
    BUFG_PS_X0Y58        BUFG_PS (Prop_BUFG_PS_I_O)
                                                      0.029     0.207 r  top_i/zynq_ps/inst/buffer_pl_clk_0.PL_CLK_0_BUFG/O
    X0Y1 (CLOCK_ROOT)    net (fo=24362, routed)       1.845     2.052    top_i/smartconnect_0/inst/s00_nodes/s00_ar_node/inst/inst_mi_handler/gen_normal_area.inst_fifo_node_payld/gen_xpm_memory_fifo.inst_fifo/gen_mem_rep[0].inst_xpm_memory/xpm_memory_base_inst/gen_wr_a.gen_word_narrow.mem_reg_0_31_0_13/WCLK
    SLICE_X1Y18          RAMD32                                       r  top_i/smartconnect_0/inst/s00_nodes/s00_ar_node/inst/inst_mi_handler/gen_normal_area.inst_fifo_node_payld/gen_xpm_memory_fifo.inst_fifo/gen_mem_rep[0].inst_xpm_memory/xpm_memory_base_inst/gen_wr_a.gen_word_narrow.mem_reg_0_31_0_13/RAMA_D1/CLK
                         clock pessimism             -0.161     1.891    
    SLICE_X1Y18          RAMD32 (Hold_A6LUT_SLICEM_CLK_WADR1)
                                                      0.093     1.984    top_i/smartconnect_0/inst/s00_nodes/s00_ar_node/inst/inst_mi_handler/gen_normal_area.inst_fifo_node_payld/gen_xpm_memory_fifo.inst_fifo/gen_mem_rep[0].inst_xpm_memory/xpm_memory_base_inst/gen_wr_a.gen_word_narrow.mem_reg_0_31_0_13/RAMA_D1
  -------------------------------------------------------------------
                         required time                         -1.984    
                         arrival time                           1.995    
  -------------------------------------------------------------------
                         slack                                  0.011    

Slack (MET) :             0.011ns  (arrival time - required time)
  Source:                 top_i/smartconnect_0/inst/s00_nodes/s00_ar_node/inst/inst_mi_handler/gen_normal_area.inst_fifo_node_payld/gen_xpm_memory_fifo.inst_fifo/gen_mem_rep[0].inst_wr_addra/count_r_reg[1]/C
                            (rising edge-triggered cell FDRE clocked by clk_pl_0  {rise@0.000ns fall@5.000ns period=10.000ns})
  Destination:            top_i/smartconnect_0/inst/s00_nodes/s00_ar_node/inst/inst_mi_handler/gen_normal_area.inst_fifo_node_payld/gen_xpm_memory_fifo.inst_fifo/gen_mem_rep[0].inst_xpm_memory/xpm_memory_base_inst/gen_wr_a.gen_word_narrow.mem_reg_0_31_0_13/RAMB/WADR1
                            (rising edge-triggered cell RAMD32 clocked by clk_pl_0  {rise@0.000ns fall@5.000ns period=10.000ns})
  Path Group:             clk_pl_0
  Path Type:              Hold (Min at Slow Process Corner)
  Requirement:            0.000ns  (clk_pl_0 rise@0.000ns - clk_pl_0 rise@0.000ns)
  Data Path Delay:        0.292ns  (logic 0.070ns (23.957%)  route 0.222ns (76.043%))
  Logic Levels:           0  
  Clock Path Skew:        0.188ns (DCD - SCD - CPR)
    Destination Clock Delay (DCD):    2.052ns
    Source Clock Delay      (SCD):    1.703ns
    Clock Pessimism Removal (CPR):    0.161ns
  Clock Net Delay (Source):      1.536ns (routing 0.576ns, distribution 0.960ns)
  Clock Net Delay (Destination): 1.845ns (routing 0.638ns, distribution 1.207ns)

    Location             Delay type                Incr(ns)  Path(ns)    Netlist Resource(s)
  -------------------------------------------------------------------    -------------------
                         (clock clk_pl_0 rise edge)
                                                      0.000     0.000 r  
    PS8_X0Y0             PS8                          0.000     0.000 r  top_i/zynq_ps/inst/PS8_i/PLCLK[0]
                         net (fo=1, routed)           0.140     0.140    top_i/zynq_ps/inst/pl_clk_unbuffered[0]
    BUFG_PS_X0Y58        BUFG_PS (Prop_BUFG_PS_I_O)
                                                      0.027     0.167 r  top_i/zynq_ps/inst/buffer_pl_clk_0.PL_CLK_0_BUFG/O
    X0Y1 (CLOCK_ROOT)    net (fo=24362, routed)       1.536     1.703    top_i/smartconnect_0/inst/s00_nodes/s00_ar_node/inst/inst_mi_handler/gen_normal_area.inst_fifo_node_payld/gen_xpm_memory_fifo.inst_fifo/gen_mem_rep[0].inst_wr_addra/s_sc_aclk
    SLICE_X3Y22          FDRE                                         r  top_i/smartconnect_0/inst/s00_nodes/s00_ar_node/inst/inst_mi_handler/gen_normal_area.inst_fifo_node_payld/gen_xpm_memory_fifo.inst_fifo/gen_mem_rep[0].inst_wr_addra/count_r_reg[1]/C
  -------------------------------------------------------------------    -------------------
    SLICE_X3Y22          FDRE (Prop_EFF_SLICEL_C_Q)
                                                      0.070     1.773 r  top_i/smartconnect_0/inst/s00_nodes/s00_ar_node/inst/inst_mi_handler/gen_normal_area.inst_fifo_node_payld/gen_xpm_memory_fifo.inst_fifo/gen_mem_rep[0].inst_wr_addra/count_r_reg[1]/Q
                         net (fo=142, routed)         0.222     1.995    top_i/smartconnect_0/inst/s00_nodes/s00_ar_node/inst/inst_mi_handler/gen_normal_area.inst_fifo_node_payld/gen_xpm_memory_fifo.inst_fifo/gen_mem_rep[0].inst_xpm_memory/xpm_memory_base_inst/gen_wr_a.gen_word_narrow.mem_reg_0_31_0_13/ADDRH1
    SLICE_X1Y18          RAMD32                                       r  top_i/smartconnect_0/inst/s00_nodes/s00_ar_node/inst/inst_mi_handler/gen_normal_area.inst_fifo_node_payld/gen_xpm_memory_fifo.inst_fifo/gen_mem_rep[0].inst_xpm_memory/xpm_memory_base_inst/gen_wr_a.gen_word_narrow.mem_reg_0_31_0_13/RAMB/WADR1
  -------------------------------------------------------------------    -------------------

                         (clock clk_pl_0 rise edge)
                                                      0.000     0.000 r  
    PS8_X0Y0             PS8                          0.000     0.000 r  top_i/zynq_ps/inst/PS8_i/PLCLK[0]
                         net (fo=1, routed)           0.178     0.178    top_i/zynq_ps/inst/pl_clk_unbuffered[0]
    BUFG_PS_X0Y58        BUFG_PS (Prop_BUFG_PS_I_O)
                                                      0.029     0.207 r  top_i/zynq_ps/inst/buffer_pl_clk_0.PL_CLK_0_BUFG/O
    X0Y1 (CLOCK_ROOT)    net (fo=24362, routed)       1.845     2.052    top_i/smartconnect_0/inst/s00_nodes/s00_ar_node/inst/inst_mi_handler/gen_normal_area.inst_fifo_node_payld/gen_xpm_memory_fifo.inst_fifo/gen_mem_rep[0].inst_xpm_memory/xpm_memory_base_inst/gen_wr_a.gen_word_narrow.mem_reg_0_31_0_13/WCLK
    SLICE_X1Y18          RAMD32                                       r  top_i/smartconnect_0/inst/s00_nodes/s00_ar_node/inst/inst_mi_handler/gen_normal_area.inst_fifo_node_payld/gen_xpm_memory_fifo.inst_fifo/gen_mem_rep[0].inst_xpm_memory/xpm_memory_base_inst/gen_wr_a.gen_word_narrow.mem_reg_0_31_0_13/RAMB/CLK
                         clock pessimism             -0.161     1.891    
    SLICE_X1Y18          RAMD32 (Hold_B5LUT_SLICEM_CLK_WADR1)
                                                      0.093     1.984    top_i/smartconnect_0/inst/s00_nodes/s00_ar_node/inst/inst_mi_handler/gen_normal_area.inst_fifo_node_payld/gen_xpm_memory_fifo.inst_fifo/gen_mem_rep[0].inst_xpm_memory/xpm_memory_base_inst/gen_wr_a.gen_word_narrow.mem_reg_0_31_0_13/RAMB
  -------------------------------------------------------------------
                         required time                         -1.984    
                         arrival time                           1.995    
  -------------------------------------------------------------------
                         slack                                  0.011    





Pulse Width Checks
--------------------------------------------------------------------------------------
Clock Name:         clk_pl_0
Waveform(ns):       { 0.000 5.000 }
Period(ns):         10.000
Sources:            { top_i/zynq_ps/inst/PS8_i/PLCLK[0] }

Check Type        Corner  Lib Pin             Reference Pin  Required(ns)  Actual(ns)  Slack(ns)  Location       Pin
Min Period        n/a     PS8/MAXIGP0ACLK     n/a            3.000         10.000      7.000      PS8_X0Y0       top_i/zynq_ps/inst/PS8_i/MAXIGP0ACLK
Min Period        n/a     PS8/SAXIGP2RCLK     n/a            3.000         10.000      7.000      PS8_X0Y0       top_i/zynq_ps/inst/PS8_i/SAXIGP2RCLK
Min Period        n/a     PS8/SAXIGP2WCLK     n/a            3.000         10.000      7.000      PS8_X0Y0       top_i/zynq_ps/inst/PS8_i/SAXIGP2WCLK
Min Period        n/a     RAMB18E2/CLKARDCLK  n/a            1.739         10.000      8.261      RAMB18_X2Y68   top_i/StreamingDataflowPartition_1/inst/StreamingDataflowPartition_1_StreamingFIFO_rtl_1/fifo/inst/gen_fifo.xpm_fifo_axis_inst/xpm_fifo_base_inst/gen_sdpram.xpm_memory_base_inst/gen_wr_a.gen_word_narrow.mem_reg_bram_0/CLKARDCLK
Min Period        n/a     RAMB18E2/CLKARDCLK  n/a            1.739         10.000      8.261      RAMB18_X1Y68   top_i/StreamingDataflowPartition_1/inst/StreamingDataflowPartition_1_StreamingFIFO_rtl_2/fifo/inst/gen_fifo.xpm_fifo_axis_inst/xpm_fifo_base_inst/gen_sdpram.xpm_memory_base_inst/gen_wr_a.gen_word_narrow.mem_reg_bram_0/CLKARDCLK
Min Period        n/a     RAMB36E2/CLKARDCLK  n/a            1.739         10.000      8.261      RAMB36_X3Y31   top_i/StreamingDataflowPartition_1/inst/StreamingDataflowPartition_1_StreamingFIFO_rtl_3/fifo/inst/gen_fifo.xpm_fifo_axis_inst/xpm_fifo_base_inst/gen_sdpram.xpm_memory_base_inst/gen_wr_a.gen_word_narrow.mem_reg_bram_0/CLKARDCLK
Min Period        n/a     RAMB36E2/CLKARDCLK  n/a            1.739         10.000      8.261      RAMB36_X3Y32   top_i/StreamingDataflowPartition_1/inst/StreamingDataflowPartition_1_StreamingFIFO_rtl_3/fifo/inst/gen_fifo.xpm_fifo_axis_inst/xpm_fifo_base_inst/gen_sdpram.xpm_memory_base_inst/gen_wr_a.gen_word_narrow.mem_reg_bram_1/CLKARDCLK
Min Period        n/a     RAMB36E2/CLKARDCLK  n/a            1.739         10.000      8.261      RAMB36_X3Y30   top_i/StreamingDataflowPartition_1/inst/StreamingDataflowPartition_1_StreamingFIFO_rtl_3/fifo/inst/gen_fifo.xpm_fifo_axis_inst/xpm_fifo_base_inst/gen_sdpram.xpm_memory_base_inst/gen_wr_a.gen_word_narrow.mem_reg_bram_2/CLKARDCLK
Min Period        n/a     RAMB18E2/CLKBWRCLK  n/a            1.739         10.000      8.261      RAMB18_X4Y58   top_i/StreamingDataflowPartition_1/inst/StreamingDataflowPartition_1_StreamingFIFO_rtl_8/fifo/inst/gen_fifo.xpm_fifo_axis_inst/xpm_fifo_base_inst/gen_sdpram.xpm_memory_base_inst/gen_wr_a.gen_word_narrow.mem_reg_bram_0/CLKBWRCLK
Min Period        n/a     RAMB36E2/CLKARDCLK  n/a            1.739         10.000      8.261      RAMB36_X2Y1    top_i/idma0/inst/StreamingDataflowPartition_0_IODMA_hls_0/inst/gmem_m_axi_U/load_unit/buff_rdata/U_fifo_mem/mem_reg_0/CLKARDCLK
Low Pulse Width   Slow    PS8/MAXIGP0ACLK     n/a            1.500         5.000       3.500      PS8_X0Y0       top_i/zynq_ps/inst/PS8_i/MAXIGP0ACLK
Low Pulse Width   Fast    PS8/MAXIGP0ACLK     n/a            1.500         5.000       3.500      PS8_X0Y0       top_i/zynq_ps/inst/PS8_i/MAXIGP0ACLK
Low Pulse Width   Slow    PS8/SAXIGP2RCLK     n/a            1.500         5.000       3.500      PS8_X0Y0       top_i/zynq_ps/inst/PS8_i/SAXIGP2RCLK
Low Pulse Width   Fast    PS8/SAXIGP2RCLK     n/a            1.500         5.000       3.500      PS8_X0Y0       top_i/zynq_ps/inst/PS8_i/SAXIGP2RCLK
Low Pulse Width   Slow    PS8/SAXIGP2WCLK     n/a            1.500         5.000       3.500      PS8_X0Y0       top_i/zynq_ps/inst/PS8_i/SAXIGP2WCLK
Low Pulse Width   Fast    PS8/SAXIGP2WCLK     n/a            1.500         5.000       3.500      PS8_X0Y0       top_i/zynq_ps/inst/PS8_i/SAXIGP2WCLK
Low Pulse Width   Slow    RAMD64E/CLK         n/a            0.573         5.000       4.427      SLICE_X16Y171  top_i/StreamingDataflowPartition_1/inst/StreamingDataflowPartition_1_ConvolutionInputGenerator_rtl_0/inst/impl/window_buffer_inst/Ram_reg_0_63_0_6/RAMA/CLK
Low Pulse Width   Fast    RAMD64E/CLK         n/a            0.573         5.000       4.427      SLICE_X16Y171  top_i/StreamingDataflowPartition_1/inst/StreamingDataflowPartition_1_ConvolutionInputGenerator_rtl_0/inst/impl/window_buffer_inst/Ram_reg_0_63_0_6/RAMA/CLK
Low Pulse Width   Slow    RAMD64E/CLK         n/a            0.573         5.000       4.427      SLICE_X16Y171  top_i/StreamingDataflowPartition_1/inst/StreamingDataflowPartition_1_ConvolutionInputGenerator_rtl_0/inst/impl/window_buffer_inst/Ram_reg_0_63_0_6/RAMB/CLK
Low Pulse Width   Fast    RAMD64E/CLK         n/a            0.573         5.000       4.427      SLICE_X16Y171  top_i/StreamingDataflowPartition_1/inst/StreamingDataflowPartition_1_ConvolutionInputGenerator_rtl_0/inst/impl/window_buffer_inst/Ram_reg_0_63_0_6/RAMB/CLK
High Pulse Width  Slow    PS8/MAXIGP0ACLK     n/a            1.500         5.000       3.500      PS8_X0Y0       top_i/zynq_ps/inst/PS8_i/MAXIGP0ACLK
High Pulse Width  Fast    PS8/MAXIGP0ACLK     n/a            1.500         5.000       3.500      PS8_X0Y0       top_i/zynq_ps/inst/PS8_i/MAXIGP0ACLK
High Pulse Width  Slow    PS8/SAXIGP2RCLK     n/a            1.500         5.000       3.500      PS8_X0Y0       top_i/zynq_ps/inst/PS8_i/SAXIGP2RCLK
High Pulse Width  Fast    PS8/SAXIGP2RCLK     n/a            1.500         5.000       3.500      PS8_X0Y0       top_i/zynq_ps/inst/PS8_i/SAXIGP2RCLK
High Pulse Width  Slow    PS8/SAXIGP2WCLK     n/a            1.500         5.000       3.500      PS8_X0Y0       top_i/zynq_ps/inst/PS8_i/SAXIGP2WCLK
High Pulse Width  Fast    PS8/SAXIGP2WCLK     n/a            1.500         5.000       3.500      PS8_X0Y0       top_i/zynq_ps/inst/PS8_i/SAXIGP2WCLK
High Pulse Width  Slow    RAMD64E/CLK         n/a            0.573         5.000       4.427      SLICE_X16Y171  top_i/StreamingDataflowPartition_1/inst/StreamingDataflowPartition_1_ConvolutionInputGenerator_rtl_0/inst/impl/window_buffer_inst/Ram_reg_0_63_0_6/RAMA/CLK
High Pulse Width  Fast    RAMD64E/CLK         n/a            0.573         5.000       4.427      SLICE_X16Y171  top_i/StreamingDataflowPartition_1/inst/StreamingDataflowPartition_1_ConvolutionInputGenerator_rtl_0/inst/impl/window_buffer_inst/Ram_reg_0_63_0_6/RAMA/CLK
High Pulse Width  Slow    RAMD64E/CLK         n/a            0.573         5.000       4.427      SLICE_X16Y171  top_i/StreamingDataflowPartition_1/inst/StreamingDataflowPartition_1_ConvolutionInputGenerator_rtl_0/inst/impl/window_buffer_inst/Ram_reg_0_63_0_6/RAMB/CLK
High Pulse Width  Fast    RAMD64E/CLK         n/a            0.573         5.000       4.427      SLICE_X16Y171  top_i/StreamingDataflowPartition_1/inst/StreamingDataflowPartition_1_ConvolutionInputGenerator_rtl_0/inst/impl/window_buffer_inst/Ram_reg_0_63_0_6/RAMB/CLK



---------------------------------------------------------------------------------------------------
Path Group:  **async_default**
From Clock:  clk_pl_0
  To Clock:  clk_pl_0

Setup :            0  Failing Endpoints,  Worst Slack        8.441ns,  Total Violation        0.000ns
Hold  :            0  Failing Endpoints,  Worst Slack        0.205ns,  Total Violation        0.000ns
---------------------------------------------------------------------------------------------------


Max Delay Paths
--------------------------------------------------------------------------------------
Slack (MET) :             8.441ns  (required time - arrival time)
  Source:                 top_i/axi_interconnect_0/s00_couplers/auto_ds/inst/gen_downsizer.gen_simple_downsizer.axi_downsizer_inst/USE_READ.read_addr_inst/cmd_queue/inst/fifo_gen_inst/inst_fifo_gen/gconvfifo.rf/grf.rf/rstblk/ngwrdrst.grst.g7serrst.gnsckt_wrst.gcc_rst.sckt_wr_rst_cc_reg[0]/C
                            (rising edge-triggered cell FDRE clocked by clk_pl_0  {rise@0.000ns fall@5.000ns period=10.000ns})
  Destination:            top_i/axi_interconnect_0/s00_couplers/auto_ds/inst/gen_downsizer.gen_simple_downsizer.axi_downsizer_inst/USE_READ.read_addr_inst/cmd_queue/inst/fifo_gen_inst/inst_fifo_gen/gconvfifo.rf/grf.rf/gntv_or_sync_fifo.gl0.rd/rpntr/gc0.count_reg[3]/CLR
                            (recovery check against rising-edge clock clk_pl_0  {rise@0.000ns fall@5.000ns period=10.000ns})
  Path Group:             **async_default**
  Path Type:              Recovery (Max at Slow Process Corner)
  Requirement:            10.000ns  (clk_pl_0 rise@10.000ns - clk_pl_0 rise@0.000ns)
  Data Path Delay:        1.308ns  (logic 0.244ns (18.655%)  route 1.064ns (81.345%))
  Logic Levels:           1  (LUT3=1)
  Clock Path Skew:        -0.050ns (DCD - SCD + CPR)
    Destination Clock Delay (DCD):    1.727ns = ( 11.727 - 10.000 ) 
    Source Clock Delay      (SCD):    1.997ns
    Clock Pessimism Removal (CPR):    0.221ns
  Clock Uncertainty:      0.130ns  ((TSJ^2 + DJ^2)^1/2) / 2 + PE
    Total System Jitter     (TSJ):    0.071ns
    Discrete Jitter          (DJ):    0.250ns
    Phase Error              (PE):    0.000ns
  Clock Net Delay (Source):      1.790ns (routing 0.638ns, distribution 1.152ns)
  Clock Net Delay (Destination): 1.560ns (routing 0.576ns, distribution 0.984ns)

    Location             Delay type                Incr(ns)  Path(ns)    Netlist Resource(s)
  -------------------------------------------------------------------    -------------------
                         (clock clk_pl_0 rise edge)
                                                      0.000     0.000 r  
    PS8_X0Y0             PS8                          0.000     0.000 r  top_i/zynq_ps/inst/PS8_i/PLCLK[0]
                         net (fo=1, routed)           0.178     0.178    top_i/zynq_ps/inst/pl_clk_unbuffered[0]
    BUFG_PS_X0Y58        BUFG_PS (Prop_BUFG_PS_I_O)
                                                      0.029     0.207 r  top_i/zynq_ps/inst/buffer_pl_clk_0.PL_CLK_0_BUFG/O
    X0Y1 (CLOCK_ROOT)    net (fo=24362, routed)       1.790     1.997    top_i/axi_interconnect_0/s00_couplers/auto_ds/inst/gen_downsizer.gen_simple_downsizer.axi_downsizer_inst/USE_READ.read_addr_inst/cmd_queue/inst/fifo_gen_inst/inst_fifo_gen/gconvfifo.rf/grf.rf/rstblk/clk
    SLICE_X2Y52          FDRE                                         r  top_i/axi_interconnect_0/s00_couplers/auto_ds/inst/gen_downsizer.gen_simple_downsizer.axi_downsizer_inst/USE_READ.read_addr_inst/cmd_queue/inst/fifo_gen_inst/inst_fifo_gen/gconvfifo.rf/grf.rf/rstblk/ngwrdrst.grst.g7serrst.gnsckt_wrst.gcc_rst.sckt_wr_rst_cc_reg[0]/C
  -------------------------------------------------------------------    -------------------
    SLICE_X2Y52          FDRE (Prop_HFF2_SLICEL_C_Q)
                                                      0.097     2.094 f  top_i/axi_interconnect_0/s00_couplers/auto_ds/inst/gen_downsizer.gen_simple_downsizer.axi_downsizer_inst/USE_READ.read_addr_inst/cmd_queue/inst/fifo_gen_inst/inst_fifo_gen/gconvfifo.rf/grf.rf/rstblk/ngwrdrst.grst.g7serrst.gnsckt_wrst.gcc_rst.sckt_wr_rst_cc_reg[0]/Q
                         net (fo=3, routed)           0.390     2.484    top_i/axi_interconnect_0/s00_couplers/auto_ds/inst/gen_downsizer.gen_simple_downsizer.axi_downsizer_inst/USE_READ.read_addr_inst/cmd_queue/inst/fifo_gen_inst/inst_fifo_gen/gconvfifo.rf/grf.rf/rstblk/ngwrdrst.grst.g7serrst.gnsckt_wrst.gcc_rst.sckt_wr_rst_cc[0]
    SLICE_X2Y52          LUT3 (Prop_G6LUT_SLICEL_I1_O)
                                                      0.147     2.631 f  top_i/axi_interconnect_0/s00_couplers/auto_ds/inst/gen_downsizer.gen_simple_downsizer.axi_downsizer_inst/USE_READ.read_addr_inst/cmd_queue/inst/fifo_gen_inst/inst_fifo_gen/gconvfifo.rf/grf.rf/rstblk/gpregsm1.curr_fwft_state[1]_i_2/O
                         net (fo=32, routed)          0.674     3.305    top_i/axi_interconnect_0/s00_couplers/auto_ds/inst/gen_downsizer.gen_simple_downsizer.axi_downsizer_inst/USE_READ.read_addr_inst/cmd_queue/inst/fifo_gen_inst/inst_fifo_gen/gconvfifo.rf/grf.rf/gntv_or_sync_fifo.gl0.rd/rpntr/gc0.count_d1_reg[4]_1
    SLICE_X1Y50          FDCE                                         f  top_i/axi_interconnect_0/s00_couplers/auto_ds/inst/gen_downsizer.gen_simple_downsizer.axi_downsizer_inst/USE_READ.read_addr_inst/cmd_queue/inst/fifo_gen_inst/inst_fifo_gen/gconvfifo.rf/grf.rf/gntv_or_sync_fifo.gl0.rd/rpntr/gc0.count_reg[3]/CLR
  -------------------------------------------------------------------    -------------------

                         (clock clk_pl_0 rise edge)
                                                     10.000    10.000 r  
    PS8_X0Y0             PS8                          0.000    10.000 r  top_i/zynq_ps/inst/PS8_i/PLCLK[0]
                         net (fo=1, routed)           0.140    10.140    top_i/zynq_ps/inst/pl_clk_unbuffered[0]
    BUFG_PS_X0Y58        BUFG_PS (Prop_BUFG_PS_I_O)
                                                      0.027    10.167 r  top_i/zynq_ps/inst/buffer_pl_clk_0.PL_CLK_0_BUFG/O
    X0Y1 (CLOCK_ROOT)    net (fo=24362, routed)       1.560    11.727    top_i/axi_interconnect_0/s00_couplers/auto_ds/inst/gen_downsizer.gen_simple_downsizer.axi_downsizer_inst/USE_READ.read_addr_inst/cmd_queue/inst/fifo_gen_inst/inst_fifo_gen/gconvfifo.rf/grf.rf/gntv_or_sync_fifo.gl0.rd/rpntr/clk
    SLICE_X1Y50          FDCE                                         r  top_i/axi_interconnect_0/s00_couplers/auto_ds/inst/gen_downsizer.gen_simple_downsizer.axi_downsizer_inst/USE_READ.read_addr_inst/cmd_queue/inst/fifo_gen_inst/inst_fifo_gen/gconvfifo.rf/grf.rf/gntv_or_sync_fifo.gl0.rd/rpntr/gc0.count_reg[3]/C
                         clock pessimism              0.221    11.948    
                         clock uncertainty           -0.130    11.818    
    SLICE_X1Y50          FDCE (Recov_DFF_SLICEM_C_CLR)
                                                     -0.072    11.746    top_i/axi_interconnect_0/s00_couplers/auto_ds/inst/gen_downsizer.gen_simple_downsizer.axi_downsizer_inst/USE_READ.read_addr_inst/cmd_queue/inst/fifo_gen_inst/inst_fifo_gen/gconvfifo.rf/grf.rf/gntv_or_sync_fifo.gl0.rd/rpntr/gc0.count_reg[3]
  -------------------------------------------------------------------
                         required time                         11.746    
                         arrival time                          -3.305    
  -------------------------------------------------------------------
                         slack                                  8.441    

Slack (MET) :             8.441ns  (required time - arrival time)
  Source:                 top_i/axi_interconnect_0/s00_couplers/auto_ds/inst/gen_downsizer.gen_simple_downsizer.axi_downsizer_inst/USE_READ.read_addr_inst/cmd_queue/inst/fifo_gen_inst/inst_fifo_gen/gconvfifo.rf/grf.rf/rstblk/ngwrdrst.grst.g7serrst.gnsckt_wrst.gcc_rst.sckt_wr_rst_cc_reg[0]/C
                            (rising edge-triggered cell FDRE clocked by clk_pl_0  {rise@0.000ns fall@5.000ns period=10.000ns})
  Destination:            top_i/axi_interconnect_0/s00_couplers/auto_ds/inst/gen_downsizer.gen_simple_downsizer.axi_downsizer_inst/USE_READ.read_addr_inst/cmd_queue/inst/fifo_gen_inst/inst_fifo_gen/gconvfifo.rf/grf.rf/gntv_or_sync_fifo.gl0.rd/rpntr/gc0.count_reg[4]/CLR
                            (recovery check against rising-edge clock clk_pl_0  {rise@0.000ns fall@5.000ns period=10.000ns})
  Path Group:             **async_default**
  Path Type:              Recovery (Max at Slow Process Corner)
  Requirement:            10.000ns  (clk_pl_0 rise@10.000ns - clk_pl_0 rise@0.000ns)
  Data Path Delay:        1.308ns  (logic 0.244ns (18.655%)  route 1.064ns (81.345%))
  Logic Levels:           1  (LUT3=1)
  Clock Path Skew:        -0.050ns (DCD - SCD + CPR)
    Destination Clock Delay (DCD):    1.727ns = ( 11.727 - 10.000 ) 
    Source Clock Delay      (SCD):    1.997ns
    Clock Pessimism Removal (CPR):    0.221ns
  Clock Uncertainty:      0.130ns  ((TSJ^2 + DJ^2)^1/2) / 2 + PE
    Total System Jitter     (TSJ):    0.071ns
    Discrete Jitter          (DJ):    0.250ns
    Phase Error              (PE):    0.000ns
  Clock Net Delay (Source):      1.790ns (routing 0.638ns, distribution 1.152ns)
  Clock Net Delay (Destination): 1.560ns (routing 0.576ns, distribution 0.984ns)

    Location             Delay type                Incr(ns)  Path(ns)    Netlist Resource(s)
  -------------------------------------------------------------------    -------------------
                         (clock clk_pl_0 rise edge)
                                                      0.000     0.000 r  
    PS8_X0Y0             PS8                          0.000     0.000 r  top_i/zynq_ps/inst/PS8_i/PLCLK[0]
                         net (fo=1, routed)           0.178     0.178    top_i/zynq_ps/inst/pl_clk_unbuffered[0]
    BUFG_PS_X0Y58        BUFG_PS (Prop_BUFG_PS_I_O)
                                                      0.029     0.207 r  top_i/zynq_ps/inst/buffer_pl_clk_0.PL_CLK_0_BUFG/O
    X0Y1 (CLOCK_ROOT)    net (fo=24362, routed)       1.790     1.997    top_i/axi_interconnect_0/s00_couplers/auto_ds/inst/gen_downsizer.gen_simple_downsizer.axi_downsizer_inst/USE_READ.read_addr_inst/cmd_queue/inst/fifo_gen_inst/inst_fifo_gen/gconvfifo.rf/grf.rf/rstblk/clk
    SLICE_X2Y52          FDRE                                         r  top_i/axi_interconnect_0/s00_couplers/auto_ds/inst/gen_downsizer.gen_simple_downsizer.axi_downsizer_inst/USE_READ.read_addr_inst/cmd_queue/inst/fifo_gen_inst/inst_fifo_gen/gconvfifo.rf/grf.rf/rstblk/ngwrdrst.grst.g7serrst.gnsckt_wrst.gcc_rst.sckt_wr_rst_cc_reg[0]/C
  -------------------------------------------------------------------    -------------------
    SLICE_X2Y52          FDRE (Prop_HFF2_SLICEL_C_Q)
                                                      0.097     2.094 f  top_i/axi_interconnect_0/s00_couplers/auto_ds/inst/gen_downsizer.gen_simple_downsizer.axi_downsizer_inst/USE_READ.read_addr_inst/cmd_queue/inst/fifo_gen_inst/inst_fifo_gen/gconvfifo.rf/grf.rf/rstblk/ngwrdrst.grst.g7serrst.gnsckt_wrst.gcc_rst.sckt_wr_rst_cc_reg[0]/Q
                         net (fo=3, routed)           0.390     2.484    top_i/axi_interconnect_0/s00_couplers/auto_ds/inst/gen_downsizer.gen_simple_downsizer.axi_downsizer_inst/USE_READ.read_addr_inst/cmd_queue/inst/fifo_gen_inst/inst_fifo_gen/gconvfifo.rf/grf.rf/rstblk/ngwrdrst.grst.g7serrst.gnsckt_wrst.gcc_rst.sckt_wr_rst_cc[0]
    SLICE_X2Y52          LUT3 (Prop_G6LUT_SLICEL_I1_O)
                                                      0.147     2.631 f  top_i/axi_interconnect_0/s00_couplers/auto_ds/inst/gen_downsizer.gen_simple_downsizer.axi_downsizer_inst/USE_READ.read_addr_inst/cmd_queue/inst/fifo_gen_inst/inst_fifo_gen/gconvfifo.rf/grf.rf/rstblk/gpregsm1.curr_fwft_state[1]_i_2/O
                         net (fo=32, routed)          0.674     3.305    top_i/axi_interconnect_0/s00_couplers/auto_ds/inst/gen_downsizer.gen_simple_downsizer.axi_downsizer_inst/USE_READ.read_addr_inst/cmd_queue/inst/fifo_gen_inst/inst_fifo_gen/gconvfifo.rf/grf.rf/gntv_or_sync_fifo.gl0.rd/rpntr/gc0.count_d1_reg[4]_1
    SLICE_X1Y50          FDCE                                         f  top_i/axi_interconnect_0/s00_couplers/auto_ds/inst/gen_downsizer.gen_simple_downsizer.axi_downsizer_inst/USE_READ.read_addr_inst/cmd_queue/inst/fifo_gen_inst/inst_fifo_gen/gconvfifo.rf/grf.rf/gntv_or_sync_fifo.gl0.rd/rpntr/gc0.count_reg[4]/CLR
  -------------------------------------------------------------------    -------------------

                         (clock clk_pl_0 rise edge)
                                                     10.000    10.000 r  
    PS8_X0Y0             PS8                          0.000    10.000 r  top_i/zynq_ps/inst/PS8_i/PLCLK[0]
                         net (fo=1, routed)           0.140    10.140    top_i/zynq_ps/inst/pl_clk_unbuffered[0]
    BUFG_PS_X0Y58        BUFG_PS (Prop_BUFG_PS_I_O)
                                                      0.027    10.167 r  top_i/zynq_ps/inst/buffer_pl_clk_0.PL_CLK_0_BUFG/O
    X0Y1 (CLOCK_ROOT)    net (fo=24362, routed)       1.560    11.727    top_i/axi_interconnect_0/s00_couplers/auto_ds/inst/gen_downsizer.gen_simple_downsizer.axi_downsizer_inst/USE_READ.read_addr_inst/cmd_queue/inst/fifo_gen_inst/inst_fifo_gen/gconvfifo.rf/grf.rf/gntv_or_sync_fifo.gl0.rd/rpntr/clk
    SLICE_X1Y50          FDCE                                         r  top_i/axi_interconnect_0/s00_couplers/auto_ds/inst/gen_downsizer.gen_simple_downsizer.axi_downsizer_inst/USE_READ.read_addr_inst/cmd_queue/inst/fifo_gen_inst/inst_fifo_gen/gconvfifo.rf/grf.rf/gntv_or_sync_fifo.gl0.rd/rpntr/gc0.count_reg[4]/C
                         clock pessimism              0.221    11.948    
                         clock uncertainty           -0.130    11.818    
    SLICE_X1Y50          FDCE (Recov_DFF2_SLICEM_C_CLR)
                                                     -0.072    11.746    top_i/axi_interconnect_0/s00_couplers/auto_ds/inst/gen_downsizer.gen_simple_downsizer.axi_downsizer_inst/USE_READ.read_addr_inst/cmd_queue/inst/fifo_gen_inst/inst_fifo_gen/gconvfifo.rf/grf.rf/gntv_or_sync_fifo.gl0.rd/rpntr/gc0.count_reg[4]
  -------------------------------------------------------------------
                         required time                         11.746    
                         arrival time                          -3.305    
  -------------------------------------------------------------------
                         slack                                  8.441    

Slack (MET) :             8.443ns  (required time - arrival time)
  Source:                 top_i/axi_interconnect_0/s00_couplers/auto_ds/inst/gen_downsizer.gen_simple_downsizer.axi_downsizer_inst/USE_READ.read_addr_inst/cmd_queue/inst/fifo_gen_inst/inst_fifo_gen/gconvfifo.rf/grf.rf/rstblk/ngwrdrst.grst.g7serrst.gnsckt_wrst.gcc_rst.sckt_wr_rst_cc_reg[0]/C
                            (rising edge-triggered cell FDRE clocked by clk_pl_0  {rise@0.000ns fall@5.000ns period=10.000ns})
  Destination:            top_i/axi_interconnect_0/s00_couplers/auto_ds/inst/gen_downsizer.gen_simple_downsizer.axi_downsizer_inst/USE_READ.read_addr_inst/cmd_queue/inst/fifo_gen_inst/inst_fifo_gen/gconvfifo.rf/grf.rf/gntv_or_sync_fifo.gl0.rd/rpntr/gc0.count_d1_reg[1]/CLR
                            (recovery check against rising-edge clock clk_pl_0  {rise@0.000ns fall@5.000ns period=10.000ns})
  Path Group:             **async_default**
  Path Type:              Recovery (Max at Slow Process Corner)
  Requirement:            10.000ns  (clk_pl_0 rise@10.000ns - clk_pl_0 rise@0.000ns)
  Data Path Delay:        1.306ns  (logic 0.244ns (18.683%)  route 1.062ns (81.317%))
  Logic Levels:           1  (LUT3=1)
  Clock Path Skew:        -0.050ns (DCD - SCD + CPR)
    Destination Clock Delay (DCD):    1.727ns = ( 11.727 - 10.000 ) 
    Source Clock Delay      (SCD):    1.997ns
    Clock Pessimism Removal (CPR):    0.221ns
  Clock Uncertainty:      0.130ns  ((TSJ^2 + DJ^2)^1/2) / 2 + PE
    Total System Jitter     (TSJ):    0.071ns
    Discrete Jitter          (DJ):    0.250ns
    Phase Error              (PE):    0.000ns
  Clock Net Delay (Source):      1.790ns (routing 0.638ns, distribution 1.152ns)
  Clock Net Delay (Destination): 1.560ns (routing 0.576ns, distribution 0.984ns)

    Location             Delay type                Incr(ns)  Path(ns)    Netlist Resource(s)
  -------------------------------------------------------------------    -------------------
                         (clock clk_pl_0 rise edge)
                                                      0.000     0.000 r  
    PS8_X0Y0             PS8                          0.000     0.000 r  top_i/zynq_ps/inst/PS8_i/PLCLK[0]
                         net (fo=1, routed)           0.178     0.178    top_i/zynq_ps/inst/pl_clk_unbuffered[0]
    BUFG_PS_X0Y58        BUFG_PS (Prop_BUFG_PS_I_O)
                                                      0.029     0.207 r  top_i/zynq_ps/inst/buffer_pl_clk_0.PL_CLK_0_BUFG/O
    X0Y1 (CLOCK_ROOT)    net (fo=24362, routed)       1.790     1.997    top_i/axi_interconnect_0/s00_couplers/auto_ds/inst/gen_downsizer.gen_simple_downsizer.axi_downsizer_inst/USE_READ.read_addr_inst/cmd_queue/inst/fifo_gen_inst/inst_fifo_gen/gconvfifo.rf/grf.rf/rstblk/clk
    SLICE_X2Y52          FDRE                                         r  top_i/axi_interconnect_0/s00_couplers/auto_ds/inst/gen_downsizer.gen_simple_downsizer.axi_downsizer_inst/USE_READ.read_addr_inst/cmd_queue/inst/fifo_gen_inst/inst_fifo_gen/gconvfifo.rf/grf.rf/rstblk/ngwrdrst.grst.g7serrst.gnsckt_wrst.gcc_rst.sckt_wr_rst_cc_reg[0]/C
  -------------------------------------------------------------------    -------------------
    SLICE_X2Y52          FDRE (Prop_HFF2_SLICEL_C_Q)
                                                      0.097     2.094 f  top_i/axi_interconnect_0/s00_couplers/auto_ds/inst/gen_downsizer.gen_simple_downsizer.axi_downsizer_inst/USE_READ.read_addr_inst/cmd_queue/inst/fifo_gen_inst/inst_fifo_gen/gconvfifo.rf/grf.rf/rstblk/ngwrdrst.grst.g7serrst.gnsckt_wrst.gcc_rst.sckt_wr_rst_cc_reg[0]/Q
                         net (fo=3, routed)           0.390     2.484    top_i/axi_interconnect_0/s00_couplers/auto_ds/inst/gen_downsizer.gen_simple_downsizer.axi_downsizer_inst/USE_READ.read_addr_inst/cmd_queue/inst/fifo_gen_inst/inst_fifo_gen/gconvfifo.rf/grf.rf/rstblk/ngwrdrst.grst.g7serrst.gnsckt_wrst.gcc_rst.sckt_wr_rst_cc[0]
    SLICE_X2Y52          LUT3 (Prop_G6LUT_SLICEL_I1_O)
                                                      0.147     2.631 f  top_i/axi_interconnect_0/s00_couplers/auto_ds/inst/gen_downsizer.gen_simple_downsizer.axi_downsizer_inst/USE_READ.read_addr_inst/cmd_queue/inst/fifo_gen_inst/inst_fifo_gen/gconvfifo.rf/grf.rf/rstblk/gpregsm1.curr_fwft_state[1]_i_2/O
                         net (fo=32, routed)          0.672     3.303    top_i/axi_interconnect_0/s00_couplers/auto_ds/inst/gen_downsizer.gen_simple_downsizer.axi_downsizer_inst/USE_READ.read_addr_inst/cmd_queue/inst/fifo_gen_inst/inst_fifo_gen/gconvfifo.rf/grf.rf/gntv_or_sync_fifo.gl0.rd/rpntr/gc0.count_d1_reg[4]_1
    SLICE_X1Y50          FDCE                                         f  top_i/axi_interconnect_0/s00_couplers/auto_ds/inst/gen_downsizer.gen_simple_downsizer.axi_downsizer_inst/USE_READ.read_addr_inst/cmd_queue/inst/fifo_gen_inst/inst_fifo_gen/gconvfifo.rf/grf.rf/gntv_or_sync_fifo.gl0.rd/rpntr/gc0.count_d1_reg[1]/CLR
  -------------------------------------------------------------------    -------------------

                         (clock clk_pl_0 rise edge)
                                                     10.000    10.000 r  
    PS8_X0Y0             PS8                          0.000    10.000 r  top_i/zynq_ps/inst/PS8_i/PLCLK[0]
                         net (fo=1, routed)           0.140    10.140    top_i/zynq_ps/inst/pl_clk_unbuffered[0]
    BUFG_PS_X0Y58        BUFG_PS (Prop_BUFG_PS_I_O)
                                                      0.027    10.167 r  top_i/zynq_ps/inst/buffer_pl_clk_0.PL_CLK_0_BUFG/O
    X0Y1 (CLOCK_ROOT)    net (fo=24362, routed)       1.560    11.727    top_i/axi_interconnect_0/s00_couplers/auto_ds/inst/gen_downsizer.gen_simple_downsizer.axi_downsizer_inst/USE_READ.read_addr_inst/cmd_queue/inst/fifo_gen_inst/inst_fifo_gen/gconvfifo.rf/grf.rf/gntv_or_sync_fifo.gl0.rd/rpntr/clk
    SLICE_X1Y50          FDCE                                         r  top_i/axi_interconnect_0/s00_couplers/auto_ds/inst/gen_downsizer.gen_simple_downsizer.axi_downsizer_inst/USE_READ.read_addr_inst/cmd_queue/inst/fifo_gen_inst/inst_fifo_gen/gconvfifo.rf/grf.rf/gntv_or_sync_fifo.gl0.rd/rpntr/gc0.count_d1_reg[1]/C
                         clock pessimism              0.221    11.948    
                         clock uncertainty           -0.130    11.818    
    SLICE_X1Y50          FDCE (Recov_HFF2_SLICEM_C_CLR)
                                                     -0.072    11.746    top_i/axi_interconnect_0/s00_couplers/auto_ds/inst/gen_downsizer.gen_simple_downsizer.axi_downsizer_inst/USE_READ.read_addr_inst/cmd_queue/inst/fifo_gen_inst/inst_fifo_gen/gconvfifo.rf/grf.rf/gntv_or_sync_fifo.gl0.rd/rpntr/gc0.count_d1_reg[1]
  -------------------------------------------------------------------
                         required time                         11.746    
                         arrival time                          -3.303    
  -------------------------------------------------------------------
                         slack                                  8.443    

Slack (MET) :             8.443ns  (required time - arrival time)
  Source:                 top_i/axi_interconnect_0/s00_couplers/auto_ds/inst/gen_downsizer.gen_simple_downsizer.axi_downsizer_inst/USE_READ.read_addr_inst/cmd_queue/inst/fifo_gen_inst/inst_fifo_gen/gconvfifo.rf/grf.rf/rstblk/ngwrdrst.grst.g7serrst.gnsckt_wrst.gcc_rst.sckt_wr_rst_cc_reg[0]/C
                            (rising edge-triggered cell FDRE clocked by clk_pl_0  {rise@0.000ns fall@5.000ns period=10.000ns})
  Destination:            top_i/axi_interconnect_0/s00_couplers/auto_ds/inst/gen_downsizer.gen_simple_downsizer.axi_downsizer_inst/USE_READ.read_addr_inst/cmd_queue/inst/fifo_gen_inst/inst_fifo_gen/gconvfifo.rf/grf.rf/gntv_or_sync_fifo.gl0.rd/rpntr/gc0.count_d1_reg[2]/CLR
                            (recovery check against rising-edge clock clk_pl_0  {rise@0.000ns fall@5.000ns period=10.000ns})
  Path Group:             **async_default**
  Path Type:              Recovery (Max at Slow Process Corner)
  Requirement:            10.000ns  (clk_pl_0 rise@10.000ns - clk_pl_0 rise@0.000ns)
  Data Path Delay:        1.306ns  (logic 0.244ns (18.683%)  route 1.062ns (81.317%))
  Logic Levels:           1  (LUT3=1)
  Clock Path Skew:        -0.050ns (DCD - SCD + CPR)
    Destination Clock Delay (DCD):    1.727ns = ( 11.727 - 10.000 ) 
    Source Clock Delay      (SCD):    1.997ns
    Clock Pessimism Removal (CPR):    0.221ns
  Clock Uncertainty:      0.130ns  ((TSJ^2 + DJ^2)^1/2) / 2 + PE
    Total System Jitter     (TSJ):    0.071ns
    Discrete Jitter          (DJ):    0.250ns
    Phase Error              (PE):    0.000ns
  Clock Net Delay (Source):      1.790ns (routing 0.638ns, distribution 1.152ns)
  Clock Net Delay (Destination): 1.560ns (routing 0.576ns, distribution 0.984ns)

    Location             Delay type                Incr(ns)  Path(ns)    Netlist Resource(s)
  -------------------------------------------------------------------    -------------------
                         (clock clk_pl_0 rise edge)
                                                      0.000     0.000 r  
    PS8_X0Y0             PS8                          0.000     0.000 r  top_i/zynq_ps/inst/PS8_i/PLCLK[0]
                         net (fo=1, routed)           0.178     0.178    top_i/zynq_ps/inst/pl_clk_unbuffered[0]
    BUFG_PS_X0Y58        BUFG_PS (Prop_BUFG_PS_I_O)
                                                      0.029     0.207 r  top_i/zynq_ps/inst/buffer_pl_clk_0.PL_CLK_0_BUFG/O
    X0Y1 (CLOCK_ROOT)    net (fo=24362, routed)       1.790     1.997    top_i/axi_interconnect_0/s00_couplers/auto_ds/inst/gen_downsizer.gen_simple_downsizer.axi_downsizer_inst/USE_READ.read_addr_inst/cmd_queue/inst/fifo_gen_inst/inst_fifo_gen/gconvfifo.rf/grf.rf/rstblk/clk
    SLICE_X2Y52          FDRE                                         r  top_i/axi_interconnect_0/s00_couplers/auto_ds/inst/gen_downsizer.gen_simple_downsizer.axi_downsizer_inst/USE_READ.read_addr_inst/cmd_queue/inst/fifo_gen_inst/inst_fifo_gen/gconvfifo.rf/grf.rf/rstblk/ngwrdrst.grst.g7serrst.gnsckt_wrst.gcc_rst.sckt_wr_rst_cc_reg[0]/C
  -------------------------------------------------------------------    -------------------
    SLICE_X2Y52          FDRE (Prop_HFF2_SLICEL_C_Q)
                                                      0.097     2.094 f  top_i/axi_interconnect_0/s00_couplers/auto_ds/inst/gen_downsizer.gen_simple_downsizer.axi_downsizer_inst/USE_READ.read_addr_inst/cmd_queue/inst/fifo_gen_inst/inst_fifo_gen/gconvfifo.rf/grf.rf/rstblk/ngwrdrst.grst.g7serrst.gnsckt_wrst.gcc_rst.sckt_wr_rst_cc_reg[0]/Q
                         net (fo=3, routed)           0.390     2.484    top_i/axi_interconnect_0/s00_couplers/auto_ds/inst/gen_downsizer.gen_simple_downsizer.axi_downsizer_inst/USE_READ.read_addr_inst/cmd_queue/inst/fifo_gen_inst/inst_fifo_gen/gconvfifo.rf/grf.rf/rstblk/ngwrdrst.grst.g7serrst.gnsckt_wrst.gcc_rst.sckt_wr_rst_cc[0]
    SLICE_X2Y52          LUT3 (Prop_G6LUT_SLICEL_I1_O)
                                                      0.147     2.631 f  top_i/axi_interconnect_0/s00_couplers/auto_ds/inst/gen_downsizer.gen_simple_downsizer.axi_downsizer_inst/USE_READ.read_addr_inst/cmd_queue/inst/fifo_gen_inst/inst_fifo_gen/gconvfifo.rf/grf.rf/rstblk/gpregsm1.curr_fwft_state[1]_i_2/O
                         net (fo=32, routed)          0.672     3.303    top_i/axi_interconnect_0/s00_couplers/auto_ds/inst/gen_downsizer.gen_simple_downsizer.axi_downsizer_inst/USE_READ.read_addr_inst/cmd_queue/inst/fifo_gen_inst/inst_fifo_gen/gconvfifo.rf/grf.rf/gntv_or_sync_fifo.gl0.rd/rpntr/gc0.count_d1_reg[4]_1
    SLICE_X1Y50          FDCE                                         f  top_i/axi_interconnect_0/s00_couplers/auto_ds/inst/gen_downsizer.gen_simple_downsizer.axi_downsizer_inst/USE_READ.read_addr_inst/cmd_queue/inst/fifo_gen_inst/inst_fifo_gen/gconvfifo.rf/grf.rf/gntv_or_sync_fifo.gl0.rd/rpntr/gc0.count_d1_reg[2]/CLR
  -------------------------------------------------------------------    -------------------

                         (clock clk_pl_0 rise edge)
                                                     10.000    10.000 r  
    PS8_X0Y0             PS8                          0.000    10.000 r  top_i/zynq_ps/inst/PS8_i/PLCLK[0]
                         net (fo=1, routed)           0.140    10.140    top_i/zynq_ps/inst/pl_clk_unbuffered[0]
    BUFG_PS_X0Y58        BUFG_PS (Prop_BUFG_PS_I_O)
                                                      0.027    10.167 r  top_i/zynq_ps/inst/buffer_pl_clk_0.PL_CLK_0_BUFG/O
    X0Y1 (CLOCK_ROOT)    net (fo=24362, routed)       1.560    11.727    top_i/axi_interconnect_0/s00_couplers/auto_ds/inst/gen_downsizer.gen_simple_downsizer.axi_downsizer_inst/USE_READ.read_addr_inst/cmd_queue/inst/fifo_gen_inst/inst_fifo_gen/gconvfifo.rf/grf.rf/gntv_or_sync_fifo.gl0.rd/rpntr/clk
    SLICE_X1Y50          FDCE                                         r  top_i/axi_interconnect_0/s00_couplers/auto_ds/inst/gen_downsizer.gen_simple_downsizer.axi_downsizer_inst/USE_READ.read_addr_inst/cmd_queue/inst/fifo_gen_inst/inst_fifo_gen/gconvfifo.rf/grf.rf/gntv_or_sync_fifo.gl0.rd/rpntr/gc0.count_d1_reg[2]/C
                         clock pessimism              0.221    11.948    
                         clock uncertainty           -0.130    11.818    
    SLICE_X1Y50          FDCE (Recov_GFF2_SLICEM_C_CLR)
                                                     -0.072    11.746    top_i/axi_interconnect_0/s00_couplers/auto_ds/inst/gen_downsizer.gen_simple_downsizer.axi_downsizer_inst/USE_READ.read_addr_inst/cmd_queue/inst/fifo_gen_inst/inst_fifo_gen/gconvfifo.rf/grf.rf/gntv_or_sync_fifo.gl0.rd/rpntr/gc0.count_d1_reg[2]
  -------------------------------------------------------------------
                         required time                         11.746    
                         arrival time                          -3.303    
  -------------------------------------------------------------------
                         slack                                  8.443    

Slack (MET) :             8.443ns  (required time - arrival time)
  Source:                 top_i/axi_interconnect_0/s00_couplers/auto_ds/inst/gen_downsizer.gen_simple_downsizer.axi_downsizer_inst/USE_READ.read_addr_inst/cmd_queue/inst/fifo_gen_inst/inst_fifo_gen/gconvfifo.rf/grf.rf/rstblk/ngwrdrst.grst.g7serrst.gnsckt_wrst.gcc_rst.sckt_wr_rst_cc_reg[0]/C
                            (rising edge-triggered cell FDRE clocked by clk_pl_0  {rise@0.000ns fall@5.000ns period=10.000ns})
  Destination:            top_i/axi_interconnect_0/s00_couplers/auto_ds/inst/gen_downsizer.gen_simple_downsizer.axi_downsizer_inst/USE_READ.read_addr_inst/cmd_queue/inst/fifo_gen_inst/inst_fifo_gen/gconvfifo.rf/grf.rf/gntv_or_sync_fifo.gl0.rd/rpntr/gc0.count_d1_reg[3]/CLR
                            (recovery check against rising-edge clock clk_pl_0  {rise@0.000ns fall@5.000ns period=10.000ns})
  Path Group:             **async_default**
  Path Type:              Recovery (Max at Slow Process Corner)
  Requirement:            10.000ns  (clk_pl_0 rise@10.000ns - clk_pl_0 rise@0.000ns)
  Data Path Delay:        1.306ns  (logic 0.244ns (18.683%)  route 1.062ns (81.317%))
  Logic Levels:           1  (LUT3=1)
  Clock Path Skew:        -0.050ns (DCD - SCD + CPR)
    Destination Clock Delay (DCD):    1.727ns = ( 11.727 - 10.000 ) 
    Source Clock Delay      (SCD):    1.997ns
    Clock Pessimism Removal (CPR):    0.221ns
  Clock Uncertainty:      0.130ns  ((TSJ^2 + DJ^2)^1/2) / 2 + PE
    Total System Jitter     (TSJ):    0.071ns
    Discrete Jitter          (DJ):    0.250ns
    Phase Error              (PE):    0.000ns
  Clock Net Delay (Source):      1.790ns (routing 0.638ns, distribution 1.152ns)
  Clock Net Delay (Destination): 1.560ns (routing 0.576ns, distribution 0.984ns)

    Location             Delay type                Incr(ns)  Path(ns)    Netlist Resource(s)
  -------------------------------------------------------------------    -------------------
                         (clock clk_pl_0 rise edge)
                                                      0.000     0.000 r  
    PS8_X0Y0             PS8                          0.000     0.000 r  top_i/zynq_ps/inst/PS8_i/PLCLK[0]
                         net (fo=1, routed)           0.178     0.178    top_i/zynq_ps/inst/pl_clk_unbuffered[0]
    BUFG_PS_X0Y58        BUFG_PS (Prop_BUFG_PS_I_O)
                                                      0.029     0.207 r  top_i/zynq_ps/inst/buffer_pl_clk_0.PL_CLK_0_BUFG/O
    X0Y1 (CLOCK_ROOT)    net (fo=24362, routed)       1.790     1.997    top_i/axi_interconnect_0/s00_couplers/auto_ds/inst/gen_downsizer.gen_simple_downsizer.axi_downsizer_inst/USE_READ.read_addr_inst/cmd_queue/inst/fifo_gen_inst/inst_fifo_gen/gconvfifo.rf/grf.rf/rstblk/clk
    SLICE_X2Y52          FDRE                                         r  top_i/axi_interconnect_0/s00_couplers/auto_ds/inst/gen_downsizer.gen_simple_downsizer.axi_downsizer_inst/USE_READ.read_addr_inst/cmd_queue/inst/fifo_gen_inst/inst_fifo_gen/gconvfifo.rf/grf.rf/rstblk/ngwrdrst.grst.g7serrst.gnsckt_wrst.gcc_rst.sckt_wr_rst_cc_reg[0]/C
  -------------------------------------------------------------------    -------------------
    SLICE_X2Y52          FDRE (Prop_HFF2_SLICEL_C_Q)
                                                      0.097     2.094 f  top_i/axi_interconnect_0/s00_couplers/auto_ds/inst/gen_downsizer.gen_simple_downsizer.axi_downsizer_inst/USE_READ.read_addr_inst/cmd_queue/inst/fifo_gen_inst/inst_fifo_gen/gconvfifo.rf/grf.rf/rstblk/ngwrdrst.grst.g7serrst.gnsckt_wrst.gcc_rst.sckt_wr_rst_cc_reg[0]/Q
                         net (fo=3, routed)           0.390     2.484    top_i/axi_interconnect_0/s00_couplers/auto_ds/inst/gen_downsizer.gen_simple_downsizer.axi_downsizer_inst/USE_READ.read_addr_inst/cmd_queue/inst/fifo_gen_inst/inst_fifo_gen/gconvfifo.rf/grf.rf/rstblk/ngwrdrst.grst.g7serrst.gnsckt_wrst.gcc_rst.sckt_wr_rst_cc[0]
    SLICE_X2Y52          LUT3 (Prop_G6LUT_SLICEL_I1_O)
                                                      0.147     2.631 f  top_i/axi_interconnect_0/s00_couplers/auto_ds/inst/gen_downsizer.gen_simple_downsizer.axi_downsizer_inst/USE_READ.read_addr_inst/cmd_queue/inst/fifo_gen_inst/inst_fifo_gen/gconvfifo.rf/grf.rf/rstblk/gpregsm1.curr_fwft_state[1]_i_2/O
                         net (fo=32, routed)          0.672     3.303    top_i/axi_interconnect_0/s00_couplers/auto_ds/inst/gen_downsizer.gen_simple_downsizer.axi_downsizer_inst/USE_READ.read_addr_inst/cmd_queue/inst/fifo_gen_inst/inst_fifo_gen/gconvfifo.rf/grf.rf/gntv_or_sync_fifo.gl0.rd/rpntr/gc0.count_d1_reg[4]_1
    SLICE_X1Y50          FDCE                                         f  top_i/axi_interconnect_0/s00_couplers/auto_ds/inst/gen_downsizer.gen_simple_downsizer.axi_downsizer_inst/USE_READ.read_addr_inst/cmd_queue/inst/fifo_gen_inst/inst_fifo_gen/gconvfifo.rf/grf.rf/gntv_or_sync_fifo.gl0.rd/rpntr/gc0.count_d1_reg[3]/CLR
  -------------------------------------------------------------------    -------------------

                         (clock clk_pl_0 rise edge)
                                                     10.000    10.000 r  
    PS8_X0Y0             PS8                          0.000    10.000 r  top_i/zynq_ps/inst/PS8_i/PLCLK[0]
                         net (fo=1, routed)           0.140    10.140    top_i/zynq_ps/inst/pl_clk_unbuffered[0]
    BUFG_PS_X0Y58        BUFG_PS (Prop_BUFG_PS_I_O)
                                                      0.027    10.167 r  top_i/zynq_ps/inst/buffer_pl_clk_0.PL_CLK_0_BUFG/O
    X0Y1 (CLOCK_ROOT)    net (fo=24362, routed)       1.560    11.727    top_i/axi_interconnect_0/s00_couplers/auto_ds/inst/gen_downsizer.gen_simple_downsizer.axi_downsizer_inst/USE_READ.read_addr_inst/cmd_queue/inst/fifo_gen_inst/inst_fifo_gen/gconvfifo.rf/grf.rf/gntv_or_sync_fifo.gl0.rd/rpntr/clk
    SLICE_X1Y50          FDCE                                         r  top_i/axi_interconnect_0/s00_couplers/auto_ds/inst/gen_downsizer.gen_simple_downsizer.axi_downsizer_inst/USE_READ.read_addr_inst/cmd_queue/inst/fifo_gen_inst/inst_fifo_gen/gconvfifo.rf/grf.rf/gntv_or_sync_fifo.gl0.rd/rpntr/gc0.count_d1_reg[3]/C
                         clock pessimism              0.221    11.948    
                         clock uncertainty           -0.130    11.818    
    SLICE_X1Y50          FDCE (Recov_FFF2_SLICEM_C_CLR)
                                                     -0.072    11.746    top_i/axi_interconnect_0/s00_couplers/auto_ds/inst/gen_downsizer.gen_simple_downsizer.axi_downsizer_inst/USE_READ.read_addr_inst/cmd_queue/inst/fifo_gen_inst/inst_fifo_gen/gconvfifo.rf/grf.rf/gntv_or_sync_fifo.gl0.rd/rpntr/gc0.count_d1_reg[3]
  -------------------------------------------------------------------
                         required time                         11.746    
                         arrival time                          -3.303    
  -------------------------------------------------------------------
                         slack                                  8.443    

Slack (MET) :             8.443ns  (required time - arrival time)
  Source:                 top_i/axi_interconnect_0/s00_couplers/auto_ds/inst/gen_downsizer.gen_simple_downsizer.axi_downsizer_inst/USE_READ.read_addr_inst/cmd_queue/inst/fifo_gen_inst/inst_fifo_gen/gconvfifo.rf/grf.rf/rstblk/ngwrdrst.grst.g7serrst.gnsckt_wrst.gcc_rst.sckt_wr_rst_cc_reg[0]/C
                            (rising edge-triggered cell FDRE clocked by clk_pl_0  {rise@0.000ns fall@5.000ns period=10.000ns})
  Destination:            top_i/axi_interconnect_0/s00_couplers/auto_ds/inst/gen_downsizer.gen_simple_downsizer.axi_downsizer_inst/USE_READ.read_addr_inst/cmd_queue/inst/fifo_gen_inst/inst_fifo_gen/gconvfifo.rf/grf.rf/gntv_or_sync_fifo.gl0.rd/rpntr/gc0.count_d1_reg[4]/CLR
                            (recovery check against rising-edge clock clk_pl_0  {rise@0.000ns fall@5.000ns period=10.000ns})
  Path Group:             **async_default**
  Path Type:              Recovery (Max at Slow Process Corner)
  Requirement:            10.000ns  (clk_pl_0 rise@10.000ns - clk_pl_0 rise@0.000ns)
  Data Path Delay:        1.306ns  (logic 0.244ns (18.683%)  route 1.062ns (81.317%))
  Logic Levels:           1  (LUT3=1)
  Clock Path Skew:        -0.050ns (DCD - SCD + CPR)
    Destination Clock Delay (DCD):    1.727ns = ( 11.727 - 10.000 ) 
    Source Clock Delay      (SCD):    1.997ns
    Clock Pessimism Removal (CPR):    0.221ns
  Clock Uncertainty:      0.130ns  ((TSJ^2 + DJ^2)^1/2) / 2 + PE
    Total System Jitter     (TSJ):    0.071ns
    Discrete Jitter          (DJ):    0.250ns
    Phase Error              (PE):    0.000ns
  Clock Net Delay (Source):      1.790ns (routing 0.638ns, distribution 1.152ns)
  Clock Net Delay (Destination): 1.560ns (routing 0.576ns, distribution 0.984ns)

    Location             Delay type                Incr(ns)  Path(ns)    Netlist Resource(s)
  -------------------------------------------------------------------    -------------------
                         (clock clk_pl_0 rise edge)
                                                      0.000     0.000 r  
    PS8_X0Y0             PS8                          0.000     0.000 r  top_i/zynq_ps/inst/PS8_i/PLCLK[0]
                         net (fo=1, routed)           0.178     0.178    top_i/zynq_ps/inst/pl_clk_unbuffered[0]
    BUFG_PS_X0Y58        BUFG_PS (Prop_BUFG_PS_I_O)
                                                      0.029     0.207 r  top_i/zynq_ps/inst/buffer_pl_clk_0.PL_CLK_0_BUFG/O
    X0Y1 (CLOCK_ROOT)    net (fo=24362, routed)       1.790     1.997    top_i/axi_interconnect_0/s00_couplers/auto_ds/inst/gen_downsizer.gen_simple_downsizer.axi_downsizer_inst/USE_READ.read_addr_inst/cmd_queue/inst/fifo_gen_inst/inst_fifo_gen/gconvfifo.rf/grf.rf/rstblk/clk
    SLICE_X2Y52          FDRE                                         r  top_i/axi_interconnect_0/s00_couplers/auto_ds/inst/gen_downsizer.gen_simple_downsizer.axi_downsizer_inst/USE_READ.read_addr_inst/cmd_queue/inst/fifo_gen_inst/inst_fifo_gen/gconvfifo.rf/grf.rf/rstblk/ngwrdrst.grst.g7serrst.gnsckt_wrst.gcc_rst.sckt_wr_rst_cc_reg[0]/C
  -------------------------------------------------------------------    -------------------
    SLICE_X2Y52          FDRE (Prop_HFF2_SLICEL_C_Q)
                                                      0.097     2.094 f  top_i/axi_interconnect_0/s00_couplers/auto_ds/inst/gen_downsizer.gen_simple_downsizer.axi_downsizer_inst/USE_READ.read_addr_inst/cmd_queue/inst/fifo_gen_inst/inst_fifo_gen/gconvfifo.rf/grf.rf/rstblk/ngwrdrst.grst.g7serrst.gnsckt_wrst.gcc_rst.sckt_wr_rst_cc_reg[0]/Q
                         net (fo=3, routed)           0.390     2.484    top_i/axi_interconnect_0/s00_couplers/auto_ds/inst/gen_downsizer.gen_simple_downsizer.axi_downsizer_inst/USE_READ.read_addr_inst/cmd_queue/inst/fifo_gen_inst/inst_fifo_gen/gconvfifo.rf/grf.rf/rstblk/ngwrdrst.grst.g7serrst.gnsckt_wrst.gcc_rst.sckt_wr_rst_cc[0]
    SLICE_X2Y52          LUT3 (Prop_G6LUT_SLICEL_I1_O)
                                                      0.147     2.631 f  top_i/axi_interconnect_0/s00_couplers/auto_ds/inst/gen_downsizer.gen_simple_downsizer.axi_downsizer_inst/USE_READ.read_addr_inst/cmd_queue/inst/fifo_gen_inst/inst_fifo_gen/gconvfifo.rf/grf.rf/rstblk/gpregsm1.curr_fwft_state[1]_i_2/O
                         net (fo=32, routed)          0.672     3.303    top_i/axi_interconnect_0/s00_couplers/auto_ds/inst/gen_downsizer.gen_simple_downsizer.axi_downsizer_inst/USE_READ.read_addr_inst/cmd_queue/inst/fifo_gen_inst/inst_fifo_gen/gconvfifo.rf/grf.rf/gntv_or_sync_fifo.gl0.rd/rpntr/gc0.count_d1_reg[4]_1
    SLICE_X1Y50          FDCE                                         f  top_i/axi_interconnect_0/s00_couplers/auto_ds/inst/gen_downsizer.gen_simple_downsizer.axi_downsizer_inst/USE_READ.read_addr_inst/cmd_queue/inst/fifo_gen_inst/inst_fifo_gen/gconvfifo.rf/grf.rf/gntv_or_sync_fifo.gl0.rd/rpntr/gc0.count_d1_reg[4]/CLR
  -------------------------------------------------------------------    -------------------

                         (clock clk_pl_0 rise edge)
                                                     10.000    10.000 r  
    PS8_X0Y0             PS8                          0.000    10.000 r  top_i/zynq_ps/inst/PS8_i/PLCLK[0]
                         net (fo=1, routed)           0.140    10.140    top_i/zynq_ps/inst/pl_clk_unbuffered[0]
    BUFG_PS_X0Y58        BUFG_PS (Prop_BUFG_PS_I_O)
                                                      0.027    10.167 r  top_i/zynq_ps/inst/buffer_pl_clk_0.PL_CLK_0_BUFG/O
    X0Y1 (CLOCK_ROOT)    net (fo=24362, routed)       1.560    11.727    top_i/axi_interconnect_0/s00_couplers/auto_ds/inst/gen_downsizer.gen_simple_downsizer.axi_downsizer_inst/USE_READ.read_addr_inst/cmd_queue/inst/fifo_gen_inst/inst_fifo_gen/gconvfifo.rf/grf.rf/gntv_or_sync_fifo.gl0.rd/rpntr/clk
    SLICE_X1Y50          FDCE                                         r  top_i/axi_interconnect_0/s00_couplers/auto_ds/inst/gen_downsizer.gen_simple_downsizer.axi_downsizer_inst/USE_READ.read_addr_inst/cmd_queue/inst/fifo_gen_inst/inst_fifo_gen/gconvfifo.rf/grf.rf/gntv_or_sync_fifo.gl0.rd/rpntr/gc0.count_d1_reg[4]/C
                         clock pessimism              0.221    11.948    
                         clock uncertainty           -0.130    11.818    
    SLICE_X1Y50          FDCE (Recov_EFF2_SLICEM_C_CLR)
                                                     -0.072    11.746    top_i/axi_interconnect_0/s00_couplers/auto_ds/inst/gen_downsizer.gen_simple_downsizer.axi_downsizer_inst/USE_READ.read_addr_inst/cmd_queue/inst/fifo_gen_inst/inst_fifo_gen/gconvfifo.rf/grf.rf/gntv_or_sync_fifo.gl0.rd/rpntr/gc0.count_d1_reg[4]
  -------------------------------------------------------------------
                         required time                         11.746    
                         arrival time                          -3.303    
  -------------------------------------------------------------------
                         slack                                  8.443    

Slack (MET) :             8.443ns  (required time - arrival time)
  Source:                 top_i/axi_interconnect_0/s00_couplers/auto_ds/inst/gen_downsizer.gen_simple_downsizer.axi_downsizer_inst/USE_READ.read_addr_inst/cmd_queue/inst/fifo_gen_inst/inst_fifo_gen/gconvfifo.rf/grf.rf/rstblk/ngwrdrst.grst.g7serrst.gnsckt_wrst.gcc_rst.sckt_wr_rst_cc_reg[0]/C
                            (rising edge-triggered cell FDRE clocked by clk_pl_0  {rise@0.000ns fall@5.000ns period=10.000ns})
  Destination:            top_i/axi_interconnect_0/s00_couplers/auto_ds/inst/gen_downsizer.gen_simple_downsizer.axi_downsizer_inst/USE_READ.read_addr_inst/cmd_queue/inst/fifo_gen_inst/inst_fifo_gen/gconvfifo.rf/grf.rf/gntv_or_sync_fifo.gl0.wr/gwss.wsts/ram_full_i_reg/CLR
                            (recovery check against rising-edge clock clk_pl_0  {rise@0.000ns fall@5.000ns period=10.000ns})
  Path Group:             **async_default**
  Path Type:              Recovery (Max at Slow Process Corner)
  Requirement:            10.000ns  (clk_pl_0 rise@10.000ns - clk_pl_0 rise@0.000ns)
  Data Path Delay:        1.306ns  (logic 0.244ns (18.683%)  route 1.062ns (81.317%))
  Logic Levels:           1  (LUT3=1)
  Clock Path Skew:        -0.050ns (DCD - SCD + CPR)
    Destination Clock Delay (DCD):    1.727ns = ( 11.727 - 10.000 ) 
    Source Clock Delay      (SCD):    1.997ns
    Clock Pessimism Removal (CPR):    0.221ns
  Clock Uncertainty:      0.130ns  ((TSJ^2 + DJ^2)^1/2) / 2 + PE
    Total System Jitter     (TSJ):    0.071ns
    Discrete Jitter          (DJ):    0.250ns
    Phase Error              (PE):    0.000ns
  Clock Net Delay (Source):      1.790ns (routing 0.638ns, distribution 1.152ns)
  Clock Net Delay (Destination): 1.560ns (routing 0.576ns, distribution 0.984ns)

    Location             Delay type                Incr(ns)  Path(ns)    Netlist Resource(s)
  -------------------------------------------------------------------    -------------------
                         (clock clk_pl_0 rise edge)
                                                      0.000     0.000 r  
    PS8_X0Y0             PS8                          0.000     0.000 r  top_i/zynq_ps/inst/PS8_i/PLCLK[0]
                         net (fo=1, routed)           0.178     0.178    top_i/zynq_ps/inst/pl_clk_unbuffered[0]
    BUFG_PS_X0Y58        BUFG_PS (Prop_BUFG_PS_I_O)
                                                      0.029     0.207 r  top_i/zynq_ps/inst/buffer_pl_clk_0.PL_CLK_0_BUFG/O
    X0Y1 (CLOCK_ROOT)    net (fo=24362, routed)       1.790     1.997    top_i/axi_interconnect_0/s00_couplers/auto_ds/inst/gen_downsizer.gen_simple_downsizer.axi_downsizer_inst/USE_READ.read_addr_inst/cmd_queue/inst/fifo_gen_inst/inst_fifo_gen/gconvfifo.rf/grf.rf/rstblk/clk
    SLICE_X2Y52          FDRE                                         r  top_i/axi_interconnect_0/s00_couplers/auto_ds/inst/gen_downsizer.gen_simple_downsizer.axi_downsizer_inst/USE_READ.read_addr_inst/cmd_queue/inst/fifo_gen_inst/inst_fifo_gen/gconvfifo.rf/grf.rf/rstblk/ngwrdrst.grst.g7serrst.gnsckt_wrst.gcc_rst.sckt_wr_rst_cc_reg[0]/C
  -------------------------------------------------------------------    -------------------
    SLICE_X2Y52          FDRE (Prop_HFF2_SLICEL_C_Q)
                                                      0.097     2.094 f  top_i/axi_interconnect_0/s00_couplers/auto_ds/inst/gen_downsizer.gen_simple_downsizer.axi_downsizer_inst/USE_READ.read_addr_inst/cmd_queue/inst/fifo_gen_inst/inst_fifo_gen/gconvfifo.rf/grf.rf/rstblk/ngwrdrst.grst.g7serrst.gnsckt_wrst.gcc_rst.sckt_wr_rst_cc_reg[0]/Q
                         net (fo=3, routed)           0.390     2.484    top_i/axi_interconnect_0/s00_couplers/auto_ds/inst/gen_downsizer.gen_simple_downsizer.axi_downsizer_inst/USE_READ.read_addr_inst/cmd_queue/inst/fifo_gen_inst/inst_fifo_gen/gconvfifo.rf/grf.rf/rstblk/ngwrdrst.grst.g7serrst.gnsckt_wrst.gcc_rst.sckt_wr_rst_cc[0]
    SLICE_X2Y52          LUT3 (Prop_G6LUT_SLICEL_I1_O)
                                                      0.147     2.631 f  top_i/axi_interconnect_0/s00_couplers/auto_ds/inst/gen_downsizer.gen_simple_downsizer.axi_downsizer_inst/USE_READ.read_addr_inst/cmd_queue/inst/fifo_gen_inst/inst_fifo_gen/gconvfifo.rf/grf.rf/rstblk/gpregsm1.curr_fwft_state[1]_i_2/O
                         net (fo=32, routed)          0.672     3.303    top_i/axi_interconnect_0/s00_couplers/auto_ds/inst/gen_downsizer.gen_simple_downsizer.axi_downsizer_inst/USE_READ.read_addr_inst/cmd_queue/inst/fifo_gen_inst/inst_fifo_gen/gconvfifo.rf/grf.rf/gntv_or_sync_fifo.gl0.wr/gwss.wsts/AR[0]
    SLICE_X1Y50          FDCE                                         f  top_i/axi_interconnect_0/s00_couplers/auto_ds/inst/gen_downsizer.gen_simple_downsizer.axi_downsizer_inst/USE_READ.read_addr_inst/cmd_queue/inst/fifo_gen_inst/inst_fifo_gen/gconvfifo.rf/grf.rf/gntv_or_sync_fifo.gl0.wr/gwss.wsts/ram_full_i_reg/CLR
  -------------------------------------------------------------------    -------------------

                         (clock clk_pl_0 rise edge)
                                                     10.000    10.000 r  
    PS8_X0Y0             PS8                          0.000    10.000 r  top_i/zynq_ps/inst/PS8_i/PLCLK[0]
                         net (fo=1, routed)           0.140    10.140    top_i/zynq_ps/inst/pl_clk_unbuffered[0]
    BUFG_PS_X0Y58        BUFG_PS (Prop_BUFG_PS_I_O)
                                                      0.027    10.167 r  top_i/zynq_ps/inst/buffer_pl_clk_0.PL_CLK_0_BUFG/O
    X0Y1 (CLOCK_ROOT)    net (fo=24362, routed)       1.560    11.727    top_i/axi_interconnect_0/s00_couplers/auto_ds/inst/gen_downsizer.gen_simple_downsizer.axi_downsizer_inst/USE_READ.read_addr_inst/cmd_queue/inst/fifo_gen_inst/inst_fifo_gen/gconvfifo.rf/grf.rf/gntv_or_sync_fifo.gl0.wr/gwss.wsts/clk
    SLICE_X1Y50          FDCE                                         r  top_i/axi_interconnect_0/s00_couplers/auto_ds/inst/gen_downsizer.gen_simple_downsizer.axi_downsizer_inst/USE_READ.read_addr_inst/cmd_queue/inst/fifo_gen_inst/inst_fifo_gen/gconvfifo.rf/grf.rf/gntv_or_sync_fifo.gl0.wr/gwss.wsts/ram_full_i_reg/C
                         clock pessimism              0.221    11.948    
                         clock uncertainty           -0.130    11.818    
    SLICE_X1Y50          FDCE (Recov_HFF_SLICEM_C_CLR)
                                                     -0.072    11.746    top_i/axi_interconnect_0/s00_couplers/auto_ds/inst/gen_downsizer.gen_simple_downsizer.axi_downsizer_inst/USE_READ.read_addr_inst/cmd_queue/inst/fifo_gen_inst/inst_fifo_gen/gconvfifo.rf/grf.rf/gntv_or_sync_fifo.gl0.wr/gwss.wsts/ram_full_i_reg
  -------------------------------------------------------------------
                         required time                         11.746    
                         arrival time                          -3.303    
  -------------------------------------------------------------------
                         slack                                  8.443    

Slack (MET) :             8.453ns  (required time - arrival time)
  Source:                 top_i/axi_interconnect_0/s00_couplers/auto_ds/inst/gen_downsizer.gen_simple_downsizer.axi_downsizer_inst/USE_READ.read_addr_inst/cmd_queue/inst/fifo_gen_inst/inst_fifo_gen/gconvfifo.rf/grf.rf/rstblk/ngwrdrst.grst.g7serrst.gnsckt_wrst.gcc_rst.sckt_wr_rst_cc_reg[0]/C
                            (rising edge-triggered cell FDRE clocked by clk_pl_0  {rise@0.000ns fall@5.000ns period=10.000ns})
  Destination:            top_i/axi_interconnect_0/s00_couplers/auto_ds/inst/gen_downsizer.gen_simple_downsizer.axi_downsizer_inst/USE_READ.read_addr_inst/cmd_queue/inst/fifo_gen_inst/inst_fifo_gen/gconvfifo.rf/grf.rf/gntv_or_sync_fifo.gl0.wr/wpntr/gcc0.gc0.count_d1_reg[1]/CLR
                            (recovery check against rising-edge clock clk_pl_0  {rise@0.000ns fall@5.000ns period=10.000ns})
  Path Group:             **async_default**
  Path Type:              Recovery (Max at Slow Process Corner)
  Requirement:            10.000ns  (clk_pl_0 rise@10.000ns - clk_pl_0 rise@0.000ns)
  Data Path Delay:        1.291ns  (logic 0.244ns (18.900%)  route 1.047ns (81.100%))
  Logic Levels:           1  (LUT3=1)
  Clock Path Skew:        -0.054ns (DCD - SCD + CPR)
    Destination Clock Delay (DCD):    1.722ns = ( 11.722 - 10.000 ) 
    Source Clock Delay      (SCD):    1.997ns
    Clock Pessimism Removal (CPR):    0.221ns
  Clock Uncertainty:      0.130ns  ((TSJ^2 + DJ^2)^1/2) / 2 + PE
    Total System Jitter     (TSJ):    0.071ns
    Discrete Jitter          (DJ):    0.250ns
    Phase Error              (PE):    0.000ns
  Clock Net Delay (Source):      1.790ns (routing 0.638ns, distribution 1.152ns)
  Clock Net Delay (Destination): 1.555ns (routing 0.576ns, distribution 0.979ns)

    Location             Delay type                Incr(ns)  Path(ns)    Netlist Resource(s)
  -------------------------------------------------------------------    -------------------
                         (clock clk_pl_0 rise edge)
                                                      0.000     0.000 r  
    PS8_X0Y0             PS8                          0.000     0.000 r  top_i/zynq_ps/inst/PS8_i/PLCLK[0]
                         net (fo=1, routed)           0.178     0.178    top_i/zynq_ps/inst/pl_clk_unbuffered[0]
    BUFG_PS_X0Y58        BUFG_PS (Prop_BUFG_PS_I_O)
                                                      0.029     0.207 r  top_i/zynq_ps/inst/buffer_pl_clk_0.PL_CLK_0_BUFG/O
    X0Y1 (CLOCK_ROOT)    net (fo=24362, routed)       1.790     1.997    top_i/axi_interconnect_0/s00_couplers/auto_ds/inst/gen_downsizer.gen_simple_downsizer.axi_downsizer_inst/USE_READ.read_addr_inst/cmd_queue/inst/fifo_gen_inst/inst_fifo_gen/gconvfifo.rf/grf.rf/rstblk/clk
    SLICE_X2Y52          FDRE                                         r  top_i/axi_interconnect_0/s00_couplers/auto_ds/inst/gen_downsizer.gen_simple_downsizer.axi_downsizer_inst/USE_READ.read_addr_inst/cmd_queue/inst/fifo_gen_inst/inst_fifo_gen/gconvfifo.rf/grf.rf/rstblk/ngwrdrst.grst.g7serrst.gnsckt_wrst.gcc_rst.sckt_wr_rst_cc_reg[0]/C
  -------------------------------------------------------------------    -------------------
    SLICE_X2Y52          FDRE (Prop_HFF2_SLICEL_C_Q)
                                                      0.097     2.094 f  top_i/axi_interconnect_0/s00_couplers/auto_ds/inst/gen_downsizer.gen_simple_downsizer.axi_downsizer_inst/USE_READ.read_addr_inst/cmd_queue/inst/fifo_gen_inst/inst_fifo_gen/gconvfifo.rf/grf.rf/rstblk/ngwrdrst.grst.g7serrst.gnsckt_wrst.gcc_rst.sckt_wr_rst_cc_reg[0]/Q
                         net (fo=3, routed)           0.390     2.484    top_i/axi_interconnect_0/s00_couplers/auto_ds/inst/gen_downsizer.gen_simple_downsizer.axi_downsizer_inst/USE_READ.read_addr_inst/cmd_queue/inst/fifo_gen_inst/inst_fifo_gen/gconvfifo.rf/grf.rf/rstblk/ngwrdrst.grst.g7serrst.gnsckt_wrst.gcc_rst.sckt_wr_rst_cc[0]
    SLICE_X2Y52          LUT3 (Prop_G6LUT_SLICEL_I1_O)
                                                      0.147     2.631 f  top_i/axi_interconnect_0/s00_couplers/auto_ds/inst/gen_downsizer.gen_simple_downsizer.axi_downsizer_inst/USE_READ.read_addr_inst/cmd_queue/inst/fifo_gen_inst/inst_fifo_gen/gconvfifo.rf/grf.rf/rstblk/gpregsm1.curr_fwft_state[1]_i_2/O
                         net (fo=32, routed)          0.657     3.288    top_i/axi_interconnect_0/s00_couplers/auto_ds/inst/gen_downsizer.gen_simple_downsizer.axi_downsizer_inst/USE_READ.read_addr_inst/cmd_queue/inst/fifo_gen_inst/inst_fifo_gen/gconvfifo.rf/grf.rf/gntv_or_sync_fifo.gl0.wr/wpntr/AR[0]
    SLICE_X2Y50          FDCE                                         f  top_i/axi_interconnect_0/s00_couplers/auto_ds/inst/gen_downsizer.gen_simple_downsizer.axi_downsizer_inst/USE_READ.read_addr_inst/cmd_queue/inst/fifo_gen_inst/inst_fifo_gen/gconvfifo.rf/grf.rf/gntv_or_sync_fifo.gl0.wr/wpntr/gcc0.gc0.count_d1_reg[1]/CLR
  -------------------------------------------------------------------    -------------------

                         (clock clk_pl_0 rise edge)
                                                     10.000    10.000 r  
    PS8_X0Y0             PS8                          0.000    10.000 r  top_i/zynq_ps/inst/PS8_i/PLCLK[0]
                         net (fo=1, routed)           0.140    10.140    top_i/zynq_ps/inst/pl_clk_unbuffered[0]
    BUFG_PS_X0Y58        BUFG_PS (Prop_BUFG_PS_I_O)
                                                      0.027    10.167 r  top_i/zynq_ps/inst/buffer_pl_clk_0.PL_CLK_0_BUFG/O
    X0Y1 (CLOCK_ROOT)    net (fo=24362, routed)       1.555    11.722    top_i/axi_interconnect_0/s00_couplers/auto_ds/inst/gen_downsizer.gen_simple_downsizer.axi_downsizer_inst/USE_READ.read_addr_inst/cmd_queue/inst/fifo_gen_inst/inst_fifo_gen/gconvfifo.rf/grf.rf/gntv_or_sync_fifo.gl0.wr/wpntr/clk
    SLICE_X2Y50          FDCE                                         r  top_i/axi_interconnect_0/s00_couplers/auto_ds/inst/gen_downsizer.gen_simple_downsizer.axi_downsizer_inst/USE_READ.read_addr_inst/cmd_queue/inst/fifo_gen_inst/inst_fifo_gen/gconvfifo.rf/grf.rf/gntv_or_sync_fifo.gl0.wr/wpntr/gcc0.gc0.count_d1_reg[1]/C
                         clock pessimism              0.221    11.943    
                         clock uncertainty           -0.130    11.813    
    SLICE_X2Y50          FDCE (Recov_AFF_SLICEL_C_CLR)
                                                     -0.072    11.741    top_i/axi_interconnect_0/s00_couplers/auto_ds/inst/gen_downsizer.gen_simple_downsizer.axi_downsizer_inst/USE_READ.read_addr_inst/cmd_queue/inst/fifo_gen_inst/inst_fifo_gen/gconvfifo.rf/grf.rf/gntv_or_sync_fifo.gl0.wr/wpntr/gcc0.gc0.count_d1_reg[1]
  -------------------------------------------------------------------
                         required time                         11.741    
                         arrival time                          -3.288    
  -------------------------------------------------------------------
                         slack                                  8.453    

Slack (MET) :             8.453ns  (required time - arrival time)
  Source:                 top_i/axi_interconnect_0/s00_couplers/auto_ds/inst/gen_downsizer.gen_simple_downsizer.axi_downsizer_inst/USE_READ.read_addr_inst/cmd_queue/inst/fifo_gen_inst/inst_fifo_gen/gconvfifo.rf/grf.rf/rstblk/ngwrdrst.grst.g7serrst.gnsckt_wrst.gcc_rst.sckt_wr_rst_cc_reg[0]/C
                            (rising edge-triggered cell FDRE clocked by clk_pl_0  {rise@0.000ns fall@5.000ns period=10.000ns})
  Destination:            top_i/axi_interconnect_0/s00_couplers/auto_ds/inst/gen_downsizer.gen_simple_downsizer.axi_downsizer_inst/USE_READ.read_addr_inst/cmd_queue/inst/fifo_gen_inst/inst_fifo_gen/gconvfifo.rf/grf.rf/gntv_or_sync_fifo.gl0.wr/wpntr/gcc0.gc0.count_reg[2]/CLR
                            (recovery check against rising-edge clock clk_pl_0  {rise@0.000ns fall@5.000ns period=10.000ns})
  Path Group:             **async_default**
  Path Type:              Recovery (Max at Slow Process Corner)
  Requirement:            10.000ns  (clk_pl_0 rise@10.000ns - clk_pl_0 rise@0.000ns)
  Data Path Delay:        1.291ns  (logic 0.244ns (18.900%)  route 1.047ns (81.100%))
  Logic Levels:           1  (LUT3=1)
  Clock Path Skew:        -0.054ns (DCD - SCD + CPR)
    Destination Clock Delay (DCD):    1.722ns = ( 11.722 - 10.000 ) 
    Source Clock Delay      (SCD):    1.997ns
    Clock Pessimism Removal (CPR):    0.221ns
  Clock Uncertainty:      0.130ns  ((TSJ^2 + DJ^2)^1/2) / 2 + PE
    Total System Jitter     (TSJ):    0.071ns
    Discrete Jitter          (DJ):    0.250ns
    Phase Error              (PE):    0.000ns
  Clock Net Delay (Source):      1.790ns (routing 0.638ns, distribution 1.152ns)
  Clock Net Delay (Destination): 1.555ns (routing 0.576ns, distribution 0.979ns)

    Location             Delay type                Incr(ns)  Path(ns)    Netlist Resource(s)
  -------------------------------------------------------------------    -------------------
                         (clock clk_pl_0 rise edge)
                                                      0.000     0.000 r  
    PS8_X0Y0             PS8                          0.000     0.000 r  top_i/zynq_ps/inst/PS8_i/PLCLK[0]
                         net (fo=1, routed)           0.178     0.178    top_i/zynq_ps/inst/pl_clk_unbuffered[0]
    BUFG_PS_X0Y58        BUFG_PS (Prop_BUFG_PS_I_O)
                                                      0.029     0.207 r  top_i/zynq_ps/inst/buffer_pl_clk_0.PL_CLK_0_BUFG/O
    X0Y1 (CLOCK_ROOT)    net (fo=24362, routed)       1.790     1.997    top_i/axi_interconnect_0/s00_couplers/auto_ds/inst/gen_downsizer.gen_simple_downsizer.axi_downsizer_inst/USE_READ.read_addr_inst/cmd_queue/inst/fifo_gen_inst/inst_fifo_gen/gconvfifo.rf/grf.rf/rstblk/clk
    SLICE_X2Y52          FDRE                                         r  top_i/axi_interconnect_0/s00_couplers/auto_ds/inst/gen_downsizer.gen_simple_downsizer.axi_downsizer_inst/USE_READ.read_addr_inst/cmd_queue/inst/fifo_gen_inst/inst_fifo_gen/gconvfifo.rf/grf.rf/rstblk/ngwrdrst.grst.g7serrst.gnsckt_wrst.gcc_rst.sckt_wr_rst_cc_reg[0]/C
  -------------------------------------------------------------------    -------------------
    SLICE_X2Y52          FDRE (Prop_HFF2_SLICEL_C_Q)
                                                      0.097     2.094 f  top_i/axi_interconnect_0/s00_couplers/auto_ds/inst/gen_downsizer.gen_simple_downsizer.axi_downsizer_inst/USE_READ.read_addr_inst/cmd_queue/inst/fifo_gen_inst/inst_fifo_gen/gconvfifo.rf/grf.rf/rstblk/ngwrdrst.grst.g7serrst.gnsckt_wrst.gcc_rst.sckt_wr_rst_cc_reg[0]/Q
                         net (fo=3, routed)           0.390     2.484    top_i/axi_interconnect_0/s00_couplers/auto_ds/inst/gen_downsizer.gen_simple_downsizer.axi_downsizer_inst/USE_READ.read_addr_inst/cmd_queue/inst/fifo_gen_inst/inst_fifo_gen/gconvfifo.rf/grf.rf/rstblk/ngwrdrst.grst.g7serrst.gnsckt_wrst.gcc_rst.sckt_wr_rst_cc[0]
    SLICE_X2Y52          LUT3 (Prop_G6LUT_SLICEL_I1_O)
                                                      0.147     2.631 f  top_i/axi_interconnect_0/s00_couplers/auto_ds/inst/gen_downsizer.gen_simple_downsizer.axi_downsizer_inst/USE_READ.read_addr_inst/cmd_queue/inst/fifo_gen_inst/inst_fifo_gen/gconvfifo.rf/grf.rf/rstblk/gpregsm1.curr_fwft_state[1]_i_2/O
                         net (fo=32, routed)          0.657     3.288    top_i/axi_interconnect_0/s00_couplers/auto_ds/inst/gen_downsizer.gen_simple_downsizer.axi_downsizer_inst/USE_READ.read_addr_inst/cmd_queue/inst/fifo_gen_inst/inst_fifo_gen/gconvfifo.rf/grf.rf/gntv_or_sync_fifo.gl0.wr/wpntr/AR[0]
    SLICE_X2Y50          FDCE                                         f  top_i/axi_interconnect_0/s00_couplers/auto_ds/inst/gen_downsizer.gen_simple_downsizer.axi_downsizer_inst/USE_READ.read_addr_inst/cmd_queue/inst/fifo_gen_inst/inst_fifo_gen/gconvfifo.rf/grf.rf/gntv_or_sync_fifo.gl0.wr/wpntr/gcc0.gc0.count_reg[2]/CLR
  -------------------------------------------------------------------    -------------------

                         (clock clk_pl_0 rise edge)
                                                     10.000    10.000 r  
    PS8_X0Y0             PS8                          0.000    10.000 r  top_i/zynq_ps/inst/PS8_i/PLCLK[0]
                         net (fo=1, routed)           0.140    10.140    top_i/zynq_ps/inst/pl_clk_unbuffered[0]
    BUFG_PS_X0Y58        BUFG_PS (Prop_BUFG_PS_I_O)
                                                      0.027    10.167 r  top_i/zynq_ps/inst/buffer_pl_clk_0.PL_CLK_0_BUFG/O
    X0Y1 (CLOCK_ROOT)    net (fo=24362, routed)       1.555    11.722    top_i/axi_interconnect_0/s00_couplers/auto_ds/inst/gen_downsizer.gen_simple_downsizer.axi_downsizer_inst/USE_READ.read_addr_inst/cmd_queue/inst/fifo_gen_inst/inst_fifo_gen/gconvfifo.rf/grf.rf/gntv_or_sync_fifo.gl0.wr/wpntr/clk
    SLICE_X2Y50          FDCE                                         r  top_i/axi_interconnect_0/s00_couplers/auto_ds/inst/gen_downsizer.gen_simple_downsizer.axi_downsizer_inst/USE_READ.read_addr_inst/cmd_queue/inst/fifo_gen_inst/inst_fifo_gen/gconvfifo.rf/grf.rf/gntv_or_sync_fifo.gl0.wr/wpntr/gcc0.gc0.count_reg[2]/C
                         clock pessimism              0.221    11.943    
                         clock uncertainty           -0.130    11.813    
    SLICE_X2Y50          FDCE (Recov_BFF2_SLICEL_C_CLR)
                                                     -0.072    11.741    top_i/axi_interconnect_0/s00_couplers/auto_ds/inst/gen_downsizer.gen_simple_downsizer.axi_downsizer_inst/USE_READ.read_addr_inst/cmd_queue/inst/fifo_gen_inst/inst_fifo_gen/gconvfifo.rf/grf.rf/gntv_or_sync_fifo.gl0.wr/wpntr/gcc0.gc0.count_reg[2]
  -------------------------------------------------------------------
                         required time                         11.741    
                         arrival time                          -3.288    
  -------------------------------------------------------------------
                         slack                                  8.453    

Slack (MET) :             8.453ns  (required time - arrival time)
  Source:                 top_i/axi_interconnect_0/s00_couplers/auto_ds/inst/gen_downsizer.gen_simple_downsizer.axi_downsizer_inst/USE_READ.read_addr_inst/cmd_queue/inst/fifo_gen_inst/inst_fifo_gen/gconvfifo.rf/grf.rf/rstblk/ngwrdrst.grst.g7serrst.gnsckt_wrst.gcc_rst.sckt_wr_rst_cc_reg[0]/C
                            (rising edge-triggered cell FDRE clocked by clk_pl_0  {rise@0.000ns fall@5.000ns period=10.000ns})
  Destination:            top_i/axi_interconnect_0/s00_couplers/auto_ds/inst/gen_downsizer.gen_simple_downsizer.axi_downsizer_inst/USE_READ.read_addr_inst/cmd_queue/inst/fifo_gen_inst/inst_fifo_gen/gconvfifo.rf/grf.rf/gntv_or_sync_fifo.gl0.wr/wpntr/gcc0.gc0.count_reg[3]/CLR
                            (recovery check against rising-edge clock clk_pl_0  {rise@0.000ns fall@5.000ns period=10.000ns})
  Path Group:             **async_default**
  Path Type:              Recovery (Max at Slow Process Corner)
  Requirement:            10.000ns  (clk_pl_0 rise@10.000ns - clk_pl_0 rise@0.000ns)
  Data Path Delay:        1.291ns  (logic 0.244ns (18.900%)  route 1.047ns (81.100%))
  Logic Levels:           1  (LUT3=1)
  Clock Path Skew:        -0.054ns (DCD - SCD + CPR)
    Destination Clock Delay (DCD):    1.722ns = ( 11.722 - 10.000 ) 
    Source Clock Delay      (SCD):    1.997ns
    Clock Pessimism Removal (CPR):    0.221ns
  Clock Uncertainty:      0.130ns  ((TSJ^2 + DJ^2)^1/2) / 2 + PE
    Total System Jitter     (TSJ):    0.071ns
    Discrete Jitter          (DJ):    0.250ns
    Phase Error              (PE):    0.000ns
  Clock Net Delay (Source):      1.790ns (routing 0.638ns, distribution 1.152ns)
  Clock Net Delay (Destination): 1.555ns (routing 0.576ns, distribution 0.979ns)

    Location             Delay type                Incr(ns)  Path(ns)    Netlist Resource(s)
  -------------------------------------------------------------------    -------------------
                         (clock clk_pl_0 rise edge)
                                                      0.000     0.000 r  
    PS8_X0Y0             PS8                          0.000     0.000 r  top_i/zynq_ps/inst/PS8_i/PLCLK[0]
                         net (fo=1, routed)           0.178     0.178    top_i/zynq_ps/inst/pl_clk_unbuffered[0]
    BUFG_PS_X0Y58        BUFG_PS (Prop_BUFG_PS_I_O)
                                                      0.029     0.207 r  top_i/zynq_ps/inst/buffer_pl_clk_0.PL_CLK_0_BUFG/O
    X0Y1 (CLOCK_ROOT)    net (fo=24362, routed)       1.790     1.997    top_i/axi_interconnect_0/s00_couplers/auto_ds/inst/gen_downsizer.gen_simple_downsizer.axi_downsizer_inst/USE_READ.read_addr_inst/cmd_queue/inst/fifo_gen_inst/inst_fifo_gen/gconvfifo.rf/grf.rf/rstblk/clk
    SLICE_X2Y52          FDRE                                         r  top_i/axi_interconnect_0/s00_couplers/auto_ds/inst/gen_downsizer.gen_simple_downsizer.axi_downsizer_inst/USE_READ.read_addr_inst/cmd_queue/inst/fifo_gen_inst/inst_fifo_gen/gconvfifo.rf/grf.rf/rstblk/ngwrdrst.grst.g7serrst.gnsckt_wrst.gcc_rst.sckt_wr_rst_cc_reg[0]/C
  -------------------------------------------------------------------    -------------------
    SLICE_X2Y52          FDRE (Prop_HFF2_SLICEL_C_Q)
                                                      0.097     2.094 f  top_i/axi_interconnect_0/s00_couplers/auto_ds/inst/gen_downsizer.gen_simple_downsizer.axi_downsizer_inst/USE_READ.read_addr_inst/cmd_queue/inst/fifo_gen_inst/inst_fifo_gen/gconvfifo.rf/grf.rf/rstblk/ngwrdrst.grst.g7serrst.gnsckt_wrst.gcc_rst.sckt_wr_rst_cc_reg[0]/Q
                         net (fo=3, routed)           0.390     2.484    top_i/axi_interconnect_0/s00_couplers/auto_ds/inst/gen_downsizer.gen_simple_downsizer.axi_downsizer_inst/USE_READ.read_addr_inst/cmd_queue/inst/fifo_gen_inst/inst_fifo_gen/gconvfifo.rf/grf.rf/rstblk/ngwrdrst.grst.g7serrst.gnsckt_wrst.gcc_rst.sckt_wr_rst_cc[0]
    SLICE_X2Y52          LUT3 (Prop_G6LUT_SLICEL_I1_O)
                                                      0.147     2.631 f  top_i/axi_interconnect_0/s00_couplers/auto_ds/inst/gen_downsizer.gen_simple_downsizer.axi_downsizer_inst/USE_READ.read_addr_inst/cmd_queue/inst/fifo_gen_inst/inst_fifo_gen/gconvfifo.rf/grf.rf/rstblk/gpregsm1.curr_fwft_state[1]_i_2/O
                         net (fo=32, routed)          0.657     3.288    top_i/axi_interconnect_0/s00_couplers/auto_ds/inst/gen_downsizer.gen_simple_downsizer.axi_downsizer_inst/USE_READ.read_addr_inst/cmd_queue/inst/fifo_gen_inst/inst_fifo_gen/gconvfifo.rf/grf.rf/gntv_or_sync_fifo.gl0.wr/wpntr/AR[0]
    SLICE_X2Y50          FDCE                                         f  top_i/axi_interconnect_0/s00_couplers/auto_ds/inst/gen_downsizer.gen_simple_downsizer.axi_downsizer_inst/USE_READ.read_addr_inst/cmd_queue/inst/fifo_gen_inst/inst_fifo_gen/gconvfifo.rf/grf.rf/gntv_or_sync_fifo.gl0.wr/wpntr/gcc0.gc0.count_reg[3]/CLR
  -------------------------------------------------------------------    -------------------

                         (clock clk_pl_0 rise edge)
                                                     10.000    10.000 r  
    PS8_X0Y0             PS8                          0.000    10.000 r  top_i/zynq_ps/inst/PS8_i/PLCLK[0]
                         net (fo=1, routed)           0.140    10.140    top_i/zynq_ps/inst/pl_clk_unbuffered[0]
    BUFG_PS_X0Y58        BUFG_PS (Prop_BUFG_PS_I_O)
                                                      0.027    10.167 r  top_i/zynq_ps/inst/buffer_pl_clk_0.PL_CLK_0_BUFG/O
    X0Y1 (CLOCK_ROOT)    net (fo=24362, routed)       1.555    11.722    top_i/axi_interconnect_0/s00_couplers/auto_ds/inst/gen_downsizer.gen_simple_downsizer.axi_downsizer_inst/USE_READ.read_addr_inst/cmd_queue/inst/fifo_gen_inst/inst_fifo_gen/gconvfifo.rf/grf.rf/gntv_or_sync_fifo.gl0.wr/wpntr/clk
    SLICE_X2Y50          FDCE                                         r  top_i/axi_interconnect_0/s00_couplers/auto_ds/inst/gen_downsizer.gen_simple_downsizer.axi_downsizer_inst/USE_READ.read_addr_inst/cmd_queue/inst/fifo_gen_inst/inst_fifo_gen/gconvfifo.rf/grf.rf/gntv_or_sync_fifo.gl0.wr/wpntr/gcc0.gc0.count_reg[3]/C
                         clock pessimism              0.221    11.943    
                         clock uncertainty           -0.130    11.813    
    SLICE_X2Y50          FDCE (Recov_CFF_SLICEL_C_CLR)
                                                     -0.072    11.741    top_i/axi_interconnect_0/s00_couplers/auto_ds/inst/gen_downsizer.gen_simple_downsizer.axi_downsizer_inst/USE_READ.read_addr_inst/cmd_queue/inst/fifo_gen_inst/inst_fifo_gen/gconvfifo.rf/grf.rf/gntv_or_sync_fifo.gl0.wr/wpntr/gcc0.gc0.count_reg[3]
  -------------------------------------------------------------------
                         required time                         11.741    
                         arrival time                          -3.288    
  -------------------------------------------------------------------
                         slack                                  8.453    





Min Delay Paths
--------------------------------------------------------------------------------------
Slack (MET) :             0.205ns  (arrival time - required time)
  Source:                 top_i/axi_interconnect_0/s00_couplers/auto_ds/inst/gen_downsizer.gen_simple_downsizer.axi_downsizer_inst/USE_WRITE.write_addr_inst/USE_B_CHANNEL.cmd_b_queue/inst/fifo_gen_inst/inst_fifo_gen/gconvfifo.rf/grf.rf/rstblk/ngwrdrst.grst.g7serrst.gnsckt_wrst.rst_wr_reg2_inst/arststages_ff_reg[1]/C
                            (rising edge-triggered cell FDPE clocked by clk_pl_0  {rise@0.000ns fall@5.000ns period=10.000ns})
  Destination:            top_i/axi_interconnect_0/s00_couplers/auto_ds/inst/gen_downsizer.gen_simple_downsizer.axi_downsizer_inst/USE_WRITE.write_addr_inst/USE_B_CHANNEL.cmd_b_queue/inst/fifo_gen_inst/inst_fifo_gen/gconvfifo.rf/grf.rf/gntv_or_sync_fifo.gl0.rd/gr1.gr1_int.rfwft/empty_fwft_fb_i_reg/PRE
                            (removal check against rising-edge clock clk_pl_0  {rise@0.000ns fall@5.000ns period=10.000ns})
  Path Group:             **async_default**
  Path Type:              Removal (Min at Fast Process Corner)
  Requirement:            0.000ns  (clk_pl_0 rise@0.000ns - clk_pl_0 rise@0.000ns)
  Data Path Delay:        0.201ns  (logic 0.054ns (26.815%)  route 0.147ns (73.185%))
  Logic Levels:           1  (LUT3=1)
  Clock Path Skew:        0.016ns (DCD - SCD - CPR)
    Destination Clock Delay (DCD):    1.129ns
    Source Clock Delay      (SCD):    0.979ns
    Clock Pessimism Removal (CPR):    0.134ns
  Clock Net Delay (Source):      0.868ns (routing 0.324ns, distribution 0.544ns)
  Clock Net Delay (Destination): 0.991ns (routing 0.365ns, distribution 0.626ns)

    Location             Delay type                Incr(ns)  Path(ns)    Netlist Resource(s)
  -------------------------------------------------------------------    -------------------
                         (clock clk_pl_0 rise edge)
                                                      0.000     0.000 r  
    PS8_X0Y0             PS8                          0.000     0.000 r  top_i/zynq_ps/inst/PS8_i/PLCLK[0]
                         net (fo=1, routed)           0.094     0.094    top_i/zynq_ps/inst/pl_clk_unbuffered[0]
    BUFG_PS_X0Y58        BUFG_PS (Prop_BUFG_PS_I_O)
                                                      0.017     0.111 r  top_i/zynq_ps/inst/buffer_pl_clk_0.PL_CLK_0_BUFG/O
    X0Y1 (CLOCK_ROOT)    net (fo=24362, routed)       0.868     0.979    top_i/axi_interconnect_0/s00_couplers/auto_ds/inst/gen_downsizer.gen_simple_downsizer.axi_downsizer_inst/USE_WRITE.write_addr_inst/USE_B_CHANNEL.cmd_b_queue/inst/fifo_gen_inst/inst_fifo_gen/gconvfifo.rf/grf.rf/rstblk/ngwrdrst.grst.g7serrst.gnsckt_wrst.rst_wr_reg2_inst/dest_clk
    SLICE_X12Y87         FDPE                                         r  top_i/axi_interconnect_0/s00_couplers/auto_ds/inst/gen_downsizer.gen_simple_downsizer.axi_downsizer_inst/USE_WRITE.write_addr_inst/USE_B_CHANNEL.cmd_b_queue/inst/fifo_gen_inst/inst_fifo_gen/gconvfifo.rf/grf.rf/rstblk/ngwrdrst.grst.g7serrst.gnsckt_wrst.rst_wr_reg2_inst/arststages_ff_reg[1]/C
  -------------------------------------------------------------------    -------------------
    SLICE_X12Y87         FDPE (Prop_AFF2_SLICEL_C_Q)
                                                      0.040     1.019 f  top_i/axi_interconnect_0/s00_couplers/auto_ds/inst/gen_downsizer.gen_simple_downsizer.axi_downsizer_inst/USE_WRITE.write_addr_inst/USE_B_CHANNEL.cmd_b_queue/inst/fifo_gen_inst/inst_fifo_gen/gconvfifo.rf/grf.rf/rstblk/ngwrdrst.grst.g7serrst.gnsckt_wrst.rst_wr_reg2_inst/arststages_ff_reg[1]/Q
                         net (fo=3, routed)           0.049     1.068    top_i/axi_interconnect_0/s00_couplers/auto_ds/inst/gen_downsizer.gen_simple_downsizer.axi_downsizer_inst/USE_WRITE.write_addr_inst/USE_B_CHANNEL.cmd_b_queue/inst/fifo_gen_inst/inst_fifo_gen/gconvfifo.rf/grf.rf/rstblk/ngwrdrst.rst_wr_reg2
    SLICE_X11Y87         LUT3 (Prop_F6LUT_SLICEL_I2_O)
                                                      0.014     1.082 f  top_i/axi_interconnect_0/s00_couplers/auto_ds/inst/gen_downsizer.gen_simple_downsizer.axi_downsizer_inst/USE_WRITE.write_addr_inst/USE_B_CHANNEL.cmd_b_queue/inst/fifo_gen_inst/inst_fifo_gen/gconvfifo.rf/grf.rf/rstblk/gpregsm1.curr_fwft_state[1]_i_2/O
                         net (fo=32, routed)          0.099     1.180    top_i/axi_interconnect_0/s00_couplers/auto_ds/inst/gen_downsizer.gen_simple_downsizer.axi_downsizer_inst/USE_WRITE.write_addr_inst/USE_B_CHANNEL.cmd_b_queue/inst/fifo_gen_inst/inst_fifo_gen/gconvfifo.rf/grf.rf/gntv_or_sync_fifo.gl0.rd/gr1.gr1_int.rfwft/gpregsm1.user_valid_reg_0
    SLICE_X11Y87         FDPE                                         f  top_i/axi_interconnect_0/s00_couplers/auto_ds/inst/gen_downsizer.gen_simple_downsizer.axi_downsizer_inst/USE_WRITE.write_addr_inst/USE_B_CHANNEL.cmd_b_queue/inst/fifo_gen_inst/inst_fifo_gen/gconvfifo.rf/grf.rf/gntv_or_sync_fifo.gl0.rd/gr1.gr1_int.rfwft/empty_fwft_fb_i_reg/PRE
  -------------------------------------------------------------------    -------------------

                         (clock clk_pl_0 rise edge)
                                                      0.000     0.000 r  
    PS8_X0Y0             PS8                          0.000     0.000 r  top_i/zynq_ps/inst/PS8_i/PLCLK[0]
                         net (fo=1, routed)           0.120     0.120    top_i/zynq_ps/inst/pl_clk_unbuffered[0]
    BUFG_PS_X0Y58        BUFG_PS (Prop_BUFG_PS_I_O)
                                                      0.018     0.138 r  top_i/zynq_ps/inst/buffer_pl_clk_0.PL_CLK_0_BUFG/O
    X0Y1 (CLOCK_ROOT)    net (fo=24362, routed)       0.991     1.129    top_i/axi_interconnect_0/s00_couplers/auto_ds/inst/gen_downsizer.gen_simple_downsizer.axi_downsizer_inst/USE_WRITE.write_addr_inst/USE_B_CHANNEL.cmd_b_queue/inst/fifo_gen_inst/inst_fifo_gen/gconvfifo.rf/grf.rf/gntv_or_sync_fifo.gl0.rd/gr1.gr1_int.rfwft/clk
    SLICE_X11Y87         FDPE                                         r  top_i/axi_interconnect_0/s00_couplers/auto_ds/inst/gen_downsizer.gen_simple_downsizer.axi_downsizer_inst/USE_WRITE.write_addr_inst/USE_B_CHANNEL.cmd_b_queue/inst/fifo_gen_inst/inst_fifo_gen/gconvfifo.rf/grf.rf/gntv_or_sync_fifo.gl0.rd/gr1.gr1_int.rfwft/empty_fwft_fb_i_reg/C
                         clock pessimism             -0.134     0.995    
    SLICE_X11Y87         FDPE (Remov_EFF_SLICEL_C_PRE)
                                                     -0.020     0.975    top_i/axi_interconnect_0/s00_couplers/auto_ds/inst/gen_downsizer.gen_simple_downsizer.axi_downsizer_inst/USE_WRITE.write_addr_inst/USE_B_CHANNEL.cmd_b_queue/inst/fifo_gen_inst/inst_fifo_gen/gconvfifo.rf/grf.rf/gntv_or_sync_fifo.gl0.rd/gr1.gr1_int.rfwft/empty_fwft_fb_i_reg
  -------------------------------------------------------------------
                         required time                         -0.975    
                         arrival time                           1.180    
  -------------------------------------------------------------------
                         slack                                  0.205    

Slack (MET) :             0.205ns  (arrival time - required time)
  Source:                 top_i/axi_interconnect_0/s00_couplers/auto_ds/inst/gen_downsizer.gen_simple_downsizer.axi_downsizer_inst/USE_WRITE.write_addr_inst/USE_B_CHANNEL.cmd_b_queue/inst/fifo_gen_inst/inst_fifo_gen/gconvfifo.rf/grf.rf/rstblk/ngwrdrst.grst.g7serrst.gnsckt_wrst.rst_wr_reg2_inst/arststages_ff_reg[1]/C
                            (rising edge-triggered cell FDPE clocked by clk_pl_0  {rise@0.000ns fall@5.000ns period=10.000ns})
  Destination:            top_i/axi_interconnect_0/s00_couplers/auto_ds/inst/gen_downsizer.gen_simple_downsizer.axi_downsizer_inst/USE_WRITE.write_addr_inst/USE_B_CHANNEL.cmd_b_queue/inst/fifo_gen_inst/inst_fifo_gen/gconvfifo.rf/grf.rf/gntv_or_sync_fifo.gl0.rd/gr1.gr1_int.rfwft/empty_fwft_i_reg/PRE
                            (removal check against rising-edge clock clk_pl_0  {rise@0.000ns fall@5.000ns period=10.000ns})
  Path Group:             **async_default**
  Path Type:              Removal (Min at Fast Process Corner)
  Requirement:            0.000ns  (clk_pl_0 rise@0.000ns - clk_pl_0 rise@0.000ns)
  Data Path Delay:        0.201ns  (logic 0.054ns (26.815%)  route 0.147ns (73.185%))
  Logic Levels:           1  (LUT3=1)
  Clock Path Skew:        0.016ns (DCD - SCD - CPR)
    Destination Clock Delay (DCD):    1.129ns
    Source Clock Delay      (SCD):    0.979ns
    Clock Pessimism Removal (CPR):    0.134ns
  Clock Net Delay (Source):      0.868ns (routing 0.324ns, distribution 0.544ns)
  Clock Net Delay (Destination): 0.991ns (routing 0.365ns, distribution 0.626ns)

    Location             Delay type                Incr(ns)  Path(ns)    Netlist Resource(s)
  -------------------------------------------------------------------    -------------------
                         (clock clk_pl_0 rise edge)
                                                      0.000     0.000 r  
    PS8_X0Y0             PS8                          0.000     0.000 r  top_i/zynq_ps/inst/PS8_i/PLCLK[0]
                         net (fo=1, routed)           0.094     0.094    top_i/zynq_ps/inst/pl_clk_unbuffered[0]
    BUFG_PS_X0Y58        BUFG_PS (Prop_BUFG_PS_I_O)
                                                      0.017     0.111 r  top_i/zynq_ps/inst/buffer_pl_clk_0.PL_CLK_0_BUFG/O
    X0Y1 (CLOCK_ROOT)    net (fo=24362, routed)       0.868     0.979    top_i/axi_interconnect_0/s00_couplers/auto_ds/inst/gen_downsizer.gen_simple_downsizer.axi_downsizer_inst/USE_WRITE.write_addr_inst/USE_B_CHANNEL.cmd_b_queue/inst/fifo_gen_inst/inst_fifo_gen/gconvfifo.rf/grf.rf/rstblk/ngwrdrst.grst.g7serrst.gnsckt_wrst.rst_wr_reg2_inst/dest_clk
    SLICE_X12Y87         FDPE                                         r  top_i/axi_interconnect_0/s00_couplers/auto_ds/inst/gen_downsizer.gen_simple_downsizer.axi_downsizer_inst/USE_WRITE.write_addr_inst/USE_B_CHANNEL.cmd_b_queue/inst/fifo_gen_inst/inst_fifo_gen/gconvfifo.rf/grf.rf/rstblk/ngwrdrst.grst.g7serrst.gnsckt_wrst.rst_wr_reg2_inst/arststages_ff_reg[1]/C
  -------------------------------------------------------------------    -------------------
    SLICE_X12Y87         FDPE (Prop_AFF2_SLICEL_C_Q)
                                                      0.040     1.019 f  top_i/axi_interconnect_0/s00_couplers/auto_ds/inst/gen_downsizer.gen_simple_downsizer.axi_downsizer_inst/USE_WRITE.write_addr_inst/USE_B_CHANNEL.cmd_b_queue/inst/fifo_gen_inst/inst_fifo_gen/gconvfifo.rf/grf.rf/rstblk/ngwrdrst.grst.g7serrst.gnsckt_wrst.rst_wr_reg2_inst/arststages_ff_reg[1]/Q
                         net (fo=3, routed)           0.049     1.068    top_i/axi_interconnect_0/s00_couplers/auto_ds/inst/gen_downsizer.gen_simple_downsizer.axi_downsizer_inst/USE_WRITE.write_addr_inst/USE_B_CHANNEL.cmd_b_queue/inst/fifo_gen_inst/inst_fifo_gen/gconvfifo.rf/grf.rf/rstblk/ngwrdrst.rst_wr_reg2
    SLICE_X11Y87         LUT3 (Prop_F6LUT_SLICEL_I2_O)
                                                      0.014     1.082 f  top_i/axi_interconnect_0/s00_couplers/auto_ds/inst/gen_downsizer.gen_simple_downsizer.axi_downsizer_inst/USE_WRITE.write_addr_inst/USE_B_CHANNEL.cmd_b_queue/inst/fifo_gen_inst/inst_fifo_gen/gconvfifo.rf/grf.rf/rstblk/gpregsm1.curr_fwft_state[1]_i_2/O
                         net (fo=32, routed)          0.099     1.180    top_i/axi_interconnect_0/s00_couplers/auto_ds/inst/gen_downsizer.gen_simple_downsizer.axi_downsizer_inst/USE_WRITE.write_addr_inst/USE_B_CHANNEL.cmd_b_queue/inst/fifo_gen_inst/inst_fifo_gen/gconvfifo.rf/grf.rf/gntv_or_sync_fifo.gl0.rd/gr1.gr1_int.rfwft/gpregsm1.user_valid_reg_0
    SLICE_X11Y87         FDPE                                         f  top_i/axi_interconnect_0/s00_couplers/auto_ds/inst/gen_downsizer.gen_simple_downsizer.axi_downsizer_inst/USE_WRITE.write_addr_inst/USE_B_CHANNEL.cmd_b_queue/inst/fifo_gen_inst/inst_fifo_gen/gconvfifo.rf/grf.rf/gntv_or_sync_fifo.gl0.rd/gr1.gr1_int.rfwft/empty_fwft_i_reg/PRE
  -------------------------------------------------------------------    -------------------

                         (clock clk_pl_0 rise edge)
                                                      0.000     0.000 r  
    PS8_X0Y0             PS8                          0.000     0.000 r  top_i/zynq_ps/inst/PS8_i/PLCLK[0]
                         net (fo=1, routed)           0.120     0.120    top_i/zynq_ps/inst/pl_clk_unbuffered[0]
    BUFG_PS_X0Y58        BUFG_PS (Prop_BUFG_PS_I_O)
                                                      0.018     0.138 r  top_i/zynq_ps/inst/buffer_pl_clk_0.PL_CLK_0_BUFG/O
    X0Y1 (CLOCK_ROOT)    net (fo=24362, routed)       0.991     1.129    top_i/axi_interconnect_0/s00_couplers/auto_ds/inst/gen_downsizer.gen_simple_downsizer.axi_downsizer_inst/USE_WRITE.write_addr_inst/USE_B_CHANNEL.cmd_b_queue/inst/fifo_gen_inst/inst_fifo_gen/gconvfifo.rf/grf.rf/gntv_or_sync_fifo.gl0.rd/gr1.gr1_int.rfwft/clk
    SLICE_X11Y87         FDPE                                         r  top_i/axi_interconnect_0/s00_couplers/auto_ds/inst/gen_downsizer.gen_simple_downsizer.axi_downsizer_inst/USE_WRITE.write_addr_inst/USE_B_CHANNEL.cmd_b_queue/inst/fifo_gen_inst/inst_fifo_gen/gconvfifo.rf/grf.rf/gntv_or_sync_fifo.gl0.rd/gr1.gr1_int.rfwft/empty_fwft_i_reg/C
                         clock pessimism             -0.134     0.995    
    SLICE_X11Y87         FDPE (Remov_EFF2_SLICEL_C_PRE)
                                                     -0.020     0.975    top_i/axi_interconnect_0/s00_couplers/auto_ds/inst/gen_downsizer.gen_simple_downsizer.axi_downsizer_inst/USE_WRITE.write_addr_inst/USE_B_CHANNEL.cmd_b_queue/inst/fifo_gen_inst/inst_fifo_gen/gconvfifo.rf/grf.rf/gntv_or_sync_fifo.gl0.rd/gr1.gr1_int.rfwft/empty_fwft_i_reg
  -------------------------------------------------------------------
                         required time                         -0.975    
                         arrival time                           1.180    
  -------------------------------------------------------------------
                         slack                                  0.205    

Slack (MET) :             0.227ns  (arrival time - required time)
  Source:                 top_i/axi_interconnect_0/s00_couplers/auto_ds/inst/gen_downsizer.gen_simple_downsizer.axi_downsizer_inst/USE_WRITE.write_addr_inst/cmd_queue/inst/fifo_gen_inst/inst_fifo_gen/gconvfifo.rf/grf.rf/rstblk/ngwrdrst.grst.g7serrst.gnsckt_wrst.rst_wr_reg2_inst/arststages_ff_reg[1]/C
                            (rising edge-triggered cell FDPE clocked by clk_pl_0  {rise@0.000ns fall@5.000ns period=10.000ns})
  Destination:            top_i/axi_interconnect_0/s00_couplers/auto_ds/inst/gen_downsizer.gen_simple_downsizer.axi_downsizer_inst/USE_WRITE.write_addr_inst/cmd_queue/inst/fifo_gen_inst/inst_fifo_gen/gconvfifo.rf/grf.rf/gntv_or_sync_fifo.gl0.rd/gr1.gr1_int.rfwft/empty_fwft_fb_o_i_reg/PRE
                            (removal check against rising-edge clock clk_pl_0  {rise@0.000ns fall@5.000ns period=10.000ns})
  Path Group:             **async_default**
  Path Type:              Removal (Min at Fast Process Corner)
  Requirement:            0.000ns  (clk_pl_0 rise@0.000ns - clk_pl_0 rise@0.000ns)
  Data Path Delay:        0.262ns  (logic 0.080ns (30.577%)  route 0.182ns (69.423%))
  Logic Levels:           1  (LUT3=1)
  Clock Path Skew:        0.055ns (DCD - SCD - CPR)
    Destination Clock Delay (DCD):    1.133ns
    Source Clock Delay      (SCD):    0.980ns
    Clock Pessimism Removal (CPR):    0.099ns
  Clock Net Delay (Source):      0.869ns (routing 0.324ns, distribution 0.545ns)
  Clock Net Delay (Destination): 0.995ns (routing 0.365ns, distribution 0.630ns)

    Location             Delay type                Incr(ns)  Path(ns)    Netlist Resource(s)
  -------------------------------------------------------------------    -------------------
                         (clock clk_pl_0 rise edge)
                                                      0.000     0.000 r  
    PS8_X0Y0             PS8                          0.000     0.000 r  top_i/zynq_ps/inst/PS8_i/PLCLK[0]
                         net (fo=1, routed)           0.094     0.094    top_i/zynq_ps/inst/pl_clk_unbuffered[0]
    BUFG_PS_X0Y58        BUFG_PS (Prop_BUFG_PS_I_O)
                                                      0.017     0.111 r  top_i/zynq_ps/inst/buffer_pl_clk_0.PL_CLK_0_BUFG/O
    X0Y1 (CLOCK_ROOT)    net (fo=24362, routed)       0.869     0.980    top_i/axi_interconnect_0/s00_couplers/auto_ds/inst/gen_downsizer.gen_simple_downsizer.axi_downsizer_inst/USE_WRITE.write_addr_inst/cmd_queue/inst/fifo_gen_inst/inst_fifo_gen/gconvfifo.rf/grf.rf/rstblk/ngwrdrst.grst.g7serrst.gnsckt_wrst.rst_wr_reg2_inst/dest_clk
    SLICE_X3Y86          FDPE                                         r  top_i/axi_interconnect_0/s00_couplers/auto_ds/inst/gen_downsizer.gen_simple_downsizer.axi_downsizer_inst/USE_WRITE.write_addr_inst/cmd_queue/inst/fifo_gen_inst/inst_fifo_gen/gconvfifo.rf/grf.rf/rstblk/ngwrdrst.grst.g7serrst.gnsckt_wrst.rst_wr_reg2_inst/arststages_ff_reg[1]/C
  -------------------------------------------------------------------    -------------------
    SLICE_X3Y86          FDPE (Prop_AFF2_SLICEL_C_Q)
                                                      0.040     1.020 f  top_i/axi_interconnect_0/s00_couplers/auto_ds/inst/gen_downsizer.gen_simple_downsizer.axi_downsizer_inst/USE_WRITE.write_addr_inst/cmd_queue/inst/fifo_gen_inst/inst_fifo_gen/gconvfifo.rf/grf.rf/rstblk/ngwrdrst.grst.g7serrst.gnsckt_wrst.rst_wr_reg2_inst/arststages_ff_reg[1]/Q
                         net (fo=3, routed)           0.071     1.090    top_i/axi_interconnect_0/s00_couplers/auto_ds/inst/gen_downsizer.gen_simple_downsizer.axi_downsizer_inst/USE_WRITE.write_addr_inst/cmd_queue/inst/fifo_gen_inst/inst_fifo_gen/gconvfifo.rf/grf.rf/rstblk/ngwrdrst.rst_wr_reg2
    SLICE_X3Y86          LUT3 (Prop_G6LUT_SLICEL_I2_O)
                                                      0.040     1.130 f  top_i/axi_interconnect_0/s00_couplers/auto_ds/inst/gen_downsizer.gen_simple_downsizer.axi_downsizer_inst/USE_WRITE.write_addr_inst/cmd_queue/inst/fifo_gen_inst/inst_fifo_gen/gconvfifo.rf/grf.rf/rstblk/gpregsm1.curr_fwft_state[1]_i_2/O
                         net (fo=32, routed)          0.111     1.241    top_i/axi_interconnect_0/s00_couplers/auto_ds/inst/gen_downsizer.gen_simple_downsizer.axi_downsizer_inst/USE_WRITE.write_addr_inst/cmd_queue/inst/fifo_gen_inst/inst_fifo_gen/gconvfifo.rf/grf.rf/gntv_or_sync_fifo.gl0.rd/gr1.gr1_int.rfwft/gpregsm1.user_valid_reg_0
    SLICE_X4Y86          FDPE                                         f  top_i/axi_interconnect_0/s00_couplers/auto_ds/inst/gen_downsizer.gen_simple_downsizer.axi_downsizer_inst/USE_WRITE.write_addr_inst/cmd_queue/inst/fifo_gen_inst/inst_fifo_gen/gconvfifo.rf/grf.rf/gntv_or_sync_fifo.gl0.rd/gr1.gr1_int.rfwft/empty_fwft_fb_o_i_reg/PRE
  -------------------------------------------------------------------    -------------------

                         (clock clk_pl_0 rise edge)
                                                      0.000     0.000 r  
    PS8_X0Y0             PS8                          0.000     0.000 r  top_i/zynq_ps/inst/PS8_i/PLCLK[0]
                         net (fo=1, routed)           0.120     0.120    top_i/zynq_ps/inst/pl_clk_unbuffered[0]
    BUFG_PS_X0Y58        BUFG_PS (Prop_BUFG_PS_I_O)
                                                      0.018     0.138 r  top_i/zynq_ps/inst/buffer_pl_clk_0.PL_CLK_0_BUFG/O
    X0Y1 (CLOCK_ROOT)    net (fo=24362, routed)       0.995     1.133    top_i/axi_interconnect_0/s00_couplers/auto_ds/inst/gen_downsizer.gen_simple_downsizer.axi_downsizer_inst/USE_WRITE.write_addr_inst/cmd_queue/inst/fifo_gen_inst/inst_fifo_gen/gconvfifo.rf/grf.rf/gntv_or_sync_fifo.gl0.rd/gr1.gr1_int.rfwft/clk
    SLICE_X4Y86          FDPE                                         r  top_i/axi_interconnect_0/s00_couplers/auto_ds/inst/gen_downsizer.gen_simple_downsizer.axi_downsizer_inst/USE_WRITE.write_addr_inst/cmd_queue/inst/fifo_gen_inst/inst_fifo_gen/gconvfifo.rf/grf.rf/gntv_or_sync_fifo.gl0.rd/gr1.gr1_int.rfwft/empty_fwft_fb_o_i_reg/C
                         clock pessimism             -0.099     1.034    
    SLICE_X4Y86          FDPE (Remov_DFF2_SLICEM_C_PRE)
                                                     -0.020     1.014    top_i/axi_interconnect_0/s00_couplers/auto_ds/inst/gen_downsizer.gen_simple_downsizer.axi_downsizer_inst/USE_WRITE.write_addr_inst/cmd_queue/inst/fifo_gen_inst/inst_fifo_gen/gconvfifo.rf/grf.rf/gntv_or_sync_fifo.gl0.rd/gr1.gr1_int.rfwft/empty_fwft_fb_o_i_reg
  -------------------------------------------------------------------
                         required time                         -1.014    
                         arrival time                           1.241    
  -------------------------------------------------------------------
                         slack                                  0.227    

Slack (MET) :             0.227ns  (arrival time - required time)
  Source:                 top_i/axi_interconnect_0/s00_couplers/auto_ds/inst/gen_downsizer.gen_simple_downsizer.axi_downsizer_inst/USE_WRITE.write_addr_inst/cmd_queue/inst/fifo_gen_inst/inst_fifo_gen/gconvfifo.rf/grf.rf/rstblk/ngwrdrst.grst.g7serrst.gnsckt_wrst.rst_wr_reg2_inst/arststages_ff_reg[1]/C
                            (rising edge-triggered cell FDPE clocked by clk_pl_0  {rise@0.000ns fall@5.000ns period=10.000ns})
  Destination:            top_i/axi_interconnect_0/s00_couplers/auto_ds/inst/gen_downsizer.gen_simple_downsizer.axi_downsizer_inst/USE_WRITE.write_addr_inst/cmd_queue/inst/fifo_gen_inst/inst_fifo_gen/gconvfifo.rf/grf.rf/gntv_or_sync_fifo.gl0.rd/gr1.gr1_int.rfwft/gpregsm1.curr_fwft_state_reg[0]/CLR
                            (removal check against rising-edge clock clk_pl_0  {rise@0.000ns fall@5.000ns period=10.000ns})
  Path Group:             **async_default**
  Path Type:              Removal (Min at Fast Process Corner)
  Requirement:            0.000ns  (clk_pl_0 rise@0.000ns - clk_pl_0 rise@0.000ns)
  Data Path Delay:        0.262ns  (logic 0.080ns (30.577%)  route 0.182ns (69.423%))
  Logic Levels:           1  (LUT3=1)
  Clock Path Skew:        0.055ns (DCD - SCD - CPR)
    Destination Clock Delay (DCD):    1.133ns
    Source Clock Delay      (SCD):    0.980ns
    Clock Pessimism Removal (CPR):    0.099ns
  Clock Net Delay (Source):      0.869ns (routing 0.324ns, distribution 0.545ns)
  Clock Net Delay (Destination): 0.995ns (routing 0.365ns, distribution 0.630ns)

    Location             Delay type                Incr(ns)  Path(ns)    Netlist Resource(s)
  -------------------------------------------------------------------    -------------------
                         (clock clk_pl_0 rise edge)
                                                      0.000     0.000 r  
    PS8_X0Y0             PS8                          0.000     0.000 r  top_i/zynq_ps/inst/PS8_i/PLCLK[0]
                         net (fo=1, routed)           0.094     0.094    top_i/zynq_ps/inst/pl_clk_unbuffered[0]
    BUFG_PS_X0Y58        BUFG_PS (Prop_BUFG_PS_I_O)
                                                      0.017     0.111 r  top_i/zynq_ps/inst/buffer_pl_clk_0.PL_CLK_0_BUFG/O
    X0Y1 (CLOCK_ROOT)    net (fo=24362, routed)       0.869     0.980    top_i/axi_interconnect_0/s00_couplers/auto_ds/inst/gen_downsizer.gen_simple_downsizer.axi_downsizer_inst/USE_WRITE.write_addr_inst/cmd_queue/inst/fifo_gen_inst/inst_fifo_gen/gconvfifo.rf/grf.rf/rstblk/ngwrdrst.grst.g7serrst.gnsckt_wrst.rst_wr_reg2_inst/dest_clk
    SLICE_X3Y86          FDPE                                         r  top_i/axi_interconnect_0/s00_couplers/auto_ds/inst/gen_downsizer.gen_simple_downsizer.axi_downsizer_inst/USE_WRITE.write_addr_inst/cmd_queue/inst/fifo_gen_inst/inst_fifo_gen/gconvfifo.rf/grf.rf/rstblk/ngwrdrst.grst.g7serrst.gnsckt_wrst.rst_wr_reg2_inst/arststages_ff_reg[1]/C
  -------------------------------------------------------------------    -------------------
    SLICE_X3Y86          FDPE (Prop_AFF2_SLICEL_C_Q)
                                                      0.040     1.020 f  top_i/axi_interconnect_0/s00_couplers/auto_ds/inst/gen_downsizer.gen_simple_downsizer.axi_downsizer_inst/USE_WRITE.write_addr_inst/cmd_queue/inst/fifo_gen_inst/inst_fifo_gen/gconvfifo.rf/grf.rf/rstblk/ngwrdrst.grst.g7serrst.gnsckt_wrst.rst_wr_reg2_inst/arststages_ff_reg[1]/Q
                         net (fo=3, routed)           0.071     1.090    top_i/axi_interconnect_0/s00_couplers/auto_ds/inst/gen_downsizer.gen_simple_downsizer.axi_downsizer_inst/USE_WRITE.write_addr_inst/cmd_queue/inst/fifo_gen_inst/inst_fifo_gen/gconvfifo.rf/grf.rf/rstblk/ngwrdrst.rst_wr_reg2
    SLICE_X3Y86          LUT3 (Prop_G6LUT_SLICEL_I2_O)
                                                      0.040     1.130 f  top_i/axi_interconnect_0/s00_couplers/auto_ds/inst/gen_downsizer.gen_simple_downsizer.axi_downsizer_inst/USE_WRITE.write_addr_inst/cmd_queue/inst/fifo_gen_inst/inst_fifo_gen/gconvfifo.rf/grf.rf/rstblk/gpregsm1.curr_fwft_state[1]_i_2/O
                         net (fo=32, routed)          0.111     1.241    top_i/axi_interconnect_0/s00_couplers/auto_ds/inst/gen_downsizer.gen_simple_downsizer.axi_downsizer_inst/USE_WRITE.write_addr_inst/cmd_queue/inst/fifo_gen_inst/inst_fifo_gen/gconvfifo.rf/grf.rf/gntv_or_sync_fifo.gl0.rd/gr1.gr1_int.rfwft/gpregsm1.user_valid_reg_0
    SLICE_X4Y86          FDCE                                         f  top_i/axi_interconnect_0/s00_couplers/auto_ds/inst/gen_downsizer.gen_simple_downsizer.axi_downsizer_inst/USE_WRITE.write_addr_inst/cmd_queue/inst/fifo_gen_inst/inst_fifo_gen/gconvfifo.rf/grf.rf/gntv_or_sync_fifo.gl0.rd/gr1.gr1_int.rfwft/gpregsm1.curr_fwft_state_reg[0]/CLR
  -------------------------------------------------------------------    -------------------

                         (clock clk_pl_0 rise edge)
                                                      0.000     0.000 r  
    PS8_X0Y0             PS8                          0.000     0.000 r  top_i/zynq_ps/inst/PS8_i/PLCLK[0]
                         net (fo=1, routed)           0.120     0.120    top_i/zynq_ps/inst/pl_clk_unbuffered[0]
    BUFG_PS_X0Y58        BUFG_PS (Prop_BUFG_PS_I_O)
                                                      0.018     0.138 r  top_i/zynq_ps/inst/buffer_pl_clk_0.PL_CLK_0_BUFG/O
    X0Y1 (CLOCK_ROOT)    net (fo=24362, routed)       0.995     1.133    top_i/axi_interconnect_0/s00_couplers/auto_ds/inst/gen_downsizer.gen_simple_downsizer.axi_downsizer_inst/USE_WRITE.write_addr_inst/cmd_queue/inst/fifo_gen_inst/inst_fifo_gen/gconvfifo.rf/grf.rf/gntv_or_sync_fifo.gl0.rd/gr1.gr1_int.rfwft/clk
    SLICE_X4Y86          FDCE                                         r  top_i/axi_interconnect_0/s00_couplers/auto_ds/inst/gen_downsizer.gen_simple_downsizer.axi_downsizer_inst/USE_WRITE.write_addr_inst/cmd_queue/inst/fifo_gen_inst/inst_fifo_gen/gconvfifo.rf/grf.rf/gntv_or_sync_fifo.gl0.rd/gr1.gr1_int.rfwft/gpregsm1.curr_fwft_state_reg[0]/C
                         clock pessimism             -0.099     1.034    
    SLICE_X4Y86          FDCE (Remov_CFF_SLICEM_C_CLR)
                                                     -0.020     1.014    top_i/axi_interconnect_0/s00_couplers/auto_ds/inst/gen_downsizer.gen_simple_downsizer.axi_downsizer_inst/USE_WRITE.write_addr_inst/cmd_queue/inst/fifo_gen_inst/inst_fifo_gen/gconvfifo.rf/grf.rf/gntv_or_sync_fifo.gl0.rd/gr1.gr1_int.rfwft/gpregsm1.curr_fwft_state_reg[0]
  -------------------------------------------------------------------
                         required time                         -1.014    
                         arrival time                           1.241    
  -------------------------------------------------------------------
                         slack                                  0.227    

Slack (MET) :             0.227ns  (arrival time - required time)
  Source:                 top_i/axi_interconnect_0/s00_couplers/auto_ds/inst/gen_downsizer.gen_simple_downsizer.axi_downsizer_inst/USE_WRITE.write_addr_inst/cmd_queue/inst/fifo_gen_inst/inst_fifo_gen/gconvfifo.rf/grf.rf/rstblk/ngwrdrst.grst.g7serrst.gnsckt_wrst.rst_wr_reg2_inst/arststages_ff_reg[1]/C
                            (rising edge-triggered cell FDPE clocked by clk_pl_0  {rise@0.000ns fall@5.000ns period=10.000ns})
  Destination:            top_i/axi_interconnect_0/s00_couplers/auto_ds/inst/gen_downsizer.gen_simple_downsizer.axi_downsizer_inst/USE_WRITE.write_addr_inst/cmd_queue/inst/fifo_gen_inst/inst_fifo_gen/gconvfifo.rf/grf.rf/gntv_or_sync_fifo.gl0.rd/gr1.gr1_int.rfwft/gpregsm1.curr_fwft_state_reg[1]/CLR
                            (removal check against rising-edge clock clk_pl_0  {rise@0.000ns fall@5.000ns period=10.000ns})
  Path Group:             **async_default**
  Path Type:              Removal (Min at Fast Process Corner)
  Requirement:            0.000ns  (clk_pl_0 rise@0.000ns - clk_pl_0 rise@0.000ns)
  Data Path Delay:        0.262ns  (logic 0.080ns (30.577%)  route 0.182ns (69.423%))
  Logic Levels:           1  (LUT3=1)
  Clock Path Skew:        0.055ns (DCD - SCD - CPR)
    Destination Clock Delay (DCD):    1.133ns
    Source Clock Delay      (SCD):    0.980ns
    Clock Pessimism Removal (CPR):    0.099ns
  Clock Net Delay (Source):      0.869ns (routing 0.324ns, distribution 0.545ns)
  Clock Net Delay (Destination): 0.995ns (routing 0.365ns, distribution 0.630ns)

    Location             Delay type                Incr(ns)  Path(ns)    Netlist Resource(s)
  -------------------------------------------------------------------    -------------------
                         (clock clk_pl_0 rise edge)
                                                      0.000     0.000 r  
    PS8_X0Y0             PS8                          0.000     0.000 r  top_i/zynq_ps/inst/PS8_i/PLCLK[0]
                         net (fo=1, routed)           0.094     0.094    top_i/zynq_ps/inst/pl_clk_unbuffered[0]
    BUFG_PS_X0Y58        BUFG_PS (Prop_BUFG_PS_I_O)
                                                      0.017     0.111 r  top_i/zynq_ps/inst/buffer_pl_clk_0.PL_CLK_0_BUFG/O
    X0Y1 (CLOCK_ROOT)    net (fo=24362, routed)       0.869     0.980    top_i/axi_interconnect_0/s00_couplers/auto_ds/inst/gen_downsizer.gen_simple_downsizer.axi_downsizer_inst/USE_WRITE.write_addr_inst/cmd_queue/inst/fifo_gen_inst/inst_fifo_gen/gconvfifo.rf/grf.rf/rstblk/ngwrdrst.grst.g7serrst.gnsckt_wrst.rst_wr_reg2_inst/dest_clk
    SLICE_X3Y86          FDPE                                         r  top_i/axi_interconnect_0/s00_couplers/auto_ds/inst/gen_downsizer.gen_simple_downsizer.axi_downsizer_inst/USE_WRITE.write_addr_inst/cmd_queue/inst/fifo_gen_inst/inst_fifo_gen/gconvfifo.rf/grf.rf/rstblk/ngwrdrst.grst.g7serrst.gnsckt_wrst.rst_wr_reg2_inst/arststages_ff_reg[1]/C
  -------------------------------------------------------------------    -------------------
    SLICE_X3Y86          FDPE (Prop_AFF2_SLICEL_C_Q)
                                                      0.040     1.020 f  top_i/axi_interconnect_0/s00_couplers/auto_ds/inst/gen_downsizer.gen_simple_downsizer.axi_downsizer_inst/USE_WRITE.write_addr_inst/cmd_queue/inst/fifo_gen_inst/inst_fifo_gen/gconvfifo.rf/grf.rf/rstblk/ngwrdrst.grst.g7serrst.gnsckt_wrst.rst_wr_reg2_inst/arststages_ff_reg[1]/Q
                         net (fo=3, routed)           0.071     1.090    top_i/axi_interconnect_0/s00_couplers/auto_ds/inst/gen_downsizer.gen_simple_downsizer.axi_downsizer_inst/USE_WRITE.write_addr_inst/cmd_queue/inst/fifo_gen_inst/inst_fifo_gen/gconvfifo.rf/grf.rf/rstblk/ngwrdrst.rst_wr_reg2
    SLICE_X3Y86          LUT3 (Prop_G6LUT_SLICEL_I2_O)
                                                      0.040     1.130 f  top_i/axi_interconnect_0/s00_couplers/auto_ds/inst/gen_downsizer.gen_simple_downsizer.axi_downsizer_inst/USE_WRITE.write_addr_inst/cmd_queue/inst/fifo_gen_inst/inst_fifo_gen/gconvfifo.rf/grf.rf/rstblk/gpregsm1.curr_fwft_state[1]_i_2/O
                         net (fo=32, routed)          0.111     1.241    top_i/axi_interconnect_0/s00_couplers/auto_ds/inst/gen_downsizer.gen_simple_downsizer.axi_downsizer_inst/USE_WRITE.write_addr_inst/cmd_queue/inst/fifo_gen_inst/inst_fifo_gen/gconvfifo.rf/grf.rf/gntv_or_sync_fifo.gl0.rd/gr1.gr1_int.rfwft/gpregsm1.user_valid_reg_0
    SLICE_X4Y86          FDCE                                         f  top_i/axi_interconnect_0/s00_couplers/auto_ds/inst/gen_downsizer.gen_simple_downsizer.axi_downsizer_inst/USE_WRITE.write_addr_inst/cmd_queue/inst/fifo_gen_inst/inst_fifo_gen/gconvfifo.rf/grf.rf/gntv_or_sync_fifo.gl0.rd/gr1.gr1_int.rfwft/gpregsm1.curr_fwft_state_reg[1]/CLR
  -------------------------------------------------------------------    -------------------

                         (clock clk_pl_0 rise edge)
                                                      0.000     0.000 r  
    PS8_X0Y0             PS8                          0.000     0.000 r  top_i/zynq_ps/inst/PS8_i/PLCLK[0]
                         net (fo=1, routed)           0.120     0.120    top_i/zynq_ps/inst/pl_clk_unbuffered[0]
    BUFG_PS_X0Y58        BUFG_PS (Prop_BUFG_PS_I_O)
                                                      0.018     0.138 r  top_i/zynq_ps/inst/buffer_pl_clk_0.PL_CLK_0_BUFG/O
    X0Y1 (CLOCK_ROOT)    net (fo=24362, routed)       0.995     1.133    top_i/axi_interconnect_0/s00_couplers/auto_ds/inst/gen_downsizer.gen_simple_downsizer.axi_downsizer_inst/USE_WRITE.write_addr_inst/cmd_queue/inst/fifo_gen_inst/inst_fifo_gen/gconvfifo.rf/grf.rf/gntv_or_sync_fifo.gl0.rd/gr1.gr1_int.rfwft/clk
    SLICE_X4Y86          FDCE                                         r  top_i/axi_interconnect_0/s00_couplers/auto_ds/inst/gen_downsizer.gen_simple_downsizer.axi_downsizer_inst/USE_WRITE.write_addr_inst/cmd_queue/inst/fifo_gen_inst/inst_fifo_gen/gconvfifo.rf/grf.rf/gntv_or_sync_fifo.gl0.rd/gr1.gr1_int.rfwft/gpregsm1.curr_fwft_state_reg[1]/C
                         clock pessimism             -0.099     1.034    
    SLICE_X4Y86          FDCE (Remov_CFF2_SLICEM_C_CLR)
                                                     -0.020     1.014    top_i/axi_interconnect_0/s00_couplers/auto_ds/inst/gen_downsizer.gen_simple_downsizer.axi_downsizer_inst/USE_WRITE.write_addr_inst/cmd_queue/inst/fifo_gen_inst/inst_fifo_gen/gconvfifo.rf/grf.rf/gntv_or_sync_fifo.gl0.rd/gr1.gr1_int.rfwft/gpregsm1.curr_fwft_state_reg[1]
  -------------------------------------------------------------------
                         required time                         -1.014    
                         arrival time                           1.241    
  -------------------------------------------------------------------
                         slack                                  0.227    

Slack (MET) :             0.227ns  (arrival time - required time)
  Source:                 top_i/axi_interconnect_0/s00_couplers/auto_ds/inst/gen_downsizer.gen_simple_downsizer.axi_downsizer_inst/USE_WRITE.write_addr_inst/cmd_queue/inst/fifo_gen_inst/inst_fifo_gen/gconvfifo.rf/grf.rf/rstblk/ngwrdrst.grst.g7serrst.gnsckt_wrst.rst_wr_reg2_inst/arststages_ff_reg[1]/C
                            (rising edge-triggered cell FDPE clocked by clk_pl_0  {rise@0.000ns fall@5.000ns period=10.000ns})
  Destination:            top_i/axi_interconnect_0/s00_couplers/auto_ds/inst/gen_downsizer.gen_simple_downsizer.axi_downsizer_inst/USE_WRITE.write_addr_inst/cmd_queue/inst/fifo_gen_inst/inst_fifo_gen/gconvfifo.rf/grf.rf/gntv_or_sync_fifo.gl0.rd/gr1.gr1_int.rfwft/gpregsm1.user_valid_reg/CLR
                            (removal check against rising-edge clock clk_pl_0  {rise@0.000ns fall@5.000ns period=10.000ns})
  Path Group:             **async_default**
  Path Type:              Removal (Min at Fast Process Corner)
  Requirement:            0.000ns  (clk_pl_0 rise@0.000ns - clk_pl_0 rise@0.000ns)
  Data Path Delay:        0.262ns  (logic 0.080ns (30.577%)  route 0.182ns (69.423%))
  Logic Levels:           1  (LUT3=1)
  Clock Path Skew:        0.055ns (DCD - SCD - CPR)
    Destination Clock Delay (DCD):    1.133ns
    Source Clock Delay      (SCD):    0.980ns
    Clock Pessimism Removal (CPR):    0.099ns
  Clock Net Delay (Source):      0.869ns (routing 0.324ns, distribution 0.545ns)
  Clock Net Delay (Destination): 0.995ns (routing 0.365ns, distribution 0.630ns)

    Location             Delay type                Incr(ns)  Path(ns)    Netlist Resource(s)
  -------------------------------------------------------------------    -------------------
                         (clock clk_pl_0 rise edge)
                                                      0.000     0.000 r  
    PS8_X0Y0             PS8                          0.000     0.000 r  top_i/zynq_ps/inst/PS8_i/PLCLK[0]
                         net (fo=1, routed)           0.094     0.094    top_i/zynq_ps/inst/pl_clk_unbuffered[0]
    BUFG_PS_X0Y58        BUFG_PS (Prop_BUFG_PS_I_O)
                                                      0.017     0.111 r  top_i/zynq_ps/inst/buffer_pl_clk_0.PL_CLK_0_BUFG/O
    X0Y1 (CLOCK_ROOT)    net (fo=24362, routed)       0.869     0.980    top_i/axi_interconnect_0/s00_couplers/auto_ds/inst/gen_downsizer.gen_simple_downsizer.axi_downsizer_inst/USE_WRITE.write_addr_inst/cmd_queue/inst/fifo_gen_inst/inst_fifo_gen/gconvfifo.rf/grf.rf/rstblk/ngwrdrst.grst.g7serrst.gnsckt_wrst.rst_wr_reg2_inst/dest_clk
    SLICE_X3Y86          FDPE                                         r  top_i/axi_interconnect_0/s00_couplers/auto_ds/inst/gen_downsizer.gen_simple_downsizer.axi_downsizer_inst/USE_WRITE.write_addr_inst/cmd_queue/inst/fifo_gen_inst/inst_fifo_gen/gconvfifo.rf/grf.rf/rstblk/ngwrdrst.grst.g7serrst.gnsckt_wrst.rst_wr_reg2_inst/arststages_ff_reg[1]/C
  -------------------------------------------------------------------    -------------------
    SLICE_X3Y86          FDPE (Prop_AFF2_SLICEL_C_Q)
                                                      0.040     1.020 f  top_i/axi_interconnect_0/s00_couplers/auto_ds/inst/gen_downsizer.gen_simple_downsizer.axi_downsizer_inst/USE_WRITE.write_addr_inst/cmd_queue/inst/fifo_gen_inst/inst_fifo_gen/gconvfifo.rf/grf.rf/rstblk/ngwrdrst.grst.g7serrst.gnsckt_wrst.rst_wr_reg2_inst/arststages_ff_reg[1]/Q
                         net (fo=3, routed)           0.071     1.090    top_i/axi_interconnect_0/s00_couplers/auto_ds/inst/gen_downsizer.gen_simple_downsizer.axi_downsizer_inst/USE_WRITE.write_addr_inst/cmd_queue/inst/fifo_gen_inst/inst_fifo_gen/gconvfifo.rf/grf.rf/rstblk/ngwrdrst.rst_wr_reg2
    SLICE_X3Y86          LUT3 (Prop_G6LUT_SLICEL_I2_O)
                                                      0.040     1.130 f  top_i/axi_interconnect_0/s00_couplers/auto_ds/inst/gen_downsizer.gen_simple_downsizer.axi_downsizer_inst/USE_WRITE.write_addr_inst/cmd_queue/inst/fifo_gen_inst/inst_fifo_gen/gconvfifo.rf/grf.rf/rstblk/gpregsm1.curr_fwft_state[1]_i_2/O
                         net (fo=32, routed)          0.111     1.241    top_i/axi_interconnect_0/s00_couplers/auto_ds/inst/gen_downsizer.gen_simple_downsizer.axi_downsizer_inst/USE_WRITE.write_addr_inst/cmd_queue/inst/fifo_gen_inst/inst_fifo_gen/gconvfifo.rf/grf.rf/gntv_or_sync_fifo.gl0.rd/gr1.gr1_int.rfwft/gpregsm1.user_valid_reg_0
    SLICE_X4Y86          FDCE                                         f  top_i/axi_interconnect_0/s00_couplers/auto_ds/inst/gen_downsizer.gen_simple_downsizer.axi_downsizer_inst/USE_WRITE.write_addr_inst/cmd_queue/inst/fifo_gen_inst/inst_fifo_gen/gconvfifo.rf/grf.rf/gntv_or_sync_fifo.gl0.rd/gr1.gr1_int.rfwft/gpregsm1.user_valid_reg/CLR
  -------------------------------------------------------------------    -------------------

                         (clock clk_pl_0 rise edge)
                                                      0.000     0.000 r  
    PS8_X0Y0             PS8                          0.000     0.000 r  top_i/zynq_ps/inst/PS8_i/PLCLK[0]
                         net (fo=1, routed)           0.120     0.120    top_i/zynq_ps/inst/pl_clk_unbuffered[0]
    BUFG_PS_X0Y58        BUFG_PS (Prop_BUFG_PS_I_O)
                                                      0.018     0.138 r  top_i/zynq_ps/inst/buffer_pl_clk_0.PL_CLK_0_BUFG/O
    X0Y1 (CLOCK_ROOT)    net (fo=24362, routed)       0.995     1.133    top_i/axi_interconnect_0/s00_couplers/auto_ds/inst/gen_downsizer.gen_simple_downsizer.axi_downsizer_inst/USE_WRITE.write_addr_inst/cmd_queue/inst/fifo_gen_inst/inst_fifo_gen/gconvfifo.rf/grf.rf/gntv_or_sync_fifo.gl0.rd/gr1.gr1_int.rfwft/clk
    SLICE_X4Y86          FDCE                                         r  top_i/axi_interconnect_0/s00_couplers/auto_ds/inst/gen_downsizer.gen_simple_downsizer.axi_downsizer_inst/USE_WRITE.write_addr_inst/cmd_queue/inst/fifo_gen_inst/inst_fifo_gen/gconvfifo.rf/grf.rf/gntv_or_sync_fifo.gl0.rd/gr1.gr1_int.rfwft/gpregsm1.user_valid_reg/C
                         clock pessimism             -0.099     1.034    
    SLICE_X4Y86          FDCE (Remov_BFF2_SLICEM_C_CLR)
                                                     -0.020     1.014    top_i/axi_interconnect_0/s00_couplers/auto_ds/inst/gen_downsizer.gen_simple_downsizer.axi_downsizer_inst/USE_WRITE.write_addr_inst/cmd_queue/inst/fifo_gen_inst/inst_fifo_gen/gconvfifo.rf/grf.rf/gntv_or_sync_fifo.gl0.rd/gr1.gr1_int.rfwft/gpregsm1.user_valid_reg
  -------------------------------------------------------------------
                         required time                         -1.014    
                         arrival time                           1.241    
  -------------------------------------------------------------------
                         slack                                  0.227    

Slack (MET) :             0.227ns  (arrival time - required time)
  Source:                 top_i/axi_interconnect_0/s00_couplers/auto_ds/inst/gen_downsizer.gen_simple_downsizer.axi_downsizer_inst/USE_WRITE.write_addr_inst/cmd_queue/inst/fifo_gen_inst/inst_fifo_gen/gconvfifo.rf/grf.rf/rstblk/ngwrdrst.grst.g7serrst.gnsckt_wrst.rst_wr_reg2_inst/arststages_ff_reg[1]/C
                            (rising edge-triggered cell FDPE clocked by clk_pl_0  {rise@0.000ns fall@5.000ns period=10.000ns})
  Destination:            top_i/axi_interconnect_0/s00_couplers/auto_ds/inst/gen_downsizer.gen_simple_downsizer.axi_downsizer_inst/USE_WRITE.write_addr_inst/cmd_queue/inst/fifo_gen_inst/inst_fifo_gen/gconvfifo.rf/grf.rf/gntv_or_sync_fifo.gl0.rd/gr1.gr1_int.rfwft/aempty_fwft_fb_i_reg/PRE
                            (removal check against rising-edge clock clk_pl_0  {rise@0.000ns fall@5.000ns period=10.000ns})
  Path Group:             **async_default**
  Path Type:              Removal (Min at Fast Process Corner)
  Requirement:            0.000ns  (clk_pl_0 rise@0.000ns - clk_pl_0 rise@0.000ns)
  Data Path Delay:        0.261ns  (logic 0.080ns (30.695%)  route 0.181ns (69.305%))
  Logic Levels:           1  (LUT3=1)
  Clock Path Skew:        0.054ns (DCD - SCD - CPR)
    Destination Clock Delay (DCD):    1.132ns
    Source Clock Delay      (SCD):    0.980ns
    Clock Pessimism Removal (CPR):    0.099ns
  Clock Net Delay (Source):      0.869ns (routing 0.324ns, distribution 0.545ns)
  Clock Net Delay (Destination): 0.994ns (routing 0.365ns, distribution 0.629ns)

    Location             Delay type                Incr(ns)  Path(ns)    Netlist Resource(s)
  -------------------------------------------------------------------    -------------------
                         (clock clk_pl_0 rise edge)
                                                      0.000     0.000 r  
    PS8_X0Y0             PS8                          0.000     0.000 r  top_i/zynq_ps/inst/PS8_i/PLCLK[0]
                         net (fo=1, routed)           0.094     0.094    top_i/zynq_ps/inst/pl_clk_unbuffered[0]
    BUFG_PS_X0Y58        BUFG_PS (Prop_BUFG_PS_I_O)
                                                      0.017     0.111 r  top_i/zynq_ps/inst/buffer_pl_clk_0.PL_CLK_0_BUFG/O
    X0Y1 (CLOCK_ROOT)    net (fo=24362, routed)       0.869     0.980    top_i/axi_interconnect_0/s00_couplers/auto_ds/inst/gen_downsizer.gen_simple_downsizer.axi_downsizer_inst/USE_WRITE.write_addr_inst/cmd_queue/inst/fifo_gen_inst/inst_fifo_gen/gconvfifo.rf/grf.rf/rstblk/ngwrdrst.grst.g7serrst.gnsckt_wrst.rst_wr_reg2_inst/dest_clk
    SLICE_X3Y86          FDPE                                         r  top_i/axi_interconnect_0/s00_couplers/auto_ds/inst/gen_downsizer.gen_simple_downsizer.axi_downsizer_inst/USE_WRITE.write_addr_inst/cmd_queue/inst/fifo_gen_inst/inst_fifo_gen/gconvfifo.rf/grf.rf/rstblk/ngwrdrst.grst.g7serrst.gnsckt_wrst.rst_wr_reg2_inst/arststages_ff_reg[1]/C
  -------------------------------------------------------------------    -------------------
    SLICE_X3Y86          FDPE (Prop_AFF2_SLICEL_C_Q)
                                                      0.040     1.020 f  top_i/axi_interconnect_0/s00_couplers/auto_ds/inst/gen_downsizer.gen_simple_downsizer.axi_downsizer_inst/USE_WRITE.write_addr_inst/cmd_queue/inst/fifo_gen_inst/inst_fifo_gen/gconvfifo.rf/grf.rf/rstblk/ngwrdrst.grst.g7serrst.gnsckt_wrst.rst_wr_reg2_inst/arststages_ff_reg[1]/Q
                         net (fo=3, routed)           0.071     1.090    top_i/axi_interconnect_0/s00_couplers/auto_ds/inst/gen_downsizer.gen_simple_downsizer.axi_downsizer_inst/USE_WRITE.write_addr_inst/cmd_queue/inst/fifo_gen_inst/inst_fifo_gen/gconvfifo.rf/grf.rf/rstblk/ngwrdrst.rst_wr_reg2
    SLICE_X3Y86          LUT3 (Prop_G6LUT_SLICEL_I2_O)
                                                      0.040     1.130 f  top_i/axi_interconnect_0/s00_couplers/auto_ds/inst/gen_downsizer.gen_simple_downsizer.axi_downsizer_inst/USE_WRITE.write_addr_inst/cmd_queue/inst/fifo_gen_inst/inst_fifo_gen/gconvfifo.rf/grf.rf/rstblk/gpregsm1.curr_fwft_state[1]_i_2/O
                         net (fo=32, routed)          0.110     1.240    top_i/axi_interconnect_0/s00_couplers/auto_ds/inst/gen_downsizer.gen_simple_downsizer.axi_downsizer_inst/USE_WRITE.write_addr_inst/cmd_queue/inst/fifo_gen_inst/inst_fifo_gen/gconvfifo.rf/grf.rf/gntv_or_sync_fifo.gl0.rd/gr1.gr1_int.rfwft/gpregsm1.user_valid_reg_0
    SLICE_X4Y86          FDPE                                         f  top_i/axi_interconnect_0/s00_couplers/auto_ds/inst/gen_downsizer.gen_simple_downsizer.axi_downsizer_inst/USE_WRITE.write_addr_inst/cmd_queue/inst/fifo_gen_inst/inst_fifo_gen/gconvfifo.rf/grf.rf/gntv_or_sync_fifo.gl0.rd/gr1.gr1_int.rfwft/aempty_fwft_fb_i_reg/PRE
  -------------------------------------------------------------------    -------------------

                         (clock clk_pl_0 rise edge)
                                                      0.000     0.000 r  
    PS8_X0Y0             PS8                          0.000     0.000 r  top_i/zynq_ps/inst/PS8_i/PLCLK[0]
                         net (fo=1, routed)           0.120     0.120    top_i/zynq_ps/inst/pl_clk_unbuffered[0]
    BUFG_PS_X0Y58        BUFG_PS (Prop_BUFG_PS_I_O)
                                                      0.018     0.138 r  top_i/zynq_ps/inst/buffer_pl_clk_0.PL_CLK_0_BUFG/O
    X0Y1 (CLOCK_ROOT)    net (fo=24362, routed)       0.994     1.132    top_i/axi_interconnect_0/s00_couplers/auto_ds/inst/gen_downsizer.gen_simple_downsizer.axi_downsizer_inst/USE_WRITE.write_addr_inst/cmd_queue/inst/fifo_gen_inst/inst_fifo_gen/gconvfifo.rf/grf.rf/gntv_or_sync_fifo.gl0.rd/gr1.gr1_int.rfwft/clk
    SLICE_X4Y86          FDPE                                         r  top_i/axi_interconnect_0/s00_couplers/auto_ds/inst/gen_downsizer.gen_simple_downsizer.axi_downsizer_inst/USE_WRITE.write_addr_inst/cmd_queue/inst/fifo_gen_inst/inst_fifo_gen/gconvfifo.rf/grf.rf/gntv_or_sync_fifo.gl0.rd/gr1.gr1_int.rfwft/aempty_fwft_fb_i_reg/C
                         clock pessimism             -0.099     1.033    
    SLICE_X4Y86          FDPE (Remov_EFF_SLICEM_C_PRE)
                                                     -0.020     1.013    top_i/axi_interconnect_0/s00_couplers/auto_ds/inst/gen_downsizer.gen_simple_downsizer.axi_downsizer_inst/USE_WRITE.write_addr_inst/cmd_queue/inst/fifo_gen_inst/inst_fifo_gen/gconvfifo.rf/grf.rf/gntv_or_sync_fifo.gl0.rd/gr1.gr1_int.rfwft/aempty_fwft_fb_i_reg
  -------------------------------------------------------------------
                         required time                         -1.013    
                         arrival time                           1.240    
  -------------------------------------------------------------------
                         slack                                  0.227    

Slack (MET) :             0.227ns  (arrival time - required time)
  Source:                 top_i/axi_interconnect_0/s00_couplers/auto_ds/inst/gen_downsizer.gen_simple_downsizer.axi_downsizer_inst/USE_WRITE.write_addr_inst/cmd_queue/inst/fifo_gen_inst/inst_fifo_gen/gconvfifo.rf/grf.rf/rstblk/ngwrdrst.grst.g7serrst.gnsckt_wrst.rst_wr_reg2_inst/arststages_ff_reg[1]/C
                            (rising edge-triggered cell FDPE clocked by clk_pl_0  {rise@0.000ns fall@5.000ns period=10.000ns})
  Destination:            top_i/axi_interconnect_0/s00_couplers/auto_ds/inst/gen_downsizer.gen_simple_downsizer.axi_downsizer_inst/USE_WRITE.write_addr_inst/cmd_queue/inst/fifo_gen_inst/inst_fifo_gen/gconvfifo.rf/grf.rf/gntv_or_sync_fifo.gl0.rd/gr1.gr1_int.rfwft/aempty_fwft_i_reg/PRE
                            (removal check against rising-edge clock clk_pl_0  {rise@0.000ns fall@5.000ns period=10.000ns})
  Path Group:             **async_default**
  Path Type:              Removal (Min at Fast Process Corner)
  Requirement:            0.000ns  (clk_pl_0 rise@0.000ns - clk_pl_0 rise@0.000ns)
  Data Path Delay:        0.261ns  (logic 0.080ns (30.695%)  route 0.181ns (69.305%))
  Logic Levels:           1  (LUT3=1)
  Clock Path Skew:        0.054ns (DCD - SCD - CPR)
    Destination Clock Delay (DCD):    1.132ns
    Source Clock Delay      (SCD):    0.980ns
    Clock Pessimism Removal (CPR):    0.099ns
  Clock Net Delay (Source):      0.869ns (routing 0.324ns, distribution 0.545ns)
  Clock Net Delay (Destination): 0.994ns (routing 0.365ns, distribution 0.629ns)

    Location             Delay type                Incr(ns)  Path(ns)    Netlist Resource(s)
  -------------------------------------------------------------------    -------------------
                         (clock clk_pl_0 rise edge)
                                                      0.000     0.000 r  
    PS8_X0Y0             PS8                          0.000     0.000 r  top_i/zynq_ps/inst/PS8_i/PLCLK[0]
                         net (fo=1, routed)           0.094     0.094    top_i/zynq_ps/inst/pl_clk_unbuffered[0]
    BUFG_PS_X0Y58        BUFG_PS (Prop_BUFG_PS_I_O)
                                                      0.017     0.111 r  top_i/zynq_ps/inst/buffer_pl_clk_0.PL_CLK_0_BUFG/O
    X0Y1 (CLOCK_ROOT)    net (fo=24362, routed)       0.869     0.980    top_i/axi_interconnect_0/s00_couplers/auto_ds/inst/gen_downsizer.gen_simple_downsizer.axi_downsizer_inst/USE_WRITE.write_addr_inst/cmd_queue/inst/fifo_gen_inst/inst_fifo_gen/gconvfifo.rf/grf.rf/rstblk/ngwrdrst.grst.g7serrst.gnsckt_wrst.rst_wr_reg2_inst/dest_clk
    SLICE_X3Y86          FDPE                                         r  top_i/axi_interconnect_0/s00_couplers/auto_ds/inst/gen_downsizer.gen_simple_downsizer.axi_downsizer_inst/USE_WRITE.write_addr_inst/cmd_queue/inst/fifo_gen_inst/inst_fifo_gen/gconvfifo.rf/grf.rf/rstblk/ngwrdrst.grst.g7serrst.gnsckt_wrst.rst_wr_reg2_inst/arststages_ff_reg[1]/C
  -------------------------------------------------------------------    -------------------
    SLICE_X3Y86          FDPE (Prop_AFF2_SLICEL_C_Q)
                                                      0.040     1.020 f  top_i/axi_interconnect_0/s00_couplers/auto_ds/inst/gen_downsizer.gen_simple_downsizer.axi_downsizer_inst/USE_WRITE.write_addr_inst/cmd_queue/inst/fifo_gen_inst/inst_fifo_gen/gconvfifo.rf/grf.rf/rstblk/ngwrdrst.grst.g7serrst.gnsckt_wrst.rst_wr_reg2_inst/arststages_ff_reg[1]/Q
                         net (fo=3, routed)           0.071     1.090    top_i/axi_interconnect_0/s00_couplers/auto_ds/inst/gen_downsizer.gen_simple_downsizer.axi_downsizer_inst/USE_WRITE.write_addr_inst/cmd_queue/inst/fifo_gen_inst/inst_fifo_gen/gconvfifo.rf/grf.rf/rstblk/ngwrdrst.rst_wr_reg2
    SLICE_X3Y86          LUT3 (Prop_G6LUT_SLICEL_I2_O)
                                                      0.040     1.130 f  top_i/axi_interconnect_0/s00_couplers/auto_ds/inst/gen_downsizer.gen_simple_downsizer.axi_downsizer_inst/USE_WRITE.write_addr_inst/cmd_queue/inst/fifo_gen_inst/inst_fifo_gen/gconvfifo.rf/grf.rf/rstblk/gpregsm1.curr_fwft_state[1]_i_2/O
                         net (fo=32, routed)          0.110     1.240    top_i/axi_interconnect_0/s00_couplers/auto_ds/inst/gen_downsizer.gen_simple_downsizer.axi_downsizer_inst/USE_WRITE.write_addr_inst/cmd_queue/inst/fifo_gen_inst/inst_fifo_gen/gconvfifo.rf/grf.rf/gntv_or_sync_fifo.gl0.rd/gr1.gr1_int.rfwft/gpregsm1.user_valid_reg_0
    SLICE_X4Y86          FDPE                                         f  top_i/axi_interconnect_0/s00_couplers/auto_ds/inst/gen_downsizer.gen_simple_downsizer.axi_downsizer_inst/USE_WRITE.write_addr_inst/cmd_queue/inst/fifo_gen_inst/inst_fifo_gen/gconvfifo.rf/grf.rf/gntv_or_sync_fifo.gl0.rd/gr1.gr1_int.rfwft/aempty_fwft_i_reg/PRE
  -------------------------------------------------------------------    -------------------

                         (clock clk_pl_0 rise edge)
                                                      0.000     0.000 r  
    PS8_X0Y0             PS8                          0.000     0.000 r  top_i/zynq_ps/inst/PS8_i/PLCLK[0]
                         net (fo=1, routed)           0.120     0.120    top_i/zynq_ps/inst/pl_clk_unbuffered[0]
    BUFG_PS_X0Y58        BUFG_PS (Prop_BUFG_PS_I_O)
                                                      0.018     0.138 r  top_i/zynq_ps/inst/buffer_pl_clk_0.PL_CLK_0_BUFG/O
    X0Y1 (CLOCK_ROOT)    net (fo=24362, routed)       0.994     1.132    top_i/axi_interconnect_0/s00_couplers/auto_ds/inst/gen_downsizer.gen_simple_downsizer.axi_downsizer_inst/USE_WRITE.write_addr_inst/cmd_queue/inst/fifo_gen_inst/inst_fifo_gen/gconvfifo.rf/grf.rf/gntv_or_sync_fifo.gl0.rd/gr1.gr1_int.rfwft/clk
    SLICE_X4Y86          FDPE                                         r  top_i/axi_interconnect_0/s00_couplers/auto_ds/inst/gen_downsizer.gen_simple_downsizer.axi_downsizer_inst/USE_WRITE.write_addr_inst/cmd_queue/inst/fifo_gen_inst/inst_fifo_gen/gconvfifo.rf/grf.rf/gntv_or_sync_fifo.gl0.rd/gr1.gr1_int.rfwft/aempty_fwft_i_reg/C
                         clock pessimism             -0.099     1.033    
    SLICE_X4Y86          FDPE (Remov_EFF2_SLICEM_C_PRE)
                                                     -0.020     1.013    top_i/axi_interconnect_0/s00_couplers/auto_ds/inst/gen_downsizer.gen_simple_downsizer.axi_downsizer_inst/USE_WRITE.write_addr_inst/cmd_queue/inst/fifo_gen_inst/inst_fifo_gen/gconvfifo.rf/grf.rf/gntv_or_sync_fifo.gl0.rd/gr1.gr1_int.rfwft/aempty_fwft_i_reg
  -------------------------------------------------------------------
                         required time                         -1.013    
                         arrival time                           1.240    
  -------------------------------------------------------------------
                         slack                                  0.227    

Slack (MET) :             0.227ns  (arrival time - required time)
  Source:                 top_i/axi_interconnect_0/s00_couplers/auto_ds/inst/gen_downsizer.gen_simple_downsizer.axi_downsizer_inst/USE_WRITE.write_addr_inst/cmd_queue/inst/fifo_gen_inst/inst_fifo_gen/gconvfifo.rf/grf.rf/rstblk/ngwrdrst.grst.g7serrst.gnsckt_wrst.rst_wr_reg2_inst/arststages_ff_reg[1]/C
                            (rising edge-triggered cell FDPE clocked by clk_pl_0  {rise@0.000ns fall@5.000ns period=10.000ns})
  Destination:            top_i/axi_interconnect_0/s00_couplers/auto_ds/inst/gen_downsizer.gen_simple_downsizer.axi_downsizer_inst/USE_WRITE.write_addr_inst/cmd_queue/inst/fifo_gen_inst/inst_fifo_gen/gconvfifo.rf/grf.rf/gntv_or_sync_fifo.gl0.rd/gr1.gr1_int.rfwft/empty_fwft_fb_i_reg/PRE
                            (removal check against rising-edge clock clk_pl_0  {rise@0.000ns fall@5.000ns period=10.000ns})
  Path Group:             **async_default**
  Path Type:              Removal (Min at Fast Process Corner)
  Requirement:            0.000ns  (clk_pl_0 rise@0.000ns - clk_pl_0 rise@0.000ns)
  Data Path Delay:        0.261ns  (logic 0.080ns (30.695%)  route 0.181ns (69.305%))
  Logic Levels:           1  (LUT3=1)
  Clock Path Skew:        0.054ns (DCD - SCD - CPR)
    Destination Clock Delay (DCD):    1.132ns
    Source Clock Delay      (SCD):    0.980ns
    Clock Pessimism Removal (CPR):    0.099ns
  Clock Net Delay (Source):      0.869ns (routing 0.324ns, distribution 0.545ns)
  Clock Net Delay (Destination): 0.994ns (routing 0.365ns, distribution 0.629ns)

    Location             Delay type                Incr(ns)  Path(ns)    Netlist Resource(s)
  -------------------------------------------------------------------    -------------------
                         (clock clk_pl_0 rise edge)
                                                      0.000     0.000 r  
    PS8_X0Y0             PS8                          0.000     0.000 r  top_i/zynq_ps/inst/PS8_i/PLCLK[0]
                         net (fo=1, routed)           0.094     0.094    top_i/zynq_ps/inst/pl_clk_unbuffered[0]
    BUFG_PS_X0Y58        BUFG_PS (Prop_BUFG_PS_I_O)
                                                      0.017     0.111 r  top_i/zynq_ps/inst/buffer_pl_clk_0.PL_CLK_0_BUFG/O
    X0Y1 (CLOCK_ROOT)    net (fo=24362, routed)       0.869     0.980    top_i/axi_interconnect_0/s00_couplers/auto_ds/inst/gen_downsizer.gen_simple_downsizer.axi_downsizer_inst/USE_WRITE.write_addr_inst/cmd_queue/inst/fifo_gen_inst/inst_fifo_gen/gconvfifo.rf/grf.rf/rstblk/ngwrdrst.grst.g7serrst.gnsckt_wrst.rst_wr_reg2_inst/dest_clk
    SLICE_X3Y86          FDPE                                         r  top_i/axi_interconnect_0/s00_couplers/auto_ds/inst/gen_downsizer.gen_simple_downsizer.axi_downsizer_inst/USE_WRITE.write_addr_inst/cmd_queue/inst/fifo_gen_inst/inst_fifo_gen/gconvfifo.rf/grf.rf/rstblk/ngwrdrst.grst.g7serrst.gnsckt_wrst.rst_wr_reg2_inst/arststages_ff_reg[1]/C
  -------------------------------------------------------------------    -------------------
    SLICE_X3Y86          FDPE (Prop_AFF2_SLICEL_C_Q)
                                                      0.040     1.020 f  top_i/axi_interconnect_0/s00_couplers/auto_ds/inst/gen_downsizer.gen_simple_downsizer.axi_downsizer_inst/USE_WRITE.write_addr_inst/cmd_queue/inst/fifo_gen_inst/inst_fifo_gen/gconvfifo.rf/grf.rf/rstblk/ngwrdrst.grst.g7serrst.gnsckt_wrst.rst_wr_reg2_inst/arststages_ff_reg[1]/Q
                         net (fo=3, routed)           0.071     1.090    top_i/axi_interconnect_0/s00_couplers/auto_ds/inst/gen_downsizer.gen_simple_downsizer.axi_downsizer_inst/USE_WRITE.write_addr_inst/cmd_queue/inst/fifo_gen_inst/inst_fifo_gen/gconvfifo.rf/grf.rf/rstblk/ngwrdrst.rst_wr_reg2
    SLICE_X3Y86          LUT3 (Prop_G6LUT_SLICEL_I2_O)
                                                      0.040     1.130 f  top_i/axi_interconnect_0/s00_couplers/auto_ds/inst/gen_downsizer.gen_simple_downsizer.axi_downsizer_inst/USE_WRITE.write_addr_inst/cmd_queue/inst/fifo_gen_inst/inst_fifo_gen/gconvfifo.rf/grf.rf/rstblk/gpregsm1.curr_fwft_state[1]_i_2/O
                         net (fo=32, routed)          0.110     1.240    top_i/axi_interconnect_0/s00_couplers/auto_ds/inst/gen_downsizer.gen_simple_downsizer.axi_downsizer_inst/USE_WRITE.write_addr_inst/cmd_queue/inst/fifo_gen_inst/inst_fifo_gen/gconvfifo.rf/grf.rf/gntv_or_sync_fifo.gl0.rd/gr1.gr1_int.rfwft/gpregsm1.user_valid_reg_0
    SLICE_X4Y86          FDPE                                         f  top_i/axi_interconnect_0/s00_couplers/auto_ds/inst/gen_downsizer.gen_simple_downsizer.axi_downsizer_inst/USE_WRITE.write_addr_inst/cmd_queue/inst/fifo_gen_inst/inst_fifo_gen/gconvfifo.rf/grf.rf/gntv_or_sync_fifo.gl0.rd/gr1.gr1_int.rfwft/empty_fwft_fb_i_reg/PRE
  -------------------------------------------------------------------    -------------------

                         (clock clk_pl_0 rise edge)
                                                      0.000     0.000 r  
    PS8_X0Y0             PS8                          0.000     0.000 r  top_i/zynq_ps/inst/PS8_i/PLCLK[0]
                         net (fo=1, routed)           0.120     0.120    top_i/zynq_ps/inst/pl_clk_unbuffered[0]
    BUFG_PS_X0Y58        BUFG_PS (Prop_BUFG_PS_I_O)
                                                      0.018     0.138 r  top_i/zynq_ps/inst/buffer_pl_clk_0.PL_CLK_0_BUFG/O
    X0Y1 (CLOCK_ROOT)    net (fo=24362, routed)       0.994     1.132    top_i/axi_interconnect_0/s00_couplers/auto_ds/inst/gen_downsizer.gen_simple_downsizer.axi_downsizer_inst/USE_WRITE.write_addr_inst/cmd_queue/inst/fifo_gen_inst/inst_fifo_gen/gconvfifo.rf/grf.rf/gntv_or_sync_fifo.gl0.rd/gr1.gr1_int.rfwft/clk
    SLICE_X4Y86          FDPE                                         r  top_i/axi_interconnect_0/s00_couplers/auto_ds/inst/gen_downsizer.gen_simple_downsizer.axi_downsizer_inst/USE_WRITE.write_addr_inst/cmd_queue/inst/fifo_gen_inst/inst_fifo_gen/gconvfifo.rf/grf.rf/gntv_or_sync_fifo.gl0.rd/gr1.gr1_int.rfwft/empty_fwft_fb_i_reg/C
                         clock pessimism             -0.099     1.033    
    SLICE_X4Y86          FDPE (Remov_FFF_SLICEM_C_PRE)
                                                     -0.020     1.013    top_i/axi_interconnect_0/s00_couplers/auto_ds/inst/gen_downsizer.gen_simple_downsizer.axi_downsizer_inst/USE_WRITE.write_addr_inst/cmd_queue/inst/fifo_gen_inst/inst_fifo_gen/gconvfifo.rf/grf.rf/gntv_or_sync_fifo.gl0.rd/gr1.gr1_int.rfwft/empty_fwft_fb_i_reg
  -------------------------------------------------------------------
                         required time                         -1.013    
                         arrival time                           1.240    
  -------------------------------------------------------------------
                         slack                                  0.227    

Slack (MET) :             0.227ns  (arrival time - required time)
  Source:                 top_i/axi_interconnect_0/s00_couplers/auto_ds/inst/gen_downsizer.gen_simple_downsizer.axi_downsizer_inst/USE_WRITE.write_addr_inst/cmd_queue/inst/fifo_gen_inst/inst_fifo_gen/gconvfifo.rf/grf.rf/rstblk/ngwrdrst.grst.g7serrst.gnsckt_wrst.rst_wr_reg2_inst/arststages_ff_reg[1]/C
                            (rising edge-triggered cell FDPE clocked by clk_pl_0  {rise@0.000ns fall@5.000ns period=10.000ns})
  Destination:            top_i/axi_interconnect_0/s00_couplers/auto_ds/inst/gen_downsizer.gen_simple_downsizer.axi_downsizer_inst/USE_WRITE.write_addr_inst/cmd_queue/inst/fifo_gen_inst/inst_fifo_gen/gconvfifo.rf/grf.rf/gntv_or_sync_fifo.gl0.rd/gr1.gr1_int.rfwft/empty_fwft_i_reg/PRE
                            (removal check against rising-edge clock clk_pl_0  {rise@0.000ns fall@5.000ns period=10.000ns})
  Path Group:             **async_default**
  Path Type:              Removal (Min at Fast Process Corner)
  Requirement:            0.000ns  (clk_pl_0 rise@0.000ns - clk_pl_0 rise@0.000ns)
  Data Path Delay:        0.261ns  (logic 0.080ns (30.695%)  route 0.181ns (69.305%))
  Logic Levels:           1  (LUT3=1)
  Clock Path Skew:        0.054ns (DCD - SCD - CPR)
    Destination Clock Delay (DCD):    1.132ns
    Source Clock Delay      (SCD):    0.980ns
    Clock Pessimism Removal (CPR):    0.099ns
  Clock Net Delay (Source):      0.869ns (routing 0.324ns, distribution 0.545ns)
  Clock Net Delay (Destination): 0.994ns (routing 0.365ns, distribution 0.629ns)

    Location             Delay type                Incr(ns)  Path(ns)    Netlist Resource(s)
  -------------------------------------------------------------------    -------------------
                         (clock clk_pl_0 rise edge)
                                                      0.000     0.000 r  
    PS8_X0Y0             PS8                          0.000     0.000 r  top_i/zynq_ps/inst/PS8_i/PLCLK[0]
                         net (fo=1, routed)           0.094     0.094    top_i/zynq_ps/inst/pl_clk_unbuffered[0]
    BUFG_PS_X0Y58        BUFG_PS (Prop_BUFG_PS_I_O)
                                                      0.017     0.111 r  top_i/zynq_ps/inst/buffer_pl_clk_0.PL_CLK_0_BUFG/O
    X0Y1 (CLOCK_ROOT)    net (fo=24362, routed)       0.869     0.980    top_i/axi_interconnect_0/s00_couplers/auto_ds/inst/gen_downsizer.gen_simple_downsizer.axi_downsizer_inst/USE_WRITE.write_addr_inst/cmd_queue/inst/fifo_gen_inst/inst_fifo_gen/gconvfifo.rf/grf.rf/rstblk/ngwrdrst.grst.g7serrst.gnsckt_wrst.rst_wr_reg2_inst/dest_clk
    SLICE_X3Y86          FDPE                                         r  top_i/axi_interconnect_0/s00_couplers/auto_ds/inst/gen_downsizer.gen_simple_downsizer.axi_downsizer_inst/USE_WRITE.write_addr_inst/cmd_queue/inst/fifo_gen_inst/inst_fifo_gen/gconvfifo.rf/grf.rf/rstblk/ngwrdrst.grst.g7serrst.gnsckt_wrst.rst_wr_reg2_inst/arststages_ff_reg[1]/C
  -------------------------------------------------------------------    -------------------
    SLICE_X3Y86          FDPE (Prop_AFF2_SLICEL_C_Q)
                                                      0.040     1.020 f  top_i/axi_interconnect_0/s00_couplers/auto_ds/inst/gen_downsizer.gen_simple_downsizer.axi_downsizer_inst/USE_WRITE.write_addr_inst/cmd_queue/inst/fifo_gen_inst/inst_fifo_gen/gconvfifo.rf/grf.rf/rstblk/ngwrdrst.grst.g7serrst.gnsckt_wrst.rst_wr_reg2_inst/arststages_ff_reg[1]/Q
                         net (fo=3, routed)           0.071     1.090    top_i/axi_interconnect_0/s00_couplers/auto_ds/inst/gen_downsizer.gen_simple_downsizer.axi_downsizer_inst/USE_WRITE.write_addr_inst/cmd_queue/inst/fifo_gen_inst/inst_fifo_gen/gconvfifo.rf/grf.rf/rstblk/ngwrdrst.rst_wr_reg2
    SLICE_X3Y86          LUT3 (Prop_G6LUT_SLICEL_I2_O)
                                                      0.040     1.130 f  top_i/axi_interconnect_0/s00_couplers/auto_ds/inst/gen_downsizer.gen_simple_downsizer.axi_downsizer_inst/USE_WRITE.write_addr_inst/cmd_queue/inst/fifo_gen_inst/inst_fifo_gen/gconvfifo.rf/grf.rf/rstblk/gpregsm1.curr_fwft_state[1]_i_2/O
                         net (fo=32, routed)          0.110     1.240    top_i/axi_interconnect_0/s00_couplers/auto_ds/inst/gen_downsizer.gen_simple_downsizer.axi_downsizer_inst/USE_WRITE.write_addr_inst/cmd_queue/inst/fifo_gen_inst/inst_fifo_gen/gconvfifo.rf/grf.rf/gntv_or_sync_fifo.gl0.rd/gr1.gr1_int.rfwft/gpregsm1.user_valid_reg_0
    SLICE_X4Y86          FDPE                                         f  top_i/axi_interconnect_0/s00_couplers/auto_ds/inst/gen_downsizer.gen_simple_downsizer.axi_downsizer_inst/USE_WRITE.write_addr_inst/cmd_queue/inst/fifo_gen_inst/inst_fifo_gen/gconvfifo.rf/grf.rf/gntv_or_sync_fifo.gl0.rd/gr1.gr1_int.rfwft/empty_fwft_i_reg/PRE
  -------------------------------------------------------------------    -------------------

                         (clock clk_pl_0 rise edge)
                                                      0.000     0.000 r  
    PS8_X0Y0             PS8                          0.000     0.000 r  top_i/zynq_ps/inst/PS8_i/PLCLK[0]
                         net (fo=1, routed)           0.120     0.120    top_i/zynq_ps/inst/pl_clk_unbuffered[0]
    BUFG_PS_X0Y58        BUFG_PS (Prop_BUFG_PS_I_O)
                                                      0.018     0.138 r  top_i/zynq_ps/inst/buffer_pl_clk_0.PL_CLK_0_BUFG/O
    X0Y1 (CLOCK_ROOT)    net (fo=24362, routed)       0.994     1.132    top_i/axi_interconnect_0/s00_couplers/auto_ds/inst/gen_downsizer.gen_simple_downsizer.axi_downsizer_inst/USE_WRITE.write_addr_inst/cmd_queue/inst/fifo_gen_inst/inst_fifo_gen/gconvfifo.rf/grf.rf/gntv_or_sync_fifo.gl0.rd/gr1.gr1_int.rfwft/clk
    SLICE_X4Y86          FDPE                                         r  top_i/axi_interconnect_0/s00_couplers/auto_ds/inst/gen_downsizer.gen_simple_downsizer.axi_downsizer_inst/USE_WRITE.write_addr_inst/cmd_queue/inst/fifo_gen_inst/inst_fifo_gen/gconvfifo.rf/grf.rf/gntv_or_sync_fifo.gl0.rd/gr1.gr1_int.rfwft/empty_fwft_i_reg/C
                         clock pessimism             -0.099     1.033    
    SLICE_X4Y86          FDPE (Remov_FFF2_SLICEM_C_PRE)
                                                     -0.020     1.013    top_i/axi_interconnect_0/s00_couplers/auto_ds/inst/gen_downsizer.gen_simple_downsizer.axi_downsizer_inst/USE_WRITE.write_addr_inst/cmd_queue/inst/fifo_gen_inst/inst_fifo_gen/gconvfifo.rf/grf.rf/gntv_or_sync_fifo.gl0.rd/gr1.gr1_int.rfwft/empty_fwft_i_reg
  -------------------------------------------------------------------
                         required time                         -1.013    
                         arrival time                           1.240    
  -------------------------------------------------------------------
                         slack                                  0.227    





--------------------------------------------------------------------------------------
Path Group:  (none)
From Clock:  
  To Clock:  clk_pl_0

Max Delay             1 Endpoint
Min Delay             1 Endpoint
--------------------------------------------------------------------------------------


Max Delay Paths
--------------------------------------------------------------------------------------
Slack:                    inf
  Source:                 top_i/zynq_ps/inst/PS8_i/EMIOGPIOO[95]
                            (internal pin)
  Destination:            top_i/rst_zynq_ps_100M/U0/EXT_LPF/ACTIVE_LOW_EXT.ACT_LO_EXT/GENERATE_LEVEL_P_S_CDC.SINGLE_BIT.CROSS_PLEVEL_IN2SCNDRY_IN_cdc_to/D
                            (rising edge-triggered cell FDRE clocked by clk_pl_0  {rise@0.000ns fall@5.000ns period=10.000ns})
  Path Group:             (none)
  Path Type:              Setup (Max at Slow Process Corner)
  Data Path Delay:        1.202ns  (logic 0.147ns (12.230%)  route 1.055ns (87.770%))
  Logic Levels:           1  (LUT1=1)
  Clock Uncertainty:      0.127ns  ((TSJ^2 + DJ^2)^1/2) / 2 + PE
    Total System Jitter     (TSJ):    0.050ns
    Discrete Jitter          (DJ):    0.250ns
    Phase Error              (PE):    0.000ns
  Clock Net Delay (Destination): 1.512ns (routing 0.576ns, distribution 0.936ns)
  Timing Exception:       False Path

    Location             Delay type                Incr(ns)  Path(ns)    Netlist Resource(s)
  -------------------------------------------------------------------    -------------------
    PS8_X0Y0             PS8                          0.000     0.000 f  top_i/zynq_ps/inst/PS8_i/EMIOGPIOO[95]
                         net (fo=1, routed)           1.000     1.000    top_i/rst_zynq_ps_100M/U0/EXT_LPF/ACTIVE_LOW_EXT.ACT_LO_EXT/ext_reset_in
    SLICE_X0Y92          LUT1 (Prop_G6LUT_SLICEL_I0_O)
                                                      0.147     1.147 r  top_i/rst_zynq_ps_100M/U0/EXT_LPF/ACTIVE_LOW_EXT.ACT_LO_EXT/GENERATE_LEVEL_P_S_CDC.SINGLE_BIT.CROSS_PLEVEL_IN2SCNDRY_IN_cdc_to_i_1/O
                         net (fo=1, routed)           0.055     1.202    top_i/rst_zynq_ps_100M/U0/EXT_LPF/ACTIVE_LOW_EXT.ACT_LO_EXT/exr_d1
    SLICE_X0Y92          FDRE                                         r  top_i/rst_zynq_ps_100M/U0/EXT_LPF/ACTIVE_LOW_EXT.ACT_LO_EXT/GENERATE_LEVEL_P_S_CDC.SINGLE_BIT.CROSS_PLEVEL_IN2SCNDRY_IN_cdc_to/D
  -------------------------------------------------------------------    -------------------

                         (clock clk_pl_0 rise edge)
                                                      0.000     0.000 r  
    PS8_X0Y0             PS8                          0.000     0.000 r  top_i/zynq_ps/inst/PS8_i/PLCLK[0]
                         net (fo=1, routed)           0.140     0.140    top_i/zynq_ps/inst/pl_clk_unbuffered[0]
    BUFG_PS_X0Y58        BUFG_PS (Prop_BUFG_PS_I_O)
                                                      0.027     0.167 r  top_i/zynq_ps/inst/buffer_pl_clk_0.PL_CLK_0_BUFG/O
    X0Y1 (CLOCK_ROOT)    net (fo=24362, routed)       1.512     1.679    top_i/rst_zynq_ps_100M/U0/EXT_LPF/ACTIVE_LOW_EXT.ACT_LO_EXT/slowest_sync_clk
    SLICE_X0Y92          FDRE                                         r  top_i/rst_zynq_ps_100M/U0/EXT_LPF/ACTIVE_LOW_EXT.ACT_LO_EXT/GENERATE_LEVEL_P_S_CDC.SINGLE_BIT.CROSS_PLEVEL_IN2SCNDRY_IN_cdc_to/C





Min Delay Paths
--------------------------------------------------------------------------------------
Slack:                    inf
  Source:                 top_i/zynq_ps/inst/PS8_i/EMIOGPIOO[95]
                            (internal pin)
  Destination:            top_i/rst_zynq_ps_100M/U0/EXT_LPF/ACTIVE_LOW_EXT.ACT_LO_EXT/GENERATE_LEVEL_P_S_CDC.SINGLE_BIT.CROSS_PLEVEL_IN2SCNDRY_IN_cdc_to/D
                            (rising edge-triggered cell FDRE clocked by clk_pl_0  {rise@0.000ns fall@5.000ns period=10.000ns})
  Path Group:             (none)
  Path Type:              Hold (Min at Fast Process Corner)
  Data Path Delay:        0.532ns  (logic 0.050ns (9.398%)  route 0.482ns (90.602%))
  Logic Levels:           1  (LUT1=1)
  Clock Uncertainty:      0.127ns  ((TSJ^2 + DJ^2)^1/2) / 2 + PE
    Total System Jitter     (TSJ):    0.050ns
    Discrete Jitter          (DJ):    0.250ns
    Phase Error              (PE):    0.000ns
  Clock Net Delay (Destination): 0.989ns (routing 0.365ns, distribution 0.624ns)
  Timing Exception:       False Path

    Location             Delay type                Incr(ns)  Path(ns)    Netlist Resource(s)
  -------------------------------------------------------------------    -------------------
    PS8_X0Y0             PS8                          0.000     0.000 f  top_i/zynq_ps/inst/PS8_i/EMIOGPIOO[95]
                         net (fo=1, routed)           0.468     0.468    top_i/rst_zynq_ps_100M/U0/EXT_LPF/ACTIVE_LOW_EXT.ACT_LO_EXT/ext_reset_in
    SLICE_X0Y92          LUT1 (Prop_G6LUT_SLICEL_I0_O)
                                                      0.050     0.518 r  top_i/rst_zynq_ps_100M/U0/EXT_LPF/ACTIVE_LOW_EXT.ACT_LO_EXT/GENERATE_LEVEL_P_S_CDC.SINGLE_BIT.CROSS_PLEVEL_IN2SCNDRY_IN_cdc_to_i_1/O
                         net (fo=1, routed)           0.014     0.532    top_i/rst_zynq_ps_100M/U0/EXT_LPF/ACTIVE_LOW_EXT.ACT_LO_EXT/exr_d1
    SLICE_X0Y92          FDRE                                         r  top_i/rst_zynq_ps_100M/U0/EXT_LPF/ACTIVE_LOW_EXT.ACT_LO_EXT/GENERATE_LEVEL_P_S_CDC.SINGLE_BIT.CROSS_PLEVEL_IN2SCNDRY_IN_cdc_to/D
  -------------------------------------------------------------------    -------------------

                         (clock clk_pl_0 rise edge)
                                                      0.000     0.000 r  
    PS8_X0Y0             PS8                          0.000     0.000 r  top_i/zynq_ps/inst/PS8_i/PLCLK[0]
                         net (fo=1, routed)           0.120     0.120    top_i/zynq_ps/inst/pl_clk_unbuffered[0]
    BUFG_PS_X0Y58        BUFG_PS (Prop_BUFG_PS_I_O)
                                                      0.018     0.138 r  top_i/zynq_ps/inst/buffer_pl_clk_0.PL_CLK_0_BUFG/O
    X0Y1 (CLOCK_ROOT)    net (fo=24362, routed)       0.989     1.127    top_i/rst_zynq_ps_100M/U0/EXT_LPF/ACTIVE_LOW_EXT.ACT_LO_EXT/slowest_sync_clk
    SLICE_X0Y92          FDRE                                         r  top_i/rst_zynq_ps_100M/U0/EXT_LPF/ACTIVE_LOW_EXT.ACT_LO_EXT/GENERATE_LEVEL_P_S_CDC.SINGLE_BIT.CROSS_PLEVEL_IN2SCNDRY_IN_cdc_to/C





--------------------------------------------------------------------------------------
Path Group:  (none)
From Clock:  clk_pl_0
  To Clock:  clk_pl_0

Max Delay            77 Endpoints
Min Delay            77 Endpoints
--------------------------------------------------------------------------------------


Max Delay Paths
--------------------------------------------------------------------------------------
Slack:                    inf
  Source:                 top_i/rst_zynq_ps_100M/U0/ACTIVE_LOW_PR_OUT_DFF[0].FDRE_PER_N_replica/C
                            (rising edge-triggered cell FDRE clocked by clk_pl_0  {rise@0.000ns fall@5.000ns period=10.000ns})
  Destination:            top_i/StreamingDataflowPartition_1/inst/StreamingDataflowPartition_1_StreamingFIFO_rtl_8/fifo/inst/gen_fifo.xpm_fifo_axis_inst/gaxis_rst_sync.xpm_cdc_sync_rst_inst/syncstages_ff_reg[0]/D
                            (rising edge-triggered cell FDRE clocked by clk_pl_0  {rise@0.000ns fall@5.000ns period=10.000ns})
  Path Group:             (none)
  Path Type:              Setup (Max at Slow Process Corner)
  Data Path Delay:        4.192ns  (logic 0.230ns (5.487%)  route 3.962ns (94.513%))
  Logic Levels:           1  (LUT1=1)
  Clock Path Skew:        -0.074ns (DCD - SCD + CPR)
    Destination Clock Delay (DCD):    1.845ns
    Source Clock Delay      (SCD):    1.919ns
    Clock Pessimism Removal (CPR):    0.000ns
  Clock Uncertainty:      0.130ns  ((TSJ^2 + DJ^2)^1/2) / 2 + PE
    Total System Jitter     (TSJ):    0.071ns
    Discrete Jitter          (DJ):    0.250ns
    Phase Error              (PE):    0.000ns
  Clock Net Delay (Source):      1.712ns (routing 0.638ns, distribution 1.074ns)
  Clock Net Delay (Destination): 1.678ns (routing 0.576ns, distribution 1.102ns)
  Timing Exception:       False Path

    Location             Delay type                Incr(ns)  Path(ns)    Netlist Resource(s)
  -------------------------------------------------------------------    -------------------
                         (clock clk_pl_0 rise edge)
                                                      0.000     0.000 r  
    PS8_X0Y0             PS8                          0.000     0.000 r  top_i/zynq_ps/inst/PS8_i/PLCLK[0]
                         net (fo=1, routed)           0.178     0.178    top_i/zynq_ps/inst/pl_clk_unbuffered[0]
    BUFG_PS_X0Y58        BUFG_PS (Prop_BUFG_PS_I_O)
                                                      0.029     0.207 r  top_i/zynq_ps/inst/buffer_pl_clk_0.PL_CLK_0_BUFG/O
    X0Y1 (CLOCK_ROOT)    net (fo=24362, routed)       1.712     1.919    top_i/rst_zynq_ps_100M/U0/slowest_sync_clk
    SLICE_X2Y94          FDRE                                         r  top_i/rst_zynq_ps_100M/U0/ACTIVE_LOW_PR_OUT_DFF[0].FDRE_PER_N_replica/C
  -------------------------------------------------------------------    -------------------
    SLICE_X2Y94          FDRE (Prop_AFF_SLICEL_C_Q)
                                                      0.096     2.015 f  top_i/rst_zynq_ps_100M/U0/ACTIVE_LOW_PR_OUT_DFF[0].FDRE_PER_N_replica/Q
                         net (fo=108, routed)         3.666     5.681    top_i/StreamingDataflowPartition_1/inst/StreamingDataflowPartition_1_StreamingFIFO_rtl_8/fifo/inst/gen_fifo.xpm_fifo_axis_inst/peripheral_aresetn[0]_bufg_place_replica
    SLICE_X36Y140        LUT1 (Prop_H5LUT_SLICEL_I0_O)
                                                      0.134     5.815 r  top_i/StreamingDataflowPartition_1/inst/StreamingDataflowPartition_1_StreamingFIFO_rtl_8/fifo/inst/gen_fifo.xpm_fifo_axis_inst/gaxis_rst_sync.xpm_cdc_sync_rst_inst_i_1/O
                         net (fo=1, routed)           0.296     6.111    top_i/StreamingDataflowPartition_1/inst/StreamingDataflowPartition_1_StreamingFIFO_rtl_8/fifo/inst/gen_fifo.xpm_fifo_axis_inst/gaxis_rst_sync.xpm_cdc_sync_rst_inst/src_rst
    SLICE_X36Y140        FDRE                                         r  top_i/StreamingDataflowPartition_1/inst/StreamingDataflowPartition_1_StreamingFIFO_rtl_8/fifo/inst/gen_fifo.xpm_fifo_axis_inst/gaxis_rst_sync.xpm_cdc_sync_rst_inst/syncstages_ff_reg[0]/D
  -------------------------------------------------------------------    -------------------

                         (clock clk_pl_0 rise edge)
                                                      0.000     0.000 r  
    PS8_X0Y0             PS8                          0.000     0.000 r  top_i/zynq_ps/inst/PS8_i/PLCLK[0]
                         net (fo=1, routed)           0.140     0.140    top_i/zynq_ps/inst/pl_clk_unbuffered[0]
    BUFG_PS_X0Y58        BUFG_PS (Prop_BUFG_PS_I_O)
                                                      0.027     0.167 r  top_i/zynq_ps/inst/buffer_pl_clk_0.PL_CLK_0_BUFG/O
    X0Y1 (CLOCK_ROOT)    net (fo=24362, routed)       1.678     1.845    top_i/StreamingDataflowPartition_1/inst/StreamingDataflowPartition_1_StreamingFIFO_rtl_8/fifo/inst/gen_fifo.xpm_fifo_axis_inst/gaxis_rst_sync.xpm_cdc_sync_rst_inst/dest_clk
    SLICE_X36Y140        FDRE                                         r  top_i/StreamingDataflowPartition_1/inst/StreamingDataflowPartition_1_StreamingFIFO_rtl_8/fifo/inst/gen_fifo.xpm_fifo_axis_inst/gaxis_rst_sync.xpm_cdc_sync_rst_inst/syncstages_ff_reg[0]/C

Slack:                    inf
  Source:                 top_i/rst_zynq_ps_100M/U0/ACTIVE_LOW_PR_OUT_DFF[0].FDRE_PER_N_replica/C
                            (rising edge-triggered cell FDRE clocked by clk_pl_0  {rise@0.000ns fall@5.000ns period=10.000ns})
  Destination:            top_i/smartconnect_0/inst/clk_map/psr_aclk/U0/EXT_LPF/ACTIVE_LOW_AUX.ACT_LO_AUX/GENERATE_LEVEL_P_S_CDC.SINGLE_BIT.CROSS_PLEVEL_IN2SCNDRY_IN_cdc_to/D
                            (rising edge-triggered cell FDRE clocked by clk_pl_0  {rise@0.000ns fall@5.000ns period=10.000ns})
  Path Group:             (none)
  Path Type:              Setup (Max at Slow Process Corner)
  Data Path Delay:        3.699ns  (logic 0.162ns (4.380%)  route 3.537ns (95.620%))
  Logic Levels:           1  (LUT1=1)
  Clock Path Skew:        -0.114ns (DCD - SCD + CPR)
    Destination Clock Delay (DCD):    1.805ns
    Source Clock Delay      (SCD):    1.919ns
    Clock Pessimism Removal (CPR):    0.000ns
  Clock Uncertainty:      0.130ns  ((TSJ^2 + DJ^2)^1/2) / 2 + PE
    Total System Jitter     (TSJ):    0.071ns
    Discrete Jitter          (DJ):    0.250ns
    Phase Error              (PE):    0.000ns
  Clock Net Delay (Source):      1.712ns (routing 0.638ns, distribution 1.074ns)
  Clock Net Delay (Destination): 1.638ns (routing 0.576ns, distribution 1.062ns)
  Timing Exception:       False Path

    Location             Delay type                Incr(ns)  Path(ns)    Netlist Resource(s)
  -------------------------------------------------------------------    -------------------
                         (clock clk_pl_0 rise edge)
                                                      0.000     0.000 r  
    PS8_X0Y0             PS8                          0.000     0.000 r  top_i/zynq_ps/inst/PS8_i/PLCLK[0]
                         net (fo=1, routed)           0.178     0.178    top_i/zynq_ps/inst/pl_clk_unbuffered[0]
    BUFG_PS_X0Y58        BUFG_PS (Prop_BUFG_PS_I_O)
                                                      0.029     0.207 r  top_i/zynq_ps/inst/buffer_pl_clk_0.PL_CLK_0_BUFG/O
    X0Y1 (CLOCK_ROOT)    net (fo=24362, routed)       1.712     1.919    top_i/rst_zynq_ps_100M/U0/slowest_sync_clk
    SLICE_X2Y94          FDRE                                         r  top_i/rst_zynq_ps_100M/U0/ACTIVE_LOW_PR_OUT_DFF[0].FDRE_PER_N_replica/C
  -------------------------------------------------------------------    -------------------
    SLICE_X2Y94          FDRE (Prop_AFF_SLICEL_C_Q)
                                                      0.096     2.015 f  top_i/rst_zynq_ps_100M/U0/ACTIVE_LOW_PR_OUT_DFF[0].FDRE_PER_N_replica/Q
                         net (fo=108, routed)         3.217     5.232    top_i/smartconnect_0/inst/clk_map/psr_aclk/U0/EXT_LPF/ACTIVE_LOW_AUX.ACT_LO_AUX/peripheral_aresetn[0]_bufg_place_replica
    SLICE_X29Y13         LUT1 (Prop_H6LUT_SLICEM_I0_O)
                                                      0.066     5.298 r  top_i/smartconnect_0/inst/clk_map/psr_aclk/U0/EXT_LPF/ACTIVE_LOW_AUX.ACT_LO_AUX/GENERATE_LEVEL_P_S_CDC.SINGLE_BIT.CROSS_PLEVEL_IN2SCNDRY_IN_cdc_to_i_1/O
                         net (fo=1, routed)           0.320     5.618    top_i/smartconnect_0/inst/clk_map/psr_aclk/U0/EXT_LPF/ACTIVE_LOW_AUX.ACT_LO_AUX/asr_d1
    SLICE_X29Y13         FDRE                                         r  top_i/smartconnect_0/inst/clk_map/psr_aclk/U0/EXT_LPF/ACTIVE_LOW_AUX.ACT_LO_AUX/GENERATE_LEVEL_P_S_CDC.SINGLE_BIT.CROSS_PLEVEL_IN2SCNDRY_IN_cdc_to/D
  -------------------------------------------------------------------    -------------------

                         (clock clk_pl_0 rise edge)
                                                      0.000     0.000 r  
    PS8_X0Y0             PS8                          0.000     0.000 r  top_i/zynq_ps/inst/PS8_i/PLCLK[0]
                         net (fo=1, routed)           0.140     0.140    top_i/zynq_ps/inst/pl_clk_unbuffered[0]
    BUFG_PS_X0Y58        BUFG_PS (Prop_BUFG_PS_I_O)
                                                      0.027     0.167 r  top_i/zynq_ps/inst/buffer_pl_clk_0.PL_CLK_0_BUFG/O
    X0Y1 (CLOCK_ROOT)    net (fo=24362, routed)       1.638     1.805    top_i/smartconnect_0/inst/clk_map/psr_aclk/U0/EXT_LPF/ACTIVE_LOW_AUX.ACT_LO_AUX/aclk
    SLICE_X29Y13         FDRE                                         r  top_i/smartconnect_0/inst/clk_map/psr_aclk/U0/EXT_LPF/ACTIVE_LOW_AUX.ACT_LO_AUX/GENERATE_LEVEL_P_S_CDC.SINGLE_BIT.CROSS_PLEVEL_IN2SCNDRY_IN_cdc_to/C

Slack:                    inf
  Source:                 top_i/rst_zynq_ps_100M/U0/ACTIVE_LOW_PR_OUT_DFF[0].FDRE_PER_N/C
                            (rising edge-triggered cell FDRE clocked by clk_pl_0  {rise@0.000ns fall@5.000ns period=10.000ns})
  Destination:            top_i/axi_interconnect_0/s00_couplers/auto_ds/inst/gen_downsizer.gen_simple_downsizer.axi_downsizer_inst/USE_READ.read_addr_inst/cmd_queue/inst/fifo_gen_inst/inst_fifo_gen/gconvfifo.rf/grf.rf/rstblk/ngwrdrst.grst.g7serrst.gnsckt_wrst.rst_wr_reg2_inst/arststages_ff_reg[0]/PRE
                            (recovery check against rising-edge clock clk_pl_0  {rise@0.000ns fall@5.000ns period=10.000ns})
  Path Group:             (none)
  Path Type:              Recovery (Max at Slow Process Corner)
  Data Path Delay:        3.641ns  (logic 0.124ns (3.406%)  route 3.517ns (96.594%))
  Logic Levels:           1  (BUFGCE=1)
  Clock Path Skew:        -0.209ns (DCD - SCD + CPR)
    Destination Clock Delay (DCD):    1.723ns
    Source Clock Delay      (SCD):    1.932ns
    Clock Pessimism Removal (CPR):    0.000ns
  Clock Uncertainty:      0.130ns  ((TSJ^2 + DJ^2)^1/2) / 2 + PE
    Total System Jitter     (TSJ):    0.071ns
    Discrete Jitter          (DJ):    0.250ns
    Phase Error              (PE):    0.000ns
  Clock Net Delay (Source):      1.725ns (routing 0.638ns, distribution 1.087ns)
  Clock Net Delay (Destination): 1.556ns (routing 0.576ns, distribution 0.980ns)
  Timing Exception:       False Path

    Location             Delay type                Incr(ns)  Path(ns)    Netlist Resource(s)
  -------------------------------------------------------------------    -------------------
                         (clock clk_pl_0 rise edge)
                                                      0.000     0.000 r  
    PS8_X0Y0             PS8                          0.000     0.000 r  top_i/zynq_ps/inst/PS8_i/PLCLK[0]
                         net (fo=1, routed)           0.178     0.178    top_i/zynq_ps/inst/pl_clk_unbuffered[0]
    BUFG_PS_X0Y58        BUFG_PS (Prop_BUFG_PS_I_O)
                                                      0.029     0.207 r  top_i/zynq_ps/inst/buffer_pl_clk_0.PL_CLK_0_BUFG/O
    X0Y1 (CLOCK_ROOT)    net (fo=24362, routed)       1.725     1.932    top_i/rst_zynq_ps_100M/U0/slowest_sync_clk
    SLICE_X0Y92          FDRE                                         r  top_i/rst_zynq_ps_100M/U0/ACTIVE_LOW_PR_OUT_DFF[0].FDRE_PER_N/C
  -------------------------------------------------------------------    -------------------
    SLICE_X0Y92          FDRE (Prop_FFF_SLICEL_C_Q)
                                                      0.096     2.028 r  top_i/rst_zynq_ps_100M/U0/ACTIVE_LOW_PR_OUT_DFF[0].FDRE_PER_N/Q
                         net (fo=1, routed)           1.908     3.936    top_i/rst_zynq_ps_100M/U0/peripheral_aresetn[0]_bufg_place
    BUFGCE_X0Y50         BUFGCE (Prop_BUFCE_BUFGCE_I_O)
                                                      0.028     3.964 r  top_i/rst_zynq_ps_100M/U0/ACTIVE_LOW_PR_OUT_DFF[0].FDRE_PER_N_bufg_place/O
                         net (fo=2700, routed)        1.609     5.573    top_i/axi_interconnect_0/s00_couplers/auto_ds/inst/gen_downsizer.gen_simple_downsizer.axi_downsizer_inst/USE_READ.read_addr_inst/cmd_queue/inst/fifo_gen_inst/inst_fifo_gen/gconvfifo.rf/grf.rf/rstblk/ngwrdrst.grst.g7serrst.gnsckt_wrst.rst_wr_reg2_inst/src_arst
    SLICE_X2Y52          FDPE                                         f  top_i/axi_interconnect_0/s00_couplers/auto_ds/inst/gen_downsizer.gen_simple_downsizer.axi_downsizer_inst/USE_READ.read_addr_inst/cmd_queue/inst/fifo_gen_inst/inst_fifo_gen/gconvfifo.rf/grf.rf/rstblk/ngwrdrst.grst.g7serrst.gnsckt_wrst.rst_wr_reg2_inst/arststages_ff_reg[0]/PRE  (IS_INVERTED)
  -------------------------------------------------------------------    -------------------

                         (clock clk_pl_0 rise edge)
                                                      0.000     0.000 r  
    PS8_X0Y0             PS8                          0.000     0.000 r  top_i/zynq_ps/inst/PS8_i/PLCLK[0]
                         net (fo=1, routed)           0.140     0.140    top_i/zynq_ps/inst/pl_clk_unbuffered[0]
    BUFG_PS_X0Y58        BUFG_PS (Prop_BUFG_PS_I_O)
                                                      0.027     0.167 r  top_i/zynq_ps/inst/buffer_pl_clk_0.PL_CLK_0_BUFG/O
    X0Y1 (CLOCK_ROOT)    net (fo=24362, routed)       1.556     1.723    top_i/axi_interconnect_0/s00_couplers/auto_ds/inst/gen_downsizer.gen_simple_downsizer.axi_downsizer_inst/USE_READ.read_addr_inst/cmd_queue/inst/fifo_gen_inst/inst_fifo_gen/gconvfifo.rf/grf.rf/rstblk/ngwrdrst.grst.g7serrst.gnsckt_wrst.rst_wr_reg2_inst/dest_clk
    SLICE_X2Y52          FDPE                                         r  top_i/axi_interconnect_0/s00_couplers/auto_ds/inst/gen_downsizer.gen_simple_downsizer.axi_downsizer_inst/USE_READ.read_addr_inst/cmd_queue/inst/fifo_gen_inst/inst_fifo_gen/gconvfifo.rf/grf.rf/rstblk/ngwrdrst.grst.g7serrst.gnsckt_wrst.rst_wr_reg2_inst/arststages_ff_reg[0]/C

Slack:                    inf
  Source:                 top_i/rst_zynq_ps_100M/U0/ACTIVE_LOW_PR_OUT_DFF[0].FDRE_PER_N/C
                            (rising edge-triggered cell FDRE clocked by clk_pl_0  {rise@0.000ns fall@5.000ns period=10.000ns})
  Destination:            top_i/axi_interconnect_0/s00_couplers/auto_ds/inst/gen_downsizer.gen_simple_downsizer.axi_downsizer_inst/USE_READ.read_addr_inst/cmd_queue/inst/fifo_gen_inst/inst_fifo_gen/gconvfifo.rf/grf.rf/rstblk/ngwrdrst.grst.g7serrst.gnsckt_wrst.rst_wr_reg2_inst/arststages_ff_reg[1]/PRE
                            (recovery check against rising-edge clock clk_pl_0  {rise@0.000ns fall@5.000ns period=10.000ns})
  Path Group:             (none)
  Path Type:              Recovery (Max at Slow Process Corner)
  Data Path Delay:        3.641ns  (logic 0.124ns (3.406%)  route 3.517ns (96.594%))
  Logic Levels:           1  (BUFGCE=1)
  Clock Path Skew:        -0.209ns (DCD - SCD + CPR)
    Destination Clock Delay (DCD):    1.723ns
    Source Clock Delay      (SCD):    1.932ns
    Clock Pessimism Removal (CPR):    0.000ns
  Clock Uncertainty:      0.130ns  ((TSJ^2 + DJ^2)^1/2) / 2 + PE
    Total System Jitter     (TSJ):    0.071ns
    Discrete Jitter          (DJ):    0.250ns
    Phase Error              (PE):    0.000ns
  Clock Net Delay (Source):      1.725ns (routing 0.638ns, distribution 1.087ns)
  Clock Net Delay (Destination): 1.556ns (routing 0.576ns, distribution 0.980ns)
  Timing Exception:       False Path

    Location             Delay type                Incr(ns)  Path(ns)    Netlist Resource(s)
  -------------------------------------------------------------------    -------------------
                         (clock clk_pl_0 rise edge)
                                                      0.000     0.000 r  
    PS8_X0Y0             PS8                          0.000     0.000 r  top_i/zynq_ps/inst/PS8_i/PLCLK[0]
                         net (fo=1, routed)           0.178     0.178    top_i/zynq_ps/inst/pl_clk_unbuffered[0]
    BUFG_PS_X0Y58        BUFG_PS (Prop_BUFG_PS_I_O)
                                                      0.029     0.207 r  top_i/zynq_ps/inst/buffer_pl_clk_0.PL_CLK_0_BUFG/O
    X0Y1 (CLOCK_ROOT)    net (fo=24362, routed)       1.725     1.932    top_i/rst_zynq_ps_100M/U0/slowest_sync_clk
    SLICE_X0Y92          FDRE                                         r  top_i/rst_zynq_ps_100M/U0/ACTIVE_LOW_PR_OUT_DFF[0].FDRE_PER_N/C
  -------------------------------------------------------------------    -------------------
    SLICE_X0Y92          FDRE (Prop_FFF_SLICEL_C_Q)
                                                      0.096     2.028 r  top_i/rst_zynq_ps_100M/U0/ACTIVE_LOW_PR_OUT_DFF[0].FDRE_PER_N/Q
                         net (fo=1, routed)           1.908     3.936    top_i/rst_zynq_ps_100M/U0/peripheral_aresetn[0]_bufg_place
    BUFGCE_X0Y50         BUFGCE (Prop_BUFCE_BUFGCE_I_O)
                                                      0.028     3.964 r  top_i/rst_zynq_ps_100M/U0/ACTIVE_LOW_PR_OUT_DFF[0].FDRE_PER_N_bufg_place/O
                         net (fo=2700, routed)        1.609     5.573    top_i/axi_interconnect_0/s00_couplers/auto_ds/inst/gen_downsizer.gen_simple_downsizer.axi_downsizer_inst/USE_READ.read_addr_inst/cmd_queue/inst/fifo_gen_inst/inst_fifo_gen/gconvfifo.rf/grf.rf/rstblk/ngwrdrst.grst.g7serrst.gnsckt_wrst.rst_wr_reg2_inst/src_arst
    SLICE_X2Y52          FDPE                                         f  top_i/axi_interconnect_0/s00_couplers/auto_ds/inst/gen_downsizer.gen_simple_downsizer.axi_downsizer_inst/USE_READ.read_addr_inst/cmd_queue/inst/fifo_gen_inst/inst_fifo_gen/gconvfifo.rf/grf.rf/rstblk/ngwrdrst.grst.g7serrst.gnsckt_wrst.rst_wr_reg2_inst/arststages_ff_reg[1]/PRE  (IS_INVERTED)
  -------------------------------------------------------------------    -------------------

                         (clock clk_pl_0 rise edge)
                                                      0.000     0.000 r  
    PS8_X0Y0             PS8                          0.000     0.000 r  top_i/zynq_ps/inst/PS8_i/PLCLK[0]
                         net (fo=1, routed)           0.140     0.140    top_i/zynq_ps/inst/pl_clk_unbuffered[0]
    BUFG_PS_X0Y58        BUFG_PS (Prop_BUFG_PS_I_O)
                                                      0.027     0.167 r  top_i/zynq_ps/inst/buffer_pl_clk_0.PL_CLK_0_BUFG/O
    X0Y1 (CLOCK_ROOT)    net (fo=24362, routed)       1.556     1.723    top_i/axi_interconnect_0/s00_couplers/auto_ds/inst/gen_downsizer.gen_simple_downsizer.axi_downsizer_inst/USE_READ.read_addr_inst/cmd_queue/inst/fifo_gen_inst/inst_fifo_gen/gconvfifo.rf/grf.rf/rstblk/ngwrdrst.grst.g7serrst.gnsckt_wrst.rst_wr_reg2_inst/dest_clk
    SLICE_X2Y52          FDPE                                         r  top_i/axi_interconnect_0/s00_couplers/auto_ds/inst/gen_downsizer.gen_simple_downsizer.axi_downsizer_inst/USE_READ.read_addr_inst/cmd_queue/inst/fifo_gen_inst/inst_fifo_gen/gconvfifo.rf/grf.rf/rstblk/ngwrdrst.grst.g7serrst.gnsckt_wrst.rst_wr_reg2_inst/arststages_ff_reg[1]/C

Slack:                    inf
  Source:                 top_i/rst_zynq_ps_100M/U0/ACTIVE_LOW_PR_OUT_DFF[0].FDRE_PER_N/C
                            (rising edge-triggered cell FDRE clocked by clk_pl_0  {rise@0.000ns fall@5.000ns period=10.000ns})
  Destination:            top_i/axi_interconnect_0/s00_couplers/auto_ds/inst/gen_downsizer.gen_simple_downsizer.axi_downsizer_inst/USE_WRITE.write_addr_inst/cmd_queue/inst/fifo_gen_inst/inst_fifo_gen/gconvfifo.rf/grf.rf/rstblk/ngwrdrst.grst.g7serrst.gnsckt_wrst.rst_wr_reg2_inst/arststages_ff_reg[0]/PRE
                            (recovery check against rising-edge clock clk_pl_0  {rise@0.000ns fall@5.000ns period=10.000ns})
  Path Group:             (none)
  Path Type:              Recovery (Max at Slow Process Corner)
  Data Path Delay:        3.479ns  (logic 0.124ns (3.564%)  route 3.355ns (96.436%))
  Logic Levels:           1  (BUFGCE=1)
  Clock Path Skew:        -0.253ns (DCD - SCD + CPR)
    Destination Clock Delay (DCD):    1.679ns
    Source Clock Delay      (SCD):    1.932ns
    Clock Pessimism Removal (CPR):    0.000ns
  Clock Uncertainty:      0.130ns  ((TSJ^2 + DJ^2)^1/2) / 2 + PE
    Total System Jitter     (TSJ):    0.071ns
    Discrete Jitter          (DJ):    0.250ns
    Phase Error              (PE):    0.000ns
  Clock Net Delay (Source):      1.725ns (routing 0.638ns, distribution 1.087ns)
  Clock Net Delay (Destination): 1.512ns (routing 0.576ns, distribution 0.936ns)
  Timing Exception:       False Path

    Location             Delay type                Incr(ns)  Path(ns)    Netlist Resource(s)
  -------------------------------------------------------------------    -------------------
                         (clock clk_pl_0 rise edge)
                                                      0.000     0.000 r  
    PS8_X0Y0             PS8                          0.000     0.000 r  top_i/zynq_ps/inst/PS8_i/PLCLK[0]
                         net (fo=1, routed)           0.178     0.178    top_i/zynq_ps/inst/pl_clk_unbuffered[0]
    BUFG_PS_X0Y58        BUFG_PS (Prop_BUFG_PS_I_O)
                                                      0.029     0.207 r  top_i/zynq_ps/inst/buffer_pl_clk_0.PL_CLK_0_BUFG/O
    X0Y1 (CLOCK_ROOT)    net (fo=24362, routed)       1.725     1.932    top_i/rst_zynq_ps_100M/U0/slowest_sync_clk
    SLICE_X0Y92          FDRE                                         r  top_i/rst_zynq_ps_100M/U0/ACTIVE_LOW_PR_OUT_DFF[0].FDRE_PER_N/C
  -------------------------------------------------------------------    -------------------
    SLICE_X0Y92          FDRE (Prop_FFF_SLICEL_C_Q)
                                                      0.096     2.028 r  top_i/rst_zynq_ps_100M/U0/ACTIVE_LOW_PR_OUT_DFF[0].FDRE_PER_N/Q
                         net (fo=1, routed)           1.908     3.936    top_i/rst_zynq_ps_100M/U0/peripheral_aresetn[0]_bufg_place
    BUFGCE_X0Y50         BUFGCE (Prop_BUFCE_BUFGCE_I_O)
                                                      0.028     3.964 r  top_i/rst_zynq_ps_100M/U0/ACTIVE_LOW_PR_OUT_DFF[0].FDRE_PER_N_bufg_place/O
                         net (fo=2700, routed)        1.447     5.411    top_i/axi_interconnect_0/s00_couplers/auto_ds/inst/gen_downsizer.gen_simple_downsizer.axi_downsizer_inst/USE_WRITE.write_addr_inst/cmd_queue/inst/fifo_gen_inst/inst_fifo_gen/gconvfifo.rf/grf.rf/rstblk/ngwrdrst.grst.g7serrst.gnsckt_wrst.rst_wr_reg2_inst/src_arst
    SLICE_X3Y86          FDPE                                         f  top_i/axi_interconnect_0/s00_couplers/auto_ds/inst/gen_downsizer.gen_simple_downsizer.axi_downsizer_inst/USE_WRITE.write_addr_inst/cmd_queue/inst/fifo_gen_inst/inst_fifo_gen/gconvfifo.rf/grf.rf/rstblk/ngwrdrst.grst.g7serrst.gnsckt_wrst.rst_wr_reg2_inst/arststages_ff_reg[0]/PRE  (IS_INVERTED)
  -------------------------------------------------------------------    -------------------

                         (clock clk_pl_0 rise edge)
                                                      0.000     0.000 r  
    PS8_X0Y0             PS8                          0.000     0.000 r  top_i/zynq_ps/inst/PS8_i/PLCLK[0]
                         net (fo=1, routed)           0.140     0.140    top_i/zynq_ps/inst/pl_clk_unbuffered[0]
    BUFG_PS_X0Y58        BUFG_PS (Prop_BUFG_PS_I_O)
                                                      0.027     0.167 r  top_i/zynq_ps/inst/buffer_pl_clk_0.PL_CLK_0_BUFG/O
    X0Y1 (CLOCK_ROOT)    net (fo=24362, routed)       1.512     1.679    top_i/axi_interconnect_0/s00_couplers/auto_ds/inst/gen_downsizer.gen_simple_downsizer.axi_downsizer_inst/USE_WRITE.write_addr_inst/cmd_queue/inst/fifo_gen_inst/inst_fifo_gen/gconvfifo.rf/grf.rf/rstblk/ngwrdrst.grst.g7serrst.gnsckt_wrst.rst_wr_reg2_inst/dest_clk
    SLICE_X3Y86          FDPE                                         r  top_i/axi_interconnect_0/s00_couplers/auto_ds/inst/gen_downsizer.gen_simple_downsizer.axi_downsizer_inst/USE_WRITE.write_addr_inst/cmd_queue/inst/fifo_gen_inst/inst_fifo_gen/gconvfifo.rf/grf.rf/rstblk/ngwrdrst.grst.g7serrst.gnsckt_wrst.rst_wr_reg2_inst/arststages_ff_reg[0]/C

Slack:                    inf
  Source:                 top_i/rst_zynq_ps_100M/U0/ACTIVE_LOW_PR_OUT_DFF[0].FDRE_PER_N/C
                            (rising edge-triggered cell FDRE clocked by clk_pl_0  {rise@0.000ns fall@5.000ns period=10.000ns})
  Destination:            top_i/axi_interconnect_0/s00_couplers/auto_ds/inst/gen_downsizer.gen_simple_downsizer.axi_downsizer_inst/USE_WRITE.write_addr_inst/cmd_queue/inst/fifo_gen_inst/inst_fifo_gen/gconvfifo.rf/grf.rf/rstblk/ngwrdrst.grst.g7serrst.gnsckt_wrst.rst_wr_reg2_inst/arststages_ff_reg[1]/PRE
                            (recovery check against rising-edge clock clk_pl_0  {rise@0.000ns fall@5.000ns period=10.000ns})
  Path Group:             (none)
  Path Type:              Recovery (Max at Slow Process Corner)
  Data Path Delay:        3.479ns  (logic 0.124ns (3.564%)  route 3.355ns (96.436%))
  Logic Levels:           1  (BUFGCE=1)
  Clock Path Skew:        -0.253ns (DCD - SCD + CPR)
    Destination Clock Delay (DCD):    1.679ns
    Source Clock Delay      (SCD):    1.932ns
    Clock Pessimism Removal (CPR):    0.000ns
  Clock Uncertainty:      0.130ns  ((TSJ^2 + DJ^2)^1/2) / 2 + PE
    Total System Jitter     (TSJ):    0.071ns
    Discrete Jitter          (DJ):    0.250ns
    Phase Error              (PE):    0.000ns
  Clock Net Delay (Source):      1.725ns (routing 0.638ns, distribution 1.087ns)
  Clock Net Delay (Destination): 1.512ns (routing 0.576ns, distribution 0.936ns)
  Timing Exception:       False Path

    Location             Delay type                Incr(ns)  Path(ns)    Netlist Resource(s)
  -------------------------------------------------------------------    -------------------
                         (clock clk_pl_0 rise edge)
                                                      0.000     0.000 r  
    PS8_X0Y0             PS8                          0.000     0.000 r  top_i/zynq_ps/inst/PS8_i/PLCLK[0]
                         net (fo=1, routed)           0.178     0.178    top_i/zynq_ps/inst/pl_clk_unbuffered[0]
    BUFG_PS_X0Y58        BUFG_PS (Prop_BUFG_PS_I_O)
                                                      0.029     0.207 r  top_i/zynq_ps/inst/buffer_pl_clk_0.PL_CLK_0_BUFG/O
    X0Y1 (CLOCK_ROOT)    net (fo=24362, routed)       1.725     1.932    top_i/rst_zynq_ps_100M/U0/slowest_sync_clk
    SLICE_X0Y92          FDRE                                         r  top_i/rst_zynq_ps_100M/U0/ACTIVE_LOW_PR_OUT_DFF[0].FDRE_PER_N/C
  -------------------------------------------------------------------    -------------------
    SLICE_X0Y92          FDRE (Prop_FFF_SLICEL_C_Q)
                                                      0.096     2.028 r  top_i/rst_zynq_ps_100M/U0/ACTIVE_LOW_PR_OUT_DFF[0].FDRE_PER_N/Q
                         net (fo=1, routed)           1.908     3.936    top_i/rst_zynq_ps_100M/U0/peripheral_aresetn[0]_bufg_place
    BUFGCE_X0Y50         BUFGCE (Prop_BUFCE_BUFGCE_I_O)
                                                      0.028     3.964 r  top_i/rst_zynq_ps_100M/U0/ACTIVE_LOW_PR_OUT_DFF[0].FDRE_PER_N_bufg_place/O
                         net (fo=2700, routed)        1.447     5.411    top_i/axi_interconnect_0/s00_couplers/auto_ds/inst/gen_downsizer.gen_simple_downsizer.axi_downsizer_inst/USE_WRITE.write_addr_inst/cmd_queue/inst/fifo_gen_inst/inst_fifo_gen/gconvfifo.rf/grf.rf/rstblk/ngwrdrst.grst.g7serrst.gnsckt_wrst.rst_wr_reg2_inst/src_arst
    SLICE_X3Y86          FDPE                                         f  top_i/axi_interconnect_0/s00_couplers/auto_ds/inst/gen_downsizer.gen_simple_downsizer.axi_downsizer_inst/USE_WRITE.write_addr_inst/cmd_queue/inst/fifo_gen_inst/inst_fifo_gen/gconvfifo.rf/grf.rf/rstblk/ngwrdrst.grst.g7serrst.gnsckt_wrst.rst_wr_reg2_inst/arststages_ff_reg[1]/PRE  (IS_INVERTED)
  -------------------------------------------------------------------    -------------------

                         (clock clk_pl_0 rise edge)
                                                      0.000     0.000 r  
    PS8_X0Y0             PS8                          0.000     0.000 r  top_i/zynq_ps/inst/PS8_i/PLCLK[0]
                         net (fo=1, routed)           0.140     0.140    top_i/zynq_ps/inst/pl_clk_unbuffered[0]
    BUFG_PS_X0Y58        BUFG_PS (Prop_BUFG_PS_I_O)
                                                      0.027     0.167 r  top_i/zynq_ps/inst/buffer_pl_clk_0.PL_CLK_0_BUFG/O
    X0Y1 (CLOCK_ROOT)    net (fo=24362, routed)       1.512     1.679    top_i/axi_interconnect_0/s00_couplers/auto_ds/inst/gen_downsizer.gen_simple_downsizer.axi_downsizer_inst/USE_WRITE.write_addr_inst/cmd_queue/inst/fifo_gen_inst/inst_fifo_gen/gconvfifo.rf/grf.rf/rstblk/ngwrdrst.grst.g7serrst.gnsckt_wrst.rst_wr_reg2_inst/dest_clk
    SLICE_X3Y86          FDPE                                         r  top_i/axi_interconnect_0/s00_couplers/auto_ds/inst/gen_downsizer.gen_simple_downsizer.axi_downsizer_inst/USE_WRITE.write_addr_inst/cmd_queue/inst/fifo_gen_inst/inst_fifo_gen/gconvfifo.rf/grf.rf/rstblk/ngwrdrst.grst.g7serrst.gnsckt_wrst.rst_wr_reg2_inst/arststages_ff_reg[1]/C

Slack:                    inf
  Source:                 top_i/rst_zynq_ps_100M/U0/ACTIVE_LOW_PR_OUT_DFF[0].FDRE_PER_N/C
                            (rising edge-triggered cell FDRE clocked by clk_pl_0  {rise@0.000ns fall@5.000ns period=10.000ns})
  Destination:            top_i/axi_interconnect_0/s00_couplers/auto_ds/inst/gen_downsizer.gen_simple_downsizer.axi_downsizer_inst/USE_WRITE.write_addr_inst/USE_B_CHANNEL.cmd_b_queue/inst/fifo_gen_inst/inst_fifo_gen/gconvfifo.rf/grf.rf/rstblk/ngwrdrst.grst.g7serrst.gnsckt_wrst.rst_wr_reg2_inst/arststages_ff_reg[0]/PRE
                            (recovery check against rising-edge clock clk_pl_0  {rise@0.000ns fall@5.000ns period=10.000ns})
  Path Group:             (none)
  Path Type:              Recovery (Max at Slow Process Corner)
  Data Path Delay:        3.470ns  (logic 0.124ns (3.573%)  route 3.346ns (96.427%))
  Logic Levels:           1  (BUFGCE=1)
  Clock Path Skew:        -0.254ns (DCD - SCD + CPR)
    Destination Clock Delay (DCD):    1.678ns
    Source Clock Delay      (SCD):    1.932ns
    Clock Pessimism Removal (CPR):    0.000ns
  Clock Uncertainty:      0.130ns  ((TSJ^2 + DJ^2)^1/2) / 2 + PE
    Total System Jitter     (TSJ):    0.071ns
    Discrete Jitter          (DJ):    0.250ns
    Phase Error              (PE):    0.000ns
  Clock Net Delay (Source):      1.725ns (routing 0.638ns, distribution 1.087ns)
  Clock Net Delay (Destination): 1.511ns (routing 0.576ns, distribution 0.935ns)
  Timing Exception:       False Path

    Location             Delay type                Incr(ns)  Path(ns)    Netlist Resource(s)
  -------------------------------------------------------------------    -------------------
                         (clock clk_pl_0 rise edge)
                                                      0.000     0.000 r  
    PS8_X0Y0             PS8                          0.000     0.000 r  top_i/zynq_ps/inst/PS8_i/PLCLK[0]
                         net (fo=1, routed)           0.178     0.178    top_i/zynq_ps/inst/pl_clk_unbuffered[0]
    BUFG_PS_X0Y58        BUFG_PS (Prop_BUFG_PS_I_O)
                                                      0.029     0.207 r  top_i/zynq_ps/inst/buffer_pl_clk_0.PL_CLK_0_BUFG/O
    X0Y1 (CLOCK_ROOT)    net (fo=24362, routed)       1.725     1.932    top_i/rst_zynq_ps_100M/U0/slowest_sync_clk
    SLICE_X0Y92          FDRE                                         r  top_i/rst_zynq_ps_100M/U0/ACTIVE_LOW_PR_OUT_DFF[0].FDRE_PER_N/C
  -------------------------------------------------------------------    -------------------
    SLICE_X0Y92          FDRE (Prop_FFF_SLICEL_C_Q)
                                                      0.096     2.028 r  top_i/rst_zynq_ps_100M/U0/ACTIVE_LOW_PR_OUT_DFF[0].FDRE_PER_N/Q
                         net (fo=1, routed)           1.908     3.936    top_i/rst_zynq_ps_100M/U0/peripheral_aresetn[0]_bufg_place
    BUFGCE_X0Y50         BUFGCE (Prop_BUFCE_BUFGCE_I_O)
                                                      0.028     3.964 r  top_i/rst_zynq_ps_100M/U0/ACTIVE_LOW_PR_OUT_DFF[0].FDRE_PER_N_bufg_place/O
                         net (fo=2700, routed)        1.438     5.402    top_i/axi_interconnect_0/s00_couplers/auto_ds/inst/gen_downsizer.gen_simple_downsizer.axi_downsizer_inst/USE_WRITE.write_addr_inst/USE_B_CHANNEL.cmd_b_queue/inst/fifo_gen_inst/inst_fifo_gen/gconvfifo.rf/grf.rf/rstblk/ngwrdrst.grst.g7serrst.gnsckt_wrst.rst_wr_reg2_inst/src_arst
    SLICE_X12Y87         FDPE                                         f  top_i/axi_interconnect_0/s00_couplers/auto_ds/inst/gen_downsizer.gen_simple_downsizer.axi_downsizer_inst/USE_WRITE.write_addr_inst/USE_B_CHANNEL.cmd_b_queue/inst/fifo_gen_inst/inst_fifo_gen/gconvfifo.rf/grf.rf/rstblk/ngwrdrst.grst.g7serrst.gnsckt_wrst.rst_wr_reg2_inst/arststages_ff_reg[0]/PRE  (IS_INVERTED)
  -------------------------------------------------------------------    -------------------

                         (clock clk_pl_0 rise edge)
                                                      0.000     0.000 r  
    PS8_X0Y0             PS8                          0.000     0.000 r  top_i/zynq_ps/inst/PS8_i/PLCLK[0]
                         net (fo=1, routed)           0.140     0.140    top_i/zynq_ps/inst/pl_clk_unbuffered[0]
    BUFG_PS_X0Y58        BUFG_PS (Prop_BUFG_PS_I_O)
                                                      0.027     0.167 r  top_i/zynq_ps/inst/buffer_pl_clk_0.PL_CLK_0_BUFG/O
    X0Y1 (CLOCK_ROOT)    net (fo=24362, routed)       1.511     1.678    top_i/axi_interconnect_0/s00_couplers/auto_ds/inst/gen_downsizer.gen_simple_downsizer.axi_downsizer_inst/USE_WRITE.write_addr_inst/USE_B_CHANNEL.cmd_b_queue/inst/fifo_gen_inst/inst_fifo_gen/gconvfifo.rf/grf.rf/rstblk/ngwrdrst.grst.g7serrst.gnsckt_wrst.rst_wr_reg2_inst/dest_clk
    SLICE_X12Y87         FDPE                                         r  top_i/axi_interconnect_0/s00_couplers/auto_ds/inst/gen_downsizer.gen_simple_downsizer.axi_downsizer_inst/USE_WRITE.write_addr_inst/USE_B_CHANNEL.cmd_b_queue/inst/fifo_gen_inst/inst_fifo_gen/gconvfifo.rf/grf.rf/rstblk/ngwrdrst.grst.g7serrst.gnsckt_wrst.rst_wr_reg2_inst/arststages_ff_reg[0]/C

Slack:                    inf
  Source:                 top_i/rst_zynq_ps_100M/U0/ACTIVE_LOW_PR_OUT_DFF[0].FDRE_PER_N/C
                            (rising edge-triggered cell FDRE clocked by clk_pl_0  {rise@0.000ns fall@5.000ns period=10.000ns})
  Destination:            top_i/axi_interconnect_0/s00_couplers/auto_ds/inst/gen_downsizer.gen_simple_downsizer.axi_downsizer_inst/USE_WRITE.write_addr_inst/USE_B_CHANNEL.cmd_b_queue/inst/fifo_gen_inst/inst_fifo_gen/gconvfifo.rf/grf.rf/rstblk/ngwrdrst.grst.g7serrst.gnsckt_wrst.rst_wr_reg2_inst/arststages_ff_reg[1]/PRE
                            (recovery check against rising-edge clock clk_pl_0  {rise@0.000ns fall@5.000ns period=10.000ns})
  Path Group:             (none)
  Path Type:              Recovery (Max at Slow Process Corner)
  Data Path Delay:        3.470ns  (logic 0.124ns (3.573%)  route 3.346ns (96.427%))
  Logic Levels:           1  (BUFGCE=1)
  Clock Path Skew:        -0.254ns (DCD - SCD + CPR)
    Destination Clock Delay (DCD):    1.678ns
    Source Clock Delay      (SCD):    1.932ns
    Clock Pessimism Removal (CPR):    0.000ns
  Clock Uncertainty:      0.130ns  ((TSJ^2 + DJ^2)^1/2) / 2 + PE
    Total System Jitter     (TSJ):    0.071ns
    Discrete Jitter          (DJ):    0.250ns
    Phase Error              (PE):    0.000ns
  Clock Net Delay (Source):      1.725ns (routing 0.638ns, distribution 1.087ns)
  Clock Net Delay (Destination): 1.511ns (routing 0.576ns, distribution 0.935ns)
  Timing Exception:       False Path

    Location             Delay type                Incr(ns)  Path(ns)    Netlist Resource(s)
  -------------------------------------------------------------------    -------------------
                         (clock clk_pl_0 rise edge)
                                                      0.000     0.000 r  
    PS8_X0Y0             PS8                          0.000     0.000 r  top_i/zynq_ps/inst/PS8_i/PLCLK[0]
                         net (fo=1, routed)           0.178     0.178    top_i/zynq_ps/inst/pl_clk_unbuffered[0]
    BUFG_PS_X0Y58        BUFG_PS (Prop_BUFG_PS_I_O)
                                                      0.029     0.207 r  top_i/zynq_ps/inst/buffer_pl_clk_0.PL_CLK_0_BUFG/O
    X0Y1 (CLOCK_ROOT)    net (fo=24362, routed)       1.725     1.932    top_i/rst_zynq_ps_100M/U0/slowest_sync_clk
    SLICE_X0Y92          FDRE                                         r  top_i/rst_zynq_ps_100M/U0/ACTIVE_LOW_PR_OUT_DFF[0].FDRE_PER_N/C
  -------------------------------------------------------------------    -------------------
    SLICE_X0Y92          FDRE (Prop_FFF_SLICEL_C_Q)
                                                      0.096     2.028 r  top_i/rst_zynq_ps_100M/U0/ACTIVE_LOW_PR_OUT_DFF[0].FDRE_PER_N/Q
                         net (fo=1, routed)           1.908     3.936    top_i/rst_zynq_ps_100M/U0/peripheral_aresetn[0]_bufg_place
    BUFGCE_X0Y50         BUFGCE (Prop_BUFCE_BUFGCE_I_O)
                                                      0.028     3.964 r  top_i/rst_zynq_ps_100M/U0/ACTIVE_LOW_PR_OUT_DFF[0].FDRE_PER_N_bufg_place/O
                         net (fo=2700, routed)        1.438     5.402    top_i/axi_interconnect_0/s00_couplers/auto_ds/inst/gen_downsizer.gen_simple_downsizer.axi_downsizer_inst/USE_WRITE.write_addr_inst/USE_B_CHANNEL.cmd_b_queue/inst/fifo_gen_inst/inst_fifo_gen/gconvfifo.rf/grf.rf/rstblk/ngwrdrst.grst.g7serrst.gnsckt_wrst.rst_wr_reg2_inst/src_arst
    SLICE_X12Y87         FDPE                                         f  top_i/axi_interconnect_0/s00_couplers/auto_ds/inst/gen_downsizer.gen_simple_downsizer.axi_downsizer_inst/USE_WRITE.write_addr_inst/USE_B_CHANNEL.cmd_b_queue/inst/fifo_gen_inst/inst_fifo_gen/gconvfifo.rf/grf.rf/rstblk/ngwrdrst.grst.g7serrst.gnsckt_wrst.rst_wr_reg2_inst/arststages_ff_reg[1]/PRE  (IS_INVERTED)
  -------------------------------------------------------------------    -------------------

                         (clock clk_pl_0 rise edge)
                                                      0.000     0.000 r  
    PS8_X0Y0             PS8                          0.000     0.000 r  top_i/zynq_ps/inst/PS8_i/PLCLK[0]
                         net (fo=1, routed)           0.140     0.140    top_i/zynq_ps/inst/pl_clk_unbuffered[0]
    BUFG_PS_X0Y58        BUFG_PS (Prop_BUFG_PS_I_O)
                                                      0.027     0.167 r  top_i/zynq_ps/inst/buffer_pl_clk_0.PL_CLK_0_BUFG/O
    X0Y1 (CLOCK_ROOT)    net (fo=24362, routed)       1.511     1.678    top_i/axi_interconnect_0/s00_couplers/auto_ds/inst/gen_downsizer.gen_simple_downsizer.axi_downsizer_inst/USE_WRITE.write_addr_inst/USE_B_CHANNEL.cmd_b_queue/inst/fifo_gen_inst/inst_fifo_gen/gconvfifo.rf/grf.rf/rstblk/ngwrdrst.grst.g7serrst.gnsckt_wrst.rst_wr_reg2_inst/dest_clk
    SLICE_X12Y87         FDPE                                         r  top_i/axi_interconnect_0/s00_couplers/auto_ds/inst/gen_downsizer.gen_simple_downsizer.axi_downsizer_inst/USE_WRITE.write_addr_inst/USE_B_CHANNEL.cmd_b_queue/inst/fifo_gen_inst/inst_fifo_gen/gconvfifo.rf/grf.rf/rstblk/ngwrdrst.grst.g7serrst.gnsckt_wrst.rst_wr_reg2_inst/arststages_ff_reg[1]/C

Slack:                    inf
  Source:                 top_i/rst_zynq_ps_100M/U0/ACTIVE_LOW_PR_OUT_DFF[0].FDRE_PER_N_replica/C
                            (rising edge-triggered cell FDRE clocked by clk_pl_0  {rise@0.000ns fall@5.000ns period=10.000ns})
  Destination:            top_i/StreamingDataflowPartition_1/inst/StreamingDataflowPartition_1_StreamingFIFO_rtl_3/fifo/inst/gen_fifo.xpm_fifo_axis_inst/gaxis_rst_sync.xpm_cdc_sync_rst_inst/syncstages_ff_reg[0]/D
                            (rising edge-triggered cell FDRE clocked by clk_pl_0  {rise@0.000ns fall@5.000ns period=10.000ns})
  Path Group:             (none)
  Path Type:              Setup (Max at Slow Process Corner)
  Data Path Delay:        2.580ns  (logic 0.230ns (8.916%)  route 2.350ns (91.084%))
  Logic Levels:           1  (LUT1=1)
  Clock Path Skew:        -0.146ns (DCD - SCD + CPR)
    Destination Clock Delay (DCD):    1.773ns
    Source Clock Delay      (SCD):    1.919ns
    Clock Pessimism Removal (CPR):    0.000ns
  Clock Uncertainty:      0.130ns  ((TSJ^2 + DJ^2)^1/2) / 2 + PE
    Total System Jitter     (TSJ):    0.071ns
    Discrete Jitter          (DJ):    0.250ns
    Phase Error              (PE):    0.000ns
  Clock Net Delay (Source):      1.712ns (routing 0.638ns, distribution 1.074ns)
  Clock Net Delay (Destination): 1.606ns (routing 0.576ns, distribution 1.030ns)
  Timing Exception:       False Path

    Location             Delay type                Incr(ns)  Path(ns)    Netlist Resource(s)
  -------------------------------------------------------------------    -------------------
                         (clock clk_pl_0 rise edge)
                                                      0.000     0.000 r  
    PS8_X0Y0             PS8                          0.000     0.000 r  top_i/zynq_ps/inst/PS8_i/PLCLK[0]
                         net (fo=1, routed)           0.178     0.178    top_i/zynq_ps/inst/pl_clk_unbuffered[0]
    BUFG_PS_X0Y58        BUFG_PS (Prop_BUFG_PS_I_O)
                                                      0.029     0.207 r  top_i/zynq_ps/inst/buffer_pl_clk_0.PL_CLK_0_BUFG/O
    X0Y1 (CLOCK_ROOT)    net (fo=24362, routed)       1.712     1.919    top_i/rst_zynq_ps_100M/U0/slowest_sync_clk
    SLICE_X2Y94          FDRE                                         r  top_i/rst_zynq_ps_100M/U0/ACTIVE_LOW_PR_OUT_DFF[0].FDRE_PER_N_replica/C
  -------------------------------------------------------------------    -------------------
    SLICE_X2Y94          FDRE (Prop_AFF_SLICEL_C_Q)
                                                      0.096     2.015 f  top_i/rst_zynq_ps_100M/U0/ACTIVE_LOW_PR_OUT_DFF[0].FDRE_PER_N_replica/Q
                         net (fo=108, routed)         1.967     3.982    top_i/StreamingDataflowPartition_1/inst/StreamingDataflowPartition_1_StreamingFIFO_rtl_3/fifo/inst/gen_fifo.xpm_fifo_axis_inst/peripheral_aresetn[0]_bufg_place_replica
    SLICE_X21Y175        LUT1 (Prop_H5LUT_SLICEL_I0_O)
                                                      0.134     4.116 r  top_i/StreamingDataflowPartition_1/inst/StreamingDataflowPartition_1_StreamingFIFO_rtl_3/fifo/inst/gen_fifo.xpm_fifo_axis_inst/gaxis_rst_sync.xpm_cdc_sync_rst_inst_i_1/O
                         net (fo=1, routed)           0.383     4.499    top_i/StreamingDataflowPartition_1/inst/StreamingDataflowPartition_1_StreamingFIFO_rtl_3/fifo/inst/gen_fifo.xpm_fifo_axis_inst/gaxis_rst_sync.xpm_cdc_sync_rst_inst/src_rst
    SLICE_X26Y174        FDRE                                         r  top_i/StreamingDataflowPartition_1/inst/StreamingDataflowPartition_1_StreamingFIFO_rtl_3/fifo/inst/gen_fifo.xpm_fifo_axis_inst/gaxis_rst_sync.xpm_cdc_sync_rst_inst/syncstages_ff_reg[0]/D
  -------------------------------------------------------------------    -------------------

                         (clock clk_pl_0 rise edge)
                                                      0.000     0.000 r  
    PS8_X0Y0             PS8                          0.000     0.000 r  top_i/zynq_ps/inst/PS8_i/PLCLK[0]
                         net (fo=1, routed)           0.140     0.140    top_i/zynq_ps/inst/pl_clk_unbuffered[0]
    BUFG_PS_X0Y58        BUFG_PS (Prop_BUFG_PS_I_O)
                                                      0.027     0.167 r  top_i/zynq_ps/inst/buffer_pl_clk_0.PL_CLK_0_BUFG/O
    X0Y1 (CLOCK_ROOT)    net (fo=24362, routed)       1.606     1.773    top_i/StreamingDataflowPartition_1/inst/StreamingDataflowPartition_1_StreamingFIFO_rtl_3/fifo/inst/gen_fifo.xpm_fifo_axis_inst/gaxis_rst_sync.xpm_cdc_sync_rst_inst/dest_clk
    SLICE_X26Y174        FDRE                                         r  top_i/StreamingDataflowPartition_1/inst/StreamingDataflowPartition_1_StreamingFIFO_rtl_3/fifo/inst/gen_fifo.xpm_fifo_axis_inst/gaxis_rst_sync.xpm_cdc_sync_rst_inst/syncstages_ff_reg[0]/C

Slack:                    inf
  Source:                 top_i/rst_zynq_ps_100M/U0/ACTIVE_LOW_PR_OUT_DFF[0].FDRE_PER_N_replica/C
                            (rising edge-triggered cell FDRE clocked by clk_pl_0  {rise@0.000ns fall@5.000ns period=10.000ns})
  Destination:            top_i/StreamingDataflowPartition_1/inst/StreamingDataflowPartition_1_StreamingFIFO_rtl_2/fifo/inst/gen_fifo.xpm_fifo_axis_inst/gaxis_rst_sync.xpm_cdc_sync_rst_inst/syncstages_ff_reg[0]/D
                            (rising edge-triggered cell FDRE clocked by clk_pl_0  {rise@0.000ns fall@5.000ns period=10.000ns})
  Path Group:             (none)
  Path Type:              Setup (Max at Slow Process Corner)
  Data Path Delay:        2.360ns  (logic 0.270ns (11.439%)  route 2.090ns (88.561%))
  Logic Levels:           1  (LUT1=1)
  Clock Path Skew:        -0.158ns (DCD - SCD + CPR)
    Destination Clock Delay (DCD):    1.761ns
    Source Clock Delay      (SCD):    1.919ns
    Clock Pessimism Removal (CPR):    0.000ns
  Clock Uncertainty:      0.130ns  ((TSJ^2 + DJ^2)^1/2) / 2 + PE
    Total System Jitter     (TSJ):    0.071ns
    Discrete Jitter          (DJ):    0.250ns
    Phase Error              (PE):    0.000ns
  Clock Net Delay (Source):      1.712ns (routing 0.638ns, distribution 1.074ns)
  Clock Net Delay (Destination): 1.594ns (routing 0.576ns, distribution 1.018ns)
  Timing Exception:       False Path

    Location             Delay type                Incr(ns)  Path(ns)    Netlist Resource(s)
  -------------------------------------------------------------------    -------------------
                         (clock clk_pl_0 rise edge)
                                                      0.000     0.000 r  
    PS8_X0Y0             PS8                          0.000     0.000 r  top_i/zynq_ps/inst/PS8_i/PLCLK[0]
                         net (fo=1, routed)           0.178     0.178    top_i/zynq_ps/inst/pl_clk_unbuffered[0]
    BUFG_PS_X0Y58        BUFG_PS (Prop_BUFG_PS_I_O)
                                                      0.029     0.207 r  top_i/zynq_ps/inst/buffer_pl_clk_0.PL_CLK_0_BUFG/O
    X0Y1 (CLOCK_ROOT)    net (fo=24362, routed)       1.712     1.919    top_i/rst_zynq_ps_100M/U0/slowest_sync_clk
    SLICE_X2Y94          FDRE                                         r  top_i/rst_zynq_ps_100M/U0/ACTIVE_LOW_PR_OUT_DFF[0].FDRE_PER_N_replica/C
  -------------------------------------------------------------------    -------------------
    SLICE_X2Y94          FDRE (Prop_AFF_SLICEL_C_Q)
                                                      0.096     2.015 f  top_i/rst_zynq_ps_100M/U0/ACTIVE_LOW_PR_OUT_DFF[0].FDRE_PER_N_replica/Q
                         net (fo=108, routed)         1.853     3.868    top_i/StreamingDataflowPartition_1/inst/StreamingDataflowPartition_1_StreamingFIFO_rtl_2/fifo/inst/gen_fifo.xpm_fifo_axis_inst/peripheral_aresetn[0]_bufg_place_replica
    SLICE_X20Y172        LUT1 (Prop_C6LUT_SLICEM_I0_O)
                                                      0.174     4.042 r  top_i/StreamingDataflowPartition_1/inst/StreamingDataflowPartition_1_StreamingFIFO_rtl_2/fifo/inst/gen_fifo.xpm_fifo_axis_inst/gaxis_rst_sync.xpm_cdc_sync_rst_inst_i_1/O
                         net (fo=1, routed)           0.237     4.279    top_i/StreamingDataflowPartition_1/inst/StreamingDataflowPartition_1_StreamingFIFO_rtl_2/fifo/inst/gen_fifo.xpm_fifo_axis_inst/gaxis_rst_sync.xpm_cdc_sync_rst_inst/src_rst
    SLICE_X19Y172        FDRE                                         r  top_i/StreamingDataflowPartition_1/inst/StreamingDataflowPartition_1_StreamingFIFO_rtl_2/fifo/inst/gen_fifo.xpm_fifo_axis_inst/gaxis_rst_sync.xpm_cdc_sync_rst_inst/syncstages_ff_reg[0]/D
  -------------------------------------------------------------------    -------------------

                         (clock clk_pl_0 rise edge)
                                                      0.000     0.000 r  
    PS8_X0Y0             PS8                          0.000     0.000 r  top_i/zynq_ps/inst/PS8_i/PLCLK[0]
                         net (fo=1, routed)           0.140     0.140    top_i/zynq_ps/inst/pl_clk_unbuffered[0]
    BUFG_PS_X0Y58        BUFG_PS (Prop_BUFG_PS_I_O)
                                                      0.027     0.167 r  top_i/zynq_ps/inst/buffer_pl_clk_0.PL_CLK_0_BUFG/O
    X0Y1 (CLOCK_ROOT)    net (fo=24362, routed)       1.594     1.761    top_i/StreamingDataflowPartition_1/inst/StreamingDataflowPartition_1_StreamingFIFO_rtl_2/fifo/inst/gen_fifo.xpm_fifo_axis_inst/gaxis_rst_sync.xpm_cdc_sync_rst_inst/dest_clk
    SLICE_X19Y172        FDRE                                         r  top_i/StreamingDataflowPartition_1/inst/StreamingDataflowPartition_1_StreamingFIFO_rtl_2/fifo/inst/gen_fifo.xpm_fifo_axis_inst/gaxis_rst_sync.xpm_cdc_sync_rst_inst/syncstages_ff_reg[0]/C





Min Delay Paths
--------------------------------------------------------------------------------------
Slack:                    inf
  Source:                 top_i/smartconnect_0/inst/clk_map/psr_aclk/U0/ACTIVE_LOW_BSR_OUT_DFF[0].FDRE_BSR_N/C
                            (rising edge-triggered cell FDRE clocked by clk_pl_0  {rise@0.000ns fall@5.000ns period=10.000ns})
  Destination:            top_i/smartconnect_0/inst/s01_nodes/s01_r_node/inst/s_sc_xpm_cdc_async_rst_inst/arststages_ff_reg[0]/CLR
                            (removal check against rising-edge clock clk_pl_0  {rise@0.000ns fall@5.000ns period=10.000ns})
  Path Group:             (none)
  Path Type:              Removal (Min at Fast Process Corner)
  Data Path Delay:        0.154ns  (logic 0.039ns (25.377%)  route 0.115ns (74.623%))
  Logic Levels:           0  
  Clock Path Skew:        0.159ns (DCD - SCD - CPR)
    Destination Clock Delay (DCD):    1.181ns
    Source Clock Delay      (SCD):    1.022ns
    Clock Pessimism Removal (CPR):    -0.000ns
  Clock Uncertainty:      0.130ns  ((TSJ^2 + DJ^2)^1/2) / 2 + PE
    Total System Jitter     (TSJ):    0.071ns
    Discrete Jitter          (DJ):    0.250ns
    Phase Error              (PE):    0.000ns
  Clock Net Delay (Source):      0.911ns (routing 0.324ns, distribution 0.587ns)
  Clock Net Delay (Destination): 1.043ns (routing 0.365ns, distribution 0.678ns)
  Timing Exception:       False Path

    Location             Delay type                Incr(ns)  Path(ns)    Netlist Resource(s)
  -------------------------------------------------------------------    -------------------
                         (clock clk_pl_0 rise edge)
                                                      0.000     0.000 r  
    PS8_X0Y0             PS8                          0.000     0.000 r  top_i/zynq_ps/inst/PS8_i/PLCLK[0]
                         net (fo=1, routed)           0.094     0.094    top_i/zynq_ps/inst/pl_clk_unbuffered[0]
    BUFG_PS_X0Y58        BUFG_PS (Prop_BUFG_PS_I_O)
                                                      0.017     0.111 r  top_i/zynq_ps/inst/buffer_pl_clk_0.PL_CLK_0_BUFG/O
    X0Y1 (CLOCK_ROOT)    net (fo=24362, routed)       0.911     1.022    top_i/smartconnect_0/inst/clk_map/psr_aclk/U0/aclk
    SLICE_X28Y12         FDRE                                         r  top_i/smartconnect_0/inst/clk_map/psr_aclk/U0/ACTIVE_LOW_BSR_OUT_DFF[0].FDRE_BSR_N/C
  -------------------------------------------------------------------    -------------------
    SLICE_X28Y12         FDRE (Prop_HFF_SLICEM_C_Q)
                                                      0.039     1.061 r  top_i/smartconnect_0/inst/clk_map/psr_aclk/U0/ACTIVE_LOW_BSR_OUT_DFF[0].FDRE_BSR_N/Q
                         net (fo=66, routed)          0.115     1.175    top_i/smartconnect_0/inst/s01_nodes/s01_r_node/inst/s_sc_xpm_cdc_async_rst_inst/src_arst
    SLICE_X22Y12         FDCE                                         f  top_i/smartconnect_0/inst/s01_nodes/s01_r_node/inst/s_sc_xpm_cdc_async_rst_inst/arststages_ff_reg[0]/CLR  (IS_INVERTED)
  -------------------------------------------------------------------    -------------------

                         (clock clk_pl_0 rise edge)
                                                      0.000     0.000 r  
    PS8_X0Y0             PS8                          0.000     0.000 r  top_i/zynq_ps/inst/PS8_i/PLCLK[0]
                         net (fo=1, routed)           0.120     0.120    top_i/zynq_ps/inst/pl_clk_unbuffered[0]
    BUFG_PS_X0Y58        BUFG_PS (Prop_BUFG_PS_I_O)
                                                      0.018     0.138 r  top_i/zynq_ps/inst/buffer_pl_clk_0.PL_CLK_0_BUFG/O
    X0Y1 (CLOCK_ROOT)    net (fo=24362, routed)       1.043     1.181    top_i/smartconnect_0/inst/s01_nodes/s01_r_node/inst/s_sc_xpm_cdc_async_rst_inst/dest_clk
    SLICE_X22Y12         FDCE                                         r  top_i/smartconnect_0/inst/s01_nodes/s01_r_node/inst/s_sc_xpm_cdc_async_rst_inst/arststages_ff_reg[0]/C

Slack:                    inf
  Source:                 top_i/smartconnect_0/inst/clk_map/psr_aclk/U0/ACTIVE_LOW_BSR_OUT_DFF[0].FDRE_BSR_N/C
                            (rising edge-triggered cell FDRE clocked by clk_pl_0  {rise@0.000ns fall@5.000ns period=10.000ns})
  Destination:            top_i/smartconnect_0/inst/s01_nodes/s01_r_node/inst/s_sc_xpm_cdc_async_rst_inst/arststages_ff_reg[1]/CLR
                            (removal check against rising-edge clock clk_pl_0  {rise@0.000ns fall@5.000ns period=10.000ns})
  Path Group:             (none)
  Path Type:              Removal (Min at Fast Process Corner)
  Data Path Delay:        0.154ns  (logic 0.039ns (25.377%)  route 0.115ns (74.623%))
  Logic Levels:           0  
  Clock Path Skew:        0.159ns (DCD - SCD - CPR)
    Destination Clock Delay (DCD):    1.181ns
    Source Clock Delay      (SCD):    1.022ns
    Clock Pessimism Removal (CPR):    -0.000ns
  Clock Uncertainty:      0.130ns  ((TSJ^2 + DJ^2)^1/2) / 2 + PE
    Total System Jitter     (TSJ):    0.071ns
    Discrete Jitter          (DJ):    0.250ns
    Phase Error              (PE):    0.000ns
  Clock Net Delay (Source):      0.911ns (routing 0.324ns, distribution 0.587ns)
  Clock Net Delay (Destination): 1.043ns (routing 0.365ns, distribution 0.678ns)
  Timing Exception:       False Path

    Location             Delay type                Incr(ns)  Path(ns)    Netlist Resource(s)
  -------------------------------------------------------------------    -------------------
                         (clock clk_pl_0 rise edge)
                                                      0.000     0.000 r  
    PS8_X0Y0             PS8                          0.000     0.000 r  top_i/zynq_ps/inst/PS8_i/PLCLK[0]
                         net (fo=1, routed)           0.094     0.094    top_i/zynq_ps/inst/pl_clk_unbuffered[0]
    BUFG_PS_X0Y58        BUFG_PS (Prop_BUFG_PS_I_O)
                                                      0.017     0.111 r  top_i/zynq_ps/inst/buffer_pl_clk_0.PL_CLK_0_BUFG/O
    X0Y1 (CLOCK_ROOT)    net (fo=24362, routed)       0.911     1.022    top_i/smartconnect_0/inst/clk_map/psr_aclk/U0/aclk
    SLICE_X28Y12         FDRE                                         r  top_i/smartconnect_0/inst/clk_map/psr_aclk/U0/ACTIVE_LOW_BSR_OUT_DFF[0].FDRE_BSR_N/C
  -------------------------------------------------------------------    -------------------
    SLICE_X28Y12         FDRE (Prop_HFF_SLICEM_C_Q)
                                                      0.039     1.061 r  top_i/smartconnect_0/inst/clk_map/psr_aclk/U0/ACTIVE_LOW_BSR_OUT_DFF[0].FDRE_BSR_N/Q
                         net (fo=66, routed)          0.115     1.175    top_i/smartconnect_0/inst/s01_nodes/s01_r_node/inst/s_sc_xpm_cdc_async_rst_inst/src_arst
    SLICE_X22Y12         FDCE                                         f  top_i/smartconnect_0/inst/s01_nodes/s01_r_node/inst/s_sc_xpm_cdc_async_rst_inst/arststages_ff_reg[1]/CLR  (IS_INVERTED)
  -------------------------------------------------------------------    -------------------

                         (clock clk_pl_0 rise edge)
                                                      0.000     0.000 r  
    PS8_X0Y0             PS8                          0.000     0.000 r  top_i/zynq_ps/inst/PS8_i/PLCLK[0]
                         net (fo=1, routed)           0.120     0.120    top_i/zynq_ps/inst/pl_clk_unbuffered[0]
    BUFG_PS_X0Y58        BUFG_PS (Prop_BUFG_PS_I_O)
                                                      0.018     0.138 r  top_i/zynq_ps/inst/buffer_pl_clk_0.PL_CLK_0_BUFG/O
    X0Y1 (CLOCK_ROOT)    net (fo=24362, routed)       1.043     1.181    top_i/smartconnect_0/inst/s01_nodes/s01_r_node/inst/s_sc_xpm_cdc_async_rst_inst/dest_clk
    SLICE_X22Y12         FDCE                                         r  top_i/smartconnect_0/inst/s01_nodes/s01_r_node/inst/s_sc_xpm_cdc_async_rst_inst/arststages_ff_reg[1]/C

Slack:                    inf
  Source:                 top_i/smartconnect_0/inst/clk_map/psr_aclk/U0/ACTIVE_LOW_BSR_OUT_DFF[0].FDRE_BSR_N/C
                            (rising edge-triggered cell FDRE clocked by clk_pl_0  {rise@0.000ns fall@5.000ns period=10.000ns})
  Destination:            top_i/smartconnect_0/inst/s01_nodes/s01_r_node/inst/s_sc_xpm_cdc_async_rst_inst/arststages_ff_reg[2]/CLR
                            (removal check against rising-edge clock clk_pl_0  {rise@0.000ns fall@5.000ns period=10.000ns})
  Path Group:             (none)
  Path Type:              Removal (Min at Fast Process Corner)
  Data Path Delay:        0.154ns  (logic 0.039ns (25.377%)  route 0.115ns (74.623%))
  Logic Levels:           0  
  Clock Path Skew:        0.159ns (DCD - SCD - CPR)
    Destination Clock Delay (DCD):    1.181ns
    Source Clock Delay      (SCD):    1.022ns
    Clock Pessimism Removal (CPR):    -0.000ns
  Clock Uncertainty:      0.130ns  ((TSJ^2 + DJ^2)^1/2) / 2 + PE
    Total System Jitter     (TSJ):    0.071ns
    Discrete Jitter          (DJ):    0.250ns
    Phase Error              (PE):    0.000ns
  Clock Net Delay (Source):      0.911ns (routing 0.324ns, distribution 0.587ns)
  Clock Net Delay (Destination): 1.043ns (routing 0.365ns, distribution 0.678ns)
  Timing Exception:       False Path

    Location             Delay type                Incr(ns)  Path(ns)    Netlist Resource(s)
  -------------------------------------------------------------------    -------------------
                         (clock clk_pl_0 rise edge)
                                                      0.000     0.000 r  
    PS8_X0Y0             PS8                          0.000     0.000 r  top_i/zynq_ps/inst/PS8_i/PLCLK[0]
                         net (fo=1, routed)           0.094     0.094    top_i/zynq_ps/inst/pl_clk_unbuffered[0]
    BUFG_PS_X0Y58        BUFG_PS (Prop_BUFG_PS_I_O)
                                                      0.017     0.111 r  top_i/zynq_ps/inst/buffer_pl_clk_0.PL_CLK_0_BUFG/O
    X0Y1 (CLOCK_ROOT)    net (fo=24362, routed)       0.911     1.022    top_i/smartconnect_0/inst/clk_map/psr_aclk/U0/aclk
    SLICE_X28Y12         FDRE                                         r  top_i/smartconnect_0/inst/clk_map/psr_aclk/U0/ACTIVE_LOW_BSR_OUT_DFF[0].FDRE_BSR_N/C
  -------------------------------------------------------------------    -------------------
    SLICE_X28Y12         FDRE (Prop_HFF_SLICEM_C_Q)
                                                      0.039     1.061 r  top_i/smartconnect_0/inst/clk_map/psr_aclk/U0/ACTIVE_LOW_BSR_OUT_DFF[0].FDRE_BSR_N/Q
                         net (fo=66, routed)          0.115     1.175    top_i/smartconnect_0/inst/s01_nodes/s01_r_node/inst/s_sc_xpm_cdc_async_rst_inst/src_arst
    SLICE_X22Y12         FDCE                                         f  top_i/smartconnect_0/inst/s01_nodes/s01_r_node/inst/s_sc_xpm_cdc_async_rst_inst/arststages_ff_reg[2]/CLR  (IS_INVERTED)
  -------------------------------------------------------------------    -------------------

                         (clock clk_pl_0 rise edge)
                                                      0.000     0.000 r  
    PS8_X0Y0             PS8                          0.000     0.000 r  top_i/zynq_ps/inst/PS8_i/PLCLK[0]
                         net (fo=1, routed)           0.120     0.120    top_i/zynq_ps/inst/pl_clk_unbuffered[0]
    BUFG_PS_X0Y58        BUFG_PS (Prop_BUFG_PS_I_O)
                                                      0.018     0.138 r  top_i/zynq_ps/inst/buffer_pl_clk_0.PL_CLK_0_BUFG/O
    X0Y1 (CLOCK_ROOT)    net (fo=24362, routed)       1.043     1.181    top_i/smartconnect_0/inst/s01_nodes/s01_r_node/inst/s_sc_xpm_cdc_async_rst_inst/dest_clk
    SLICE_X22Y12         FDCE                                         r  top_i/smartconnect_0/inst/s01_nodes/s01_r_node/inst/s_sc_xpm_cdc_async_rst_inst/arststages_ff_reg[2]/C

Slack:                    inf
  Source:                 top_i/smartconnect_0/inst/clk_map/psr_aclk/U0/ACTIVE_LOW_BSR_OUT_DFF[0].FDRE_BSR_N/C
                            (rising edge-triggered cell FDRE clocked by clk_pl_0  {rise@0.000ns fall@5.000ns period=10.000ns})
  Destination:            top_i/smartconnect_0/inst/s01_nodes/s01_b_node/inst/s_sc_xpm_cdc_async_rst_inst/arststages_ff_reg[0]/CLR
                            (removal check against rising-edge clock clk_pl_0  {rise@0.000ns fall@5.000ns period=10.000ns})
  Path Group:             (none)
  Path Type:              Removal (Min at Fast Process Corner)
  Data Path Delay:        0.223ns  (logic 0.039ns (17.464%)  route 0.184ns (82.536%))
  Logic Levels:           0  
  Clock Path Skew:        0.143ns (DCD - SCD - CPR)
    Destination Clock Delay (DCD):    1.164ns
    Source Clock Delay      (SCD):    1.022ns
    Clock Pessimism Removal (CPR):    -0.000ns
  Clock Uncertainty:      0.130ns  ((TSJ^2 + DJ^2)^1/2) / 2 + PE
    Total System Jitter     (TSJ):    0.071ns
    Discrete Jitter          (DJ):    0.250ns
    Phase Error              (PE):    0.000ns
  Clock Net Delay (Source):      0.911ns (routing 0.324ns, distribution 0.587ns)
  Clock Net Delay (Destination): 1.026ns (routing 0.365ns, distribution 0.661ns)
  Timing Exception:       False Path

    Location             Delay type                Incr(ns)  Path(ns)    Netlist Resource(s)
  -------------------------------------------------------------------    -------------------
                         (clock clk_pl_0 rise edge)
                                                      0.000     0.000 r  
    PS8_X0Y0             PS8                          0.000     0.000 r  top_i/zynq_ps/inst/PS8_i/PLCLK[0]
                         net (fo=1, routed)           0.094     0.094    top_i/zynq_ps/inst/pl_clk_unbuffered[0]
    BUFG_PS_X0Y58        BUFG_PS (Prop_BUFG_PS_I_O)
                                                      0.017     0.111 r  top_i/zynq_ps/inst/buffer_pl_clk_0.PL_CLK_0_BUFG/O
    X0Y1 (CLOCK_ROOT)    net (fo=24362, routed)       0.911     1.022    top_i/smartconnect_0/inst/clk_map/psr_aclk/U0/aclk
    SLICE_X28Y12         FDRE                                         r  top_i/smartconnect_0/inst/clk_map/psr_aclk/U0/ACTIVE_LOW_BSR_OUT_DFF[0].FDRE_BSR_N/C
  -------------------------------------------------------------------    -------------------
    SLICE_X28Y12         FDRE (Prop_HFF_SLICEM_C_Q)
                                                      0.039     1.061 r  top_i/smartconnect_0/inst/clk_map/psr_aclk/U0/ACTIVE_LOW_BSR_OUT_DFF[0].FDRE_BSR_N/Q
                         net (fo=66, routed)          0.184     1.245    top_i/smartconnect_0/inst/s01_nodes/s01_b_node/inst/s_sc_xpm_cdc_async_rst_inst/src_arst
    SLICE_X18Y16         FDCE                                         f  top_i/smartconnect_0/inst/s01_nodes/s01_b_node/inst/s_sc_xpm_cdc_async_rst_inst/arststages_ff_reg[0]/CLR  (IS_INVERTED)
  -------------------------------------------------------------------    -------------------

                         (clock clk_pl_0 rise edge)
                                                      0.000     0.000 r  
    PS8_X0Y0             PS8                          0.000     0.000 r  top_i/zynq_ps/inst/PS8_i/PLCLK[0]
                         net (fo=1, routed)           0.120     0.120    top_i/zynq_ps/inst/pl_clk_unbuffered[0]
    BUFG_PS_X0Y58        BUFG_PS (Prop_BUFG_PS_I_O)
                                                      0.018     0.138 r  top_i/zynq_ps/inst/buffer_pl_clk_0.PL_CLK_0_BUFG/O
    X0Y1 (CLOCK_ROOT)    net (fo=24362, routed)       1.026     1.164    top_i/smartconnect_0/inst/s01_nodes/s01_b_node/inst/s_sc_xpm_cdc_async_rst_inst/dest_clk
    SLICE_X18Y16         FDCE                                         r  top_i/smartconnect_0/inst/s01_nodes/s01_b_node/inst/s_sc_xpm_cdc_async_rst_inst/arststages_ff_reg[0]/C

Slack:                    inf
  Source:                 top_i/smartconnect_0/inst/clk_map/psr_aclk/U0/ACTIVE_LOW_BSR_OUT_DFF[0].FDRE_BSR_N/C
                            (rising edge-triggered cell FDRE clocked by clk_pl_0  {rise@0.000ns fall@5.000ns period=10.000ns})
  Destination:            top_i/smartconnect_0/inst/s01_nodes/s01_b_node/inst/s_sc_xpm_cdc_async_rst_inst/arststages_ff_reg[1]/CLR
                            (removal check against rising-edge clock clk_pl_0  {rise@0.000ns fall@5.000ns period=10.000ns})
  Path Group:             (none)
  Path Type:              Removal (Min at Fast Process Corner)
  Data Path Delay:        0.223ns  (logic 0.039ns (17.464%)  route 0.184ns (82.536%))
  Logic Levels:           0  
  Clock Path Skew:        0.143ns (DCD - SCD - CPR)
    Destination Clock Delay (DCD):    1.164ns
    Source Clock Delay      (SCD):    1.022ns
    Clock Pessimism Removal (CPR):    -0.000ns
  Clock Uncertainty:      0.130ns  ((TSJ^2 + DJ^2)^1/2) / 2 + PE
    Total System Jitter     (TSJ):    0.071ns
    Discrete Jitter          (DJ):    0.250ns
    Phase Error              (PE):    0.000ns
  Clock Net Delay (Source):      0.911ns (routing 0.324ns, distribution 0.587ns)
  Clock Net Delay (Destination): 1.026ns (routing 0.365ns, distribution 0.661ns)
  Timing Exception:       False Path

    Location             Delay type                Incr(ns)  Path(ns)    Netlist Resource(s)
  -------------------------------------------------------------------    -------------------
                         (clock clk_pl_0 rise edge)
                                                      0.000     0.000 r  
    PS8_X0Y0             PS8                          0.000     0.000 r  top_i/zynq_ps/inst/PS8_i/PLCLK[0]
                         net (fo=1, routed)           0.094     0.094    top_i/zynq_ps/inst/pl_clk_unbuffered[0]
    BUFG_PS_X0Y58        BUFG_PS (Prop_BUFG_PS_I_O)
                                                      0.017     0.111 r  top_i/zynq_ps/inst/buffer_pl_clk_0.PL_CLK_0_BUFG/O
    X0Y1 (CLOCK_ROOT)    net (fo=24362, routed)       0.911     1.022    top_i/smartconnect_0/inst/clk_map/psr_aclk/U0/aclk
    SLICE_X28Y12         FDRE                                         r  top_i/smartconnect_0/inst/clk_map/psr_aclk/U0/ACTIVE_LOW_BSR_OUT_DFF[0].FDRE_BSR_N/C
  -------------------------------------------------------------------    -------------------
    SLICE_X28Y12         FDRE (Prop_HFF_SLICEM_C_Q)
                                                      0.039     1.061 r  top_i/smartconnect_0/inst/clk_map/psr_aclk/U0/ACTIVE_LOW_BSR_OUT_DFF[0].FDRE_BSR_N/Q
                         net (fo=66, routed)          0.184     1.245    top_i/smartconnect_0/inst/s01_nodes/s01_b_node/inst/s_sc_xpm_cdc_async_rst_inst/src_arst
    SLICE_X18Y16         FDCE                                         f  top_i/smartconnect_0/inst/s01_nodes/s01_b_node/inst/s_sc_xpm_cdc_async_rst_inst/arststages_ff_reg[1]/CLR  (IS_INVERTED)
  -------------------------------------------------------------------    -------------------

                         (clock clk_pl_0 rise edge)
                                                      0.000     0.000 r  
    PS8_X0Y0             PS8                          0.000     0.000 r  top_i/zynq_ps/inst/PS8_i/PLCLK[0]
                         net (fo=1, routed)           0.120     0.120    top_i/zynq_ps/inst/pl_clk_unbuffered[0]
    BUFG_PS_X0Y58        BUFG_PS (Prop_BUFG_PS_I_O)
                                                      0.018     0.138 r  top_i/zynq_ps/inst/buffer_pl_clk_0.PL_CLK_0_BUFG/O
    X0Y1 (CLOCK_ROOT)    net (fo=24362, routed)       1.026     1.164    top_i/smartconnect_0/inst/s01_nodes/s01_b_node/inst/s_sc_xpm_cdc_async_rst_inst/dest_clk
    SLICE_X18Y16         FDCE                                         r  top_i/smartconnect_0/inst/s01_nodes/s01_b_node/inst/s_sc_xpm_cdc_async_rst_inst/arststages_ff_reg[1]/C

Slack:                    inf
  Source:                 top_i/smartconnect_0/inst/clk_map/psr_aclk/U0/ACTIVE_LOW_BSR_OUT_DFF[0].FDRE_BSR_N/C
                            (rising edge-triggered cell FDRE clocked by clk_pl_0  {rise@0.000ns fall@5.000ns period=10.000ns})
  Destination:            top_i/smartconnect_0/inst/s01_nodes/s01_b_node/inst/s_sc_xpm_cdc_async_rst_inst/arststages_ff_reg[2]/CLR
                            (removal check against rising-edge clock clk_pl_0  {rise@0.000ns fall@5.000ns period=10.000ns})
  Path Group:             (none)
  Path Type:              Removal (Min at Fast Process Corner)
  Data Path Delay:        0.223ns  (logic 0.039ns (17.464%)  route 0.184ns (82.536%))
  Logic Levels:           0  
  Clock Path Skew:        0.143ns (DCD - SCD - CPR)
    Destination Clock Delay (DCD):    1.164ns
    Source Clock Delay      (SCD):    1.022ns
    Clock Pessimism Removal (CPR):    -0.000ns
  Clock Uncertainty:      0.130ns  ((TSJ^2 + DJ^2)^1/2) / 2 + PE
    Total System Jitter     (TSJ):    0.071ns
    Discrete Jitter          (DJ):    0.250ns
    Phase Error              (PE):    0.000ns
  Clock Net Delay (Source):      0.911ns (routing 0.324ns, distribution 0.587ns)
  Clock Net Delay (Destination): 1.026ns (routing 0.365ns, distribution 0.661ns)
  Timing Exception:       False Path

    Location             Delay type                Incr(ns)  Path(ns)    Netlist Resource(s)
  -------------------------------------------------------------------    -------------------
                         (clock clk_pl_0 rise edge)
                                                      0.000     0.000 r  
    PS8_X0Y0             PS8                          0.000     0.000 r  top_i/zynq_ps/inst/PS8_i/PLCLK[0]
                         net (fo=1, routed)           0.094     0.094    top_i/zynq_ps/inst/pl_clk_unbuffered[0]
    BUFG_PS_X0Y58        BUFG_PS (Prop_BUFG_PS_I_O)
                                                      0.017     0.111 r  top_i/zynq_ps/inst/buffer_pl_clk_0.PL_CLK_0_BUFG/O
    X0Y1 (CLOCK_ROOT)    net (fo=24362, routed)       0.911     1.022    top_i/smartconnect_0/inst/clk_map/psr_aclk/U0/aclk
    SLICE_X28Y12         FDRE                                         r  top_i/smartconnect_0/inst/clk_map/psr_aclk/U0/ACTIVE_LOW_BSR_OUT_DFF[0].FDRE_BSR_N/C
  -------------------------------------------------------------------    -------------------
    SLICE_X28Y12         FDRE (Prop_HFF_SLICEM_C_Q)
                                                      0.039     1.061 r  top_i/smartconnect_0/inst/clk_map/psr_aclk/U0/ACTIVE_LOW_BSR_OUT_DFF[0].FDRE_BSR_N/Q
                         net (fo=66, routed)          0.184     1.245    top_i/smartconnect_0/inst/s01_nodes/s01_b_node/inst/s_sc_xpm_cdc_async_rst_inst/src_arst
    SLICE_X18Y16         FDCE                                         f  top_i/smartconnect_0/inst/s01_nodes/s01_b_node/inst/s_sc_xpm_cdc_async_rst_inst/arststages_ff_reg[2]/CLR  (IS_INVERTED)
  -------------------------------------------------------------------    -------------------

                         (clock clk_pl_0 rise edge)
                                                      0.000     0.000 r  
    PS8_X0Y0             PS8                          0.000     0.000 r  top_i/zynq_ps/inst/PS8_i/PLCLK[0]
                         net (fo=1, routed)           0.120     0.120    top_i/zynq_ps/inst/pl_clk_unbuffered[0]
    BUFG_PS_X0Y58        BUFG_PS (Prop_BUFG_PS_I_O)
                                                      0.018     0.138 r  top_i/zynq_ps/inst/buffer_pl_clk_0.PL_CLK_0_BUFG/O
    X0Y1 (CLOCK_ROOT)    net (fo=24362, routed)       1.026     1.164    top_i/smartconnect_0/inst/s01_nodes/s01_b_node/inst/s_sc_xpm_cdc_async_rst_inst/dest_clk
    SLICE_X18Y16         FDCE                                         r  top_i/smartconnect_0/inst/s01_nodes/s01_b_node/inst/s_sc_xpm_cdc_async_rst_inst/arststages_ff_reg[2]/C

Slack:                    inf
  Source:                 top_i/smartconnect_0/inst/clk_map/psr_aclk/U0/ACTIVE_LOW_BSR_OUT_DFF[0].FDRE_BSR_N/C
                            (rising edge-triggered cell FDRE clocked by clk_pl_0  {rise@0.000ns fall@5.000ns period=10.000ns})
  Destination:            top_i/smartconnect_0/inst/s01_entry_pipeline/s01_si_converter/inst/xpm_cdc_async_rst_inst/arststages_ff_reg[0]/CLR
                            (removal check against rising-edge clock clk_pl_0  {rise@0.000ns fall@5.000ns period=10.000ns})
  Path Group:             (none)
  Path Type:              Removal (Min at Fast Process Corner)
  Data Path Delay:        0.307ns  (logic 0.039ns (12.707%)  route 0.268ns (87.293%))
  Logic Levels:           0  
  Clock Path Skew:        0.139ns (DCD - SCD - CPR)
    Destination Clock Delay (DCD):    1.160ns
    Source Clock Delay      (SCD):    1.022ns
    Clock Pessimism Removal (CPR):    -0.000ns
  Clock Uncertainty:      0.130ns  ((TSJ^2 + DJ^2)^1/2) / 2 + PE
    Total System Jitter     (TSJ):    0.071ns
    Discrete Jitter          (DJ):    0.250ns
    Phase Error              (PE):    0.000ns
  Clock Net Delay (Source):      0.911ns (routing 0.324ns, distribution 0.587ns)
  Clock Net Delay (Destination): 1.022ns (routing 0.365ns, distribution 0.657ns)
  Timing Exception:       False Path

    Location             Delay type                Incr(ns)  Path(ns)    Netlist Resource(s)
  -------------------------------------------------------------------    -------------------
                         (clock clk_pl_0 rise edge)
                                                      0.000     0.000 r  
    PS8_X0Y0             PS8                          0.000     0.000 r  top_i/zynq_ps/inst/PS8_i/PLCLK[0]
                         net (fo=1, routed)           0.094     0.094    top_i/zynq_ps/inst/pl_clk_unbuffered[0]
    BUFG_PS_X0Y58        BUFG_PS (Prop_BUFG_PS_I_O)
                                                      0.017     0.111 r  top_i/zynq_ps/inst/buffer_pl_clk_0.PL_CLK_0_BUFG/O
    X0Y1 (CLOCK_ROOT)    net (fo=24362, routed)       0.911     1.022    top_i/smartconnect_0/inst/clk_map/psr_aclk/U0/aclk
    SLICE_X28Y12         FDRE                                         r  top_i/smartconnect_0/inst/clk_map/psr_aclk/U0/ACTIVE_LOW_BSR_OUT_DFF[0].FDRE_BSR_N/C
  -------------------------------------------------------------------    -------------------
    SLICE_X28Y12         FDRE (Prop_HFF_SLICEM_C_Q)
                                                      0.039     1.061 r  top_i/smartconnect_0/inst/clk_map/psr_aclk/U0/ACTIVE_LOW_BSR_OUT_DFF[0].FDRE_BSR_N/Q
                         net (fo=66, routed)          0.268     1.328    top_i/smartconnect_0/inst/s01_entry_pipeline/s01_si_converter/inst/xpm_cdc_async_rst_inst/src_arst
    SLICE_X15Y17         FDCE                                         f  top_i/smartconnect_0/inst/s01_entry_pipeline/s01_si_converter/inst/xpm_cdc_async_rst_inst/arststages_ff_reg[0]/CLR  (IS_INVERTED)
  -------------------------------------------------------------------    -------------------

                         (clock clk_pl_0 rise edge)
                                                      0.000     0.000 r  
    PS8_X0Y0             PS8                          0.000     0.000 r  top_i/zynq_ps/inst/PS8_i/PLCLK[0]
                         net (fo=1, routed)           0.120     0.120    top_i/zynq_ps/inst/pl_clk_unbuffered[0]
    BUFG_PS_X0Y58        BUFG_PS (Prop_BUFG_PS_I_O)
                                                      0.018     0.138 r  top_i/zynq_ps/inst/buffer_pl_clk_0.PL_CLK_0_BUFG/O
    X0Y1 (CLOCK_ROOT)    net (fo=24362, routed)       1.022     1.160    top_i/smartconnect_0/inst/s01_entry_pipeline/s01_si_converter/inst/xpm_cdc_async_rst_inst/dest_clk
    SLICE_X15Y17         FDCE                                         r  top_i/smartconnect_0/inst/s01_entry_pipeline/s01_si_converter/inst/xpm_cdc_async_rst_inst/arststages_ff_reg[0]/C

Slack:                    inf
  Source:                 top_i/smartconnect_0/inst/clk_map/psr_aclk/U0/ACTIVE_LOW_BSR_OUT_DFF[0].FDRE_BSR_N/C
                            (rising edge-triggered cell FDRE clocked by clk_pl_0  {rise@0.000ns fall@5.000ns period=10.000ns})
  Destination:            top_i/smartconnect_0/inst/s01_entry_pipeline/s01_si_converter/inst/xpm_cdc_async_rst_inst/arststages_ff_reg[1]/CLR
                            (removal check against rising-edge clock clk_pl_0  {rise@0.000ns fall@5.000ns period=10.000ns})
  Path Group:             (none)
  Path Type:              Removal (Min at Fast Process Corner)
  Data Path Delay:        0.307ns  (logic 0.039ns (12.707%)  route 0.268ns (87.293%))
  Logic Levels:           0  
  Clock Path Skew:        0.139ns (DCD - SCD - CPR)
    Destination Clock Delay (DCD):    1.160ns
    Source Clock Delay      (SCD):    1.022ns
    Clock Pessimism Removal (CPR):    -0.000ns
  Clock Uncertainty:      0.130ns  ((TSJ^2 + DJ^2)^1/2) / 2 + PE
    Total System Jitter     (TSJ):    0.071ns
    Discrete Jitter          (DJ):    0.250ns
    Phase Error              (PE):    0.000ns
  Clock Net Delay (Source):      0.911ns (routing 0.324ns, distribution 0.587ns)
  Clock Net Delay (Destination): 1.022ns (routing 0.365ns, distribution 0.657ns)
  Timing Exception:       False Path

    Location             Delay type                Incr(ns)  Path(ns)    Netlist Resource(s)
  -------------------------------------------------------------------    -------------------
                         (clock clk_pl_0 rise edge)
                                                      0.000     0.000 r  
    PS8_X0Y0             PS8                          0.000     0.000 r  top_i/zynq_ps/inst/PS8_i/PLCLK[0]
                         net (fo=1, routed)           0.094     0.094    top_i/zynq_ps/inst/pl_clk_unbuffered[0]
    BUFG_PS_X0Y58        BUFG_PS (Prop_BUFG_PS_I_O)
                                                      0.017     0.111 r  top_i/zynq_ps/inst/buffer_pl_clk_0.PL_CLK_0_BUFG/O
    X0Y1 (CLOCK_ROOT)    net (fo=24362, routed)       0.911     1.022    top_i/smartconnect_0/inst/clk_map/psr_aclk/U0/aclk
    SLICE_X28Y12         FDRE                                         r  top_i/smartconnect_0/inst/clk_map/psr_aclk/U0/ACTIVE_LOW_BSR_OUT_DFF[0].FDRE_BSR_N/C
  -------------------------------------------------------------------    -------------------
    SLICE_X28Y12         FDRE (Prop_HFF_SLICEM_C_Q)
                                                      0.039     1.061 r  top_i/smartconnect_0/inst/clk_map/psr_aclk/U0/ACTIVE_LOW_BSR_OUT_DFF[0].FDRE_BSR_N/Q
                         net (fo=66, routed)          0.268     1.328    top_i/smartconnect_0/inst/s01_entry_pipeline/s01_si_converter/inst/xpm_cdc_async_rst_inst/src_arst
    SLICE_X15Y17         FDCE                                         f  top_i/smartconnect_0/inst/s01_entry_pipeline/s01_si_converter/inst/xpm_cdc_async_rst_inst/arststages_ff_reg[1]/CLR  (IS_INVERTED)
  -------------------------------------------------------------------    -------------------

                         (clock clk_pl_0 rise edge)
                                                      0.000     0.000 r  
    PS8_X0Y0             PS8                          0.000     0.000 r  top_i/zynq_ps/inst/PS8_i/PLCLK[0]
                         net (fo=1, routed)           0.120     0.120    top_i/zynq_ps/inst/pl_clk_unbuffered[0]
    BUFG_PS_X0Y58        BUFG_PS (Prop_BUFG_PS_I_O)
                                                      0.018     0.138 r  top_i/zynq_ps/inst/buffer_pl_clk_0.PL_CLK_0_BUFG/O
    X0Y1 (CLOCK_ROOT)    net (fo=24362, routed)       1.022     1.160    top_i/smartconnect_0/inst/s01_entry_pipeline/s01_si_converter/inst/xpm_cdc_async_rst_inst/dest_clk
    SLICE_X15Y17         FDCE                                         r  top_i/smartconnect_0/inst/s01_entry_pipeline/s01_si_converter/inst/xpm_cdc_async_rst_inst/arststages_ff_reg[1]/C

Slack:                    inf
  Source:                 top_i/smartconnect_0/inst/clk_map/psr_aclk/U0/ACTIVE_LOW_BSR_OUT_DFF[0].FDRE_BSR_N/C
                            (rising edge-triggered cell FDRE clocked by clk_pl_0  {rise@0.000ns fall@5.000ns period=10.000ns})
  Destination:            top_i/smartconnect_0/inst/s01_entry_pipeline/s01_si_converter/inst/xpm_cdc_async_rst_inst/arststages_ff_reg[2]/CLR
                            (removal check against rising-edge clock clk_pl_0  {rise@0.000ns fall@5.000ns period=10.000ns})
  Path Group:             (none)
  Path Type:              Removal (Min at Fast Process Corner)
  Data Path Delay:        0.307ns  (logic 0.039ns (12.707%)  route 0.268ns (87.293%))
  Logic Levels:           0  
  Clock Path Skew:        0.139ns (DCD - SCD - CPR)
    Destination Clock Delay (DCD):    1.160ns
    Source Clock Delay      (SCD):    1.022ns
    Clock Pessimism Removal (CPR):    -0.000ns
  Clock Uncertainty:      0.130ns  ((TSJ^2 + DJ^2)^1/2) / 2 + PE
    Total System Jitter     (TSJ):    0.071ns
    Discrete Jitter          (DJ):    0.250ns
    Phase Error              (PE):    0.000ns
  Clock Net Delay (Source):      0.911ns (routing 0.324ns, distribution 0.587ns)
  Clock Net Delay (Destination): 1.022ns (routing 0.365ns, distribution 0.657ns)
  Timing Exception:       False Path

    Location             Delay type                Incr(ns)  Path(ns)    Netlist Resource(s)
  -------------------------------------------------------------------    -------------------
                         (clock clk_pl_0 rise edge)
                                                      0.000     0.000 r  
    PS8_X0Y0             PS8                          0.000     0.000 r  top_i/zynq_ps/inst/PS8_i/PLCLK[0]
                         net (fo=1, routed)           0.094     0.094    top_i/zynq_ps/inst/pl_clk_unbuffered[0]
    BUFG_PS_X0Y58        BUFG_PS (Prop_BUFG_PS_I_O)
                                                      0.017     0.111 r  top_i/zynq_ps/inst/buffer_pl_clk_0.PL_CLK_0_BUFG/O
    X0Y1 (CLOCK_ROOT)    net (fo=24362, routed)       0.911     1.022    top_i/smartconnect_0/inst/clk_map/psr_aclk/U0/aclk
    SLICE_X28Y12         FDRE                                         r  top_i/smartconnect_0/inst/clk_map/psr_aclk/U0/ACTIVE_LOW_BSR_OUT_DFF[0].FDRE_BSR_N/C
  -------------------------------------------------------------------    -------------------
    SLICE_X28Y12         FDRE (Prop_HFF_SLICEM_C_Q)
                                                      0.039     1.061 r  top_i/smartconnect_0/inst/clk_map/psr_aclk/U0/ACTIVE_LOW_BSR_OUT_DFF[0].FDRE_BSR_N/Q
                         net (fo=66, routed)          0.268     1.328    top_i/smartconnect_0/inst/s01_entry_pipeline/s01_si_converter/inst/xpm_cdc_async_rst_inst/src_arst
    SLICE_X15Y17         FDCE                                         f  top_i/smartconnect_0/inst/s01_entry_pipeline/s01_si_converter/inst/xpm_cdc_async_rst_inst/arststages_ff_reg[2]/CLR  (IS_INVERTED)
  -------------------------------------------------------------------    -------------------

                         (clock clk_pl_0 rise edge)
                                                      0.000     0.000 r  
    PS8_X0Y0             PS8                          0.000     0.000 r  top_i/zynq_ps/inst/PS8_i/PLCLK[0]
                         net (fo=1, routed)           0.120     0.120    top_i/zynq_ps/inst/pl_clk_unbuffered[0]
    BUFG_PS_X0Y58        BUFG_PS (Prop_BUFG_PS_I_O)
                                                      0.018     0.138 r  top_i/zynq_ps/inst/buffer_pl_clk_0.PL_CLK_0_BUFG/O
    X0Y1 (CLOCK_ROOT)    net (fo=24362, routed)       1.022     1.160    top_i/smartconnect_0/inst/s01_entry_pipeline/s01_si_converter/inst/xpm_cdc_async_rst_inst/dest_clk
    SLICE_X15Y17         FDCE                                         r  top_i/smartconnect_0/inst/s01_entry_pipeline/s01_si_converter/inst/xpm_cdc_async_rst_inst/arststages_ff_reg[2]/C

Slack:                    inf
  Source:                 top_i/smartconnect_0/inst/clk_map/psr_aclk/U0/ACTIVE_LOW_BSR_OUT_DFF[0].FDRE_BSR_N/C
                            (rising edge-triggered cell FDRE clocked by clk_pl_0  {rise@0.000ns fall@5.000ns period=10.000ns})
  Destination:            top_i/smartconnect_0/inst/s01_entry_pipeline/s01_transaction_regulator/inst/xpm_cdc_async_rst_inst/arststages_ff_reg[0]/CLR
                            (removal check against rising-edge clock clk_pl_0  {rise@0.000ns fall@5.000ns period=10.000ns})
  Path Group:             (none)
  Path Type:              Removal (Min at Fast Process Corner)
  Data Path Delay:        0.390ns  (logic 0.039ns (10.003%)  route 0.351ns (89.997%))
  Logic Levels:           0  
  Clock Path Skew:        0.133ns (DCD - SCD - CPR)
    Destination Clock Delay (DCD):    1.154ns
    Source Clock Delay      (SCD):    1.022ns
    Clock Pessimism Removal (CPR):    -0.000ns
  Clock Uncertainty:      0.130ns  ((TSJ^2 + DJ^2)^1/2) / 2 + PE
    Total System Jitter     (TSJ):    0.071ns
    Discrete Jitter          (DJ):    0.250ns
    Phase Error              (PE):    0.000ns
  Clock Net Delay (Source):      0.911ns (routing 0.324ns, distribution 0.587ns)
  Clock Net Delay (Destination): 1.016ns (routing 0.365ns, distribution 0.651ns)
  Timing Exception:       False Path

    Location             Delay type                Incr(ns)  Path(ns)    Netlist Resource(s)
  -------------------------------------------------------------------    -------------------
                         (clock clk_pl_0 rise edge)
                                                      0.000     0.000 r  
    PS8_X0Y0             PS8                          0.000     0.000 r  top_i/zynq_ps/inst/PS8_i/PLCLK[0]
                         net (fo=1, routed)           0.094     0.094    top_i/zynq_ps/inst/pl_clk_unbuffered[0]
    BUFG_PS_X0Y58        BUFG_PS (Prop_BUFG_PS_I_O)
                                                      0.017     0.111 r  top_i/zynq_ps/inst/buffer_pl_clk_0.PL_CLK_0_BUFG/O
    X0Y1 (CLOCK_ROOT)    net (fo=24362, routed)       0.911     1.022    top_i/smartconnect_0/inst/clk_map/psr_aclk/U0/aclk
    SLICE_X28Y12         FDRE                                         r  top_i/smartconnect_0/inst/clk_map/psr_aclk/U0/ACTIVE_LOW_BSR_OUT_DFF[0].FDRE_BSR_N/C
  -------------------------------------------------------------------    -------------------
    SLICE_X28Y12         FDRE (Prop_HFF_SLICEM_C_Q)
                                                      0.039     1.061 r  top_i/smartconnect_0/inst/clk_map/psr_aclk/U0/ACTIVE_LOW_BSR_OUT_DFF[0].FDRE_BSR_N/Q
                         net (fo=66, routed)          0.351     1.411    top_i/smartconnect_0/inst/s01_entry_pipeline/s01_transaction_regulator/inst/xpm_cdc_async_rst_inst/src_arst
    SLICE_X13Y16         FDCE                                         f  top_i/smartconnect_0/inst/s01_entry_pipeline/s01_transaction_regulator/inst/xpm_cdc_async_rst_inst/arststages_ff_reg[0]/CLR  (IS_INVERTED)
  -------------------------------------------------------------------    -------------------

                         (clock clk_pl_0 rise edge)
                                                      0.000     0.000 r  
    PS8_X0Y0             PS8                          0.000     0.000 r  top_i/zynq_ps/inst/PS8_i/PLCLK[0]
                         net (fo=1, routed)           0.120     0.120    top_i/zynq_ps/inst/pl_clk_unbuffered[0]
    BUFG_PS_X0Y58        BUFG_PS (Prop_BUFG_PS_I_O)
                                                      0.018     0.138 r  top_i/zynq_ps/inst/buffer_pl_clk_0.PL_CLK_0_BUFG/O
    X0Y1 (CLOCK_ROOT)    net (fo=24362, routed)       1.016     1.154    top_i/smartconnect_0/inst/s01_entry_pipeline/s01_transaction_regulator/inst/xpm_cdc_async_rst_inst/dest_clk
    SLICE_X13Y16         FDCE                                         r  top_i/smartconnect_0/inst/s01_entry_pipeline/s01_transaction_regulator/inst/xpm_cdc_async_rst_inst/arststages_ff_reg[0]/C





