/home/samu/dev/CEN571-final/finn-vs-vitisai/finn-repo/deps/qonnx/src/qonnx/transformation/gemm_to_matmul.py:57: UserWarning: The GemmToMatMul transformation only offers explicit support for version 9 of the Gemm node, but the ONNX version of the supplied model is 14. Thus the transformation may fail or return incomplete results.
  warnings.warn(
/home/samu/dev/CEN571-final/finn-vs-vitisai/finn-repo/deps/qonnx/src/qonnx/transformation/infer_data_layouts.py:127: UserWarning: Assuming 4D input is NCHW
  warnings.warn("Assuming 4D input is NCHW")
/home/samu/dev/CEN571-final/finn-vs-vitisai/finn-repo/src/finn/transformation/fpgadataflow/convert_to_hw_layers.py:668: UserWarning: Broadcasting Mul(Mul_0)
  warnings.warn("Broadcasting " + str(node.op_type) + "(" + node.name + ")")
/home/samu/dev/CEN571-final/finn-vs-vitisai/finn-repo/src/finn/transformation/fpgadataflow/convert_to_hw_layers.py:668: UserWarning: Broadcasting Add(Add_0)
  warnings.warn("Broadcasting " + str(node.op_type) + "(" + node.name + ")")
/home/samu/dev/CEN571-final/finn-vs-vitisai/finn-repo/src/finn/transformation/fpgadataflow/convert_to_hw_layers.py:668: UserWarning: Broadcasting Mul(Mul_1)
  warnings.warn("Broadcasting " + str(node.op_type) + "(" + node.name + ")")
/home/samu/dev/CEN571-final/finn-vs-vitisai/finn-repo/src/finn/transformation/fpgadataflow/convert_to_hw_layers.py:63: UserWarning: Im2Col_0 : Input is not int. Can't infer ConvInpGen.
  warnings.warn("%s : Input is not int. Can't infer ConvInpGen." % n.name)
/home/samu/dev/CEN571-final/finn-vs-vitisai/finn-repo/src/finn/transformation/fpgadataflow/convert_to_hw_layers.py:63: UserWarning: Im2Col_1 : Input is not int. Can't infer ConvInpGen.
  warnings.warn("%s : Input is not int. Can't infer ConvInpGen." % n.name)
/home/samu/dev/CEN571-final/finn-vs-vitisai/finn-repo/src/finn/custom_op/fpgadataflow/thresholding.py:84: UserWarning: inputDataType changing for Thresholding_0: UINT32 -> UINT9 
  warnings.warn(warn_str)
/home/samu/dev/CEN571-final/finn-vs-vitisai/finn-repo/src/finn/custom_op/fpgadataflow/thresholding.py:84: UserWarning: inputDataType changing for Thresholding_1: UINT32 -> UINT9 
  warnings.warn(warn_str)
/home/samu/dev/CEN571-final/finn-vs-vitisai/finn-repo/src/finn/custom_op/fpgadataflow/thresholding.py:84: UserWarning: inputDataType changing for Thresholding_2: UINT32 -> UINT9 
  warnings.warn(warn_str)
/home/samu/dev/CEN571-final/finn-vs-vitisai/finn-repo/src/finn/transformation/fpgadataflow/set_folding.py:221: UserWarning: SetFolding doesn't know how to handle op_type FMPadding_rtl
  warnings.warn("SetFolding doesn't know how to handle op_type " + op_type)
Input ONNX: /workspace/project/finn/resnet8_finn_int8.onnx
Output dir: /workspace/project/finn/output_resnet8_finn_synth_fps100
Mode: synthonly  target_fps=100
Building dataflow accelerator from /workspace/project/finn/resnet8_finn_int8.onnx
Intermediate outputs will be generated in /tmp/finn_dev_samu
Final outputs will be generated in /workspace/project/finn/output_resnet8_finn_synth_fps100
Build log is at /workspace/project/finn/output_resnet8_finn_synth_fps100/build_dataflow.log
Running step: step_qonnx_to_finn [1/15]
Running step: step_tidy_up [2/15]
Running step: step_resnet_streamline [3/15]
Running step: step_resnet_convert_to_hw [4/15]
Running step: step_create_dataflow_partition [5/15]
Running step: step_specialize_layers [6/15]
Running step: step_target_fps_parallelization [7/15]
Running step: step_apply_folding_config [8/15]
Running step: step_minimize_bit_width [9/15]
Running step: step_generate_estimate_reports [10/15]
Running step: step_hw_codegen [11/15]
Running step: step_hw_ipgen [12/15]
/home/samu/dev/CEN571-final/finn-vs-vitisai/finn-repo/src/finn/transformation/fpgadataflow/prepare_ip.py:56: UserWarning: Using pre-existing code for FMPadding_rtl_0
  warnings.warn("Using pre-existing code for %s" % node.name)
/home/samu/dev/CEN571-final/finn-vs-vitisai/finn-repo/src/finn/transformation/fpgadataflow/prepare_ip.py:56: UserWarning: Using pre-existing code for ConvolutionInputGenerator_rtl_0
  warnings.warn("Using pre-existing code for %s" % node.name)
/home/samu/dev/CEN571-final/finn-vs-vitisai/finn-repo/src/finn/transformation/fpgadataflow/prepare_ip.py:56: UserWarning: Using pre-existing code for MVAU_hls_0
  warnings.warn("Using pre-existing code for %s" % node.name)
/home/samu/dev/CEN571-final/finn-vs-vitisai/finn-repo/src/finn/transformation/fpgadataflow/prepare_ip.py:56: UserWarning: Using pre-existing code for AddStreams_hls_0
  warnings.warn("Using pre-existing code for %s" % node.name)
/home/samu/dev/CEN571-final/finn-vs-vitisai/finn-repo/src/finn/transformation/fpgadataflow/prepare_ip.py:56: UserWarning: Using pre-existing code for Thresholding_rtl_0
  warnings.warn("Using pre-existing code for %s" % node.name)
/home/samu/dev/CEN571-final/finn-vs-vitisai/finn-repo/src/finn/transformation/fpgadataflow/prepare_ip.py:56: UserWarning: Using pre-existing code for DuplicateStreams_hls_0
  warnings.warn("Using pre-existing code for %s" % node.name)
/home/samu/dev/CEN571-final/finn-vs-vitisai/finn-repo/src/finn/transformation/fpgadataflow/prepare_ip.py:56: UserWarning: Using pre-existing code for DownSampler_hls_0
  warnings.warn("Using pre-existing code for %s" % node.name)
/home/samu/dev/CEN571-final/finn-vs-vitisai/finn-repo/src/finn/transformation/fpgadataflow/prepare_ip.py:56: UserWarning: Using pre-existing code for FMPadding_rtl_1
  warnings.warn("Using pre-existing code for %s" % node.name)
/home/samu/dev/CEN571-final/finn-vs-vitisai/finn-repo/src/finn/transformation/fpgadataflow/prepare_ip.py:56: UserWarning: Using pre-existing code for MVAU_hls_1
  warnings.warn("Using pre-existing code for %s" % node.name)
/home/samu/dev/CEN571-final/finn-vs-vitisai/finn-repo/src/finn/transformation/fpgadataflow/prepare_ip.py:56: UserWarning: Using pre-existing code for ConvolutionInputGenerator_rtl_1
  warnings.warn("Using pre-existing code for %s" % node.name)
/home/samu/dev/CEN571-final/finn-vs-vitisai/finn-repo/src/finn/transformation/fpgadataflow/prepare_ip.py:56: UserWarning: Using pre-existing code for MVAU_hls_2
  warnings.warn("Using pre-existing code for %s" % node.name)
/home/samu/dev/CEN571-final/finn-vs-vitisai/finn-repo/src/finn/transformation/fpgadataflow/prepare_ip.py:56: UserWarning: Using pre-existing code for FMPadding_rtl_2
  warnings.warn("Using pre-existing code for %s" % node.name)
/home/samu/dev/CEN571-final/finn-vs-vitisai/finn-repo/src/finn/transformation/fpgadataflow/prepare_ip.py:56: UserWarning: Using pre-existing code for ConvolutionInputGenerator_rtl_2
  warnings.warn("Using pre-existing code for %s" % node.name)
/home/samu/dev/CEN571-final/finn-vs-vitisai/finn-repo/src/finn/transformation/fpgadataflow/prepare_ip.py:56: UserWarning: Using pre-existing code for MVAU_hls_3
  warnings.warn("Using pre-existing code for %s" % node.name)
/home/samu/dev/CEN571-final/finn-vs-vitisai/finn-repo/src/finn/transformation/fpgadataflow/prepare_ip.py:56: UserWarning: Using pre-existing code for AddStreams_hls_1
  warnings.warn("Using pre-existing code for %s" % node.name)
/home/samu/dev/CEN571-final/finn-vs-vitisai/finn-repo/src/finn/transformation/fpgadataflow/prepare_ip.py:56: UserWarning: Using pre-existing code for Thresholding_rtl_1
  warnings.warn("Using pre-existing code for %s" % node.name)
/home/samu/dev/CEN571-final/finn-vs-vitisai/finn-repo/src/finn/transformation/fpgadataflow/prepare_ip.py:56: UserWarning: Using pre-existing code for DuplicateStreams_hls_1
  warnings.warn("Using pre-existing code for %s" % node.name)
/home/samu/dev/CEN571-final/finn-vs-vitisai/finn-repo/src/finn/transformation/fpgadataflow/prepare_ip.py:56: UserWarning: Using pre-existing code for DownSampler_hls_1
  warnings.warn("Using pre-existing code for %s" % node.name)
/home/samu/dev/CEN571-final/finn-vs-vitisai/finn-repo/src/finn/transformation/fpgadataflow/prepare_ip.py:56: UserWarning: Using pre-existing code for FMPadding_rtl_3
  warnings.warn("Using pre-existing code for %s" % node.name)
/home/samu/dev/CEN571-final/finn-vs-vitisai/finn-repo/src/finn/transformation/fpgadataflow/prepare_ip.py:56: UserWarning: Using pre-existing code for MVAU_hls_4
  warnings.warn("Using pre-existing code for %s" % node.name)
/home/samu/dev/CEN571-final/finn-vs-vitisai/finn-repo/src/finn/transformation/fpgadataflow/prepare_ip.py:56: UserWarning: Using pre-existing code for ConvolutionInputGenerator_rtl_3
  warnings.warn("Using pre-existing code for %s" % node.name)
/home/samu/dev/CEN571-final/finn-vs-vitisai/finn-repo/src/finn/transformation/fpgadataflow/prepare_ip.py:56: UserWarning: Using pre-existing code for MVAU_hls_5
  warnings.warn("Using pre-existing code for %s" % node.name)
/home/samu/dev/CEN571-final/finn-vs-vitisai/finn-repo/src/finn/transformation/fpgadataflow/prepare_ip.py:56: UserWarning: Using pre-existing code for FMPadding_rtl_4
  warnings.warn("Using pre-existing code for %s" % node.name)
/home/samu/dev/CEN571-final/finn-vs-vitisai/finn-repo/src/finn/transformation/fpgadataflow/prepare_ip.py:56: UserWarning: Using pre-existing code for ConvolutionInputGenerator_rtl_4
  warnings.warn("Using pre-existing code for %s" % node.name)
/home/samu/dev/CEN571-final/finn-vs-vitisai/finn-repo/src/finn/transformation/fpgadataflow/prepare_ip.py:56: UserWarning: Using pre-existing code for MVAU_hls_6
  warnings.warn("Using pre-existing code for %s" % node.name)
/home/samu/dev/CEN571-final/finn-vs-vitisai/finn-repo/src/finn/transformation/fpgadataflow/prepare_ip.py:56: UserWarning: Using pre-existing code for AddStreams_hls_2
  warnings.warn("Using pre-existing code for %s" % node.name)
/home/samu/dev/CEN571-final/finn-vs-vitisai/finn-repo/src/finn/transformation/fpgadataflow/prepare_ip.py:56: UserWarning: Using pre-existing code for Thresholding_rtl_2
  warnings.warn("Using pre-existing code for %s" % node.name)
/home/samu/dev/CEN571-final/finn-vs-vitisai/finn-repo/src/finn/transformation/fpgadataflow/prepare_ip.py:56: UserWarning: Using pre-existing code for ConvolutionInputGenerator_rtl_5
  warnings.warn("Using pre-existing code for %s" % node.name)
/home/samu/dev/CEN571-final/finn-vs-vitisai/finn-repo/src/finn/transformation/fpgadataflow/prepare_ip.py:56: UserWarning: Using pre-existing code for Pool_hls_0
  warnings.warn("Using pre-existing code for %s" % node.name)
/home/samu/dev/CEN571-final/finn-vs-vitisai/finn-repo/src/finn/transformation/fpgadataflow/prepare_ip.py:56: UserWarning: Using pre-existing code for MVAU_rtl_0
  warnings.warn("Using pre-existing code for %s" % node.name)
Running step: step_set_fifo_depths [13/15]
/home/samu/dev/CEN571-final/finn-vs-vitisai/finn-repo/src/finn/transformation/fpgadataflow/hlssynth_ip.py:74: UserWarning: Using pre-existing IP for Pool_hls_0
  warnings.warn("Using pre-existing IP for %s" % node.name)
/home/samu/dev/CEN571-final/finn-vs-vitisai/finn-repo/src/finn/transformation/fpgadataflow/hlssynth_ip.py:74: UserWarning: Using pre-existing IP for AddStreams_hls_2
  warnings.warn("Using pre-existing IP for %s" % node.name)
/home/samu/dev/CEN571-final/finn-vs-vitisai/finn-repo/src/finn/transformation/fpgadataflow/hlssynth_ip.py:74: UserWarning: Using pre-existing IP for MVAU_hls_6
  warnings.warn("Using pre-existing IP for %s" % node.name)
/home/samu/dev/CEN571-final/finn-vs-vitisai/finn-repo/src/finn/transformation/fpgadataflow/hlssynth_ip.py:74: UserWarning: Using pre-existing IP for MVAU_hls_5
  warnings.warn("Using pre-existing IP for %s" % node.name)
/home/samu/dev/CEN571-final/finn-vs-vitisai/finn-repo/src/finn/transformation/fpgadataflow/hlssynth_ip.py:74: UserWarning: Using pre-existing IP for MVAU_hls_4
  warnings.warn("Using pre-existing IP for %s" % node.name)
/home/samu/dev/CEN571-final/finn-vs-vitisai/finn-repo/src/finn/transformation/fpgadataflow/hlssynth_ip.py:74: UserWarning: Using pre-existing IP for DownSampler_hls_1
  warnings.warn("Using pre-existing IP for %s" % node.name)
/home/samu/dev/CEN571-final/finn-vs-vitisai/finn-repo/src/finn/transformation/fpgadataflow/hlssynth_ip.py:74: UserWarning: Using pre-existing IP for DuplicateStreams_hls_1
  warnings.warn("Using pre-existing IP for %s" % node.name)
/home/samu/dev/CEN571-final/finn-vs-vitisai/finn-repo/src/finn/transformation/fpgadataflow/hlssynth_ip.py:74: UserWarning: Using pre-existing IP for AddStreams_hls_1
  warnings.warn("Using pre-existing IP for %s" % node.name)
/home/samu/dev/CEN571-final/finn-vs-vitisai/finn-repo/src/finn/transformation/fpgadataflow/hlssynth_ip.py:74: UserWarning: Using pre-existing IP for MVAU_hls_3
  warnings.warn("Using pre-existing IP for %s" % node.name)
/home/samu/dev/CEN571-final/finn-vs-vitisai/finn-repo/src/finn/transformation/fpgadataflow/hlssynth_ip.py:74: UserWarning: Using pre-existing IP for MVAU_hls_2
  warnings.warn("Using pre-existing IP for %s" % node.name)
/home/samu/dev/CEN571-final/finn-vs-vitisai/finn-repo/src/finn/transformation/fpgadataflow/hlssynth_ip.py:74: UserWarning: Using pre-existing IP for MVAU_hls_1
  warnings.warn("Using pre-existing IP for %s" % node.name)
/home/samu/dev/CEN571-final/finn-vs-vitisai/finn-repo/src/finn/transformation/fpgadataflow/hlssynth_ip.py:74: UserWarning: Using pre-existing IP for DownSampler_hls_0
  warnings.warn("Using pre-existing IP for %s" % node.name)
/home/samu/dev/CEN571-final/finn-vs-vitisai/finn-repo/src/finn/transformation/fpgadataflow/hlssynth_ip.py:74: UserWarning: Using pre-existing IP for DuplicateStreams_hls_0
  warnings.warn("Using pre-existing IP for %s" % node.name)
/home/samu/dev/CEN571-final/finn-vs-vitisai/finn-repo/src/finn/transformation/fpgadataflow/hlssynth_ip.py:74: UserWarning: Using pre-existing IP for AddStreams_hls_0
  warnings.warn("Using pre-existing IP for %s" % node.name)
/home/samu/dev/CEN571-final/finn-vs-vitisai/finn-repo/src/finn/transformation/fpgadataflow/hlssynth_ip.py:74: UserWarning: Using pre-existing IP for MVAU_hls_0
  warnings.warn("Using pre-existing IP for %s" % node.name)
Running step: step_create_stitched_ip [14/15]
Vivado stitched IP written into /workspace/project/finn/output_resnet8_finn_synth_fps100/stitched_ip
Running step: step_out_of_context_synthesis [15/15]
ap_clk
xczu3eg-sbva484-1-e
10.000000
0

****** Vivado v2022.2 (64-bit)
  **** SW Build 3671981 on Fri Oct 14 04:59:54 MDT 2022
  **** IP Build 3669848 on Fri Oct 14 08:30:02 MDT 2022
    ** Copyright 1986-2022 Xilinx, Inc. All Rights Reserved.

source finn_design_wrapper.tcl
# set fpga_part "xczu3eg-sbva484-1-e"
# set origin_dir "."
# if { [info exists ::origin_dir_loc] } {
#   set origin_dir $::origin_dir_loc
# }
# variable script_file
# set script_file "vivadocompile.tcl"
# proc help {} {
#   variable script_file
#   puts "\nDescription:"
#   puts "Recreate a Vivado project from this script. The created project will be"
#   puts "functionally equivalent to the original project for which this script was"
#   puts "generated. The script contains commands for creating a project, filesets,"
#   puts "runs, adding/importing sources and setting properties on various objects.\n"
#   puts "Syntax:"
#   puts "$script_file"
#   puts "$script_file -tclargs \[--origin_dir <path>\]"
#   puts "$script_file -tclargs \[--help\]\n"
#   puts "Usage:"
#   puts "Name                   Description"
#   puts "-------------------------------------------------------------------------"
#   puts "\[--origin_dir <path>\]  Determine source file paths wrt this path. Default"
#   puts "                       origin_dir path value is \".\", otherwise, the value"
#   puts "                       that was set with the \"-paths_relative_to\" switch"
#   puts "                       when this script was generated.\n"
#   puts "\[--help\]               Print help information for this script"
#   puts "-------------------------------------------------------------------------\n"
#   exit 0
# }
# if { $::argc > 0 } {
#   for {set i 0} {$i < [llength $::argc]} {incr i} {
#     set option [string trim [lindex $::argv $i]]
#     switch -regexp -- $option {
#       "--origin_dir" { incr i; set origin_dir [lindex $::argv $i] }
#       "--help"       { help }
#       default {
#         if { [regexp {^-} $option] } {
#           puts "ERROR: Unknown option '$option' specified, please type '$script_file -tclargs --help' for usage info.\n"
#           return 1
#         }
#       }
#     }
#   }
# }
# set orig_proj_dir "[file normalize "$origin_dir/vivadocompile"]"
# create_project -force vivadocompile ./vivadocompile -part $fpga_part
# set proj_dir [get_property directory [current_project]]
# set obj [get_projects vivadocompile]
# set_property "default_lib" "xil_defaultlib" $obj
# set_property "sim.ip.auto_export_scripts" "1" $obj
# set_property "simulator_language" "Mixed" $obj
# if {[string equal [get_filesets -quiet sources_1] ""]} {
#   create_fileset -srcset sources_1
# }
# set obj [get_filesets sources_1]
# source sources.tcl
## set files [list \
## "[file normalize "$origin_dir/dummy_nachiket_fooling_zsh_for_loops.h"]"\
## "[file normalize "$origin_dir/AddStreams_hls_0_flow_control_loop_pipe_no_ap_cont.v"]"\
## "[file normalize "$origin_dir/AddStreams_hls_0_hls_deadlock_idx0_monitor.v"]"\
## "[file normalize "$origin_dir/AddStreams_hls_0_regslice_both.v"]"\
## "[file normalize "$origin_dir/AddStreams_hls_0.v"]"\
## "[file normalize "$origin_dir/AddStreams_hls_1_flow_control_loop_pipe_no_ap_cont.v"]"\
## "[file normalize "$origin_dir/AddStreams_hls_1_hls_deadlock_idx0_monitor.v"]"\
## "[file normalize "$origin_dir/AddStreams_hls_1_regslice_both.v"]"\
## "[file normalize "$origin_dir/AddStreams_hls_1.v"]"\
## "[file normalize "$origin_dir/AddStreams_hls_2_flow_control_loop_pipe_no_ap_cont.v"]"\
## "[file normalize "$origin_dir/AddStreams_hls_2_hls_deadlock_idx0_monitor.v"]"\
## "[file normalize "$origin_dir/AddStreams_hls_2_regslice_both.v"]"\
## "[file normalize "$origin_dir/AddStreams_hls_2.v"]"\
## "[file normalize "$origin_dir/axilite_if.v"]"\
## "[file normalize "$origin_dir/ConvolutionInputGenerator_rtl_0_wrapper.v"]"\
## "[file normalize "$origin_dir/ConvolutionInputGenerator_rtl_1_wrapper.v"]"\
## "[file normalize "$origin_dir/ConvolutionInputGenerator_rtl_2_wrapper.v"]"\
## "[file normalize "$origin_dir/ConvolutionInputGenerator_rtl_3_wrapper.v"]"\
## "[file normalize "$origin_dir/ConvolutionInputGenerator_rtl_4_wrapper.v"]"\
## "[file normalize "$origin_dir/ConvolutionInputGenerator_rtl_5_wrapper.v"]"\
## "[file normalize "$origin_dir/DownSampler_hls_0_flow_control_loop_pipe_no_ap_cont.v"]"\
## "[file normalize "$origin_dir/DownSampler_hls_0_hls_deadlock_idx0_monitor.v"]"\
## "[file normalize "$origin_dir/DownSampler_hls_0_regslice_both.v"]"\
## "[file normalize "$origin_dir/DownSampler_hls_0.v"]"\
## "[file normalize "$origin_dir/DownSampler_hls_1_ConvolutionInputGenerator_2D_kernel1_32u_8u_16u_1u_2u_s.v"]"\
## "[file normalize "$origin_dir/DownSampler_hls_1_flow_control_loop_pipe_sequential_init.v"]"\
## "[file normalize "$origin_dir/DownSampler_hls_1_hls_deadlock_idx0_monitor.v"]"\
## "[file normalize "$origin_dir/DownSampler_hls_1_hls_deadlock_idx1_monitor.v"]"\
## "[file normalize "$origin_dir/DownSampler_hls_1_regslice_both.v"]"\
## "[file normalize "$origin_dir/DownSampler_hls_1.v"]"\
## "[file normalize "$origin_dir/DuplicateStreams_hls_0_flow_control_loop_pipe_no_ap_cont.v"]"\
## "[file normalize "$origin_dir/DuplicateStreams_hls_0_hls_deadlock_idx0_monitor.v"]"\
## "[file normalize "$origin_dir/DuplicateStreams_hls_0_regslice_both.v"]"\
## "[file normalize "$origin_dir/DuplicateStreams_hls_0.v"]"\
## "[file normalize "$origin_dir/DuplicateStreams_hls_1_flow_control_loop_pipe_no_ap_cont.v"]"\
## "[file normalize "$origin_dir/DuplicateStreams_hls_1_hls_deadlock_idx0_monitor.v"]"\
## "[file normalize "$origin_dir/DuplicateStreams_hls_1_regslice_both.v"]"\
## "[file normalize "$origin_dir/DuplicateStreams_hls_1.v"]"\
## "[file normalize "$origin_dir/finn_design_AddStreams_hls_0_0.v"]"\
## "[file normalize "$origin_dir/finn_design_AddStreams_hls_1_0.v"]"\
## "[file normalize "$origin_dir/finn_design_AddStreams_hls_2_0.v"]"\
## "[file normalize "$origin_dir/finn_design_ConvolutionInputGenerator_rtl_0_0.v"]"\
## "[file normalize "$origin_dir/finn_design_ConvolutionInputGenerator_rtl_1_0.v"]"\
## "[file normalize "$origin_dir/finn_design_ConvolutionInputGenerator_rtl_2_0.v"]"\
## "[file normalize "$origin_dir/finn_design_ConvolutionInputGenerator_rtl_3_0.v"]"\
## "[file normalize "$origin_dir/finn_design_ConvolutionInputGenerator_rtl_4_0.v"]"\
## "[file normalize "$origin_dir/finn_design_ConvolutionInputGenerator_rtl_5_0.v"]"\
## "[file normalize "$origin_dir/finn_design_DownSampler_hls_0_0.v"]"\
## "[file normalize "$origin_dir/finn_design_DownSampler_hls_1_0.v"]"\
## "[file normalize "$origin_dir/finn_design_DuplicateStreams_hls_0_0.v"]"\
## "[file normalize "$origin_dir/finn_design_DuplicateStreams_hls_1_0.v"]"\
## "[file normalize "$origin_dir/finn_design_FMPadding_rtl_0_0.v"]"\
## "[file normalize "$origin_dir/finn_design_FMPadding_rtl_1_0.v"]"\
## "[file normalize "$origin_dir/finn_design_FMPadding_rtl_2_0.v"]"\
## "[file normalize "$origin_dir/finn_design_FMPadding_rtl_3_0.v"]"\
## "[file normalize "$origin_dir/finn_design_FMPadding_rtl_4_0.v"]"\
## "[file normalize "$origin_dir/finn_design_MVAU_hls_0_0.v"]"\
## "[file normalize "$origin_dir/finn_design_MVAU_hls_0_wstrm_0.v"]"\
## "[file normalize "$origin_dir/finn_design_MVAU_hls_1_0.v"]"\
## "[file normalize "$origin_dir/finn_design_MVAU_hls_1_wstrm_0.v"]"\
## "[file normalize "$origin_dir/finn_design_MVAU_hls_2_0.v"]"\
## "[file normalize "$origin_dir/finn_design_MVAU_hls_2_wstrm_0.v"]"\
## "[file normalize "$origin_dir/finn_design_MVAU_hls_3_0.v"]"\
## "[file normalize "$origin_dir/finn_design_MVAU_hls_3_wstrm_0.v"]"\
## "[file normalize "$origin_dir/finn_design_MVAU_hls_4_0.v"]"\
## "[file normalize "$origin_dir/finn_design_MVAU_hls_4_wstrm_0.v"]"\
## "[file normalize "$origin_dir/finn_design_MVAU_hls_5_0.v"]"\
## "[file normalize "$origin_dir/finn_design_MVAU_hls_5_wstrm_0.v"]"\
## "[file normalize "$origin_dir/finn_design_MVAU_hls_6_0.v"]"\
## "[file normalize "$origin_dir/finn_design_MVAU_hls_6_wstrm_0.v"]"\
## "[file normalize "$origin_dir/finn_design_MVAU_rtl_0_0.v"]"\
## "[file normalize "$origin_dir/finn_design_MVAU_rtl_0_wstrm_0.v"]"\
## "[file normalize "$origin_dir/finn_design_Pool_hls_0_0.v"]"\
## "[file normalize "$origin_dir/finn_design_StreamingDataWidthConverter_rtl_0_0.v"]"\
## "[file normalize "$origin_dir/finn_design_StreamingDataWidthConverter_rtl_10_0.v"]"\
## "[file normalize "$origin_dir/finn_design_StreamingDataWidthConverter_rtl_1_0.v"]"\
## "[file normalize "$origin_dir/finn_design_StreamingDataWidthConverter_rtl_11_0.v"]"\
## "[file normalize "$origin_dir/finn_design_StreamingDataWidthConverter_rtl_12_0.v"]"\
## "[file normalize "$origin_dir/finn_design_StreamingDataWidthConverter_rtl_13_0.v"]"\
## "[file normalize "$origin_dir/finn_design_StreamingDataWidthConverter_rtl_2_0.v"]"\
## "[file normalize "$origin_dir/finn_design_StreamingDataWidthConverter_rtl_3_0.v"]"\
## "[file normalize "$origin_dir/finn_design_StreamingDataWidthConverter_rtl_4_0.v"]"\
## "[file normalize "$origin_dir/finn_design_StreamingDataWidthConverter_rtl_5_0.v"]"\
## "[file normalize "$origin_dir/finn_design_StreamingDataWidthConverter_rtl_6_0.v"]"\
## "[file normalize "$origin_dir/finn_design_StreamingDataWidthConverter_rtl_7_0.v"]"\
## "[file normalize "$origin_dir/finn_design_StreamingDataWidthConverter_rtl_8_0.v"]"\
## "[file normalize "$origin_dir/finn_design_StreamingDataWidthConverter_rtl_9_0.v"]"\
## "[file normalize "$origin_dir/finn_design_StreamingFIFO_rtl_0_0.v"]"\
## "[file normalize "$origin_dir/finn_design_StreamingFIFO_rtl_10_0.v"]"\
## "[file normalize "$origin_dir/finn_design_StreamingFIFO_rtl_1_0.v"]"\
## "[file normalize "$origin_dir/finn_design_StreamingFIFO_rtl_11_0.v"]"\
## "[file normalize "$origin_dir/finn_design_StreamingFIFO_rtl_12_0.v"]"\
## "[file normalize "$origin_dir/finn_design_StreamingFIFO_rtl_13_0.v"]"\
## "[file normalize "$origin_dir/finn_design_StreamingFIFO_rtl_14_0.v"]"\
## "[file normalize "$origin_dir/finn_design_StreamingFIFO_rtl_15_0.v"]"\
## "[file normalize "$origin_dir/finn_design_StreamingFIFO_rtl_16_0.v"]"\
## "[file normalize "$origin_dir/finn_design_StreamingFIFO_rtl_17_0.v"]"\
## "[file normalize "$origin_dir/finn_design_StreamingFIFO_rtl_18_0.v"]"\
## "[file normalize "$origin_dir/finn_design_StreamingFIFO_rtl_19_0.v"]"\
## "[file normalize "$origin_dir/finn_design_StreamingFIFO_rtl_20_0.v"]"\
## "[file normalize "$origin_dir/finn_design_StreamingFIFO_rtl_2_0.v"]"\
## "[file normalize "$origin_dir/finn_design_StreamingFIFO_rtl_21_0.v"]"\
## "[file normalize "$origin_dir/finn_design_StreamingFIFO_rtl_22_0.v"]"\
## "[file normalize "$origin_dir/finn_design_StreamingFIFO_rtl_23_0.v"]"\
## "[file normalize "$origin_dir/finn_design_StreamingFIFO_rtl_24_0.v"]"\
## "[file normalize "$origin_dir/finn_design_StreamingFIFO_rtl_25_0.v"]"\
## "[file normalize "$origin_dir/finn_design_StreamingFIFO_rtl_26_0.v"]"\
## "[file normalize "$origin_dir/finn_design_StreamingFIFO_rtl_27_0.v"]"\
## "[file normalize "$origin_dir/finn_design_StreamingFIFO_rtl_28_0.v"]"\
## "[file normalize "$origin_dir/finn_design_StreamingFIFO_rtl_29_0.v"]"\
## "[file normalize "$origin_dir/finn_design_StreamingFIFO_rtl_30_0.v"]"\
## "[file normalize "$origin_dir/finn_design_StreamingFIFO_rtl_3_0.v"]"\
## "[file normalize "$origin_dir/finn_design_StreamingFIFO_rtl_31_0.v"]"\
## "[file normalize "$origin_dir/finn_design_StreamingFIFO_rtl_32_0.v"]"\
## "[file normalize "$origin_dir/finn_design_StreamingFIFO_rtl_33_0.v"]"\
## "[file normalize "$origin_dir/finn_design_StreamingFIFO_rtl_34_0.v"]"\
## "[file normalize "$origin_dir/finn_design_StreamingFIFO_rtl_35_0.v"]"\
## "[file normalize "$origin_dir/finn_design_StreamingFIFO_rtl_36_0.v"]"\
## "[file normalize "$origin_dir/finn_design_StreamingFIFO_rtl_37_0.v"]"\
## "[file normalize "$origin_dir/finn_design_StreamingFIFO_rtl_38_0.v"]"\
## "[file normalize "$origin_dir/finn_design_StreamingFIFO_rtl_39_0.v"]"\
## "[file normalize "$origin_dir/finn_design_StreamingFIFO_rtl_40_0.v"]"\
## "[file normalize "$origin_dir/finn_design_StreamingFIFO_rtl_4_0.v"]"\
## "[file normalize "$origin_dir/finn_design_StreamingFIFO_rtl_41_0.v"]"\
## "[file normalize "$origin_dir/finn_design_StreamingFIFO_rtl_42_0.v"]"\
## "[file normalize "$origin_dir/finn_design_StreamingFIFO_rtl_43_0.v"]"\
## "[file normalize "$origin_dir/finn_design_StreamingFIFO_rtl_44_0.v"]"\
## "[file normalize "$origin_dir/finn_design_StreamingFIFO_rtl_45_0.v"]"\
## "[file normalize "$origin_dir/finn_design_StreamingFIFO_rtl_46_0.v"]"\
## "[file normalize "$origin_dir/finn_design_StreamingFIFO_rtl_47_0.v"]"\
## "[file normalize "$origin_dir/finn_design_StreamingFIFO_rtl_5_0.v"]"\
## "[file normalize "$origin_dir/finn_design_StreamingFIFO_rtl_6_0.v"]"\
## "[file normalize "$origin_dir/finn_design_StreamingFIFO_rtl_7_0.v"]"\
## "[file normalize "$origin_dir/finn_design_StreamingFIFO_rtl_8_0.v"]"\
## "[file normalize "$origin_dir/finn_design_StreamingFIFO_rtl_9_0.v"]"\
## "[file normalize "$origin_dir/finn_design_Thresholding_rtl_0_0.v"]"\
## "[file normalize "$origin_dir/finn_design_Thresholding_rtl_1_0.v"]"\
## "[file normalize "$origin_dir/finn_design_Thresholding_rtl_2_0.v"]"\
## "[file normalize "$origin_dir/finn_design.v"]"\
## "[file normalize "$origin_dir/finn_design_wrapper.v"]"\
## "[file normalize "$origin_dir/FMPadding_rtl_0.v"]"\
## "[file normalize "$origin_dir/FMPadding_rtl_1.v"]"\
## "[file normalize "$origin_dir/FMPadding_rtl_2.v"]"\
## "[file normalize "$origin_dir/FMPadding_rtl_3.v"]"\
## "[file normalize "$origin_dir/FMPadding_rtl_4.v"]"\
## "[file normalize "$origin_dir/memstream_axi_wrapper.v"]"\
## "[file normalize "$origin_dir/MVAU_hls_0_flow_control_loop_pipe_sequential_init.v"]"\
## "[file normalize "$origin_dir/MVAU_hls_0_hls_deadlock_idx0_monitor.v"]"\
## "[file normalize "$origin_dir/MVAU_hls_0_hls_deadlock_idx1_monitor.v"]"\
## "[file normalize "$origin_dir/MVAU_hls_0_mac_muladd_8ns_8s_16s_17_4_1.v"]"\
## "[file normalize "$origin_dir/MVAU_hls_0_mac_muladd_8ns_8s_21s_21_4_1.v"]"\
## "[file normalize "$origin_dir/MVAU_hls_0_Matrix_Vector_Activate_Stream_Batch_p_ZL7threshs_0_ROM_AUTO_1R.v"]"\
## "[file normalize "$origin_dir/MVAU_hls_0_Matrix_Vector_Activate_Stream_Batch_p_ZL7threshs_100_ROM_AUTO_1R.v"]"\
## "[file normalize "$origin_dir/MVAU_hls_0_Matrix_Vector_Activate_Stream_Batch_p_ZL7threshs_101_ROM_AUTO_1R.v"]"\
## "[file normalize "$origin_dir/MVAU_hls_0_Matrix_Vector_Activate_Stream_Batch_p_ZL7threshs_102_ROM_AUTO_1R.v"]"\
## "[file normalize "$origin_dir/MVAU_hls_0_Matrix_Vector_Activate_Stream_Batch_p_ZL7threshs_103_ROM_AUTO_1R.v"]"\
## "[file normalize "$origin_dir/MVAU_hls_0_Matrix_Vector_Activate_Stream_Batch_p_ZL7threshs_104_ROM_AUTO_1R.v"]"\
## "[file normalize "$origin_dir/MVAU_hls_0_Matrix_Vector_Activate_Stream_Batch_p_ZL7threshs_105_ROM_AUTO_1R.v"]"\
## "[file normalize "$origin_dir/MVAU_hls_0_Matrix_Vector_Activate_Stream_Batch_p_ZL7threshs_106_ROM_AUTO_1R.v"]"\
## "[file normalize "$origin_dir/MVAU_hls_0_Matrix_Vector_Activate_Stream_Batch_p_ZL7threshs_107_ROM_AUTO_1R.v"]"\
## "[file normalize "$origin_dir/MVAU_hls_0_Matrix_Vector_Activate_Stream_Batch_p_ZL7threshs_108_ROM_AUTO_1R.v"]"\
## "[file normalize "$origin_dir/MVAU_hls_0_Matrix_Vector_Activate_Stream_Batch_p_ZL7threshs_109_ROM_AUTO_1R.v"]"\
## "[file normalize "$origin_dir/MVAU_hls_0_Matrix_Vector_Activate_Stream_Batch_p_ZL7threshs_10_ROM_AUTO_1R.v"]"\
## "[file normalize "$origin_dir/MVAU_hls_0_Matrix_Vector_Activate_Stream_Batch_p_ZL7threshs_110_ROM_AUTO_1R.v"]"\
## "[file normalize "$origin_dir/MVAU_hls_0_Matrix_Vector_Activate_Stream_Batch_p_ZL7threshs_111_ROM_AUTO_1R.v"]"\
## "[file normalize "$origin_dir/MVAU_hls_0_Matrix_Vector_Activate_Stream_Batch_p_ZL7threshs_112_ROM_AUTO_1R.v"]"\
## "[file normalize "$origin_dir/MVAU_hls_0_Matrix_Vector_Activate_Stream_Batch_p_ZL7threshs_113_ROM_AUTO_1R.v"]"\
## "[file normalize "$origin_dir/MVAU_hls_0_Matrix_Vector_Activate_Stream_Batch_p_ZL7threshs_114_ROM_AUTO_1R.v"]"\
## "[file normalize "$origin_dir/MVAU_hls_0_Matrix_Vector_Activate_Stream_Batch_p_ZL7threshs_115_ROM_AUTO_1R.v"]"\
## "[file normalize "$origin_dir/MVAU_hls_0_Matrix_Vector_Activate_Stream_Batch_p_ZL7threshs_116_ROM_AUTO_1R.v"]"\
## "[file normalize "$origin_dir/MVAU_hls_0_Matrix_Vector_Activate_Stream_Batch_p_ZL7threshs_117_ROM_AUTO_1R.v"]"\
## "[file normalize "$origin_dir/MVAU_hls_0_Matrix_Vector_Activate_Stream_Batch_p_ZL7threshs_118_ROM_AUTO_1R.v"]"\
## "[file normalize "$origin_dir/MVAU_hls_0_Matrix_Vector_Activate_Stream_Batch_p_ZL7threshs_119_ROM_AUTO_1R.v"]"\
## "[file normalize "$origin_dir/MVAU_hls_0_Matrix_Vector_Activate_Stream_Batch_p_ZL7threshs_11_ROM_AUTO_1R.v"]"\
## "[file normalize "$origin_dir/MVAU_hls_0_Matrix_Vector_Activate_Stream_Batch_p_ZL7threshs_120_ROM_AUTO_1R.v"]"\
## "[file normalize "$origin_dir/MVAU_hls_0_Matrix_Vector_Activate_Stream_Batch_p_ZL7threshs_121_ROM_AUTO_1R.v"]"\
## "[file normalize "$origin_dir/MVAU_hls_0_Matrix_Vector_Activate_Stream_Batch_p_ZL7threshs_122_ROM_AUTO_1R.v"]"\
## "[file normalize "$origin_dir/MVAU_hls_0_Matrix_Vector_Activate_Stream_Batch_p_ZL7threshs_123_ROM_AUTO_1R.v"]"\
## "[file normalize "$origin_dir/MVAU_hls_0_Matrix_Vector_Activate_Stream_Batch_p_ZL7threshs_124_ROM_AUTO_1R.v"]"\
## "[file normalize "$origin_dir/MVAU_hls_0_Matrix_Vector_Activate_Stream_Batch_p_ZL7threshs_125_ROM_AUTO_1R.v"]"\
## "[file normalize "$origin_dir/MVAU_hls_0_Matrix_Vector_Activate_Stream_Batch_p_ZL7threshs_126_ROM_AUTO_1R.v"]"\
## "[file normalize "$origin_dir/MVAU_hls_0_Matrix_Vector_Activate_Stream_Batch_p_ZL7threshs_127_ROM_AUTO_1R.v"]"\
## "[file normalize "$origin_dir/MVAU_hls_0_Matrix_Vector_Activate_Stream_Batch_p_ZL7threshs_128_ROM_AUTO_1R.v"]"\
## "[file normalize "$origin_dir/MVAU_hls_0_Matrix_Vector_Activate_Stream_Batch_p_ZL7threshs_129_ROM_AUTO_1R.v"]"\
## "[file normalize "$origin_dir/MVAU_hls_0_Matrix_Vector_Activate_Stream_Batch_p_ZL7threshs_12_ROM_AUTO_1R.v"]"\
## "[file normalize "$origin_dir/MVAU_hls_0_Matrix_Vector_Activate_Stream_Batch_p_ZL7threshs_130_ROM_AUTO_1R.v"]"\
## "[file normalize "$origin_dir/MVAU_hls_0_Matrix_Vector_Activate_Stream_Batch_p_ZL7threshs_131_ROM_AUTO_1R.v"]"\
## "[file normalize "$origin_dir/MVAU_hls_0_Matrix_Vector_Activate_Stream_Batch_p_ZL7threshs_132_ROM_AUTO_1R.v"]"\
## "[file normalize "$origin_dir/MVAU_hls_0_Matrix_Vector_Activate_Stream_Batch_p_ZL7threshs_133_ROM_AUTO_1R.v"]"\
## "[file normalize "$origin_dir/MVAU_hls_0_Matrix_Vector_Activate_Stream_Batch_p_ZL7threshs_134_ROM_AUTO_1R.v"]"\
## "[file normalize "$origin_dir/MVAU_hls_0_Matrix_Vector_Activate_Stream_Batch_p_ZL7threshs_135_ROM_AUTO_1R.v"]"\
## "[file normalize "$origin_dir/MVAU_hls_0_Matrix_Vector_Activate_Stream_Batch_p_ZL7threshs_136_ROM_AUTO_1R.v"]"\
## "[file normalize "$origin_dir/MVAU_hls_0_Matrix_Vector_Activate_Stream_Batch_p_ZL7threshs_137_ROM_AUTO_1R.v"]"\
## "[file normalize "$origin_dir/MVAU_hls_0_Matrix_Vector_Activate_Stream_Batch_p_ZL7threshs_138_ROM_AUTO_1R.v"]"\
## "[file normalize "$origin_dir/MVAU_hls_0_Matrix_Vector_Activate_Stream_Batch_p_ZL7threshs_139_ROM_AUTO_1R.v"]"\
## "[file normalize "$origin_dir/MVAU_hls_0_Matrix_Vector_Activate_Stream_Batch_p_ZL7threshs_13_ROM_AUTO_1R.v"]"\
## "[file normalize "$origin_dir/MVAU_hls_0_Matrix_Vector_Activate_Stream_Batch_p_ZL7threshs_140_ROM_AUTO_1R.v"]"\
## "[file normalize "$origin_dir/MVAU_hls_0_Matrix_Vector_Activate_Stream_Batch_p_ZL7threshs_141_ROM_AUTO_1R.v"]"\
## "[file normalize "$origin_dir/MVAU_hls_0_Matrix_Vector_Activate_Stream_Batch_p_ZL7threshs_142_ROM_AUTO_1R.v"]"\
## "[file normalize "$origin_dir/MVAU_hls_0_Matrix_Vector_Activate_Stream_Batch_p_ZL7threshs_143_ROM_AUTO_1R.v"]"\
## "[file normalize "$origin_dir/MVAU_hls_0_Matrix_Vector_Activate_Stream_Batch_p_ZL7threshs_144_ROM_AUTO_1R.v"]"\
## "[file normalize "$origin_dir/MVAU_hls_0_Matrix_Vector_Activate_Stream_Batch_p_ZL7threshs_145_ROM_AUTO_1R.v"]"\
## "[file normalize "$origin_dir/MVAU_hls_0_Matrix_Vector_Activate_Stream_Batch_p_ZL7threshs_146_ROM_AUTO_1R.v"]"\
## "[file normalize "$origin_dir/MVAU_hls_0_Matrix_Vector_Activate_Stream_Batch_p_ZL7threshs_147_ROM_AUTO_1R.v"]"\
## "[file normalize "$origin_dir/MVAU_hls_0_Matrix_Vector_Activate_Stream_Batch_p_ZL7threshs_148_ROM_AUTO_1R.v"]"\
## "[file normalize "$origin_dir/MVAU_hls_0_Matrix_Vector_Activate_Stream_Batch_p_ZL7threshs_149_ROM_AUTO_1R.v"]"\
## "[file normalize "$origin_dir/MVAU_hls_0_Matrix_Vector_Activate_Stream_Batch_p_ZL7threshs_14_ROM_AUTO_1R.v"]"\
## "[file normalize "$origin_dir/MVAU_hls_0_Matrix_Vector_Activate_Stream_Batch_p_ZL7threshs_150_ROM_AUTO_1R.v"]"\
## "[file normalize "$origin_dir/MVAU_hls_0_Matrix_Vector_Activate_Stream_Batch_p_ZL7threshs_151_ROM_AUTO_1R.v"]"\
## "[file normalize "$origin_dir/MVAU_hls_0_Matrix_Vector_Activate_Stream_Batch_p_ZL7threshs_152_ROM_AUTO_1R.v"]"\
## "[file normalize "$origin_dir/MVAU_hls_0_Matrix_Vector_Activate_Stream_Batch_p_ZL7threshs_153_ROM_AUTO_1R.v"]"\
## "[file normalize "$origin_dir/MVAU_hls_0_Matrix_Vector_Activate_Stream_Batch_p_ZL7threshs_154_ROM_AUTO_1R.v"]"\
## "[file normalize "$origin_dir/MVAU_hls_0_Matrix_Vector_Activate_Stream_Batch_p_ZL7threshs_155_ROM_AUTO_1R.v"]"\
## "[file normalize "$origin_dir/MVAU_hls_0_Matrix_Vector_Activate_Stream_Batch_p_ZL7threshs_156_ROM_AUTO_1R.v"]"\
## "[file normalize "$origin_dir/MVAU_hls_0_Matrix_Vector_Activate_Stream_Batch_p_ZL7threshs_157_ROM_AUTO_1R.v"]"\
## "[file normalize "$origin_dir/MVAU_hls_0_Matrix_Vector_Activate_Stream_Batch_p_ZL7threshs_158_ROM_AUTO_1R.v"]"\
## "[file normalize "$origin_dir/MVAU_hls_0_Matrix_Vector_Activate_Stream_Batch_p_ZL7threshs_159_ROM_AUTO_1R.v"]"\
## "[file normalize "$origin_dir/MVAU_hls_0_Matrix_Vector_Activate_Stream_Batch_p_ZL7threshs_15_ROM_AUTO_1R.v"]"\
## "[file normalize "$origin_dir/MVAU_hls_0_Matrix_Vector_Activate_Stream_Batch_p_ZL7threshs_160_ROM_AUTO_1R.v"]"\
## "[file normalize "$origin_dir/MVAU_hls_0_Matrix_Vector_Activate_Stream_Batch_p_ZL7threshs_161_ROM_AUTO_1R.v"]"\
## "[file normalize "$origin_dir/MVAU_hls_0_Matrix_Vector_Activate_Stream_Batch_p_ZL7threshs_162_ROM_AUTO_1R.v"]"\
## "[file normalize "$origin_dir/MVAU_hls_0_Matrix_Vector_Activate_Stream_Batch_p_ZL7threshs_163_ROM_AUTO_1R.v"]"\
## "[file normalize "$origin_dir/MVAU_hls_0_Matrix_Vector_Activate_Stream_Batch_p_ZL7threshs_164_ROM_AUTO_1R.v"]"\
## "[file normalize "$origin_dir/MVAU_hls_0_Matrix_Vector_Activate_Stream_Batch_p_ZL7threshs_165_ROM_AUTO_1R.v"]"\
## "[file normalize "$origin_dir/MVAU_hls_0_Matrix_Vector_Activate_Stream_Batch_p_ZL7threshs_166_ROM_AUTO_1R.v"]"\
## "[file normalize "$origin_dir/MVAU_hls_0_Matrix_Vector_Activate_Stream_Batch_p_ZL7threshs_167_ROM_AUTO_1R.v"]"\
## "[file normalize "$origin_dir/MVAU_hls_0_Matrix_Vector_Activate_Stream_Batch_p_ZL7threshs_168_ROM_AUTO_1R.v"]"\
## "[file normalize "$origin_dir/MVAU_hls_0_Matrix_Vector_Activate_Stream_Batch_p_ZL7threshs_169_ROM_AUTO_1R.v"]"\
## "[file normalize "$origin_dir/MVAU_hls_0_Matrix_Vector_Activate_Stream_Batch_p_ZL7threshs_16_ROM_AUTO_1R.v"]"\
## "[file normalize "$origin_dir/MVAU_hls_0_Matrix_Vector_Activate_Stream_Batch_p_ZL7threshs_170_ROM_AUTO_1R.v"]"\
## "[file normalize "$origin_dir/MVAU_hls_0_Matrix_Vector_Activate_Stream_Batch_p_ZL7threshs_171_ROM_AUTO_1R.v"]"\
## "[file normalize "$origin_dir/MVAU_hls_0_Matrix_Vector_Activate_Stream_Batch_p_ZL7threshs_172_ROM_AUTO_1R.v"]"\
## "[file normalize "$origin_dir/MVAU_hls_0_Matrix_Vector_Activate_Stream_Batch_p_ZL7threshs_173_ROM_AUTO_1R.v"]"\
## "[file normalize "$origin_dir/MVAU_hls_0_Matrix_Vector_Activate_Stream_Batch_p_ZL7threshs_174_ROM_AUTO_1R.v"]"\
## "[file normalize "$origin_dir/MVAU_hls_0_Matrix_Vector_Activate_Stream_Batch_p_ZL7threshs_175_ROM_AUTO_1R.v"]"\
## "[file normalize "$origin_dir/MVAU_hls_0_Matrix_Vector_Activate_Stream_Batch_p_ZL7threshs_176_ROM_AUTO_1R.v"]"\
## "[file normalize "$origin_dir/MVAU_hls_0_Matrix_Vector_Activate_Stream_Batch_p_ZL7threshs_177_ROM_AUTO_1R.v"]"\
## "[file normalize "$origin_dir/MVAU_hls_0_Matrix_Vector_Activate_Stream_Batch_p_ZL7threshs_178_ROM_AUTO_1R.v"]"\
## "[file normalize "$origin_dir/MVAU_hls_0_Matrix_Vector_Activate_Stream_Batch_p_ZL7threshs_179_ROM_AUTO_1R.v"]"\
## "[file normalize "$origin_dir/MVAU_hls_0_Matrix_Vector_Activate_Stream_Batch_p_ZL7threshs_17_ROM_AUTO_1R.v"]"\
## "[file normalize "$origin_dir/MVAU_hls_0_Matrix_Vector_Activate_Stream_Batch_p_ZL7threshs_180_ROM_AUTO_1R.v"]"\
## "[file normalize "$origin_dir/MVAU_hls_0_Matrix_Vector_Activate_Stream_Batch_p_ZL7threshs_181_ROM_AUTO_1R.v"]"\
## "[file normalize "$origin_dir/MVAU_hls_0_Matrix_Vector_Activate_Stream_Batch_p_ZL7threshs_182_ROM_AUTO_1R.v"]"\
## "[file normalize "$origin_dir/MVAU_hls_0_Matrix_Vector_Activate_Stream_Batch_p_ZL7threshs_183_ROM_AUTO_1R.v"]"\
## "[file normalize "$origin_dir/MVAU_hls_0_Matrix_Vector_Activate_Stream_Batch_p_ZL7threshs_184_ROM_AUTO_1R.v"]"\
## "[file normalize "$origin_dir/MVAU_hls_0_Matrix_Vector_Activate_Stream_Batch_p_ZL7threshs_185_ROM_AUTO_1R.v"]"\
## "[file normalize "$origin_dir/MVAU_hls_0_Matrix_Vector_Activate_Stream_Batch_p_ZL7threshs_186_ROM_AUTO_1R.v"]"\
## "[file normalize "$origin_dir/MVAU_hls_0_Matrix_Vector_Activate_Stream_Batch_p_ZL7threshs_187_ROM_AUTO_1R.v"]"\
## "[file normalize "$origin_dir/MVAU_hls_0_Matrix_Vector_Activate_Stream_Batch_p_ZL7threshs_188_ROM_AUTO_1R.v"]"\
## "[file normalize "$origin_dir/MVAU_hls_0_Matrix_Vector_Activate_Stream_Batch_p_ZL7threshs_189_ROM_AUTO_1R.v"]"\
## "[file normalize "$origin_dir/MVAU_hls_0_Matrix_Vector_Activate_Stream_Batch_p_ZL7threshs_18_ROM_AUTO_1R.v"]"\
## "[file normalize "$origin_dir/MVAU_hls_0_Matrix_Vector_Activate_Stream_Batch_p_ZL7threshs_190_ROM_AUTO_1R.v"]"\
## "[file normalize "$origin_dir/MVAU_hls_0_Matrix_Vector_Activate_Stream_Batch_p_ZL7threshs_191_ROM_AUTO_1R.v"]"\
## "[file normalize "$origin_dir/MVAU_hls_0_Matrix_Vector_Activate_Stream_Batch_p_ZL7threshs_192_ROM_AUTO_1R.v"]"\
## "[file normalize "$origin_dir/MVAU_hls_0_Matrix_Vector_Activate_Stream_Batch_p_ZL7threshs_193_ROM_AUTO_1R.v"]"\
## "[file normalize "$origin_dir/MVAU_hls_0_Matrix_Vector_Activate_Stream_Batch_p_ZL7threshs_194_ROM_AUTO_1R.v"]"\
## "[file normalize "$origin_dir/MVAU_hls_0_Matrix_Vector_Activate_Stream_Batch_p_ZL7threshs_195_ROM_AUTO_1R.v"]"\
## "[file normalize "$origin_dir/MVAU_hls_0_Matrix_Vector_Activate_Stream_Batch_p_ZL7threshs_196_ROM_AUTO_1R.v"]"\
## "[file normalize "$origin_dir/MVAU_hls_0_Matrix_Vector_Activate_Stream_Batch_p_ZL7threshs_197_ROM_AUTO_1R.v"]"\
## "[file normalize "$origin_dir/MVAU_hls_0_Matrix_Vector_Activate_Stream_Batch_p_ZL7threshs_198_ROM_AUTO_1R.v"]"\
## "[file normalize "$origin_dir/MVAU_hls_0_Matrix_Vector_Activate_Stream_Batch_p_ZL7threshs_199_ROM_AUTO_1R.v"]"\
## "[file normalize "$origin_dir/MVAU_hls_0_Matrix_Vector_Activate_Stream_Batch_p_ZL7threshs_19_ROM_AUTO_1R.v"]"\
## "[file normalize "$origin_dir/MVAU_hls_0_Matrix_Vector_Activate_Stream_Batch_p_ZL7threshs_1_ROM_AUTO_1R.v"]"\
## "[file normalize "$origin_dir/MVAU_hls_0_Matrix_Vector_Activate_Stream_Batch_p_ZL7threshs_200_ROM_AUTO_1R.v"]"\
## "[file normalize "$origin_dir/MVAU_hls_0_Matrix_Vector_Activate_Stream_Batch_p_ZL7threshs_201_ROM_AUTO_1R.v"]"\
## "[file normalize "$origin_dir/MVAU_hls_0_Matrix_Vector_Activate_Stream_Batch_p_ZL7threshs_202_ROM_AUTO_1R.v"]"\
## "[file normalize "$origin_dir/MVAU_hls_0_Matrix_Vector_Activate_Stream_Batch_p_ZL7threshs_203_ROM_AUTO_1R.v"]"\
## "[file normalize "$origin_dir/MVAU_hls_0_Matrix_Vector_Activate_Stream_Batch_p_ZL7threshs_204_ROM_AUTO_1R.v"]"\
## "[file normalize "$origin_dir/MVAU_hls_0_Matrix_Vector_Activate_Stream_Batch_p_ZL7threshs_205_ROM_AUTO_1R.v"]"\
## "[file normalize "$origin_dir/MVAU_hls_0_Matrix_Vector_Activate_Stream_Batch_p_ZL7threshs_206_ROM_AUTO_1R.v"]"\
## "[file normalize "$origin_dir/MVAU_hls_0_Matrix_Vector_Activate_Stream_Batch_p_ZL7threshs_207_ROM_AUTO_1R.v"]"\
## "[file normalize "$origin_dir/MVAU_hls_0_Matrix_Vector_Activate_Stream_Batch_p_ZL7threshs_208_ROM_AUTO_1R.v"]"\
## "[file normalize "$origin_dir/MVAU_hls_0_Matrix_Vector_Activate_Stream_Batch_p_ZL7threshs_209_ROM_AUTO_1R.v"]"\
## "[file normalize "$origin_dir/MVAU_hls_0_Matrix_Vector_Activate_Stream_Batch_p_ZL7threshs_20_ROM_AUTO_1R.v"]"\
## "[file normalize "$origin_dir/MVAU_hls_0_Matrix_Vector_Activate_Stream_Batch_p_ZL7threshs_210_ROM_AUTO_1R.v"]"\
## "[file normalize "$origin_dir/MVAU_hls_0_Matrix_Vector_Activate_Stream_Batch_p_ZL7threshs_211_ROM_AUTO_1R.v"]"\
## "[file normalize "$origin_dir/MVAU_hls_0_Matrix_Vector_Activate_Stream_Batch_p_ZL7threshs_212_ROM_AUTO_1R.v"]"\
## "[file normalize "$origin_dir/MVAU_hls_0_Matrix_Vector_Activate_Stream_Batch_p_ZL7threshs_213_ROM_AUTO_1R.v"]"\
## "[file normalize "$origin_dir/MVAU_hls_0_Matrix_Vector_Activate_Stream_Batch_p_ZL7threshs_214_ROM_AUTO_1R.v"]"\
## "[file normalize "$origin_dir/MVAU_hls_0_Matrix_Vector_Activate_Stream_Batch_p_ZL7threshs_215_ROM_AUTO_1R.v"]"\
## "[file normalize "$origin_dir/MVAU_hls_0_Matrix_Vector_Activate_Stream_Batch_p_ZL7threshs_216_ROM_AUTO_1R.v"]"\
## "[file normalize "$origin_dir/MVAU_hls_0_Matrix_Vector_Activate_Stream_Batch_p_ZL7threshs_217_ROM_AUTO_1R.v"]"\
## "[file normalize "$origin_dir/MVAU_hls_0_Matrix_Vector_Activate_Stream_Batch_p_ZL7threshs_218_ROM_AUTO_1R.v"]"\
## "[file normalize "$origin_dir/MVAU_hls_0_Matrix_Vector_Activate_Stream_Batch_p_ZL7threshs_219_ROM_AUTO_1R.v"]"\
## "[file normalize "$origin_dir/MVAU_hls_0_Matrix_Vector_Activate_Stream_Batch_p_ZL7threshs_21_ROM_AUTO_1R.v"]"\
## "[file normalize "$origin_dir/MVAU_hls_0_Matrix_Vector_Activate_Stream_Batch_p_ZL7threshs_220_ROM_AUTO_1R.v"]"\
## "[file normalize "$origin_dir/MVAU_hls_0_Matrix_Vector_Activate_Stream_Batch_p_ZL7threshs_221_ROM_AUTO_1R.v"]"\
## "[file normalize "$origin_dir/MVAU_hls_0_Matrix_Vector_Activate_Stream_Batch_p_ZL7threshs_222_ROM_AUTO_1R.v"]"\
## "[file normalize "$origin_dir/MVAU_hls_0_Matrix_Vector_Activate_Stream_Batch_p_ZL7threshs_223_ROM_AUTO_1R.v"]"\
## "[file normalize "$origin_dir/MVAU_hls_0_Matrix_Vector_Activate_Stream_Batch_p_ZL7threshs_224_ROM_AUTO_1R.v"]"\
## "[file normalize "$origin_dir/MVAU_hls_0_Matrix_Vector_Activate_Stream_Batch_p_ZL7threshs_225_ROM_AUTO_1R.v"]"\
## "[file normalize "$origin_dir/MVAU_hls_0_Matrix_Vector_Activate_Stream_Batch_p_ZL7threshs_226_ROM_AUTO_1R.v"]"\
## "[file normalize "$origin_dir/MVAU_hls_0_Matrix_Vector_Activate_Stream_Batch_p_ZL7threshs_227_ROM_AUTO_1R.v"]"\
## "[file normalize "$origin_dir/MVAU_hls_0_Matrix_Vector_Activate_Stream_Batch_p_ZL7threshs_228_ROM_AUTO_1R.v"]"\
## "[file normalize "$origin_dir/MVAU_hls_0_Matrix_Vector_Activate_Stream_Batch_p_ZL7threshs_229_ROM_AUTO_1R.v"]"\
## "[file normalize "$origin_dir/MVAU_hls_0_Matrix_Vector_Activate_Stream_Batch_p_ZL7threshs_22_ROM_AUTO_1R.v"]"\
## "[file normalize "$origin_dir/MVAU_hls_0_Matrix_Vector_Activate_Stream_Batch_p_ZL7threshs_230_ROM_AUTO_1R.v"]"\
## "[file normalize "$origin_dir/MVAU_hls_0_Matrix_Vector_Activate_Stream_Batch_p_ZL7threshs_231_ROM_AUTO_1R.v"]"\
## "[file normalize "$origin_dir/MVAU_hls_0_Matrix_Vector_Activate_Stream_Batch_p_ZL7threshs_232_ROM_AUTO_1R.v"]"\
## "[file normalize "$origin_dir/MVAU_hls_0_Matrix_Vector_Activate_Stream_Batch_p_ZL7threshs_233_ROM_AUTO_1R.v"]"\
## "[file normalize "$origin_dir/MVAU_hls_0_Matrix_Vector_Activate_Stream_Batch_p_ZL7threshs_234_ROM_AUTO_1R.v"]"\
## "[file normalize "$origin_dir/MVAU_hls_0_Matrix_Vector_Activate_Stream_Batch_p_ZL7threshs_235_ROM_AUTO_1R.v"]"\
## "[file normalize "$origin_dir/MVAU_hls_0_Matrix_Vector_Activate_Stream_Batch_p_ZL7threshs_236_ROM_AUTO_1R.v"]"\
## "[file normalize "$origin_dir/MVAU_hls_0_Matrix_Vector_Activate_Stream_Batch_p_ZL7threshs_237_ROM_AUTO_1R.v"]"\
## "[file normalize "$origin_dir/MVAU_hls_0_Matrix_Vector_Activate_Stream_Batch_p_ZL7threshs_238_ROM_AUTO_1R.v"]"\
## "[file normalize "$origin_dir/MVAU_hls_0_Matrix_Vector_Activate_Stream_Batch_p_ZL7threshs_239_ROM_AUTO_1R.v"]"\
## "[file normalize "$origin_dir/MVAU_hls_0_Matrix_Vector_Activate_Stream_Batch_p_ZL7threshs_23_ROM_AUTO_1R.v"]"\
## "[file normalize "$origin_dir/MVAU_hls_0_Matrix_Vector_Activate_Stream_Batch_p_ZL7threshs_240_ROM_AUTO_1R.v"]"\
## "[file normalize "$origin_dir/MVAU_hls_0_Matrix_Vector_Activate_Stream_Batch_p_ZL7threshs_241_ROM_AUTO_1R.v"]"\
## "[file normalize "$origin_dir/MVAU_hls_0_Matrix_Vector_Activate_Stream_Batch_p_ZL7threshs_242_ROM_AUTO_1R.v"]"\
## "[file normalize "$origin_dir/MVAU_hls_0_Matrix_Vector_Activate_Stream_Batch_p_ZL7threshs_243_ROM_AUTO_1R.v"]"\
## "[file normalize "$origin_dir/MVAU_hls_0_Matrix_Vector_Activate_Stream_Batch_p_ZL7threshs_244_ROM_AUTO_1R.v"]"\
## "[file normalize "$origin_dir/MVAU_hls_0_Matrix_Vector_Activate_Stream_Batch_p_ZL7threshs_245_ROM_AUTO_1R.v"]"\
## "[file normalize "$origin_dir/MVAU_hls_0_Matrix_Vector_Activate_Stream_Batch_p_ZL7threshs_246_ROM_AUTO_1R.v"]"\
## "[file normalize "$origin_dir/MVAU_hls_0_Matrix_Vector_Activate_Stream_Batch_p_ZL7threshs_247_ROM_AUTO_1R.v"]"\
## "[file normalize "$origin_dir/MVAU_hls_0_Matrix_Vector_Activate_Stream_Batch_p_ZL7threshs_248_ROM_AUTO_1R.v"]"\
## "[file normalize "$origin_dir/MVAU_hls_0_Matrix_Vector_Activate_Stream_Batch_p_ZL7threshs_249_ROM_AUTO_1R.v"]"\
## "[file normalize "$origin_dir/MVAU_hls_0_Matrix_Vector_Activate_Stream_Batch_p_ZL7threshs_24_ROM_AUTO_1R.v"]"\
## "[file normalize "$origin_dir/MVAU_hls_0_Matrix_Vector_Activate_Stream_Batch_p_ZL7threshs_250_ROM_AUTO_1R.v"]"\
## "[file normalize "$origin_dir/MVAU_hls_0_Matrix_Vector_Activate_Stream_Batch_p_ZL7threshs_251_ROM_AUTO_1R.v"]"\
## "[file normalize "$origin_dir/MVAU_hls_0_Matrix_Vector_Activate_Stream_Batch_p_ZL7threshs_252_ROM_AUTO_1R.v"]"\
## "[file normalize "$origin_dir/MVAU_hls_0_Matrix_Vector_Activate_Stream_Batch_p_ZL7threshs_253_ROM_AUTO_1R.v"]"\
## "[file normalize "$origin_dir/MVAU_hls_0_Matrix_Vector_Activate_Stream_Batch_p_ZL7threshs_254_ROM_AUTO_1R.v"]"\
## "[file normalize "$origin_dir/MVAU_hls_0_Matrix_Vector_Activate_Stream_Batch_p_ZL7threshs_25_ROM_AUTO_1R.v"]"\
## "[file normalize "$origin_dir/MVAU_hls_0_Matrix_Vector_Activate_Stream_Batch_p_ZL7threshs_26_ROM_AUTO_1R.v"]"\
## "[file normalize "$origin_dir/MVAU_hls_0_Matrix_Vector_Activate_Stream_Batch_p_ZL7threshs_27_ROM_AUTO_1R.v"]"\
## "[file normalize "$origin_dir/MVAU_hls_0_Matrix_Vector_Activate_Stream_Batch_p_ZL7threshs_28_ROM_AUTO_1R.v"]"\
## "[file normalize "$origin_dir/MVAU_hls_0_Matrix_Vector_Activate_Stream_Batch_p_ZL7threshs_29_ROM_AUTO_1R.v"]"\
## "[file normalize "$origin_dir/MVAU_hls_0_Matrix_Vector_Activate_Stream_Batch_p_ZL7threshs_2_ROM_AUTO_1R.v"]"\
## "[file normalize "$origin_dir/MVAU_hls_0_Matrix_Vector_Activate_Stream_Batch_p_ZL7threshs_30_ROM_AUTO_1R.v"]"\
## "[file normalize "$origin_dir/MVAU_hls_0_Matrix_Vector_Activate_Stream_Batch_p_ZL7threshs_31_ROM_AUTO_1R.v"]"\
## "[file normalize "$origin_dir/MVAU_hls_0_Matrix_Vector_Activate_Stream_Batch_p_ZL7threshs_32_ROM_AUTO_1R.v"]"\
## "[file normalize "$origin_dir/MVAU_hls_0_Matrix_Vector_Activate_Stream_Batch_p_ZL7threshs_33_ROM_AUTO_1R.v"]"\
## "[file normalize "$origin_dir/MVAU_hls_0_Matrix_Vector_Activate_Stream_Batch_p_ZL7threshs_34_ROM_AUTO_1R.v"]"\
## "[file normalize "$origin_dir/MVAU_hls_0_Matrix_Vector_Activate_Stream_Batch_p_ZL7threshs_35_ROM_AUTO_1R.v"]"\
## "[file normalize "$origin_dir/MVAU_hls_0_Matrix_Vector_Activate_Stream_Batch_p_ZL7threshs_36_ROM_AUTO_1R.v"]"\
## "[file normalize "$origin_dir/MVAU_hls_0_Matrix_Vector_Activate_Stream_Batch_p_ZL7threshs_37_ROM_AUTO_1R.v"]"\
## "[file normalize "$origin_dir/MVAU_hls_0_Matrix_Vector_Activate_Stream_Batch_p_ZL7threshs_38_ROM_AUTO_1R.v"]"\
## "[file normalize "$origin_dir/MVAU_hls_0_Matrix_Vector_Activate_Stream_Batch_p_ZL7threshs_39_ROM_AUTO_1R.v"]"\
## "[file normalize "$origin_dir/MVAU_hls_0_Matrix_Vector_Activate_Stream_Batch_p_ZL7threshs_3_ROM_AUTO_1R.v"]"\
## "[file normalize "$origin_dir/MVAU_hls_0_Matrix_Vector_Activate_Stream_Batch_p_ZL7threshs_40_ROM_AUTO_1R.v"]"\
## "[file normalize "$origin_dir/MVAU_hls_0_Matrix_Vector_Activate_Stream_Batch_p_ZL7threshs_41_ROM_AUTO_1R.v"]"\
## "[file normalize "$origin_dir/MVAU_hls_0_Matrix_Vector_Activate_Stream_Batch_p_ZL7threshs_42_ROM_AUTO_1R.v"]"\
## "[file normalize "$origin_dir/MVAU_hls_0_Matrix_Vector_Activate_Stream_Batch_p_ZL7threshs_43_ROM_AUTO_1R.v"]"\
## "[file normalize "$origin_dir/MVAU_hls_0_Matrix_Vector_Activate_Stream_Batch_p_ZL7threshs_44_ROM_AUTO_1R.v"]"\
## "[file normalize "$origin_dir/MVAU_hls_0_Matrix_Vector_Activate_Stream_Batch_p_ZL7threshs_45_ROM_AUTO_1R.v"]"\
## "[file normalize "$origin_dir/MVAU_hls_0_Matrix_Vector_Activate_Stream_Batch_p_ZL7threshs_46_ROM_AUTO_1R.v"]"\
## "[file normalize "$origin_dir/MVAU_hls_0_Matrix_Vector_Activate_Stream_Batch_p_ZL7threshs_47_ROM_AUTO_1R.v"]"\
## "[file normalize "$origin_dir/MVAU_hls_0_Matrix_Vector_Activate_Stream_Batch_p_ZL7threshs_48_ROM_AUTO_1R.v"]"\
## "[file normalize "$origin_dir/MVAU_hls_0_Matrix_Vector_Activate_Stream_Batch_p_ZL7threshs_49_ROM_AUTO_1R.v"]"\
## "[file normalize "$origin_dir/MVAU_hls_0_Matrix_Vector_Activate_Stream_Batch_p_ZL7threshs_4_ROM_AUTO_1R.v"]"\
## "[file normalize "$origin_dir/MVAU_hls_0_Matrix_Vector_Activate_Stream_Batch_p_ZL7threshs_50_ROM_AUTO_1R.v"]"\
## "[file normalize "$origin_dir/MVAU_hls_0_Matrix_Vector_Activate_Stream_Batch_p_ZL7threshs_51_ROM_AUTO_1R.v"]"\
## "[file normalize "$origin_dir/MVAU_hls_0_Matrix_Vector_Activate_Stream_Batch_p_ZL7threshs_52_ROM_AUTO_1R.v"]"\
## "[file normalize "$origin_dir/MVAU_hls_0_Matrix_Vector_Activate_Stream_Batch_p_ZL7threshs_53_ROM_AUTO_1R.v"]"\
## "[file normalize "$origin_dir/MVAU_hls_0_Matrix_Vector_Activate_Stream_Batch_p_ZL7threshs_54_ROM_AUTO_1R.v"]"\
## "[file normalize "$origin_dir/MVAU_hls_0_Matrix_Vector_Activate_Stream_Batch_p_ZL7threshs_55_ROM_AUTO_1R.v"]"\
## "[file normalize "$origin_dir/MVAU_hls_0_Matrix_Vector_Activate_Stream_Batch_p_ZL7threshs_56_ROM_AUTO_1R.v"]"\
## "[file normalize "$origin_dir/MVAU_hls_0_Matrix_Vector_Activate_Stream_Batch_p_ZL7threshs_57_ROM_AUTO_1R.v"]"\
## "[file normalize "$origin_dir/MVAU_hls_0_Matrix_Vector_Activate_Stream_Batch_p_ZL7threshs_58_ROM_AUTO_1R.v"]"\
## "[file normalize "$origin_dir/MVAU_hls_0_Matrix_Vector_Activate_Stream_Batch_p_ZL7threshs_59_ROM_AUTO_1R.v"]"\
## "[file normalize "$origin_dir/MVAU_hls_0_Matrix_Vector_Activate_Stream_Batch_p_ZL7threshs_5_ROM_AUTO_1R.v"]"\
## "[file normalize "$origin_dir/MVAU_hls_0_Matrix_Vector_Activate_Stream_Batch_p_ZL7threshs_60_ROM_AUTO_1R.v"]"\
## "[file normalize "$origin_dir/MVAU_hls_0_Matrix_Vector_Activate_Stream_Batch_p_ZL7threshs_61_ROM_AUTO_1R.v"]"\
## "[file normalize "$origin_dir/MVAU_hls_0_Matrix_Vector_Activate_Stream_Batch_p_ZL7threshs_62_ROM_AUTO_1R.v"]"\
## "[file normalize "$origin_dir/MVAU_hls_0_Matrix_Vector_Activate_Stream_Batch_p_ZL7threshs_63_ROM_AUTO_1R.v"]"\
## "[file normalize "$origin_dir/MVAU_hls_0_Matrix_Vector_Activate_Stream_Batch_p_ZL7threshs_64_ROM_AUTO_1R.v"]"\
## "[file normalize "$origin_dir/MVAU_hls_0_Matrix_Vector_Activate_Stream_Batch_p_ZL7threshs_65_ROM_AUTO_1R.v"]"\
## "[file normalize "$origin_dir/MVAU_hls_0_Matrix_Vector_Activate_Stream_Batch_p_ZL7threshs_66_ROM_AUTO_1R.v"]"\
## "[file normalize "$origin_dir/MVAU_hls_0_Matrix_Vector_Activate_Stream_Batch_p_ZL7threshs_67_ROM_AUTO_1R.v"]"\
## "[file normalize "$origin_dir/MVAU_hls_0_Matrix_Vector_Activate_Stream_Batch_p_ZL7threshs_68_ROM_AUTO_1R.v"]"\
## "[file normalize "$origin_dir/MVAU_hls_0_Matrix_Vector_Activate_Stream_Batch_p_ZL7threshs_69_ROM_AUTO_1R.v"]"\
## "[file normalize "$origin_dir/MVAU_hls_0_Matrix_Vector_Activate_Stream_Batch_p_ZL7threshs_6_ROM_AUTO_1R.v"]"\
## "[file normalize "$origin_dir/MVAU_hls_0_Matrix_Vector_Activate_Stream_Batch_p_ZL7threshs_70_ROM_AUTO_1R.v"]"\
## "[file normalize "$origin_dir/MVAU_hls_0_Matrix_Vector_Activate_Stream_Batch_p_ZL7threshs_71_ROM_AUTO_1R.v"]"\
## "[file normalize "$origin_dir/MVAU_hls_0_Matrix_Vector_Activate_Stream_Batch_p_ZL7threshs_72_ROM_AUTO_1R.v"]"\
## "[file normalize "$origin_dir/MVAU_hls_0_Matrix_Vector_Activate_Stream_Batch_p_ZL7threshs_73_ROM_AUTO_1R.v"]"\
## "[file normalize "$origin_dir/MVAU_hls_0_Matrix_Vector_Activate_Stream_Batch_p_ZL7threshs_74_ROM_AUTO_1R.v"]"\
## "[file normalize "$origin_dir/MVAU_hls_0_Matrix_Vector_Activate_Stream_Batch_p_ZL7threshs_75_ROM_AUTO_1R.v"]"\
## "[file normalize "$origin_dir/MVAU_hls_0_Matrix_Vector_Activate_Stream_Batch_p_ZL7threshs_76_ROM_AUTO_1R.v"]"\
## "[file normalize "$origin_dir/MVAU_hls_0_Matrix_Vector_Activate_Stream_Batch_p_ZL7threshs_77_ROM_AUTO_1R.v"]"\
## "[file normalize "$origin_dir/MVAU_hls_0_Matrix_Vector_Activate_Stream_Batch_p_ZL7threshs_78_ROM_AUTO_1R.v"]"\
## "[file normalize "$origin_dir/MVAU_hls_0_Matrix_Vector_Activate_Stream_Batch_p_ZL7threshs_79_ROM_AUTO_1R.v"]"\
## "[file normalize "$origin_dir/MVAU_hls_0_Matrix_Vector_Activate_Stream_Batch_p_ZL7threshs_7_ROM_AUTO_1R.v"]"\
## "[file normalize "$origin_dir/MVAU_hls_0_Matrix_Vector_Activate_Stream_Batch_p_ZL7threshs_80_ROM_AUTO_1R.v"]"\
## "[file normalize "$origin_dir/MVAU_hls_0_Matrix_Vector_Activate_Stream_Batch_p_ZL7threshs_81_ROM_AUTO_1R.v"]"\
## "[file normalize "$origin_dir/MVAU_hls_0_Matrix_Vector_Activate_Stream_Batch_p_ZL7threshs_82_ROM_AUTO_1R.v"]"\
## "[file normalize "$origin_dir/MVAU_hls_0_Matrix_Vector_Activate_Stream_Batch_p_ZL7threshs_83_ROM_AUTO_1R.v"]"\
## "[file normalize "$origin_dir/MVAU_hls_0_Matrix_Vector_Activate_Stream_Batch_p_ZL7threshs_84_ROM_AUTO_1R.v"]"\
## "[file normalize "$origin_dir/MVAU_hls_0_Matrix_Vector_Activate_Stream_Batch_p_ZL7threshs_85_ROM_AUTO_1R.v"]"\
## "[file normalize "$origin_dir/MVAU_hls_0_Matrix_Vector_Activate_Stream_Batch_p_ZL7threshs_86_ROM_AUTO_1R.v"]"\
## "[file normalize "$origin_dir/MVAU_hls_0_Matrix_Vector_Activate_Stream_Batch_p_ZL7threshs_87_ROM_AUTO_1R.v"]"\
## "[file normalize "$origin_dir/MVAU_hls_0_Matrix_Vector_Activate_Stream_Batch_p_ZL7threshs_88_ROM_AUTO_1R.v"]"\
## "[file normalize "$origin_dir/MVAU_hls_0_Matrix_Vector_Activate_Stream_Batch_p_ZL7threshs_89_ROM_AUTO_1R.v"]"\
## "[file normalize "$origin_dir/MVAU_hls_0_Matrix_Vector_Activate_Stream_Batch_p_ZL7threshs_8_ROM_AUTO_1R.v"]"\
## "[file normalize "$origin_dir/MVAU_hls_0_Matrix_Vector_Activate_Stream_Batch_p_ZL7threshs_90_ROM_AUTO_1R.v"]"\
## "[file normalize "$origin_dir/MVAU_hls_0_Matrix_Vector_Activate_Stream_Batch_p_ZL7threshs_91_ROM_AUTO_1R.v"]"\
## "[file normalize "$origin_dir/MVAU_hls_0_Matrix_Vector_Activate_Stream_Batch_p_ZL7threshs_92_ROM_AUTO_1R.v"]"\
## "[file normalize "$origin_dir/MVAU_hls_0_Matrix_Vector_Activate_Stream_Batch_p_ZL7threshs_93_ROM_AUTO_1R.v"]"\
## "[file normalize "$origin_dir/MVAU_hls_0_Matrix_Vector_Activate_Stream_Batch_p_ZL7threshs_94_ROM_AUTO_1R.v"]"\
## "[file normalize "$origin_dir/MVAU_hls_0_Matrix_Vector_Activate_Stream_Batch_p_ZL7threshs_95_ROM_AUTO_1R.v"]"\
## "[file normalize "$origin_dir/MVAU_hls_0_Matrix_Vector_Activate_Stream_Batch_p_ZL7threshs_96_ROM_AUTO_1R.v"]"\
## "[file normalize "$origin_dir/MVAU_hls_0_Matrix_Vector_Activate_Stream_Batch_p_ZL7threshs_97_ROM_AUTO_1R.v"]"\
## "[file normalize "$origin_dir/MVAU_hls_0_Matrix_Vector_Activate_Stream_Batch_p_ZL7threshs_98_ROM_AUTO_1R.v"]"\
## "[file normalize "$origin_dir/MVAU_hls_0_Matrix_Vector_Activate_Stream_Batch_p_ZL7threshs_99_ROM_AUTO_1R.v"]"\
## "[file normalize "$origin_dir/MVAU_hls_0_Matrix_Vector_Activate_Stream_Batch_p_ZL7threshs_9_ROM_AUTO_1R.v"]"\
## "[file normalize "$origin_dir/MVAU_hls_0_Matrix_Vector_Activate_Stream_Batch.v"]"\
## "[file normalize "$origin_dir/MVAU_hls_0_mul_8ns_8s_16_1_1.v"]"\
## "[file normalize "$origin_dir/MVAU_hls_0_mux_486_24_1_1.v"]"\
## "[file normalize "$origin_dir/MVAU_hls_0_regslice_both.v"]"\
## "[file normalize "$origin_dir/MVAU_hls_0.v"]"\
## "[file normalize "$origin_dir/MVAU_hls_1_flow_control_loop_pipe_sequential_init.v"]"\
## "[file normalize "$origin_dir/MVAU_hls_1_hls_deadlock_idx0_monitor.v"]"\
## "[file normalize "$origin_dir/MVAU_hls_1_hls_deadlock_idx1_monitor.v"]"\
## "[file normalize "$origin_dir/MVAU_hls_1_mac_muladd_8ns_8s_18s_18_4_1.v"]"\
## "[file normalize "$origin_dir/MVAU_hls_1_Matrix_Vector_Activate_Stream_Batch_p_ZL7threshs_0_ROM_AUTO_1R.v"]"\
## "[file normalize "$origin_dir/MVAU_hls_1_Matrix_Vector_Activate_Stream_Batch_p_ZL7threshs_100_ROM_AUTO_1R.v"]"\
## "[file normalize "$origin_dir/MVAU_hls_1_Matrix_Vector_Activate_Stream_Batch_p_ZL7threshs_101_ROM_AUTO_1R.v"]"\
## "[file normalize "$origin_dir/MVAU_hls_1_Matrix_Vector_Activate_Stream_Batch_p_ZL7threshs_102_ROM_AUTO_1R.v"]"\
## "[file normalize "$origin_dir/MVAU_hls_1_Matrix_Vector_Activate_Stream_Batch_p_ZL7threshs_103_ROM_AUTO_1R.v"]"\
## "[file normalize "$origin_dir/MVAU_hls_1_Matrix_Vector_Activate_Stream_Batch_p_ZL7threshs_104_ROM_AUTO_1R.v"]"\
## "[file normalize "$origin_dir/MVAU_hls_1_Matrix_Vector_Activate_Stream_Batch_p_ZL7threshs_105_ROM_AUTO_1R.v"]"\
## "[file normalize "$origin_dir/MVAU_hls_1_Matrix_Vector_Activate_Stream_Batch_p_ZL7threshs_106_ROM_AUTO_1R.v"]"\
## "[file normalize "$origin_dir/MVAU_hls_1_Matrix_Vector_Activate_Stream_Batch_p_ZL7threshs_107_ROM_AUTO_1R.v"]"\
## "[file normalize "$origin_dir/MVAU_hls_1_Matrix_Vector_Activate_Stream_Batch_p_ZL7threshs_108_ROM_AUTO_1R.v"]"\
## "[file normalize "$origin_dir/MVAU_hls_1_Matrix_Vector_Activate_Stream_Batch_p_ZL7threshs_109_ROM_AUTO_1R.v"]"\
## "[file normalize "$origin_dir/MVAU_hls_1_Matrix_Vector_Activate_Stream_Batch_p_ZL7threshs_10_ROM_AUTO_1R.v"]"\
## "[file normalize "$origin_dir/MVAU_hls_1_Matrix_Vector_Activate_Stream_Batch_p_ZL7threshs_110_ROM_AUTO_1R.v"]"\
## "[file normalize "$origin_dir/MVAU_hls_1_Matrix_Vector_Activate_Stream_Batch_p_ZL7threshs_111_ROM_AUTO_1R.v"]"\
## "[file normalize "$origin_dir/MVAU_hls_1_Matrix_Vector_Activate_Stream_Batch_p_ZL7threshs_112_ROM_AUTO_1R.v"]"\
## "[file normalize "$origin_dir/MVAU_hls_1_Matrix_Vector_Activate_Stream_Batch_p_ZL7threshs_113_ROM_AUTO_1R.v"]"\
## "[file normalize "$origin_dir/MVAU_hls_1_Matrix_Vector_Activate_Stream_Batch_p_ZL7threshs_114_ROM_AUTO_1R.v"]"\
## "[file normalize "$origin_dir/MVAU_hls_1_Matrix_Vector_Activate_Stream_Batch_p_ZL7threshs_115_ROM_AUTO_1R.v"]"\
## "[file normalize "$origin_dir/MVAU_hls_1_Matrix_Vector_Activate_Stream_Batch_p_ZL7threshs_116_ROM_AUTO_1R.v"]"\
## "[file normalize "$origin_dir/MVAU_hls_1_Matrix_Vector_Activate_Stream_Batch_p_ZL7threshs_117_ROM_AUTO_1R.v"]"\
## "[file normalize "$origin_dir/MVAU_hls_1_Matrix_Vector_Activate_Stream_Batch_p_ZL7threshs_118_ROM_AUTO_1R.v"]"\
## "[file normalize "$origin_dir/MVAU_hls_1_Matrix_Vector_Activate_Stream_Batch_p_ZL7threshs_119_ROM_AUTO_1R.v"]"\
## "[file normalize "$origin_dir/MVAU_hls_1_Matrix_Vector_Activate_Stream_Batch_p_ZL7threshs_11_ROM_AUTO_1R.v"]"\
## "[file normalize "$origin_dir/MVAU_hls_1_Matrix_Vector_Activate_Stream_Batch_p_ZL7threshs_120_ROM_AUTO_1R.v"]"\
## "[file normalize "$origin_dir/MVAU_hls_1_Matrix_Vector_Activate_Stream_Batch_p_ZL7threshs_121_ROM_AUTO_1R.v"]"\
## "[file normalize "$origin_dir/MVAU_hls_1_Matrix_Vector_Activate_Stream_Batch_p_ZL7threshs_122_ROM_AUTO_1R.v"]"\
## "[file normalize "$origin_dir/MVAU_hls_1_Matrix_Vector_Activate_Stream_Batch_p_ZL7threshs_123_ROM_AUTO_1R.v"]"\
## "[file normalize "$origin_dir/MVAU_hls_1_Matrix_Vector_Activate_Stream_Batch_p_ZL7threshs_124_ROM_AUTO_1R.v"]"\
## "[file normalize "$origin_dir/MVAU_hls_1_Matrix_Vector_Activate_Stream_Batch_p_ZL7threshs_125_ROM_AUTO_1R.v"]"\
## "[file normalize "$origin_dir/MVAU_hls_1_Matrix_Vector_Activate_Stream_Batch_p_ZL7threshs_126_ROM_AUTO_1R.v"]"\
## "[file normalize "$origin_dir/MVAU_hls_1_Matrix_Vector_Activate_Stream_Batch_p_ZL7threshs_127_ROM_AUTO_1R.v"]"\
## "[file normalize "$origin_dir/MVAU_hls_1_Matrix_Vector_Activate_Stream_Batch_p_ZL7threshs_128_ROM_AUTO_1R.v"]"\
## "[file normalize "$origin_dir/MVAU_hls_1_Matrix_Vector_Activate_Stream_Batch_p_ZL7threshs_129_ROM_AUTO_1R.v"]"\
## "[file normalize "$origin_dir/MVAU_hls_1_Matrix_Vector_Activate_Stream_Batch_p_ZL7threshs_12_ROM_AUTO_1R.v"]"\
## "[file normalize "$origin_dir/MVAU_hls_1_Matrix_Vector_Activate_Stream_Batch_p_ZL7threshs_130_ROM_AUTO_1R.v"]"\
## "[file normalize "$origin_dir/MVAU_hls_1_Matrix_Vector_Activate_Stream_Batch_p_ZL7threshs_131_ROM_AUTO_1R.v"]"\
## "[file normalize "$origin_dir/MVAU_hls_1_Matrix_Vector_Activate_Stream_Batch_p_ZL7threshs_132_ROM_AUTO_1R.v"]"\
## "[file normalize "$origin_dir/MVAU_hls_1_Matrix_Vector_Activate_Stream_Batch_p_ZL7threshs_133_ROM_AUTO_1R.v"]"\
## "[file normalize "$origin_dir/MVAU_hls_1_Matrix_Vector_Activate_Stream_Batch_p_ZL7threshs_134_ROM_AUTO_1R.v"]"\
## "[file normalize "$origin_dir/MVAU_hls_1_Matrix_Vector_Activate_Stream_Batch_p_ZL7threshs_135_ROM_AUTO_1R.v"]"\
## "[file normalize "$origin_dir/MVAU_hls_1_Matrix_Vector_Activate_Stream_Batch_p_ZL7threshs_136_ROM_AUTO_1R.v"]"\
## "[file normalize "$origin_dir/MVAU_hls_1_Matrix_Vector_Activate_Stream_Batch_p_ZL7threshs_137_ROM_AUTO_1R.v"]"\
## "[file normalize "$origin_dir/MVAU_hls_1_Matrix_Vector_Activate_Stream_Batch_p_ZL7threshs_138_ROM_AUTO_1R.v"]"\
## "[file normalize "$origin_dir/MVAU_hls_1_Matrix_Vector_Activate_Stream_Batch_p_ZL7threshs_139_ROM_AUTO_1R.v"]"\
## "[file normalize "$origin_dir/MVAU_hls_1_Matrix_Vector_Activate_Stream_Batch_p_ZL7threshs_13_ROM_AUTO_1R.v"]"\
## "[file normalize "$origin_dir/MVAU_hls_1_Matrix_Vector_Activate_Stream_Batch_p_ZL7threshs_140_ROM_AUTO_1R.v"]"\
## "[file normalize "$origin_dir/MVAU_hls_1_Matrix_Vector_Activate_Stream_Batch_p_ZL7threshs_141_ROM_AUTO_1R.v"]"\
## "[file normalize "$origin_dir/MVAU_hls_1_Matrix_Vector_Activate_Stream_Batch_p_ZL7threshs_142_ROM_AUTO_1R.v"]"\
## "[file normalize "$origin_dir/MVAU_hls_1_Matrix_Vector_Activate_Stream_Batch_p_ZL7threshs_143_ROM_AUTO_1R.v"]"\
## "[file normalize "$origin_dir/MVAU_hls_1_Matrix_Vector_Activate_Stream_Batch_p_ZL7threshs_144_ROM_AUTO_1R.v"]"\
## "[file normalize "$origin_dir/MVAU_hls_1_Matrix_Vector_Activate_Stream_Batch_p_ZL7threshs_145_ROM_AUTO_1R.v"]"\
## "[file normalize "$origin_dir/MVAU_hls_1_Matrix_Vector_Activate_Stream_Batch_p_ZL7threshs_146_ROM_AUTO_1R.v"]"\
## "[file normalize "$origin_dir/MVAU_hls_1_Matrix_Vector_Activate_Stream_Batch_p_ZL7threshs_147_ROM_AUTO_1R.v"]"\
## "[file normalize "$origin_dir/MVAU_hls_1_Matrix_Vector_Activate_Stream_Batch_p_ZL7threshs_148_ROM_AUTO_1R.v"]"\
## "[file normalize "$origin_dir/MVAU_hls_1_Matrix_Vector_Activate_Stream_Batch_p_ZL7threshs_149_ROM_AUTO_1R.v"]"\
## "[file normalize "$origin_dir/MVAU_hls_1_Matrix_Vector_Activate_Stream_Batch_p_ZL7threshs_14_ROM_AUTO_1R.v"]"\
## "[file normalize "$origin_dir/MVAU_hls_1_Matrix_Vector_Activate_Stream_Batch_p_ZL7threshs_150_ROM_AUTO_1R.v"]"\
## "[file normalize "$origin_dir/MVAU_hls_1_Matrix_Vector_Activate_Stream_Batch_p_ZL7threshs_151_ROM_AUTO_1R.v"]"\
## "[file normalize "$origin_dir/MVAU_hls_1_Matrix_Vector_Activate_Stream_Batch_p_ZL7threshs_152_ROM_AUTO_1R.v"]"\
## "[file normalize "$origin_dir/MVAU_hls_1_Matrix_Vector_Activate_Stream_Batch_p_ZL7threshs_153_ROM_AUTO_1R.v"]"\
## "[file normalize "$origin_dir/MVAU_hls_1_Matrix_Vector_Activate_Stream_Batch_p_ZL7threshs_154_ROM_AUTO_1R.v"]"\
## "[file normalize "$origin_dir/MVAU_hls_1_Matrix_Vector_Activate_Stream_Batch_p_ZL7threshs_155_ROM_AUTO_1R.v"]"\
## "[file normalize "$origin_dir/MVAU_hls_1_Matrix_Vector_Activate_Stream_Batch_p_ZL7threshs_156_ROM_AUTO_1R.v"]"\
## "[file normalize "$origin_dir/MVAU_hls_1_Matrix_Vector_Activate_Stream_Batch_p_ZL7threshs_157_ROM_AUTO_1R.v"]"\
## "[file normalize "$origin_dir/MVAU_hls_1_Matrix_Vector_Activate_Stream_Batch_p_ZL7threshs_158_ROM_AUTO_1R.v"]"\
## "[file normalize "$origin_dir/MVAU_hls_1_Matrix_Vector_Activate_Stream_Batch_p_ZL7threshs_159_ROM_AUTO_1R.v"]"\
## "[file normalize "$origin_dir/MVAU_hls_1_Matrix_Vector_Activate_Stream_Batch_p_ZL7threshs_15_ROM_AUTO_1R.v"]"\
## "[file normalize "$origin_dir/MVAU_hls_1_Matrix_Vector_Activate_Stream_Batch_p_ZL7threshs_160_ROM_AUTO_1R.v"]"\
## "[file normalize "$origin_dir/MVAU_hls_1_Matrix_Vector_Activate_Stream_Batch_p_ZL7threshs_161_ROM_AUTO_1R.v"]"\
## "[file normalize "$origin_dir/MVAU_hls_1_Matrix_Vector_Activate_Stream_Batch_p_ZL7threshs_162_ROM_AUTO_1R.v"]"\
## "[file normalize "$origin_dir/MVAU_hls_1_Matrix_Vector_Activate_Stream_Batch_p_ZL7threshs_163_ROM_AUTO_1R.v"]"\
## "[file normalize "$origin_dir/MVAU_hls_1_Matrix_Vector_Activate_Stream_Batch_p_ZL7threshs_164_ROM_AUTO_1R.v"]"\
## "[file normalize "$origin_dir/MVAU_hls_1_Matrix_Vector_Activate_Stream_Batch_p_ZL7threshs_165_ROM_AUTO_1R.v"]"\
## "[file normalize "$origin_dir/MVAU_hls_1_Matrix_Vector_Activate_Stream_Batch_p_ZL7threshs_166_ROM_AUTO_1R.v"]"\
## "[file normalize "$origin_dir/MVAU_hls_1_Matrix_Vector_Activate_Stream_Batch_p_ZL7threshs_167_ROM_AUTO_1R.v"]"\
## "[file normalize "$origin_dir/MVAU_hls_1_Matrix_Vector_Activate_Stream_Batch_p_ZL7threshs_168_ROM_AUTO_1R.v"]"\
## "[file normalize "$origin_dir/MVAU_hls_1_Matrix_Vector_Activate_Stream_Batch_p_ZL7threshs_169_ROM_AUTO_1R.v"]"\
## "[file normalize "$origin_dir/MVAU_hls_1_Matrix_Vector_Activate_Stream_Batch_p_ZL7threshs_16_ROM_AUTO_1R.v"]"\
## "[file normalize "$origin_dir/MVAU_hls_1_Matrix_Vector_Activate_Stream_Batch_p_ZL7threshs_170_ROM_AUTO_1R.v"]"\
## "[file normalize "$origin_dir/MVAU_hls_1_Matrix_Vector_Activate_Stream_Batch_p_ZL7threshs_171_ROM_AUTO_1R.v"]"\
## "[file normalize "$origin_dir/MVAU_hls_1_Matrix_Vector_Activate_Stream_Batch_p_ZL7threshs_172_ROM_AUTO_1R.v"]"\
## "[file normalize "$origin_dir/MVAU_hls_1_Matrix_Vector_Activate_Stream_Batch_p_ZL7threshs_173_ROM_AUTO_1R.v"]"\
## "[file normalize "$origin_dir/MVAU_hls_1_Matrix_Vector_Activate_Stream_Batch_p_ZL7threshs_174_ROM_AUTO_1R.v"]"\
## "[file normalize "$origin_dir/MVAU_hls_1_Matrix_Vector_Activate_Stream_Batch_p_ZL7threshs_175_ROM_AUTO_1R.v"]"\
## "[file normalize "$origin_dir/MVAU_hls_1_Matrix_Vector_Activate_Stream_Batch_p_ZL7threshs_176_ROM_AUTO_1R.v"]"\
## "[file normalize "$origin_dir/MVAU_hls_1_Matrix_Vector_Activate_Stream_Batch_p_ZL7threshs_177_ROM_AUTO_1R.v"]"\
## "[file normalize "$origin_dir/MVAU_hls_1_Matrix_Vector_Activate_Stream_Batch_p_ZL7threshs_178_ROM_AUTO_1R.v"]"\
## "[file normalize "$origin_dir/MVAU_hls_1_Matrix_Vector_Activate_Stream_Batch_p_ZL7threshs_179_ROM_AUTO_1R.v"]"\
## "[file normalize "$origin_dir/MVAU_hls_1_Matrix_Vector_Activate_Stream_Batch_p_ZL7threshs_17_ROM_AUTO_1R.v"]"\
## "[file normalize "$origin_dir/MVAU_hls_1_Matrix_Vector_Activate_Stream_Batch_p_ZL7threshs_180_ROM_AUTO_1R.v"]"\
## "[file normalize "$origin_dir/MVAU_hls_1_Matrix_Vector_Activate_Stream_Batch_p_ZL7threshs_181_ROM_AUTO_1R.v"]"\
## "[file normalize "$origin_dir/MVAU_hls_1_Matrix_Vector_Activate_Stream_Batch_p_ZL7threshs_182_ROM_AUTO_1R.v"]"\
## "[file normalize "$origin_dir/MVAU_hls_1_Matrix_Vector_Activate_Stream_Batch_p_ZL7threshs_183_ROM_AUTO_1R.v"]"\
## "[file normalize "$origin_dir/MVAU_hls_1_Matrix_Vector_Activate_Stream_Batch_p_ZL7threshs_184_ROM_AUTO_1R.v"]"\
## "[file normalize "$origin_dir/MVAU_hls_1_Matrix_Vector_Activate_Stream_Batch_p_ZL7threshs_185_ROM_AUTO_1R.v"]"\
## "[file normalize "$origin_dir/MVAU_hls_1_Matrix_Vector_Activate_Stream_Batch_p_ZL7threshs_186_ROM_AUTO_1R.v"]"\
## "[file normalize "$origin_dir/MVAU_hls_1_Matrix_Vector_Activate_Stream_Batch_p_ZL7threshs_187_ROM_AUTO_1R.v"]"\
## "[file normalize "$origin_dir/MVAU_hls_1_Matrix_Vector_Activate_Stream_Batch_p_ZL7threshs_188_ROM_AUTO_1R.v"]"\
## "[file normalize "$origin_dir/MVAU_hls_1_Matrix_Vector_Activate_Stream_Batch_p_ZL7threshs_189_ROM_AUTO_1R.v"]"\
## "[file normalize "$origin_dir/MVAU_hls_1_Matrix_Vector_Activate_Stream_Batch_p_ZL7threshs_18_ROM_AUTO_1R.v"]"\
## "[file normalize "$origin_dir/MVAU_hls_1_Matrix_Vector_Activate_Stream_Batch_p_ZL7threshs_190_ROM_AUTO_1R.v"]"\
## "[file normalize "$origin_dir/MVAU_hls_1_Matrix_Vector_Activate_Stream_Batch_p_ZL7threshs_191_ROM_AUTO_1R.v"]"\
## "[file normalize "$origin_dir/MVAU_hls_1_Matrix_Vector_Activate_Stream_Batch_p_ZL7threshs_192_ROM_AUTO_1R.v"]"\
## "[file normalize "$origin_dir/MVAU_hls_1_Matrix_Vector_Activate_Stream_Batch_p_ZL7threshs_193_ROM_AUTO_1R.v"]"\
## "[file normalize "$origin_dir/MVAU_hls_1_Matrix_Vector_Activate_Stream_Batch_p_ZL7threshs_194_ROM_AUTO_1R.v"]"\
## "[file normalize "$origin_dir/MVAU_hls_1_Matrix_Vector_Activate_Stream_Batch_p_ZL7threshs_195_ROM_AUTO_1R.v"]"\
## "[file normalize "$origin_dir/MVAU_hls_1_Matrix_Vector_Activate_Stream_Batch_p_ZL7threshs_196_ROM_AUTO_1R.v"]"\
## "[file normalize "$origin_dir/MVAU_hls_1_Matrix_Vector_Activate_Stream_Batch_p_ZL7threshs_197_ROM_AUTO_1R.v"]"\
## "[file normalize "$origin_dir/MVAU_hls_1_Matrix_Vector_Activate_Stream_Batch_p_ZL7threshs_198_ROM_AUTO_1R.v"]"\
## "[file normalize "$origin_dir/MVAU_hls_1_Matrix_Vector_Activate_Stream_Batch_p_ZL7threshs_199_ROM_AUTO_1R.v"]"\
## "[file normalize "$origin_dir/MVAU_hls_1_Matrix_Vector_Activate_Stream_Batch_p_ZL7threshs_19_ROM_AUTO_1R.v"]"\
## "[file normalize "$origin_dir/MVAU_hls_1_Matrix_Vector_Activate_Stream_Batch_p_ZL7threshs_1_ROM_AUTO_1R.v"]"\
## "[file normalize "$origin_dir/MVAU_hls_1_Matrix_Vector_Activate_Stream_Batch_p_ZL7threshs_200_ROM_AUTO_1R.v"]"\
## "[file normalize "$origin_dir/MVAU_hls_1_Matrix_Vector_Activate_Stream_Batch_p_ZL7threshs_201_ROM_AUTO_1R.v"]"\
## "[file normalize "$origin_dir/MVAU_hls_1_Matrix_Vector_Activate_Stream_Batch_p_ZL7threshs_202_ROM_AUTO_1R.v"]"\
## "[file normalize "$origin_dir/MVAU_hls_1_Matrix_Vector_Activate_Stream_Batch_p_ZL7threshs_203_ROM_AUTO_1R.v"]"\
## "[file normalize "$origin_dir/MVAU_hls_1_Matrix_Vector_Activate_Stream_Batch_p_ZL7threshs_204_ROM_AUTO_1R.v"]"\
## "[file normalize "$origin_dir/MVAU_hls_1_Matrix_Vector_Activate_Stream_Batch_p_ZL7threshs_205_ROM_AUTO_1R.v"]"\
## "[file normalize "$origin_dir/MVAU_hls_1_Matrix_Vector_Activate_Stream_Batch_p_ZL7threshs_206_ROM_AUTO_1R.v"]"\
## "[file normalize "$origin_dir/MVAU_hls_1_Matrix_Vector_Activate_Stream_Batch_p_ZL7threshs_207_ROM_AUTO_1R.v"]"\
## "[file normalize "$origin_dir/MVAU_hls_1_Matrix_Vector_Activate_Stream_Batch_p_ZL7threshs_208_ROM_AUTO_1R.v"]"\
## "[file normalize "$origin_dir/MVAU_hls_1_Matrix_Vector_Activate_Stream_Batch_p_ZL7threshs_209_ROM_AUTO_1R.v"]"\
## "[file normalize "$origin_dir/MVAU_hls_1_Matrix_Vector_Activate_Stream_Batch_p_ZL7threshs_20_ROM_AUTO_1R.v"]"\
## "[file normalize "$origin_dir/MVAU_hls_1_Matrix_Vector_Activate_Stream_Batch_p_ZL7threshs_210_ROM_AUTO_1R.v"]"\
## "[file normalize "$origin_dir/MVAU_hls_1_Matrix_Vector_Activate_Stream_Batch_p_ZL7threshs_211_ROM_AUTO_1R.v"]"\
## "[file normalize "$origin_dir/MVAU_hls_1_Matrix_Vector_Activate_Stream_Batch_p_ZL7threshs_212_ROM_AUTO_1R.v"]"\
## "[file normalize "$origin_dir/MVAU_hls_1_Matrix_Vector_Activate_Stream_Batch_p_ZL7threshs_213_ROM_AUTO_1R.v"]"\
## "[file normalize "$origin_dir/MVAU_hls_1_Matrix_Vector_Activate_Stream_Batch_p_ZL7threshs_214_ROM_AUTO_1R.v"]"\
## "[file normalize "$origin_dir/MVAU_hls_1_Matrix_Vector_Activate_Stream_Batch_p_ZL7threshs_215_ROM_AUTO_1R.v"]"\
## "[file normalize "$origin_dir/MVAU_hls_1_Matrix_Vector_Activate_Stream_Batch_p_ZL7threshs_216_ROM_AUTO_1R.v"]"\
## "[file normalize "$origin_dir/MVAU_hls_1_Matrix_Vector_Activate_Stream_Batch_p_ZL7threshs_217_ROM_AUTO_1R.v"]"\
## "[file normalize "$origin_dir/MVAU_hls_1_Matrix_Vector_Activate_Stream_Batch_p_ZL7threshs_218_ROM_AUTO_1R.v"]"\
## "[file normalize "$origin_dir/MVAU_hls_1_Matrix_Vector_Activate_Stream_Batch_p_ZL7threshs_219_ROM_AUTO_1R.v"]"\
## "[file normalize "$origin_dir/MVAU_hls_1_Matrix_Vector_Activate_Stream_Batch_p_ZL7threshs_21_ROM_AUTO_1R.v"]"\
## "[file normalize "$origin_dir/MVAU_hls_1_Matrix_Vector_Activate_Stream_Batch_p_ZL7threshs_220_ROM_AUTO_1R.v"]"\
## "[file normalize "$origin_dir/MVAU_hls_1_Matrix_Vector_Activate_Stream_Batch_p_ZL7threshs_221_ROM_AUTO_1R.v"]"\
## "[file normalize "$origin_dir/MVAU_hls_1_Matrix_Vector_Activate_Stream_Batch_p_ZL7threshs_222_ROM_AUTO_1R.v"]"\
## "[file normalize "$origin_dir/MVAU_hls_1_Matrix_Vector_Activate_Stream_Batch_p_ZL7threshs_223_ROM_AUTO_1R.v"]"\
## "[file normalize "$origin_dir/MVAU_hls_1_Matrix_Vector_Activate_Stream_Batch_p_ZL7threshs_224_ROM_AUTO_1R.v"]"\
## "[file normalize "$origin_dir/MVAU_hls_1_Matrix_Vector_Activate_Stream_Batch_p_ZL7threshs_225_ROM_AUTO_1R.v"]"\
## "[file normalize "$origin_dir/MVAU_hls_1_Matrix_Vector_Activate_Stream_Batch_p_ZL7threshs_226_ROM_AUTO_1R.v"]"\
## "[file normalize "$origin_dir/MVAU_hls_1_Matrix_Vector_Activate_Stream_Batch_p_ZL7threshs_227_ROM_AUTO_1R.v"]"\
## "[file normalize "$origin_dir/MVAU_hls_1_Matrix_Vector_Activate_Stream_Batch_p_ZL7threshs_228_ROM_AUTO_1R.v"]"\
## "[file normalize "$origin_dir/MVAU_hls_1_Matrix_Vector_Activate_Stream_Batch_p_ZL7threshs_229_ROM_AUTO_1R.v"]"\
## "[file normalize "$origin_dir/MVAU_hls_1_Matrix_Vector_Activate_Stream_Batch_p_ZL7threshs_22_ROM_AUTO_1R.v"]"\
## "[file normalize "$origin_dir/MVAU_hls_1_Matrix_Vector_Activate_Stream_Batch_p_ZL7threshs_230_ROM_AUTO_1R.v"]"\
## "[file normalize "$origin_dir/MVAU_hls_1_Matrix_Vector_Activate_Stream_Batch_p_ZL7threshs_231_ROM_AUTO_1R.v"]"\
## "[file normalize "$origin_dir/MVAU_hls_1_Matrix_Vector_Activate_Stream_Batch_p_ZL7threshs_232_ROM_AUTO_1R.v"]"\
## "[file normalize "$origin_dir/MVAU_hls_1_Matrix_Vector_Activate_Stream_Batch_p_ZL7threshs_233_ROM_AUTO_1R.v"]"\
## "[file normalize "$origin_dir/MVAU_hls_1_Matrix_Vector_Activate_Stream_Batch_p_ZL7threshs_234_ROM_AUTO_1R.v"]"\
## "[file normalize "$origin_dir/MVAU_hls_1_Matrix_Vector_Activate_Stream_Batch_p_ZL7threshs_235_ROM_AUTO_1R.v"]"\
## "[file normalize "$origin_dir/MVAU_hls_1_Matrix_Vector_Activate_Stream_Batch_p_ZL7threshs_236_ROM_AUTO_1R.v"]"\
## "[file normalize "$origin_dir/MVAU_hls_1_Matrix_Vector_Activate_Stream_Batch_p_ZL7threshs_237_ROM_AUTO_1R.v"]"\
## "[file normalize "$origin_dir/MVAU_hls_1_Matrix_Vector_Activate_Stream_Batch_p_ZL7threshs_238_ROM_AUTO_1R.v"]"\
## "[file normalize "$origin_dir/MVAU_hls_1_Matrix_Vector_Activate_Stream_Batch_p_ZL7threshs_239_ROM_AUTO_1R.v"]"\
## "[file normalize "$origin_dir/MVAU_hls_1_Matrix_Vector_Activate_Stream_Batch_p_ZL7threshs_23_ROM_AUTO_1R.v"]"\
## "[file normalize "$origin_dir/MVAU_hls_1_Matrix_Vector_Activate_Stream_Batch_p_ZL7threshs_240_ROM_AUTO_1R.v"]"\
## "[file normalize "$origin_dir/MVAU_hls_1_Matrix_Vector_Activate_Stream_Batch_p_ZL7threshs_241_ROM_AUTO_1R.v"]"\
## "[file normalize "$origin_dir/MVAU_hls_1_Matrix_Vector_Activate_Stream_Batch_p_ZL7threshs_242_ROM_AUTO_1R.v"]"\
## "[file normalize "$origin_dir/MVAU_hls_1_Matrix_Vector_Activate_Stream_Batch_p_ZL7threshs_243_ROM_AUTO_1R.v"]"\
## "[file normalize "$origin_dir/MVAU_hls_1_Matrix_Vector_Activate_Stream_Batch_p_ZL7threshs_244_ROM_AUTO_1R.v"]"\
## "[file normalize "$origin_dir/MVAU_hls_1_Matrix_Vector_Activate_Stream_Batch_p_ZL7threshs_245_ROM_AUTO_1R.v"]"\
## "[file normalize "$origin_dir/MVAU_hls_1_Matrix_Vector_Activate_Stream_Batch_p_ZL7threshs_246_ROM_AUTO_1R.v"]"\
## "[file normalize "$origin_dir/MVAU_hls_1_Matrix_Vector_Activate_Stream_Batch_p_ZL7threshs_247_ROM_AUTO_1R.v"]"\
## "[file normalize "$origin_dir/MVAU_hls_1_Matrix_Vector_Activate_Stream_Batch_p_ZL7threshs_248_ROM_AUTO_1R.v"]"\
## "[file normalize "$origin_dir/MVAU_hls_1_Matrix_Vector_Activate_Stream_Batch_p_ZL7threshs_249_ROM_AUTO_1R.v"]"\
## "[file normalize "$origin_dir/MVAU_hls_1_Matrix_Vector_Activate_Stream_Batch_p_ZL7threshs_24_ROM_AUTO_1R.v"]"\
## "[file normalize "$origin_dir/MVAU_hls_1_Matrix_Vector_Activate_Stream_Batch_p_ZL7threshs_250_ROM_AUTO_1R.v"]"\
## "[file normalize "$origin_dir/MVAU_hls_1_Matrix_Vector_Activate_Stream_Batch_p_ZL7threshs_251_ROM_AUTO_1R.v"]"\
## "[file normalize "$origin_dir/MVAU_hls_1_Matrix_Vector_Activate_Stream_Batch_p_ZL7threshs_252_ROM_AUTO_1R.v"]"\
## "[file normalize "$origin_dir/MVAU_hls_1_Matrix_Vector_Activate_Stream_Batch_p_ZL7threshs_253_ROM_AUTO_1R.v"]"\
## "[file normalize "$origin_dir/MVAU_hls_1_Matrix_Vector_Activate_Stream_Batch_p_ZL7threshs_254_ROM_AUTO_1R.v"]"\
## "[file normalize "$origin_dir/MVAU_hls_1_Matrix_Vector_Activate_Stream_Batch_p_ZL7threshs_25_ROM_AUTO_1R.v"]"\
## "[file normalize "$origin_dir/MVAU_hls_1_Matrix_Vector_Activate_Stream_Batch_p_ZL7threshs_26_ROM_AUTO_1R.v"]"\
## "[file normalize "$origin_dir/MVAU_hls_1_Matrix_Vector_Activate_Stream_Batch_p_ZL7threshs_27_ROM_AUTO_1R.v"]"\
## "[file normalize "$origin_dir/MVAU_hls_1_Matrix_Vector_Activate_Stream_Batch_p_ZL7threshs_28_ROM_AUTO_1R.v"]"\
## "[file normalize "$origin_dir/MVAU_hls_1_Matrix_Vector_Activate_Stream_Batch_p_ZL7threshs_29_ROM_AUTO_1R.v"]"\
## "[file normalize "$origin_dir/MVAU_hls_1_Matrix_Vector_Activate_Stream_Batch_p_ZL7threshs_2_ROM_AUTO_1R.v"]"\
## "[file normalize "$origin_dir/MVAU_hls_1_Matrix_Vector_Activate_Stream_Batch_p_ZL7threshs_30_ROM_AUTO_1R.v"]"\
## "[file normalize "$origin_dir/MVAU_hls_1_Matrix_Vector_Activate_Stream_Batch_p_ZL7threshs_31_ROM_AUTO_1R.v"]"\
## "[file normalize "$origin_dir/MVAU_hls_1_Matrix_Vector_Activate_Stream_Batch_p_ZL7threshs_32_ROM_AUTO_1R.v"]"\
## "[file normalize "$origin_dir/MVAU_hls_1_Matrix_Vector_Activate_Stream_Batch_p_ZL7threshs_33_ROM_AUTO_1R.v"]"\
## "[file normalize "$origin_dir/MVAU_hls_1_Matrix_Vector_Activate_Stream_Batch_p_ZL7threshs_34_ROM_AUTO_1R.v"]"\
## "[file normalize "$origin_dir/MVAU_hls_1_Matrix_Vector_Activate_Stream_Batch_p_ZL7threshs_35_ROM_AUTO_1R.v"]"\
## "[file normalize "$origin_dir/MVAU_hls_1_Matrix_Vector_Activate_Stream_Batch_p_ZL7threshs_36_ROM_AUTO_1R.v"]"\
## "[file normalize "$origin_dir/MVAU_hls_1_Matrix_Vector_Activate_Stream_Batch_p_ZL7threshs_37_ROM_AUTO_1R.v"]"\
## "[file normalize "$origin_dir/MVAU_hls_1_Matrix_Vector_Activate_Stream_Batch_p_ZL7threshs_38_ROM_AUTO_1R.v"]"\
## "[file normalize "$origin_dir/MVAU_hls_1_Matrix_Vector_Activate_Stream_Batch_p_ZL7threshs_39_ROM_AUTO_1R.v"]"\
## "[file normalize "$origin_dir/MVAU_hls_1_Matrix_Vector_Activate_Stream_Batch_p_ZL7threshs_3_ROM_AUTO_1R.v"]"\
## "[file normalize "$origin_dir/MVAU_hls_1_Matrix_Vector_Activate_Stream_Batch_p_ZL7threshs_40_ROM_AUTO_1R.v"]"\
## "[file normalize "$origin_dir/MVAU_hls_1_Matrix_Vector_Activate_Stream_Batch_p_ZL7threshs_41_ROM_AUTO_1R.v"]"\
## "[file normalize "$origin_dir/MVAU_hls_1_Matrix_Vector_Activate_Stream_Batch_p_ZL7threshs_42_ROM_AUTO_1R.v"]"\
## "[file normalize "$origin_dir/MVAU_hls_1_Matrix_Vector_Activate_Stream_Batch_p_ZL7threshs_43_ROM_AUTO_1R.v"]"\
## "[file normalize "$origin_dir/MVAU_hls_1_Matrix_Vector_Activate_Stream_Batch_p_ZL7threshs_44_ROM_AUTO_1R.v"]"\
## "[file normalize "$origin_dir/MVAU_hls_1_Matrix_Vector_Activate_Stream_Batch_p_ZL7threshs_45_ROM_AUTO_1R.v"]"\
## "[file normalize "$origin_dir/MVAU_hls_1_Matrix_Vector_Activate_Stream_Batch_p_ZL7threshs_46_ROM_AUTO_1R.v"]"\
## "[file normalize "$origin_dir/MVAU_hls_1_Matrix_Vector_Activate_Stream_Batch_p_ZL7threshs_47_ROM_AUTO_1R.v"]"\
## "[file normalize "$origin_dir/MVAU_hls_1_Matrix_Vector_Activate_Stream_Batch_p_ZL7threshs_48_ROM_AUTO_1R.v"]"\
## "[file normalize "$origin_dir/MVAU_hls_1_Matrix_Vector_Activate_Stream_Batch_p_ZL7threshs_49_ROM_AUTO_1R.v"]"\
## "[file normalize "$origin_dir/MVAU_hls_1_Matrix_Vector_Activate_Stream_Batch_p_ZL7threshs_4_ROM_AUTO_1R.v"]"\
## "[file normalize "$origin_dir/MVAU_hls_1_Matrix_Vector_Activate_Stream_Batch_p_ZL7threshs_50_ROM_AUTO_1R.v"]"\
## "[file normalize "$origin_dir/MVAU_hls_1_Matrix_Vector_Activate_Stream_Batch_p_ZL7threshs_51_ROM_AUTO_1R.v"]"\
## "[file normalize "$origin_dir/MVAU_hls_1_Matrix_Vector_Activate_Stream_Batch_p_ZL7threshs_52_ROM_AUTO_1R.v"]"\
## "[file normalize "$origin_dir/MVAU_hls_1_Matrix_Vector_Activate_Stream_Batch_p_ZL7threshs_53_ROM_AUTO_1R.v"]"\
## "[file normalize "$origin_dir/MVAU_hls_1_Matrix_Vector_Activate_Stream_Batch_p_ZL7threshs_54_ROM_AUTO_1R.v"]"\
## "[file normalize "$origin_dir/MVAU_hls_1_Matrix_Vector_Activate_Stream_Batch_p_ZL7threshs_55_ROM_AUTO_1R.v"]"\
## "[file normalize "$origin_dir/MVAU_hls_1_Matrix_Vector_Activate_Stream_Batch_p_ZL7threshs_56_ROM_AUTO_1R.v"]"\
## "[file normalize "$origin_dir/MVAU_hls_1_Matrix_Vector_Activate_Stream_Batch_p_ZL7threshs_57_ROM_AUTO_1R.v"]"\
## "[file normalize "$origin_dir/MVAU_hls_1_Matrix_Vector_Activate_Stream_Batch_p_ZL7threshs_58_ROM_AUTO_1R.v"]"\
## "[file normalize "$origin_dir/MVAU_hls_1_Matrix_Vector_Activate_Stream_Batch_p_ZL7threshs_59_ROM_AUTO_1R.v"]"\
## "[file normalize "$origin_dir/MVAU_hls_1_Matrix_Vector_Activate_Stream_Batch_p_ZL7threshs_5_ROM_AUTO_1R.v"]"\
## "[file normalize "$origin_dir/MVAU_hls_1_Matrix_Vector_Activate_Stream_Batch_p_ZL7threshs_60_ROM_AUTO_1R.v"]"\
## "[file normalize "$origin_dir/MVAU_hls_1_Matrix_Vector_Activate_Stream_Batch_p_ZL7threshs_61_ROM_AUTO_1R.v"]"\
## "[file normalize "$origin_dir/MVAU_hls_1_Matrix_Vector_Activate_Stream_Batch_p_ZL7threshs_62_ROM_AUTO_1R.v"]"\
## "[file normalize "$origin_dir/MVAU_hls_1_Matrix_Vector_Activate_Stream_Batch_p_ZL7threshs_63_ROM_AUTO_1R.v"]"\
## "[file normalize "$origin_dir/MVAU_hls_1_Matrix_Vector_Activate_Stream_Batch_p_ZL7threshs_64_ROM_AUTO_1R.v"]"\
## "[file normalize "$origin_dir/MVAU_hls_1_Matrix_Vector_Activate_Stream_Batch_p_ZL7threshs_65_ROM_AUTO_1R.v"]"\
## "[file normalize "$origin_dir/MVAU_hls_1_Matrix_Vector_Activate_Stream_Batch_p_ZL7threshs_66_ROM_AUTO_1R.v"]"\
## "[file normalize "$origin_dir/MVAU_hls_1_Matrix_Vector_Activate_Stream_Batch_p_ZL7threshs_67_ROM_AUTO_1R.v"]"\
## "[file normalize "$origin_dir/MVAU_hls_1_Matrix_Vector_Activate_Stream_Batch_p_ZL7threshs_68_ROM_AUTO_1R.v"]"\
## "[file normalize "$origin_dir/MVAU_hls_1_Matrix_Vector_Activate_Stream_Batch_p_ZL7threshs_69_ROM_AUTO_1R.v"]"\
## "[file normalize "$origin_dir/MVAU_hls_1_Matrix_Vector_Activate_Stream_Batch_p_ZL7threshs_6_ROM_AUTO_1R.v"]"\
## "[file normalize "$origin_dir/MVAU_hls_1_Matrix_Vector_Activate_Stream_Batch_p_ZL7threshs_70_ROM_AUTO_1R.v"]"\
## "[file normalize "$origin_dir/MVAU_hls_1_Matrix_Vector_Activate_Stream_Batch_p_ZL7threshs_71_ROM_AUTO_1R.v"]"\
## "[file normalize "$origin_dir/MVAU_hls_1_Matrix_Vector_Activate_Stream_Batch_p_ZL7threshs_72_ROM_AUTO_1R.v"]"\
## "[file normalize "$origin_dir/MVAU_hls_1_Matrix_Vector_Activate_Stream_Batch_p_ZL7threshs_73_ROM_AUTO_1R.v"]"\
## "[file normalize "$origin_dir/MVAU_hls_1_Matrix_Vector_Activate_Stream_Batch_p_ZL7threshs_74_ROM_AUTO_1R.v"]"\
## "[file normalize "$origin_dir/MVAU_hls_1_Matrix_Vector_Activate_Stream_Batch_p_ZL7threshs_75_ROM_AUTO_1R.v"]"\
## "[file normalize "$origin_dir/MVAU_hls_1_Matrix_Vector_Activate_Stream_Batch_p_ZL7threshs_76_ROM_AUTO_1R.v"]"\
## "[file normalize "$origin_dir/MVAU_hls_1_Matrix_Vector_Activate_Stream_Batch_p_ZL7threshs_77_ROM_AUTO_1R.v"]"\
## "[file normalize "$origin_dir/MVAU_hls_1_Matrix_Vector_Activate_Stream_Batch_p_ZL7threshs_78_ROM_AUTO_1R.v"]"\
## "[file normalize "$origin_dir/MVAU_hls_1_Matrix_Vector_Activate_Stream_Batch_p_ZL7threshs_79_ROM_AUTO_1R.v"]"\
## "[file normalize "$origin_dir/MVAU_hls_1_Matrix_Vector_Activate_Stream_Batch_p_ZL7threshs_7_ROM_AUTO_1R.v"]"\
## "[file normalize "$origin_dir/MVAU_hls_1_Matrix_Vector_Activate_Stream_Batch_p_ZL7threshs_80_ROM_AUTO_1R.v"]"\
## "[file normalize "$origin_dir/MVAU_hls_1_Matrix_Vector_Activate_Stream_Batch_p_ZL7threshs_81_ROM_AUTO_1R.v"]"\
## "[file normalize "$origin_dir/MVAU_hls_1_Matrix_Vector_Activate_Stream_Batch_p_ZL7threshs_82_ROM_AUTO_1R.v"]"\
## "[file normalize "$origin_dir/MVAU_hls_1_Matrix_Vector_Activate_Stream_Batch_p_ZL7threshs_83_ROM_AUTO_1R.v"]"\
## "[file normalize "$origin_dir/MVAU_hls_1_Matrix_Vector_Activate_Stream_Batch_p_ZL7threshs_84_ROM_AUTO_1R.v"]"\
## "[file normalize "$origin_dir/MVAU_hls_1_Matrix_Vector_Activate_Stream_Batch_p_ZL7threshs_85_ROM_AUTO_1R.v"]"\
## "[file normalize "$origin_dir/MVAU_hls_1_Matrix_Vector_Activate_Stream_Batch_p_ZL7threshs_86_ROM_AUTO_1R.v"]"\
## "[file normalize "$origin_dir/MVAU_hls_1_Matrix_Vector_Activate_Stream_Batch_p_ZL7threshs_87_ROM_AUTO_1R.v"]"\
## "[file normalize "$origin_dir/MVAU_hls_1_Matrix_Vector_Activate_Stream_Batch_p_ZL7threshs_88_ROM_AUTO_1R.v"]"\
## "[file normalize "$origin_dir/MVAU_hls_1_Matrix_Vector_Activate_Stream_Batch_p_ZL7threshs_89_ROM_AUTO_1R.v"]"\
## "[file normalize "$origin_dir/MVAU_hls_1_Matrix_Vector_Activate_Stream_Batch_p_ZL7threshs_8_ROM_AUTO_1R.v"]"\
## "[file normalize "$origin_dir/MVAU_hls_1_Matrix_Vector_Activate_Stream_Batch_p_ZL7threshs_90_ROM_AUTO_1R.v"]"\
## "[file normalize "$origin_dir/MVAU_hls_1_Matrix_Vector_Activate_Stream_Batch_p_ZL7threshs_91_ROM_AUTO_1R.v"]"\
## "[file normalize "$origin_dir/MVAU_hls_1_Matrix_Vector_Activate_Stream_Batch_p_ZL7threshs_92_ROM_AUTO_1R.v"]"\
## "[file normalize "$origin_dir/MVAU_hls_1_Matrix_Vector_Activate_Stream_Batch_p_ZL7threshs_93_ROM_AUTO_1R.v"]"\
## "[file normalize "$origin_dir/MVAU_hls_1_Matrix_Vector_Activate_Stream_Batch_p_ZL7threshs_94_ROM_AUTO_1R.v"]"\
## "[file normalize "$origin_dir/MVAU_hls_1_Matrix_Vector_Activate_Stream_Batch_p_ZL7threshs_95_ROM_AUTO_1R.v"]"\
## "[file normalize "$origin_dir/MVAU_hls_1_Matrix_Vector_Activate_Stream_Batch_p_ZL7threshs_96_ROM_AUTO_1R.v"]"\
## "[file normalize "$origin_dir/MVAU_hls_1_Matrix_Vector_Activate_Stream_Batch_p_ZL7threshs_97_ROM_AUTO_1R.v"]"\
## "[file normalize "$origin_dir/MVAU_hls_1_Matrix_Vector_Activate_Stream_Batch_p_ZL7threshs_98_ROM_AUTO_1R.v"]"\
## "[file normalize "$origin_dir/MVAU_hls_1_Matrix_Vector_Activate_Stream_Batch_p_ZL7threshs_99_ROM_AUTO_1R.v"]"\
## "[file normalize "$origin_dir/MVAU_hls_1_Matrix_Vector_Activate_Stream_Batch_p_ZL7threshs_9_ROM_AUTO_1R.v"]"\
## "[file normalize "$origin_dir/MVAU_hls_1_Matrix_Vector_Activate_Stream_Batch.v"]"\
## "[file normalize "$origin_dir/MVAU_hls_1_mux_164_8_1_1.v"]"\
## "[file normalize "$origin_dir/MVAU_hls_1_regslice_both.v"]"\
## "[file normalize "$origin_dir/MVAU_hls_1.v"]"\
## "[file normalize "$origin_dir/MVAU_hls_2_flow_control_loop_pipe_sequential_init.v"]"\
## "[file normalize "$origin_dir/MVAU_hls_2_hls_deadlock_idx0_monitor.v"]"\
## "[file normalize "$origin_dir/MVAU_hls_2_hls_deadlock_idx1_monitor.v"]"\
## "[file normalize "$origin_dir/MVAU_hls_2_mac_muladd_8ns_8s_16s_17_4_1.v"]"\
## "[file normalize "$origin_dir/MVAU_hls_2_Matrix_Vector_Activate_Stream_Batch_p_ZL7threshs_0_ROM_AUTO_1R.v"]"\
## "[file normalize "$origin_dir/MVAU_hls_2_Matrix_Vector_Activate_Stream_Batch_p_ZL7threshs_100_ROM_AUTO_1R.v"]"\
## "[file normalize "$origin_dir/MVAU_hls_2_Matrix_Vector_Activate_Stream_Batch_p_ZL7threshs_101_ROM_AUTO_1R.v"]"\
## "[file normalize "$origin_dir/MVAU_hls_2_Matrix_Vector_Activate_Stream_Batch_p_ZL7threshs_102_ROM_AUTO_1R.v"]"\
## "[file normalize "$origin_dir/MVAU_hls_2_Matrix_Vector_Activate_Stream_Batch_p_ZL7threshs_103_ROM_AUTO_1R.v"]"\
## "[file normalize "$origin_dir/MVAU_hls_2_Matrix_Vector_Activate_Stream_Batch_p_ZL7threshs_104_ROM_AUTO_1R.v"]"\
## "[file normalize "$origin_dir/MVAU_hls_2_Matrix_Vector_Activate_Stream_Batch_p_ZL7threshs_105_ROM_AUTO_1R.v"]"\
## "[file normalize "$origin_dir/MVAU_hls_2_Matrix_Vector_Activate_Stream_Batch_p_ZL7threshs_106_ROM_AUTO_1R.v"]"\
## "[file normalize "$origin_dir/MVAU_hls_2_Matrix_Vector_Activate_Stream_Batch_p_ZL7threshs_107_ROM_AUTO_1R.v"]"\
## "[file normalize "$origin_dir/MVAU_hls_2_Matrix_Vector_Activate_Stream_Batch_p_ZL7threshs_108_ROM_AUTO_1R.v"]"\
## "[file normalize "$origin_dir/MVAU_hls_2_Matrix_Vector_Activate_Stream_Batch_p_ZL7threshs_109_ROM_AUTO_1R.v"]"\
## "[file normalize "$origin_dir/MVAU_hls_2_Matrix_Vector_Activate_Stream_Batch_p_ZL7threshs_10_ROM_AUTO_1R.v"]"\
## "[file normalize "$origin_dir/MVAU_hls_2_Matrix_Vector_Activate_Stream_Batch_p_ZL7threshs_110_ROM_AUTO_1R.v"]"\
## "[file normalize "$origin_dir/MVAU_hls_2_Matrix_Vector_Activate_Stream_Batch_p_ZL7threshs_111_ROM_AUTO_1R.v"]"\
## "[file normalize "$origin_dir/MVAU_hls_2_Matrix_Vector_Activate_Stream_Batch_p_ZL7threshs_112_ROM_AUTO_1R.v"]"\
## "[file normalize "$origin_dir/MVAU_hls_2_Matrix_Vector_Activate_Stream_Batch_p_ZL7threshs_113_ROM_AUTO_1R.v"]"\
## "[file normalize "$origin_dir/MVAU_hls_2_Matrix_Vector_Activate_Stream_Batch_p_ZL7threshs_114_ROM_AUTO_1R.v"]"\
## "[file normalize "$origin_dir/MVAU_hls_2_Matrix_Vector_Activate_Stream_Batch_p_ZL7threshs_115_ROM_AUTO_1R.v"]"\
## "[file normalize "$origin_dir/MVAU_hls_2_Matrix_Vector_Activate_Stream_Batch_p_ZL7threshs_116_ROM_AUTO_1R.v"]"\
## "[file normalize "$origin_dir/MVAU_hls_2_Matrix_Vector_Activate_Stream_Batch_p_ZL7threshs_117_ROM_AUTO_1R.v"]"\
## "[file normalize "$origin_dir/MVAU_hls_2_Matrix_Vector_Activate_Stream_Batch_p_ZL7threshs_118_ROM_AUTO_1R.v"]"\
## "[file normalize "$origin_dir/MVAU_hls_2_Matrix_Vector_Activate_Stream_Batch_p_ZL7threshs_119_ROM_AUTO_1R.v"]"\
## "[file normalize "$origin_dir/MVAU_hls_2_Matrix_Vector_Activate_Stream_Batch_p_ZL7threshs_11_ROM_AUTO_1R.v"]"\
## "[file normalize "$origin_dir/MVAU_hls_2_Matrix_Vector_Activate_Stream_Batch_p_ZL7threshs_120_ROM_AUTO_1R.v"]"\
## "[file normalize "$origin_dir/MVAU_hls_2_Matrix_Vector_Activate_Stream_Batch_p_ZL7threshs_121_ROM_AUTO_1R.v"]"\
## "[file normalize "$origin_dir/MVAU_hls_2_Matrix_Vector_Activate_Stream_Batch_p_ZL7threshs_122_ROM_AUTO_1R.v"]"\
## "[file normalize "$origin_dir/MVAU_hls_2_Matrix_Vector_Activate_Stream_Batch_p_ZL7threshs_123_ROM_AUTO_1R.v"]"\
## "[file normalize "$origin_dir/MVAU_hls_2_Matrix_Vector_Activate_Stream_Batch_p_ZL7threshs_124_ROM_AUTO_1R.v"]"\
## "[file normalize "$origin_dir/MVAU_hls_2_Matrix_Vector_Activate_Stream_Batch_p_ZL7threshs_125_ROM_AUTO_1R.v"]"\
## "[file normalize "$origin_dir/MVAU_hls_2_Matrix_Vector_Activate_Stream_Batch_p_ZL7threshs_126_ROM_AUTO_1R.v"]"\
## "[file normalize "$origin_dir/MVAU_hls_2_Matrix_Vector_Activate_Stream_Batch_p_ZL7threshs_127_ROM_AUTO_1R.v"]"\
## "[file normalize "$origin_dir/MVAU_hls_2_Matrix_Vector_Activate_Stream_Batch_p_ZL7threshs_128_ROM_AUTO_1R.v"]"\
## "[file normalize "$origin_dir/MVAU_hls_2_Matrix_Vector_Activate_Stream_Batch_p_ZL7threshs_129_ROM_AUTO_1R.v"]"\
## "[file normalize "$origin_dir/MVAU_hls_2_Matrix_Vector_Activate_Stream_Batch_p_ZL7threshs_12_ROM_AUTO_1R.v"]"\
## "[file normalize "$origin_dir/MVAU_hls_2_Matrix_Vector_Activate_Stream_Batch_p_ZL7threshs_130_ROM_AUTO_1R.v"]"\
## "[file normalize "$origin_dir/MVAU_hls_2_Matrix_Vector_Activate_Stream_Batch_p_ZL7threshs_131_ROM_AUTO_1R.v"]"\
## "[file normalize "$origin_dir/MVAU_hls_2_Matrix_Vector_Activate_Stream_Batch_p_ZL7threshs_132_ROM_AUTO_1R.v"]"\
## "[file normalize "$origin_dir/MVAU_hls_2_Matrix_Vector_Activate_Stream_Batch_p_ZL7threshs_133_ROM_AUTO_1R.v"]"\
## "[file normalize "$origin_dir/MVAU_hls_2_Matrix_Vector_Activate_Stream_Batch_p_ZL7threshs_134_ROM_AUTO_1R.v"]"\
## "[file normalize "$origin_dir/MVAU_hls_2_Matrix_Vector_Activate_Stream_Batch_p_ZL7threshs_135_ROM_AUTO_1R.v"]"\
## "[file normalize "$origin_dir/MVAU_hls_2_Matrix_Vector_Activate_Stream_Batch_p_ZL7threshs_136_ROM_AUTO_1R.v"]"\
## "[file normalize "$origin_dir/MVAU_hls_2_Matrix_Vector_Activate_Stream_Batch_p_ZL7threshs_137_ROM_AUTO_1R.v"]"\
## "[file normalize "$origin_dir/MVAU_hls_2_Matrix_Vector_Activate_Stream_Batch_p_ZL7threshs_138_ROM_AUTO_1R.v"]"\
## "[file normalize "$origin_dir/MVAU_hls_2_Matrix_Vector_Activate_Stream_Batch_p_ZL7threshs_139_ROM_AUTO_1R.v"]"\
## "[file normalize "$origin_dir/MVAU_hls_2_Matrix_Vector_Activate_Stream_Batch_p_ZL7threshs_13_ROM_AUTO_1R.v"]"\
## "[file normalize "$origin_dir/MVAU_hls_2_Matrix_Vector_Activate_Stream_Batch_p_ZL7threshs_140_ROM_AUTO_1R.v"]"\
## "[file normalize "$origin_dir/MVAU_hls_2_Matrix_Vector_Activate_Stream_Batch_p_ZL7threshs_141_ROM_AUTO_1R.v"]"\
## "[file normalize "$origin_dir/MVAU_hls_2_Matrix_Vector_Activate_Stream_Batch_p_ZL7threshs_142_ROM_AUTO_1R.v"]"\
## "[file normalize "$origin_dir/MVAU_hls_2_Matrix_Vector_Activate_Stream_Batch_p_ZL7threshs_143_ROM_AUTO_1R.v"]"\
## "[file normalize "$origin_dir/MVAU_hls_2_Matrix_Vector_Activate_Stream_Batch_p_ZL7threshs_144_ROM_AUTO_1R.v"]"\
## "[file normalize "$origin_dir/MVAU_hls_2_Matrix_Vector_Activate_Stream_Batch_p_ZL7threshs_145_ROM_AUTO_1R.v"]"\
## "[file normalize "$origin_dir/MVAU_hls_2_Matrix_Vector_Activate_Stream_Batch_p_ZL7threshs_146_ROM_AUTO_1R.v"]"\
## "[file normalize "$origin_dir/MVAU_hls_2_Matrix_Vector_Activate_Stream_Batch_p_ZL7threshs_147_ROM_AUTO_1R.v"]"\
## "[file normalize "$origin_dir/MVAU_hls_2_Matrix_Vector_Activate_Stream_Batch_p_ZL7threshs_148_ROM_AUTO_1R.v"]"\
## "[file normalize "$origin_dir/MVAU_hls_2_Matrix_Vector_Activate_Stream_Batch_p_ZL7threshs_149_ROM_AUTO_1R.v"]"\
## "[file normalize "$origin_dir/MVAU_hls_2_Matrix_Vector_Activate_Stream_Batch_p_ZL7threshs_14_ROM_AUTO_1R.v"]"\
## "[file normalize "$origin_dir/MVAU_hls_2_Matrix_Vector_Activate_Stream_Batch_p_ZL7threshs_150_ROM_AUTO_1R.v"]"\
## "[file normalize "$origin_dir/MVAU_hls_2_Matrix_Vector_Activate_Stream_Batch_p_ZL7threshs_151_ROM_AUTO_1R.v"]"\
## "[file normalize "$origin_dir/MVAU_hls_2_Matrix_Vector_Activate_Stream_Batch_p_ZL7threshs_152_ROM_AUTO_1R.v"]"\
## "[file normalize "$origin_dir/MVAU_hls_2_Matrix_Vector_Activate_Stream_Batch_p_ZL7threshs_153_ROM_AUTO_1R.v"]"\
## "[file normalize "$origin_dir/MVAU_hls_2_Matrix_Vector_Activate_Stream_Batch_p_ZL7threshs_154_ROM_AUTO_1R.v"]"\
## "[file normalize "$origin_dir/MVAU_hls_2_Matrix_Vector_Activate_Stream_Batch_p_ZL7threshs_155_ROM_AUTO_1R.v"]"\
## "[file normalize "$origin_dir/MVAU_hls_2_Matrix_Vector_Activate_Stream_Batch_p_ZL7threshs_156_ROM_AUTO_1R.v"]"\
## "[file normalize "$origin_dir/MVAU_hls_2_Matrix_Vector_Activate_Stream_Batch_p_ZL7threshs_157_ROM_AUTO_1R.v"]"\
## "[file normalize "$origin_dir/MVAU_hls_2_Matrix_Vector_Activate_Stream_Batch_p_ZL7threshs_158_ROM_AUTO_1R.v"]"\
## "[file normalize "$origin_dir/MVAU_hls_2_Matrix_Vector_Activate_Stream_Batch_p_ZL7threshs_159_ROM_AUTO_1R.v"]"\
## "[file normalize "$origin_dir/MVAU_hls_2_Matrix_Vector_Activate_Stream_Batch_p_ZL7threshs_15_ROM_AUTO_1R.v"]"\
## "[file normalize "$origin_dir/MVAU_hls_2_Matrix_Vector_Activate_Stream_Batch_p_ZL7threshs_160_ROM_AUTO_1R.v"]"\
## "[file normalize "$origin_dir/MVAU_hls_2_Matrix_Vector_Activate_Stream_Batch_p_ZL7threshs_161_ROM_AUTO_1R.v"]"\
## "[file normalize "$origin_dir/MVAU_hls_2_Matrix_Vector_Activate_Stream_Batch_p_ZL7threshs_162_ROM_AUTO_1R.v"]"\
## "[file normalize "$origin_dir/MVAU_hls_2_Matrix_Vector_Activate_Stream_Batch_p_ZL7threshs_163_ROM_AUTO_1R.v"]"\
## "[file normalize "$origin_dir/MVAU_hls_2_Matrix_Vector_Activate_Stream_Batch_p_ZL7threshs_164_ROM_AUTO_1R.v"]"\
## "[file normalize "$origin_dir/MVAU_hls_2_Matrix_Vector_Activate_Stream_Batch_p_ZL7threshs_165_ROM_AUTO_1R.v"]"\
## "[file normalize "$origin_dir/MVAU_hls_2_Matrix_Vector_Activate_Stream_Batch_p_ZL7threshs_166_ROM_AUTO_1R.v"]"\
## "[file normalize "$origin_dir/MVAU_hls_2_Matrix_Vector_Activate_Stream_Batch_p_ZL7threshs_167_ROM_AUTO_1R.v"]"\
## "[file normalize "$origin_dir/MVAU_hls_2_Matrix_Vector_Activate_Stream_Batch_p_ZL7threshs_168_ROM_AUTO_1R.v"]"\
## "[file normalize "$origin_dir/MVAU_hls_2_Matrix_Vector_Activate_Stream_Batch_p_ZL7threshs_169_ROM_AUTO_1R.v"]"\
## "[file normalize "$origin_dir/MVAU_hls_2_Matrix_Vector_Activate_Stream_Batch_p_ZL7threshs_16_ROM_AUTO_1R.v"]"\
## "[file normalize "$origin_dir/MVAU_hls_2_Matrix_Vector_Activate_Stream_Batch_p_ZL7threshs_170_ROM_AUTO_1R.v"]"\
## "[file normalize "$origin_dir/MVAU_hls_2_Matrix_Vector_Activate_Stream_Batch_p_ZL7threshs_171_ROM_AUTO_1R.v"]"\
## "[file normalize "$origin_dir/MVAU_hls_2_Matrix_Vector_Activate_Stream_Batch_p_ZL7threshs_172_ROM_AUTO_1R.v"]"\
## "[file normalize "$origin_dir/MVAU_hls_2_Matrix_Vector_Activate_Stream_Batch_p_ZL7threshs_173_ROM_AUTO_1R.v"]"\
## "[file normalize "$origin_dir/MVAU_hls_2_Matrix_Vector_Activate_Stream_Batch_p_ZL7threshs_174_ROM_AUTO_1R.v"]"\
## "[file normalize "$origin_dir/MVAU_hls_2_Matrix_Vector_Activate_Stream_Batch_p_ZL7threshs_175_ROM_AUTO_1R.v"]"\
## "[file normalize "$origin_dir/MVAU_hls_2_Matrix_Vector_Activate_Stream_Batch_p_ZL7threshs_176_ROM_AUTO_1R.v"]"\
## "[file normalize "$origin_dir/MVAU_hls_2_Matrix_Vector_Activate_Stream_Batch_p_ZL7threshs_177_ROM_AUTO_1R.v"]"\
## "[file normalize "$origin_dir/MVAU_hls_2_Matrix_Vector_Activate_Stream_Batch_p_ZL7threshs_178_ROM_AUTO_1R.v"]"\
## "[file normalize "$origin_dir/MVAU_hls_2_Matrix_Vector_Activate_Stream_Batch_p_ZL7threshs_179_ROM_AUTO_1R.v"]"\
## "[file normalize "$origin_dir/MVAU_hls_2_Matrix_Vector_Activate_Stream_Batch_p_ZL7threshs_17_ROM_AUTO_1R.v"]"\
## "[file normalize "$origin_dir/MVAU_hls_2_Matrix_Vector_Activate_Stream_Batch_p_ZL7threshs_180_ROM_AUTO_1R.v"]"\
## "[file normalize "$origin_dir/MVAU_hls_2_Matrix_Vector_Activate_Stream_Batch_p_ZL7threshs_181_ROM_AUTO_1R.v"]"\
## "[file normalize "$origin_dir/MVAU_hls_2_Matrix_Vector_Activate_Stream_Batch_p_ZL7threshs_182_ROM_AUTO_1R.v"]"\
## "[file normalize "$origin_dir/MVAU_hls_2_Matrix_Vector_Activate_Stream_Batch_p_ZL7threshs_183_ROM_AUTO_1R.v"]"\
## "[file normalize "$origin_dir/MVAU_hls_2_Matrix_Vector_Activate_Stream_Batch_p_ZL7threshs_184_ROM_AUTO_1R.v"]"\
## "[file normalize "$origin_dir/MVAU_hls_2_Matrix_Vector_Activate_Stream_Batch_p_ZL7threshs_185_ROM_AUTO_1R.v"]"\
## "[file normalize "$origin_dir/MVAU_hls_2_Matrix_Vector_Activate_Stream_Batch_p_ZL7threshs_186_ROM_AUTO_1R.v"]"\
## "[file normalize "$origin_dir/MVAU_hls_2_Matrix_Vector_Activate_Stream_Batch_p_ZL7threshs_187_ROM_AUTO_1R.v"]"\
## "[file normalize "$origin_dir/MVAU_hls_2_Matrix_Vector_Activate_Stream_Batch_p_ZL7threshs_188_ROM_AUTO_1R.v"]"\
## "[file normalize "$origin_dir/MVAU_hls_2_Matrix_Vector_Activate_Stream_Batch_p_ZL7threshs_189_ROM_AUTO_1R.v"]"\
## "[file normalize "$origin_dir/MVAU_hls_2_Matrix_Vector_Activate_Stream_Batch_p_ZL7threshs_18_ROM_AUTO_1R.v"]"\
## "[file normalize "$origin_dir/MVAU_hls_2_Matrix_Vector_Activate_Stream_Batch_p_ZL7threshs_190_ROM_AUTO_1R.v"]"\
## "[file normalize "$origin_dir/MVAU_hls_2_Matrix_Vector_Activate_Stream_Batch_p_ZL7threshs_191_ROM_AUTO_1R.v"]"\
## "[file normalize "$origin_dir/MVAU_hls_2_Matrix_Vector_Activate_Stream_Batch_p_ZL7threshs_192_ROM_AUTO_1R.v"]"\
## "[file normalize "$origin_dir/MVAU_hls_2_Matrix_Vector_Activate_Stream_Batch_p_ZL7threshs_193_ROM_AUTO_1R.v"]"\
## "[file normalize "$origin_dir/MVAU_hls_2_Matrix_Vector_Activate_Stream_Batch_p_ZL7threshs_194_ROM_AUTO_1R.v"]"\
## "[file normalize "$origin_dir/MVAU_hls_2_Matrix_Vector_Activate_Stream_Batch_p_ZL7threshs_195_ROM_AUTO_1R.v"]"\
## "[file normalize "$origin_dir/MVAU_hls_2_Matrix_Vector_Activate_Stream_Batch_p_ZL7threshs_196_ROM_AUTO_1R.v"]"\
## "[file normalize "$origin_dir/MVAU_hls_2_Matrix_Vector_Activate_Stream_Batch_p_ZL7threshs_197_ROM_AUTO_1R.v"]"\
## "[file normalize "$origin_dir/MVAU_hls_2_Matrix_Vector_Activate_Stream_Batch_p_ZL7threshs_198_ROM_AUTO_1R.v"]"\
## "[file normalize "$origin_dir/MVAU_hls_2_Matrix_Vector_Activate_Stream_Batch_p_ZL7threshs_199_ROM_AUTO_1R.v"]"\
## "[file normalize "$origin_dir/MVAU_hls_2_Matrix_Vector_Activate_Stream_Batch_p_ZL7threshs_19_ROM_AUTO_1R.v"]"\
## "[file normalize "$origin_dir/MVAU_hls_2_Matrix_Vector_Activate_Stream_Batch_p_ZL7threshs_1_ROM_AUTO_1R.v"]"\
## "[file normalize "$origin_dir/MVAU_hls_2_Matrix_Vector_Activate_Stream_Batch_p_ZL7threshs_200_ROM_AUTO_1R.v"]"\
## "[file normalize "$origin_dir/MVAU_hls_2_Matrix_Vector_Activate_Stream_Batch_p_ZL7threshs_201_ROM_AUTO_1R.v"]"\
## "[file normalize "$origin_dir/MVAU_hls_2_Matrix_Vector_Activate_Stream_Batch_p_ZL7threshs_202_ROM_AUTO_1R.v"]"\
## "[file normalize "$origin_dir/MVAU_hls_2_Matrix_Vector_Activate_Stream_Batch_p_ZL7threshs_203_ROM_AUTO_1R.v"]"\
## "[file normalize "$origin_dir/MVAU_hls_2_Matrix_Vector_Activate_Stream_Batch_p_ZL7threshs_204_ROM_AUTO_1R.v"]"\
## "[file normalize "$origin_dir/MVAU_hls_2_Matrix_Vector_Activate_Stream_Batch_p_ZL7threshs_205_ROM_AUTO_1R.v"]"\
## "[file normalize "$origin_dir/MVAU_hls_2_Matrix_Vector_Activate_Stream_Batch_p_ZL7threshs_206_ROM_AUTO_1R.v"]"\
## "[file normalize "$origin_dir/MVAU_hls_2_Matrix_Vector_Activate_Stream_Batch_p_ZL7threshs_207_ROM_AUTO_1R.v"]"\
## "[file normalize "$origin_dir/MVAU_hls_2_Matrix_Vector_Activate_Stream_Batch_p_ZL7threshs_208_ROM_AUTO_1R.v"]"\
## "[file normalize "$origin_dir/MVAU_hls_2_Matrix_Vector_Activate_Stream_Batch_p_ZL7threshs_209_ROM_AUTO_1R.v"]"\
## "[file normalize "$origin_dir/MVAU_hls_2_Matrix_Vector_Activate_Stream_Batch_p_ZL7threshs_20_ROM_AUTO_1R.v"]"\
## "[file normalize "$origin_dir/MVAU_hls_2_Matrix_Vector_Activate_Stream_Batch_p_ZL7threshs_210_ROM_AUTO_1R.v"]"\
## "[file normalize "$origin_dir/MVAU_hls_2_Matrix_Vector_Activate_Stream_Batch_p_ZL7threshs_211_ROM_AUTO_1R.v"]"\
## "[file normalize "$origin_dir/MVAU_hls_2_Matrix_Vector_Activate_Stream_Batch_p_ZL7threshs_212_ROM_AUTO_1R.v"]"\
## "[file normalize "$origin_dir/MVAU_hls_2_Matrix_Vector_Activate_Stream_Batch_p_ZL7threshs_213_ROM_AUTO_1R.v"]"\
## "[file normalize "$origin_dir/MVAU_hls_2_Matrix_Vector_Activate_Stream_Batch_p_ZL7threshs_214_ROM_AUTO_1R.v"]"\
## "[file normalize "$origin_dir/MVAU_hls_2_Matrix_Vector_Activate_Stream_Batch_p_ZL7threshs_215_ROM_AUTO_1R.v"]"\
## "[file normalize "$origin_dir/MVAU_hls_2_Matrix_Vector_Activate_Stream_Batch_p_ZL7threshs_216_ROM_AUTO_1R.v"]"\
## "[file normalize "$origin_dir/MVAU_hls_2_Matrix_Vector_Activate_Stream_Batch_p_ZL7threshs_217_ROM_AUTO_1R.v"]"\
## "[file normalize "$origin_dir/MVAU_hls_2_Matrix_Vector_Activate_Stream_Batch_p_ZL7threshs_218_ROM_AUTO_1R.v"]"\
## "[file normalize "$origin_dir/MVAU_hls_2_Matrix_Vector_Activate_Stream_Batch_p_ZL7threshs_219_ROM_AUTO_1R.v"]"\
## "[file normalize "$origin_dir/MVAU_hls_2_Matrix_Vector_Activate_Stream_Batch_p_ZL7threshs_21_ROM_AUTO_1R.v"]"\
## "[file normalize "$origin_dir/MVAU_hls_2_Matrix_Vector_Activate_Stream_Batch_p_ZL7threshs_220_ROM_AUTO_1R.v"]"\
## "[file normalize "$origin_dir/MVAU_hls_2_Matrix_Vector_Activate_Stream_Batch_p_ZL7threshs_221_ROM_AUTO_1R.v"]"\
## "[file normalize "$origin_dir/MVAU_hls_2_Matrix_Vector_Activate_Stream_Batch_p_ZL7threshs_222_ROM_AUTO_1R.v"]"\
## "[file normalize "$origin_dir/MVAU_hls_2_Matrix_Vector_Activate_Stream_Batch_p_ZL7threshs_223_ROM_AUTO_1R.v"]"\
## "[file normalize "$origin_dir/MVAU_hls_2_Matrix_Vector_Activate_Stream_Batch_p_ZL7threshs_224_ROM_AUTO_1R.v"]"\
## "[file normalize "$origin_dir/MVAU_hls_2_Matrix_Vector_Activate_Stream_Batch_p_ZL7threshs_225_ROM_AUTO_1R.v"]"\
## "[file normalize "$origin_dir/MVAU_hls_2_Matrix_Vector_Activate_Stream_Batch_p_ZL7threshs_226_ROM_AUTO_1R.v"]"\
## "[file normalize "$origin_dir/MVAU_hls_2_Matrix_Vector_Activate_Stream_Batch_p_ZL7threshs_227_ROM_AUTO_1R.v"]"\
## "[file normalize "$origin_dir/MVAU_hls_2_Matrix_Vector_Activate_Stream_Batch_p_ZL7threshs_228_ROM_AUTO_1R.v"]"\
## "[file normalize "$origin_dir/MVAU_hls_2_Matrix_Vector_Activate_Stream_Batch_p_ZL7threshs_229_ROM_AUTO_1R.v"]"\
## "[file normalize "$origin_dir/MVAU_hls_2_Matrix_Vector_Activate_Stream_Batch_p_ZL7threshs_22_ROM_AUTO_1R.v"]"\
## "[file normalize "$origin_dir/MVAU_hls_2_Matrix_Vector_Activate_Stream_Batch_p_ZL7threshs_230_ROM_AUTO_1R.v"]"\
## "[file normalize "$origin_dir/MVAU_hls_2_Matrix_Vector_Activate_Stream_Batch_p_ZL7threshs_231_ROM_AUTO_1R.v"]"\
## "[file normalize "$origin_dir/MVAU_hls_2_Matrix_Vector_Activate_Stream_Batch_p_ZL7threshs_232_ROM_AUTO_1R.v"]"\
## "[file normalize "$origin_dir/MVAU_hls_2_Matrix_Vector_Activate_Stream_Batch_p_ZL7threshs_233_ROM_AUTO_1R.v"]"\
## "[file normalize "$origin_dir/MVAU_hls_2_Matrix_Vector_Activate_Stream_Batch_p_ZL7threshs_234_ROM_AUTO_1R.v"]"\
## "[file normalize "$origin_dir/MVAU_hls_2_Matrix_Vector_Activate_Stream_Batch_p_ZL7threshs_235_ROM_AUTO_1R.v"]"\
## "[file normalize "$origin_dir/MVAU_hls_2_Matrix_Vector_Activate_Stream_Batch_p_ZL7threshs_236_ROM_AUTO_1R.v"]"\
## "[file normalize "$origin_dir/MVAU_hls_2_Matrix_Vector_Activate_Stream_Batch_p_ZL7threshs_237_ROM_AUTO_1R.v"]"\
## "[file normalize "$origin_dir/MVAU_hls_2_Matrix_Vector_Activate_Stream_Batch_p_ZL7threshs_238_ROM_AUTO_1R.v"]"\
## "[file normalize "$origin_dir/MVAU_hls_2_Matrix_Vector_Activate_Stream_Batch_p_ZL7threshs_239_ROM_AUTO_1R.v"]"\
## "[file normalize "$origin_dir/MVAU_hls_2_Matrix_Vector_Activate_Stream_Batch_p_ZL7threshs_23_ROM_AUTO_1R.v"]"\
## "[file normalize "$origin_dir/MVAU_hls_2_Matrix_Vector_Activate_Stream_Batch_p_ZL7threshs_240_ROM_AUTO_1R.v"]"\
## "[file normalize "$origin_dir/MVAU_hls_2_Matrix_Vector_Activate_Stream_Batch_p_ZL7threshs_241_ROM_AUTO_1R.v"]"\
## "[file normalize "$origin_dir/MVAU_hls_2_Matrix_Vector_Activate_Stream_Batch_p_ZL7threshs_242_ROM_AUTO_1R.v"]"\
## "[file normalize "$origin_dir/MVAU_hls_2_Matrix_Vector_Activate_Stream_Batch_p_ZL7threshs_243_ROM_AUTO_1R.v"]"\
## "[file normalize "$origin_dir/MVAU_hls_2_Matrix_Vector_Activate_Stream_Batch_p_ZL7threshs_244_ROM_AUTO_1R.v"]"\
## "[file normalize "$origin_dir/MVAU_hls_2_Matrix_Vector_Activate_Stream_Batch_p_ZL7threshs_245_ROM_AUTO_1R.v"]"\
## "[file normalize "$origin_dir/MVAU_hls_2_Matrix_Vector_Activate_Stream_Batch_p_ZL7threshs_246_ROM_AUTO_1R.v"]"\
## "[file normalize "$origin_dir/MVAU_hls_2_Matrix_Vector_Activate_Stream_Batch_p_ZL7threshs_247_ROM_AUTO_1R.v"]"\
## "[file normalize "$origin_dir/MVAU_hls_2_Matrix_Vector_Activate_Stream_Batch_p_ZL7threshs_248_ROM_AUTO_1R.v"]"\
## "[file normalize "$origin_dir/MVAU_hls_2_Matrix_Vector_Activate_Stream_Batch_p_ZL7threshs_249_ROM_AUTO_1R.v"]"\
## "[file normalize "$origin_dir/MVAU_hls_2_Matrix_Vector_Activate_Stream_Batch_p_ZL7threshs_24_ROM_AUTO_1R.v"]"\
## "[file normalize "$origin_dir/MVAU_hls_2_Matrix_Vector_Activate_Stream_Batch_p_ZL7threshs_250_ROM_AUTO_1R.v"]"\
## "[file normalize "$origin_dir/MVAU_hls_2_Matrix_Vector_Activate_Stream_Batch_p_ZL7threshs_251_ROM_AUTO_1R.v"]"\
## "[file normalize "$origin_dir/MVAU_hls_2_Matrix_Vector_Activate_Stream_Batch_p_ZL7threshs_252_ROM_AUTO_1R.v"]"\
## "[file normalize "$origin_dir/MVAU_hls_2_Matrix_Vector_Activate_Stream_Batch_p_ZL7threshs_253_ROM_AUTO_1R.v"]"\
## "[file normalize "$origin_dir/MVAU_hls_2_Matrix_Vector_Activate_Stream_Batch_p_ZL7threshs_254_ROM_AUTO_1R.v"]"\
## "[file normalize "$origin_dir/MVAU_hls_2_Matrix_Vector_Activate_Stream_Batch_p_ZL7threshs_25_ROM_AUTO_1R.v"]"\
## "[file normalize "$origin_dir/MVAU_hls_2_Matrix_Vector_Activate_Stream_Batch_p_ZL7threshs_26_ROM_AUTO_1R.v"]"\
## "[file normalize "$origin_dir/MVAU_hls_2_Matrix_Vector_Activate_Stream_Batch_p_ZL7threshs_27_ROM_AUTO_1R.v"]"\
## "[file normalize "$origin_dir/MVAU_hls_2_Matrix_Vector_Activate_Stream_Batch_p_ZL7threshs_28_ROM_AUTO_1R.v"]"\
## "[file normalize "$origin_dir/MVAU_hls_2_Matrix_Vector_Activate_Stream_Batch_p_ZL7threshs_29_ROM_AUTO_1R.v"]"\
## "[file normalize "$origin_dir/MVAU_hls_2_Matrix_Vector_Activate_Stream_Batch_p_ZL7threshs_2_ROM_AUTO_1R.v"]"\
## "[file normalize "$origin_dir/MVAU_hls_2_Matrix_Vector_Activate_Stream_Batch_p_ZL7threshs_30_ROM_AUTO_1R.v"]"\
## "[file normalize "$origin_dir/MVAU_hls_2_Matrix_Vector_Activate_Stream_Batch_p_ZL7threshs_31_ROM_AUTO_1R.v"]"\
## "[file normalize "$origin_dir/MVAU_hls_2_Matrix_Vector_Activate_Stream_Batch_p_ZL7threshs_32_ROM_AUTO_1R.v"]"\
## "[file normalize "$origin_dir/MVAU_hls_2_Matrix_Vector_Activate_Stream_Batch_p_ZL7threshs_33_ROM_AUTO_1R.v"]"\
## "[file normalize "$origin_dir/MVAU_hls_2_Matrix_Vector_Activate_Stream_Batch_p_ZL7threshs_34_ROM_AUTO_1R.v"]"\
## "[file normalize "$origin_dir/MVAU_hls_2_Matrix_Vector_Activate_Stream_Batch_p_ZL7threshs_35_ROM_AUTO_1R.v"]"\
## "[file normalize "$origin_dir/MVAU_hls_2_Matrix_Vector_Activate_Stream_Batch_p_ZL7threshs_36_ROM_AUTO_1R.v"]"\
## "[file normalize "$origin_dir/MVAU_hls_2_Matrix_Vector_Activate_Stream_Batch_p_ZL7threshs_37_ROM_AUTO_1R.v"]"\
## "[file normalize "$origin_dir/MVAU_hls_2_Matrix_Vector_Activate_Stream_Batch_p_ZL7threshs_38_ROM_AUTO_1R.v"]"\
## "[file normalize "$origin_dir/MVAU_hls_2_Matrix_Vector_Activate_Stream_Batch_p_ZL7threshs_39_ROM_AUTO_1R.v"]"\
## "[file normalize "$origin_dir/MVAU_hls_2_Matrix_Vector_Activate_Stream_Batch_p_ZL7threshs_3_ROM_AUTO_1R.v"]"\
## "[file normalize "$origin_dir/MVAU_hls_2_Matrix_Vector_Activate_Stream_Batch_p_ZL7threshs_40_ROM_AUTO_1R.v"]"\
## "[file normalize "$origin_dir/MVAU_hls_2_Matrix_Vector_Activate_Stream_Batch_p_ZL7threshs_41_ROM_AUTO_1R.v"]"\
## "[file normalize "$origin_dir/MVAU_hls_2_Matrix_Vector_Activate_Stream_Batch_p_ZL7threshs_42_ROM_AUTO_1R.v"]"\
## "[file normalize "$origin_dir/MVAU_hls_2_Matrix_Vector_Activate_Stream_Batch_p_ZL7threshs_43_ROM_AUTO_1R.v"]"\
## "[file normalize "$origin_dir/MVAU_hls_2_Matrix_Vector_Activate_Stream_Batch_p_ZL7threshs_44_ROM_AUTO_1R.v"]"\
## "[file normalize "$origin_dir/MVAU_hls_2_Matrix_Vector_Activate_Stream_Batch_p_ZL7threshs_45_ROM_AUTO_1R.v"]"\
## "[file normalize "$origin_dir/MVAU_hls_2_Matrix_Vector_Activate_Stream_Batch_p_ZL7threshs_46_ROM_AUTO_1R.v"]"\
## "[file normalize "$origin_dir/MVAU_hls_2_Matrix_Vector_Activate_Stream_Batch_p_ZL7threshs_47_ROM_AUTO_1R.v"]"\
## "[file normalize "$origin_dir/MVAU_hls_2_Matrix_Vector_Activate_Stream_Batch_p_ZL7threshs_48_ROM_AUTO_1R.v"]"\
## "[file normalize "$origin_dir/MVAU_hls_2_Matrix_Vector_Activate_Stream_Batch_p_ZL7threshs_49_ROM_AUTO_1R.v"]"\
## "[file normalize "$origin_dir/MVAU_hls_2_Matrix_Vector_Activate_Stream_Batch_p_ZL7threshs_4_ROM_AUTO_1R.v"]"\
## "[file normalize "$origin_dir/MVAU_hls_2_Matrix_Vector_Activate_Stream_Batch_p_ZL7threshs_50_ROM_AUTO_1R.v"]"\
## "[file normalize "$origin_dir/MVAU_hls_2_Matrix_Vector_Activate_Stream_Batch_p_ZL7threshs_51_ROM_AUTO_1R.v"]"\
## "[file normalize "$origin_dir/MVAU_hls_2_Matrix_Vector_Activate_Stream_Batch_p_ZL7threshs_52_ROM_AUTO_1R.v"]"\
## "[file normalize "$origin_dir/MVAU_hls_2_Matrix_Vector_Activate_Stream_Batch_p_ZL7threshs_53_ROM_AUTO_1R.v"]"\
## "[file normalize "$origin_dir/MVAU_hls_2_Matrix_Vector_Activate_Stream_Batch_p_ZL7threshs_54_ROM_AUTO_1R.v"]"\
## "[file normalize "$origin_dir/MVAU_hls_2_Matrix_Vector_Activate_Stream_Batch_p_ZL7threshs_55_ROM_AUTO_1R.v"]"\
## "[file normalize "$origin_dir/MVAU_hls_2_Matrix_Vector_Activate_Stream_Batch_p_ZL7threshs_56_ROM_AUTO_1R.v"]"\
## "[file normalize "$origin_dir/MVAU_hls_2_Matrix_Vector_Activate_Stream_Batch_p_ZL7threshs_57_ROM_AUTO_1R.v"]"\
## "[file normalize "$origin_dir/MVAU_hls_2_Matrix_Vector_Activate_Stream_Batch_p_ZL7threshs_58_ROM_AUTO_1R.v"]"\
## "[file normalize "$origin_dir/MVAU_hls_2_Matrix_Vector_Activate_Stream_Batch_p_ZL7threshs_59_ROM_AUTO_1R.v"]"\
## "[file normalize "$origin_dir/MVAU_hls_2_Matrix_Vector_Activate_Stream_Batch_p_ZL7threshs_5_ROM_AUTO_1R.v"]"\
## "[file normalize "$origin_dir/MVAU_hls_2_Matrix_Vector_Activate_Stream_Batch_p_ZL7threshs_60_ROM_AUTO_1R.v"]"\
## "[file normalize "$origin_dir/MVAU_hls_2_Matrix_Vector_Activate_Stream_Batch_p_ZL7threshs_61_ROM_AUTO_1R.v"]"\
## "[file normalize "$origin_dir/MVAU_hls_2_Matrix_Vector_Activate_Stream_Batch_p_ZL7threshs_62_ROM_AUTO_1R.v"]"\
## "[file normalize "$origin_dir/MVAU_hls_2_Matrix_Vector_Activate_Stream_Batch_p_ZL7threshs_63_ROM_AUTO_1R.v"]"\
## "[file normalize "$origin_dir/MVAU_hls_2_Matrix_Vector_Activate_Stream_Batch_p_ZL7threshs_64_ROM_AUTO_1R.v"]"\
## "[file normalize "$origin_dir/MVAU_hls_2_Matrix_Vector_Activate_Stream_Batch_p_ZL7threshs_65_ROM_AUTO_1R.v"]"\
## "[file normalize "$origin_dir/MVAU_hls_2_Matrix_Vector_Activate_Stream_Batch_p_ZL7threshs_66_ROM_AUTO_1R.v"]"\
## "[file normalize "$origin_dir/MVAU_hls_2_Matrix_Vector_Activate_Stream_Batch_p_ZL7threshs_67_ROM_AUTO_1R.v"]"\
## "[file normalize "$origin_dir/MVAU_hls_2_Matrix_Vector_Activate_Stream_Batch_p_ZL7threshs_68_ROM_AUTO_1R.v"]"\
## "[file normalize "$origin_dir/MVAU_hls_2_Matrix_Vector_Activate_Stream_Batch_p_ZL7threshs_69_ROM_AUTO_1R.v"]"\
## "[file normalize "$origin_dir/MVAU_hls_2_Matrix_Vector_Activate_Stream_Batch_p_ZL7threshs_6_ROM_AUTO_1R.v"]"\
## "[file normalize "$origin_dir/MVAU_hls_2_Matrix_Vector_Activate_Stream_Batch_p_ZL7threshs_70_ROM_AUTO_1R.v"]"\
## "[file normalize "$origin_dir/MVAU_hls_2_Matrix_Vector_Activate_Stream_Batch_p_ZL7threshs_71_ROM_AUTO_1R.v"]"\
## "[file normalize "$origin_dir/MVAU_hls_2_Matrix_Vector_Activate_Stream_Batch_p_ZL7threshs_72_ROM_AUTO_1R.v"]"\
## "[file normalize "$origin_dir/MVAU_hls_2_Matrix_Vector_Activate_Stream_Batch_p_ZL7threshs_73_ROM_AUTO_1R.v"]"\
## "[file normalize "$origin_dir/MVAU_hls_2_Matrix_Vector_Activate_Stream_Batch_p_ZL7threshs_74_ROM_AUTO_1R.v"]"\
## "[file normalize "$origin_dir/MVAU_hls_2_Matrix_Vector_Activate_Stream_Batch_p_ZL7threshs_75_ROM_AUTO_1R.v"]"\
## "[file normalize "$origin_dir/MVAU_hls_2_Matrix_Vector_Activate_Stream_Batch_p_ZL7threshs_76_ROM_AUTO_1R.v"]"\
## "[file normalize "$origin_dir/MVAU_hls_2_Matrix_Vector_Activate_Stream_Batch_p_ZL7threshs_77_ROM_AUTO_1R.v"]"\
## "[file normalize "$origin_dir/MVAU_hls_2_Matrix_Vector_Activate_Stream_Batch_p_ZL7threshs_78_ROM_AUTO_1R.v"]"\
## "[file normalize "$origin_dir/MVAU_hls_2_Matrix_Vector_Activate_Stream_Batch_p_ZL7threshs_79_ROM_AUTO_1R.v"]"\
## "[file normalize "$origin_dir/MVAU_hls_2_Matrix_Vector_Activate_Stream_Batch_p_ZL7threshs_7_ROM_AUTO_1R.v"]"\
## "[file normalize "$origin_dir/MVAU_hls_2_Matrix_Vector_Activate_Stream_Batch_p_ZL7threshs_80_ROM_AUTO_1R.v"]"\
## "[file normalize "$origin_dir/MVAU_hls_2_Matrix_Vector_Activate_Stream_Batch_p_ZL7threshs_81_ROM_AUTO_1R.v"]"\
## "[file normalize "$origin_dir/MVAU_hls_2_Matrix_Vector_Activate_Stream_Batch_p_ZL7threshs_82_ROM_AUTO_1R.v"]"\
## "[file normalize "$origin_dir/MVAU_hls_2_Matrix_Vector_Activate_Stream_Batch_p_ZL7threshs_83_ROM_AUTO_1R.v"]"\
## "[file normalize "$origin_dir/MVAU_hls_2_Matrix_Vector_Activate_Stream_Batch_p_ZL7threshs_84_ROM_AUTO_1R.v"]"\
## "[file normalize "$origin_dir/MVAU_hls_2_Matrix_Vector_Activate_Stream_Batch_p_ZL7threshs_85_ROM_AUTO_1R.v"]"\
## "[file normalize "$origin_dir/MVAU_hls_2_Matrix_Vector_Activate_Stream_Batch_p_ZL7threshs_86_ROM_AUTO_1R.v"]"\
## "[file normalize "$origin_dir/MVAU_hls_2_Matrix_Vector_Activate_Stream_Batch_p_ZL7threshs_87_ROM_AUTO_1R.v"]"\
## "[file normalize "$origin_dir/MVAU_hls_2_Matrix_Vector_Activate_Stream_Batch_p_ZL7threshs_88_ROM_AUTO_1R.v"]"\
## "[file normalize "$origin_dir/MVAU_hls_2_Matrix_Vector_Activate_Stream_Batch_p_ZL7threshs_89_ROM_AUTO_1R.v"]"\
## "[file normalize "$origin_dir/MVAU_hls_2_Matrix_Vector_Activate_Stream_Batch_p_ZL7threshs_8_ROM_AUTO_1R.v"]"\
## "[file normalize "$origin_dir/MVAU_hls_2_Matrix_Vector_Activate_Stream_Batch_p_ZL7threshs_90_ROM_AUTO_1R.v"]"\
## "[file normalize "$origin_dir/MVAU_hls_2_Matrix_Vector_Activate_Stream_Batch_p_ZL7threshs_91_ROM_AUTO_1R.v"]"\
## "[file normalize "$origin_dir/MVAU_hls_2_Matrix_Vector_Activate_Stream_Batch_p_ZL7threshs_92_ROM_AUTO_1R.v"]"\
## "[file normalize "$origin_dir/MVAU_hls_2_Matrix_Vector_Activate_Stream_Batch_p_ZL7threshs_93_ROM_AUTO_1R.v"]"\
## "[file normalize "$origin_dir/MVAU_hls_2_Matrix_Vector_Activate_Stream_Batch_p_ZL7threshs_94_ROM_AUTO_1R.v"]"\
## "[file normalize "$origin_dir/MVAU_hls_2_Matrix_Vector_Activate_Stream_Batch_p_ZL7threshs_95_ROM_AUTO_1R.v"]"\
## "[file normalize "$origin_dir/MVAU_hls_2_Matrix_Vector_Activate_Stream_Batch_p_ZL7threshs_96_ROM_AUTO_1R.v"]"\
## "[file normalize "$origin_dir/MVAU_hls_2_Matrix_Vector_Activate_Stream_Batch_p_ZL7threshs_97_ROM_AUTO_1R.v"]"\
## "[file normalize "$origin_dir/MVAU_hls_2_Matrix_Vector_Activate_Stream_Batch_p_ZL7threshs_98_ROM_AUTO_1R.v"]"\
## "[file normalize "$origin_dir/MVAU_hls_2_Matrix_Vector_Activate_Stream_Batch_p_ZL7threshs_99_ROM_AUTO_1R.v"]"\
## "[file normalize "$origin_dir/MVAU_hls_2_Matrix_Vector_Activate_Stream_Batch_p_ZL7threshs_9_ROM_AUTO_1R.v"]"\
## "[file normalize "$origin_dir/MVAU_hls_2_Matrix_Vector_Activate_Stream_Batch.v"]"\
## "[file normalize "$origin_dir/MVAU_hls_2_mul_8ns_8s_16_1_1.v"]"\
## "[file normalize "$origin_dir/MVAU_hls_2_mux_727_16_1_1.v"]"\
## "[file normalize "$origin_dir/MVAU_hls_2_regslice_both.v"]"\
## "[file normalize "$origin_dir/MVAU_hls_2.v"]"\
## "[file normalize "$origin_dir/MVAU_hls_3_flow_control_loop_pipe_sequential_init.v"]"\
## "[file normalize "$origin_dir/MVAU_hls_3_hls_deadlock_idx0_monitor.v"]"\
## "[file normalize "$origin_dir/MVAU_hls_3_hls_deadlock_idx1_monitor.v"]"\
## "[file normalize "$origin_dir/MVAU_hls_3_mac_muladd_8ns_8s_16s_17_4_1.v"]"\
## "[file normalize "$origin_dir/MVAU_hls_3_mac_muladd_8ns_8s_22s_22_4_1.v"]"\
## "[file normalize "$origin_dir/MVAU_hls_3_Matrix_Vector_Activate_Stream_Batch_p_ZL7threshs_0_ROM_AUTO_1R.v"]"\
## "[file normalize "$origin_dir/MVAU_hls_3_Matrix_Vector_Activate_Stream_Batch_p_ZL7threshs_100_ROM_AUTO_1R.v"]"\
## "[file normalize "$origin_dir/MVAU_hls_3_Matrix_Vector_Activate_Stream_Batch_p_ZL7threshs_101_ROM_AUTO_1R.v"]"\
## "[file normalize "$origin_dir/MVAU_hls_3_Matrix_Vector_Activate_Stream_Batch_p_ZL7threshs_102_ROM_AUTO_1R.v"]"\
## "[file normalize "$origin_dir/MVAU_hls_3_Matrix_Vector_Activate_Stream_Batch_p_ZL7threshs_103_ROM_AUTO_1R.v"]"\
## "[file normalize "$origin_dir/MVAU_hls_3_Matrix_Vector_Activate_Stream_Batch_p_ZL7threshs_104_ROM_AUTO_1R.v"]"\
## "[file normalize "$origin_dir/MVAU_hls_3_Matrix_Vector_Activate_Stream_Batch_p_ZL7threshs_105_ROM_AUTO_1R.v"]"\
## "[file normalize "$origin_dir/MVAU_hls_3_Matrix_Vector_Activate_Stream_Batch_p_ZL7threshs_106_ROM_AUTO_1R.v"]"\
## "[file normalize "$origin_dir/MVAU_hls_3_Matrix_Vector_Activate_Stream_Batch_p_ZL7threshs_107_ROM_AUTO_1R.v"]"\
## "[file normalize "$origin_dir/MVAU_hls_3_Matrix_Vector_Activate_Stream_Batch_p_ZL7threshs_108_ROM_AUTO_1R.v"]"\
## "[file normalize "$origin_dir/MVAU_hls_3_Matrix_Vector_Activate_Stream_Batch_p_ZL7threshs_109_ROM_AUTO_1R.v"]"\
## "[file normalize "$origin_dir/MVAU_hls_3_Matrix_Vector_Activate_Stream_Batch_p_ZL7threshs_10_ROM_AUTO_1R.v"]"\
## "[file normalize "$origin_dir/MVAU_hls_3_Matrix_Vector_Activate_Stream_Batch_p_ZL7threshs_110_ROM_AUTO_1R.v"]"\
## "[file normalize "$origin_dir/MVAU_hls_3_Matrix_Vector_Activate_Stream_Batch_p_ZL7threshs_111_ROM_AUTO_1R.v"]"\
## "[file normalize "$origin_dir/MVAU_hls_3_Matrix_Vector_Activate_Stream_Batch_p_ZL7threshs_112_ROM_AUTO_1R.v"]"\
## "[file normalize "$origin_dir/MVAU_hls_3_Matrix_Vector_Activate_Stream_Batch_p_ZL7threshs_113_ROM_AUTO_1R.v"]"\
## "[file normalize "$origin_dir/MVAU_hls_3_Matrix_Vector_Activate_Stream_Batch_p_ZL7threshs_114_ROM_AUTO_1R.v"]"\
## "[file normalize "$origin_dir/MVAU_hls_3_Matrix_Vector_Activate_Stream_Batch_p_ZL7threshs_115_ROM_AUTO_1R.v"]"\
## "[file normalize "$origin_dir/MVAU_hls_3_Matrix_Vector_Activate_Stream_Batch_p_ZL7threshs_116_ROM_AUTO_1R.v"]"\
## "[file normalize "$origin_dir/MVAU_hls_3_Matrix_Vector_Activate_Stream_Batch_p_ZL7threshs_117_ROM_AUTO_1R.v"]"\
## "[file normalize "$origin_dir/MVAU_hls_3_Matrix_Vector_Activate_Stream_Batch_p_ZL7threshs_118_ROM_AUTO_1R.v"]"\
## "[file normalize "$origin_dir/MVAU_hls_3_Matrix_Vector_Activate_Stream_Batch_p_ZL7threshs_119_ROM_AUTO_1R.v"]"\
## "[file normalize "$origin_dir/MVAU_hls_3_Matrix_Vector_Activate_Stream_Batch_p_ZL7threshs_11_ROM_AUTO_1R.v"]"\
## "[file normalize "$origin_dir/MVAU_hls_3_Matrix_Vector_Activate_Stream_Batch_p_ZL7threshs_120_ROM_AUTO_1R.v"]"\
## "[file normalize "$origin_dir/MVAU_hls_3_Matrix_Vector_Activate_Stream_Batch_p_ZL7threshs_121_ROM_AUTO_1R.v"]"\
## "[file normalize "$origin_dir/MVAU_hls_3_Matrix_Vector_Activate_Stream_Batch_p_ZL7threshs_122_ROM_AUTO_1R.v"]"\
## "[file normalize "$origin_dir/MVAU_hls_3_Matrix_Vector_Activate_Stream_Batch_p_ZL7threshs_123_ROM_AUTO_1R.v"]"\
## "[file normalize "$origin_dir/MVAU_hls_3_Matrix_Vector_Activate_Stream_Batch_p_ZL7threshs_124_ROM_AUTO_1R.v"]"\
## "[file normalize "$origin_dir/MVAU_hls_3_Matrix_Vector_Activate_Stream_Batch_p_ZL7threshs_125_ROM_AUTO_1R.v"]"\
## "[file normalize "$origin_dir/MVAU_hls_3_Matrix_Vector_Activate_Stream_Batch_p_ZL7threshs_126_ROM_AUTO_1R.v"]"\
## "[file normalize "$origin_dir/MVAU_hls_3_Matrix_Vector_Activate_Stream_Batch_p_ZL7threshs_127_ROM_AUTO_1R.v"]"\
## "[file normalize "$origin_dir/MVAU_hls_3_Matrix_Vector_Activate_Stream_Batch_p_ZL7threshs_128_ROM_AUTO_1R.v"]"\
## "[file normalize "$origin_dir/MVAU_hls_3_Matrix_Vector_Activate_Stream_Batch_p_ZL7threshs_129_ROM_AUTO_1R.v"]"\
## "[file normalize "$origin_dir/MVAU_hls_3_Matrix_Vector_Activate_Stream_Batch_p_ZL7threshs_12_ROM_AUTO_1R.v"]"\
## "[file normalize "$origin_dir/MVAU_hls_3_Matrix_Vector_Activate_Stream_Batch_p_ZL7threshs_130_ROM_AUTO_1R.v"]"\
## "[file normalize "$origin_dir/MVAU_hls_3_Matrix_Vector_Activate_Stream_Batch_p_ZL7threshs_131_ROM_AUTO_1R.v"]"\
## "[file normalize "$origin_dir/MVAU_hls_3_Matrix_Vector_Activate_Stream_Batch_p_ZL7threshs_132_ROM_AUTO_1R.v"]"\
## "[file normalize "$origin_dir/MVAU_hls_3_Matrix_Vector_Activate_Stream_Batch_p_ZL7threshs_133_ROM_AUTO_1R.v"]"\
## "[file normalize "$origin_dir/MVAU_hls_3_Matrix_Vector_Activate_Stream_Batch_p_ZL7threshs_134_ROM_AUTO_1R.v"]"\
## "[file normalize "$origin_dir/MVAU_hls_3_Matrix_Vector_Activate_Stream_Batch_p_ZL7threshs_135_ROM_AUTO_1R.v"]"\
## "[file normalize "$origin_dir/MVAU_hls_3_Matrix_Vector_Activate_Stream_Batch_p_ZL7threshs_136_ROM_AUTO_1R.v"]"\
## "[file normalize "$origin_dir/MVAU_hls_3_Matrix_Vector_Activate_Stream_Batch_p_ZL7threshs_137_ROM_AUTO_1R.v"]"\
## "[file normalize "$origin_dir/MVAU_hls_3_Matrix_Vector_Activate_Stream_Batch_p_ZL7threshs_138_ROM_AUTO_1R.v"]"\
## "[file normalize "$origin_dir/MVAU_hls_3_Matrix_Vector_Activate_Stream_Batch_p_ZL7threshs_139_ROM_AUTO_1R.v"]"\
## "[file normalize "$origin_dir/MVAU_hls_3_Matrix_Vector_Activate_Stream_Batch_p_ZL7threshs_13_ROM_AUTO_1R.v"]"\
## "[file normalize "$origin_dir/MVAU_hls_3_Matrix_Vector_Activate_Stream_Batch_p_ZL7threshs_140_ROM_AUTO_1R.v"]"\
## "[file normalize "$origin_dir/MVAU_hls_3_Matrix_Vector_Activate_Stream_Batch_p_ZL7threshs_141_ROM_AUTO_1R.v"]"\
## "[file normalize "$origin_dir/MVAU_hls_3_Matrix_Vector_Activate_Stream_Batch_p_ZL7threshs_142_ROM_AUTO_1R.v"]"\
## "[file normalize "$origin_dir/MVAU_hls_3_Matrix_Vector_Activate_Stream_Batch_p_ZL7threshs_143_ROM_AUTO_1R.v"]"\
## "[file normalize "$origin_dir/MVAU_hls_3_Matrix_Vector_Activate_Stream_Batch_p_ZL7threshs_144_ROM_AUTO_1R.v"]"\
## "[file normalize "$origin_dir/MVAU_hls_3_Matrix_Vector_Activate_Stream_Batch_p_ZL7threshs_145_ROM_AUTO_1R.v"]"\
## "[file normalize "$origin_dir/MVAU_hls_3_Matrix_Vector_Activate_Stream_Batch_p_ZL7threshs_146_ROM_AUTO_1R.v"]"\
## "[file normalize "$origin_dir/MVAU_hls_3_Matrix_Vector_Activate_Stream_Batch_p_ZL7threshs_147_ROM_AUTO_1R.v"]"\
## "[file normalize "$origin_dir/MVAU_hls_3_Matrix_Vector_Activate_Stream_Batch_p_ZL7threshs_148_ROM_AUTO_1R.v"]"\
## "[file normalize "$origin_dir/MVAU_hls_3_Matrix_Vector_Activate_Stream_Batch_p_ZL7threshs_149_ROM_AUTO_1R.v"]"\
## "[file normalize "$origin_dir/MVAU_hls_3_Matrix_Vector_Activate_Stream_Batch_p_ZL7threshs_14_ROM_AUTO_1R.v"]"\
## "[file normalize "$origin_dir/MVAU_hls_3_Matrix_Vector_Activate_Stream_Batch_p_ZL7threshs_150_ROM_AUTO_1R.v"]"\
## "[file normalize "$origin_dir/MVAU_hls_3_Matrix_Vector_Activate_Stream_Batch_p_ZL7threshs_151_ROM_AUTO_1R.v"]"\
## "[file normalize "$origin_dir/MVAU_hls_3_Matrix_Vector_Activate_Stream_Batch_p_ZL7threshs_152_ROM_AUTO_1R.v"]"\
## "[file normalize "$origin_dir/MVAU_hls_3_Matrix_Vector_Activate_Stream_Batch_p_ZL7threshs_153_ROM_AUTO_1R.v"]"\
## "[file normalize "$origin_dir/MVAU_hls_3_Matrix_Vector_Activate_Stream_Batch_p_ZL7threshs_154_ROM_AUTO_1R.v"]"\
## "[file normalize "$origin_dir/MVAU_hls_3_Matrix_Vector_Activate_Stream_Batch_p_ZL7threshs_155_ROM_AUTO_1R.v"]"\
## "[file normalize "$origin_dir/MVAU_hls_3_Matrix_Vector_Activate_Stream_Batch_p_ZL7threshs_156_ROM_AUTO_1R.v"]"\
## "[file normalize "$origin_dir/MVAU_hls_3_Matrix_Vector_Activate_Stream_Batch_p_ZL7threshs_157_ROM_AUTO_1R.v"]"\
## "[file normalize "$origin_dir/MVAU_hls_3_Matrix_Vector_Activate_Stream_Batch_p_ZL7threshs_158_ROM_AUTO_1R.v"]"\
## "[file normalize "$origin_dir/MVAU_hls_3_Matrix_Vector_Activate_Stream_Batch_p_ZL7threshs_159_ROM_AUTO_1R.v"]"\
## "[file normalize "$origin_dir/MVAU_hls_3_Matrix_Vector_Activate_Stream_Batch_p_ZL7threshs_15_ROM_AUTO_1R.v"]"\
## "[file normalize "$origin_dir/MVAU_hls_3_Matrix_Vector_Activate_Stream_Batch_p_ZL7threshs_160_ROM_AUTO_1R.v"]"\
## "[file normalize "$origin_dir/MVAU_hls_3_Matrix_Vector_Activate_Stream_Batch_p_ZL7threshs_161_ROM_AUTO_1R.v"]"\
## "[file normalize "$origin_dir/MVAU_hls_3_Matrix_Vector_Activate_Stream_Batch_p_ZL7threshs_162_ROM_AUTO_1R.v"]"\
## "[file normalize "$origin_dir/MVAU_hls_3_Matrix_Vector_Activate_Stream_Batch_p_ZL7threshs_163_ROM_AUTO_1R.v"]"\
## "[file normalize "$origin_dir/MVAU_hls_3_Matrix_Vector_Activate_Stream_Batch_p_ZL7threshs_164_ROM_AUTO_1R.v"]"\
## "[file normalize "$origin_dir/MVAU_hls_3_Matrix_Vector_Activate_Stream_Batch_p_ZL7threshs_165_ROM_AUTO_1R.v"]"\
## "[file normalize "$origin_dir/MVAU_hls_3_Matrix_Vector_Activate_Stream_Batch_p_ZL7threshs_166_ROM_AUTO_1R.v"]"\
## "[file normalize "$origin_dir/MVAU_hls_3_Matrix_Vector_Activate_Stream_Batch_p_ZL7threshs_167_ROM_AUTO_1R.v"]"\
## "[file normalize "$origin_dir/MVAU_hls_3_Matrix_Vector_Activate_Stream_Batch_p_ZL7threshs_168_ROM_AUTO_1R.v"]"\
## "[file normalize "$origin_dir/MVAU_hls_3_Matrix_Vector_Activate_Stream_Batch_p_ZL7threshs_169_ROM_AUTO_1R.v"]"\
## "[file normalize "$origin_dir/MVAU_hls_3_Matrix_Vector_Activate_Stream_Batch_p_ZL7threshs_16_ROM_AUTO_1R.v"]"\
## "[file normalize "$origin_dir/MVAU_hls_3_Matrix_Vector_Activate_Stream_Batch_p_ZL7threshs_170_ROM_AUTO_1R.v"]"\
## "[file normalize "$origin_dir/MVAU_hls_3_Matrix_Vector_Activate_Stream_Batch_p_ZL7threshs_171_ROM_AUTO_1R.v"]"\
## "[file normalize "$origin_dir/MVAU_hls_3_Matrix_Vector_Activate_Stream_Batch_p_ZL7threshs_172_ROM_AUTO_1R.v"]"\
## "[file normalize "$origin_dir/MVAU_hls_3_Matrix_Vector_Activate_Stream_Batch_p_ZL7threshs_173_ROM_AUTO_1R.v"]"\
## "[file normalize "$origin_dir/MVAU_hls_3_Matrix_Vector_Activate_Stream_Batch_p_ZL7threshs_174_ROM_AUTO_1R.v"]"\
## "[file normalize "$origin_dir/MVAU_hls_3_Matrix_Vector_Activate_Stream_Batch_p_ZL7threshs_175_ROM_AUTO_1R.v"]"\
## "[file normalize "$origin_dir/MVAU_hls_3_Matrix_Vector_Activate_Stream_Batch_p_ZL7threshs_176_ROM_AUTO_1R.v"]"\
## "[file normalize "$origin_dir/MVAU_hls_3_Matrix_Vector_Activate_Stream_Batch_p_ZL7threshs_177_ROM_AUTO_1R.v"]"\
## "[file normalize "$origin_dir/MVAU_hls_3_Matrix_Vector_Activate_Stream_Batch_p_ZL7threshs_178_ROM_AUTO_1R.v"]"\
## "[file normalize "$origin_dir/MVAU_hls_3_Matrix_Vector_Activate_Stream_Batch_p_ZL7threshs_179_ROM_AUTO_1R.v"]"\
## "[file normalize "$origin_dir/MVAU_hls_3_Matrix_Vector_Activate_Stream_Batch_p_ZL7threshs_17_ROM_AUTO_1R.v"]"\
## "[file normalize "$origin_dir/MVAU_hls_3_Matrix_Vector_Activate_Stream_Batch_p_ZL7threshs_180_ROM_AUTO_1R.v"]"\
## "[file normalize "$origin_dir/MVAU_hls_3_Matrix_Vector_Activate_Stream_Batch_p_ZL7threshs_181_ROM_AUTO_1R.v"]"\
## "[file normalize "$origin_dir/MVAU_hls_3_Matrix_Vector_Activate_Stream_Batch_p_ZL7threshs_182_ROM_AUTO_1R.v"]"\
## "[file normalize "$origin_dir/MVAU_hls_3_Matrix_Vector_Activate_Stream_Batch_p_ZL7threshs_183_ROM_AUTO_1R.v"]"\
## "[file normalize "$origin_dir/MVAU_hls_3_Matrix_Vector_Activate_Stream_Batch_p_ZL7threshs_184_ROM_AUTO_1R.v"]"\
## "[file normalize "$origin_dir/MVAU_hls_3_Matrix_Vector_Activate_Stream_Batch_p_ZL7threshs_185_ROM_AUTO_1R.v"]"\
## "[file normalize "$origin_dir/MVAU_hls_3_Matrix_Vector_Activate_Stream_Batch_p_ZL7threshs_186_ROM_AUTO_1R.v"]"\
## "[file normalize "$origin_dir/MVAU_hls_3_Matrix_Vector_Activate_Stream_Batch_p_ZL7threshs_187_ROM_AUTO_1R.v"]"\
## "[file normalize "$origin_dir/MVAU_hls_3_Matrix_Vector_Activate_Stream_Batch_p_ZL7threshs_188_ROM_AUTO_1R.v"]"\
## "[file normalize "$origin_dir/MVAU_hls_3_Matrix_Vector_Activate_Stream_Batch_p_ZL7threshs_189_ROM_AUTO_1R.v"]"\
## "[file normalize "$origin_dir/MVAU_hls_3_Matrix_Vector_Activate_Stream_Batch_p_ZL7threshs_18_ROM_AUTO_1R.v"]"\
## "[file normalize "$origin_dir/MVAU_hls_3_Matrix_Vector_Activate_Stream_Batch_p_ZL7threshs_190_ROM_AUTO_1R.v"]"\
## "[file normalize "$origin_dir/MVAU_hls_3_Matrix_Vector_Activate_Stream_Batch_p_ZL7threshs_191_ROM_AUTO_1R.v"]"\
## "[file normalize "$origin_dir/MVAU_hls_3_Matrix_Vector_Activate_Stream_Batch_p_ZL7threshs_192_ROM_AUTO_1R.v"]"\
## "[file normalize "$origin_dir/MVAU_hls_3_Matrix_Vector_Activate_Stream_Batch_p_ZL7threshs_193_ROM_AUTO_1R.v"]"\
## "[file normalize "$origin_dir/MVAU_hls_3_Matrix_Vector_Activate_Stream_Batch_p_ZL7threshs_194_ROM_AUTO_1R.v"]"\
## "[file normalize "$origin_dir/MVAU_hls_3_Matrix_Vector_Activate_Stream_Batch_p_ZL7threshs_195_ROM_AUTO_1R.v"]"\
## "[file normalize "$origin_dir/MVAU_hls_3_Matrix_Vector_Activate_Stream_Batch_p_ZL7threshs_196_ROM_AUTO_1R.v"]"\
## "[file normalize "$origin_dir/MVAU_hls_3_Matrix_Vector_Activate_Stream_Batch_p_ZL7threshs_197_ROM_AUTO_1R.v"]"\
## "[file normalize "$origin_dir/MVAU_hls_3_Matrix_Vector_Activate_Stream_Batch_p_ZL7threshs_198_ROM_AUTO_1R.v"]"\
## "[file normalize "$origin_dir/MVAU_hls_3_Matrix_Vector_Activate_Stream_Batch_p_ZL7threshs_199_ROM_AUTO_1R.v"]"\
## "[file normalize "$origin_dir/MVAU_hls_3_Matrix_Vector_Activate_Stream_Batch_p_ZL7threshs_19_ROM_AUTO_1R.v"]"\
## "[file normalize "$origin_dir/MVAU_hls_3_Matrix_Vector_Activate_Stream_Batch_p_ZL7threshs_1_ROM_AUTO_1R.v"]"\
## "[file normalize "$origin_dir/MVAU_hls_3_Matrix_Vector_Activate_Stream_Batch_p_ZL7threshs_200_ROM_AUTO_1R.v"]"\
## "[file normalize "$origin_dir/MVAU_hls_3_Matrix_Vector_Activate_Stream_Batch_p_ZL7threshs_201_ROM_AUTO_1R.v"]"\
## "[file normalize "$origin_dir/MVAU_hls_3_Matrix_Vector_Activate_Stream_Batch_p_ZL7threshs_202_ROM_AUTO_1R.v"]"\
## "[file normalize "$origin_dir/MVAU_hls_3_Matrix_Vector_Activate_Stream_Batch_p_ZL7threshs_203_ROM_AUTO_1R.v"]"\
## "[file normalize "$origin_dir/MVAU_hls_3_Matrix_Vector_Activate_Stream_Batch_p_ZL7threshs_204_ROM_AUTO_1R.v"]"\
## "[file normalize "$origin_dir/MVAU_hls_3_Matrix_Vector_Activate_Stream_Batch_p_ZL7threshs_205_ROM_AUTO_1R.v"]"\
## "[file normalize "$origin_dir/MVAU_hls_3_Matrix_Vector_Activate_Stream_Batch_p_ZL7threshs_206_ROM_AUTO_1R.v"]"\
## "[file normalize "$origin_dir/MVAU_hls_3_Matrix_Vector_Activate_Stream_Batch_p_ZL7threshs_207_ROM_AUTO_1R.v"]"\
## "[file normalize "$origin_dir/MVAU_hls_3_Matrix_Vector_Activate_Stream_Batch_p_ZL7threshs_208_ROM_AUTO_1R.v"]"\
## "[file normalize "$origin_dir/MVAU_hls_3_Matrix_Vector_Activate_Stream_Batch_p_ZL7threshs_209_ROM_AUTO_1R.v"]"\
## "[file normalize "$origin_dir/MVAU_hls_3_Matrix_Vector_Activate_Stream_Batch_p_ZL7threshs_20_ROM_AUTO_1R.v"]"\
## "[file normalize "$origin_dir/MVAU_hls_3_Matrix_Vector_Activate_Stream_Batch_p_ZL7threshs_210_ROM_AUTO_1R.v"]"\
## "[file normalize "$origin_dir/MVAU_hls_3_Matrix_Vector_Activate_Stream_Batch_p_ZL7threshs_211_ROM_AUTO_1R.v"]"\
## "[file normalize "$origin_dir/MVAU_hls_3_Matrix_Vector_Activate_Stream_Batch_p_ZL7threshs_212_ROM_AUTO_1R.v"]"\
## "[file normalize "$origin_dir/MVAU_hls_3_Matrix_Vector_Activate_Stream_Batch_p_ZL7threshs_213_ROM_AUTO_1R.v"]"\
## "[file normalize "$origin_dir/MVAU_hls_3_Matrix_Vector_Activate_Stream_Batch_p_ZL7threshs_214_ROM_AUTO_1R.v"]"\
## "[file normalize "$origin_dir/MVAU_hls_3_Matrix_Vector_Activate_Stream_Batch_p_ZL7threshs_215_ROM_AUTO_1R.v"]"\
## "[file normalize "$origin_dir/MVAU_hls_3_Matrix_Vector_Activate_Stream_Batch_p_ZL7threshs_216_ROM_AUTO_1R.v"]"\
## "[file normalize "$origin_dir/MVAU_hls_3_Matrix_Vector_Activate_Stream_Batch_p_ZL7threshs_217_ROM_AUTO_1R.v"]"\
## "[file normalize "$origin_dir/MVAU_hls_3_Matrix_Vector_Activate_Stream_Batch_p_ZL7threshs_218_ROM_AUTO_1R.v"]"\
## "[file normalize "$origin_dir/MVAU_hls_3_Matrix_Vector_Activate_Stream_Batch_p_ZL7threshs_219_ROM_AUTO_1R.v"]"\
## "[file normalize "$origin_dir/MVAU_hls_3_Matrix_Vector_Activate_Stream_Batch_p_ZL7threshs_21_ROM_AUTO_1R.v"]"\
## "[file normalize "$origin_dir/MVAU_hls_3_Matrix_Vector_Activate_Stream_Batch_p_ZL7threshs_220_ROM_AUTO_1R.v"]"\
## "[file normalize "$origin_dir/MVAU_hls_3_Matrix_Vector_Activate_Stream_Batch_p_ZL7threshs_221_ROM_AUTO_1R.v"]"\
## "[file normalize "$origin_dir/MVAU_hls_3_Matrix_Vector_Activate_Stream_Batch_p_ZL7threshs_222_ROM_AUTO_1R.v"]"\
## "[file normalize "$origin_dir/MVAU_hls_3_Matrix_Vector_Activate_Stream_Batch_p_ZL7threshs_223_ROM_AUTO_1R.v"]"\
## "[file normalize "$origin_dir/MVAU_hls_3_Matrix_Vector_Activate_Stream_Batch_p_ZL7threshs_224_ROM_AUTO_1R.v"]"\
## "[file normalize "$origin_dir/MVAU_hls_3_Matrix_Vector_Activate_Stream_Batch_p_ZL7threshs_225_ROM_AUTO_1R.v"]"\
## "[file normalize "$origin_dir/MVAU_hls_3_Matrix_Vector_Activate_Stream_Batch_p_ZL7threshs_226_ROM_AUTO_1R.v"]"\
## "[file normalize "$origin_dir/MVAU_hls_3_Matrix_Vector_Activate_Stream_Batch_p_ZL7threshs_227_ROM_AUTO_1R.v"]"\
## "[file normalize "$origin_dir/MVAU_hls_3_Matrix_Vector_Activate_Stream_Batch_p_ZL7threshs_228_ROM_AUTO_1R.v"]"\
## "[file normalize "$origin_dir/MVAU_hls_3_Matrix_Vector_Activate_Stream_Batch_p_ZL7threshs_229_ROM_AUTO_1R.v"]"\
## "[file normalize "$origin_dir/MVAU_hls_3_Matrix_Vector_Activate_Stream_Batch_p_ZL7threshs_22_ROM_AUTO_1R.v"]"\
## "[file normalize "$origin_dir/MVAU_hls_3_Matrix_Vector_Activate_Stream_Batch_p_ZL7threshs_230_ROM_AUTO_1R.v"]"\
## "[file normalize "$origin_dir/MVAU_hls_3_Matrix_Vector_Activate_Stream_Batch_p_ZL7threshs_231_ROM_AUTO_1R.v"]"\
## "[file normalize "$origin_dir/MVAU_hls_3_Matrix_Vector_Activate_Stream_Batch_p_ZL7threshs_232_ROM_AUTO_1R.v"]"\
## "[file normalize "$origin_dir/MVAU_hls_3_Matrix_Vector_Activate_Stream_Batch_p_ZL7threshs_233_ROM_AUTO_1R.v"]"\
## "[file normalize "$origin_dir/MVAU_hls_3_Matrix_Vector_Activate_Stream_Batch_p_ZL7threshs_234_ROM_AUTO_1R.v"]"\
## "[file normalize "$origin_dir/MVAU_hls_3_Matrix_Vector_Activate_Stream_Batch_p_ZL7threshs_235_ROM_AUTO_1R.v"]"\
## "[file normalize "$origin_dir/MVAU_hls_3_Matrix_Vector_Activate_Stream_Batch_p_ZL7threshs_236_ROM_AUTO_1R.v"]"\
## "[file normalize "$origin_dir/MVAU_hls_3_Matrix_Vector_Activate_Stream_Batch_p_ZL7threshs_237_ROM_AUTO_1R.v"]"\
## "[file normalize "$origin_dir/MVAU_hls_3_Matrix_Vector_Activate_Stream_Batch_p_ZL7threshs_238_ROM_AUTO_1R.v"]"\
## "[file normalize "$origin_dir/MVAU_hls_3_Matrix_Vector_Activate_Stream_Batch_p_ZL7threshs_239_ROM_AUTO_1R.v"]"\
## "[file normalize "$origin_dir/MVAU_hls_3_Matrix_Vector_Activate_Stream_Batch_p_ZL7threshs_23_ROM_AUTO_1R.v"]"\
## "[file normalize "$origin_dir/MVAU_hls_3_Matrix_Vector_Activate_Stream_Batch_p_ZL7threshs_240_ROM_AUTO_1R.v"]"\
## "[file normalize "$origin_dir/MVAU_hls_3_Matrix_Vector_Activate_Stream_Batch_p_ZL7threshs_241_ROM_AUTO_1R.v"]"\
## "[file normalize "$origin_dir/MVAU_hls_3_Matrix_Vector_Activate_Stream_Batch_p_ZL7threshs_242_ROM_AUTO_1R.v"]"\
## "[file normalize "$origin_dir/MVAU_hls_3_Matrix_Vector_Activate_Stream_Batch_p_ZL7threshs_243_ROM_AUTO_1R.v"]"\
## "[file normalize "$origin_dir/MVAU_hls_3_Matrix_Vector_Activate_Stream_Batch_p_ZL7threshs_244_ROM_AUTO_1R.v"]"\
## "[file normalize "$origin_dir/MVAU_hls_3_Matrix_Vector_Activate_Stream_Batch_p_ZL7threshs_245_ROM_AUTO_1R.v"]"\
## "[file normalize "$origin_dir/MVAU_hls_3_Matrix_Vector_Activate_Stream_Batch_p_ZL7threshs_246_ROM_AUTO_1R.v"]"\
## "[file normalize "$origin_dir/MVAU_hls_3_Matrix_Vector_Activate_Stream_Batch_p_ZL7threshs_247_ROM_AUTO_1R.v"]"\
## "[file normalize "$origin_dir/MVAU_hls_3_Matrix_Vector_Activate_Stream_Batch_p_ZL7threshs_248_ROM_AUTO_1R.v"]"\
## "[file normalize "$origin_dir/MVAU_hls_3_Matrix_Vector_Activate_Stream_Batch_p_ZL7threshs_249_ROM_AUTO_1R.v"]"\
## "[file normalize "$origin_dir/MVAU_hls_3_Matrix_Vector_Activate_Stream_Batch_p_ZL7threshs_24_ROM_AUTO_1R.v"]"\
## "[file normalize "$origin_dir/MVAU_hls_3_Matrix_Vector_Activate_Stream_Batch_p_ZL7threshs_250_ROM_AUTO_1R.v"]"\
## "[file normalize "$origin_dir/MVAU_hls_3_Matrix_Vector_Activate_Stream_Batch_p_ZL7threshs_251_ROM_AUTO_1R.v"]"\
## "[file normalize "$origin_dir/MVAU_hls_3_Matrix_Vector_Activate_Stream_Batch_p_ZL7threshs_252_ROM_AUTO_1R.v"]"\
## "[file normalize "$origin_dir/MVAU_hls_3_Matrix_Vector_Activate_Stream_Batch_p_ZL7threshs_253_ROM_AUTO_1R.v"]"\
## "[file normalize "$origin_dir/MVAU_hls_3_Matrix_Vector_Activate_Stream_Batch_p_ZL7threshs_254_ROM_AUTO_1R.v"]"\
## "[file normalize "$origin_dir/MVAU_hls_3_Matrix_Vector_Activate_Stream_Batch_p_ZL7threshs_25_ROM_AUTO_1R.v"]"\
## "[file normalize "$origin_dir/MVAU_hls_3_Matrix_Vector_Activate_Stream_Batch_p_ZL7threshs_26_ROM_AUTO_1R.v"]"\
## "[file normalize "$origin_dir/MVAU_hls_3_Matrix_Vector_Activate_Stream_Batch_p_ZL7threshs_27_ROM_AUTO_1R.v"]"\
## "[file normalize "$origin_dir/MVAU_hls_3_Matrix_Vector_Activate_Stream_Batch_p_ZL7threshs_28_ROM_AUTO_1R.v"]"\
## "[file normalize "$origin_dir/MVAU_hls_3_Matrix_Vector_Activate_Stream_Batch_p_ZL7threshs_29_ROM_AUTO_1R.v"]"\
## "[file normalize "$origin_dir/MVAU_hls_3_Matrix_Vector_Activate_Stream_Batch_p_ZL7threshs_2_ROM_AUTO_1R.v"]"\
## "[file normalize "$origin_dir/MVAU_hls_3_Matrix_Vector_Activate_Stream_Batch_p_ZL7threshs_30_ROM_AUTO_1R.v"]"\
## "[file normalize "$origin_dir/MVAU_hls_3_Matrix_Vector_Activate_Stream_Batch_p_ZL7threshs_31_ROM_AUTO_1R.v"]"\
## "[file normalize "$origin_dir/MVAU_hls_3_Matrix_Vector_Activate_Stream_Batch_p_ZL7threshs_32_ROM_AUTO_1R.v"]"\
## "[file normalize "$origin_dir/MVAU_hls_3_Matrix_Vector_Activate_Stream_Batch_p_ZL7threshs_33_ROM_AUTO_1R.v"]"\
## "[file normalize "$origin_dir/MVAU_hls_3_Matrix_Vector_Activate_Stream_Batch_p_ZL7threshs_34_ROM_AUTO_1R.v"]"\
## "[file normalize "$origin_dir/MVAU_hls_3_Matrix_Vector_Activate_Stream_Batch_p_ZL7threshs_35_ROM_AUTO_1R.v"]"\
## "[file normalize "$origin_dir/MVAU_hls_3_Matrix_Vector_Activate_Stream_Batch_p_ZL7threshs_36_ROM_AUTO_1R.v"]"\
## "[file normalize "$origin_dir/MVAU_hls_3_Matrix_Vector_Activate_Stream_Batch_p_ZL7threshs_37_ROM_AUTO_1R.v"]"\
## "[file normalize "$origin_dir/MVAU_hls_3_Matrix_Vector_Activate_Stream_Batch_p_ZL7threshs_38_ROM_AUTO_1R.v"]"\
## "[file normalize "$origin_dir/MVAU_hls_3_Matrix_Vector_Activate_Stream_Batch_p_ZL7threshs_39_ROM_AUTO_1R.v"]"\
## "[file normalize "$origin_dir/MVAU_hls_3_Matrix_Vector_Activate_Stream_Batch_p_ZL7threshs_3_ROM_AUTO_1R.v"]"\
## "[file normalize "$origin_dir/MVAU_hls_3_Matrix_Vector_Activate_Stream_Batch_p_ZL7threshs_40_ROM_AUTO_1R.v"]"\
## "[file normalize "$origin_dir/MVAU_hls_3_Matrix_Vector_Activate_Stream_Batch_p_ZL7threshs_41_ROM_AUTO_1R.v"]"\
## "[file normalize "$origin_dir/MVAU_hls_3_Matrix_Vector_Activate_Stream_Batch_p_ZL7threshs_42_ROM_AUTO_1R.v"]"\
## "[file normalize "$origin_dir/MVAU_hls_3_Matrix_Vector_Activate_Stream_Batch_p_ZL7threshs_43_ROM_AUTO_1R.v"]"\
## "[file normalize "$origin_dir/MVAU_hls_3_Matrix_Vector_Activate_Stream_Batch_p_ZL7threshs_44_ROM_AUTO_1R.v"]"\
## "[file normalize "$origin_dir/MVAU_hls_3_Matrix_Vector_Activate_Stream_Batch_p_ZL7threshs_45_ROM_AUTO_1R.v"]"\
## "[file normalize "$origin_dir/MVAU_hls_3_Matrix_Vector_Activate_Stream_Batch_p_ZL7threshs_46_ROM_AUTO_1R.v"]"\
## "[file normalize "$origin_dir/MVAU_hls_3_Matrix_Vector_Activate_Stream_Batch_p_ZL7threshs_47_ROM_AUTO_1R.v"]"\
## "[file normalize "$origin_dir/MVAU_hls_3_Matrix_Vector_Activate_Stream_Batch_p_ZL7threshs_48_ROM_AUTO_1R.v"]"\
## "[file normalize "$origin_dir/MVAU_hls_3_Matrix_Vector_Activate_Stream_Batch_p_ZL7threshs_49_ROM_AUTO_1R.v"]"\
## "[file normalize "$origin_dir/MVAU_hls_3_Matrix_Vector_Activate_Stream_Batch_p_ZL7threshs_4_ROM_AUTO_1R.v"]"\
## "[file normalize "$origin_dir/MVAU_hls_3_Matrix_Vector_Activate_Stream_Batch_p_ZL7threshs_50_ROM_AUTO_1R.v"]"\
## "[file normalize "$origin_dir/MVAU_hls_3_Matrix_Vector_Activate_Stream_Batch_p_ZL7threshs_51_ROM_AUTO_1R.v"]"\
## "[file normalize "$origin_dir/MVAU_hls_3_Matrix_Vector_Activate_Stream_Batch_p_ZL7threshs_52_ROM_AUTO_1R.v"]"\
## "[file normalize "$origin_dir/MVAU_hls_3_Matrix_Vector_Activate_Stream_Batch_p_ZL7threshs_53_ROM_AUTO_1R.v"]"\
## "[file normalize "$origin_dir/MVAU_hls_3_Matrix_Vector_Activate_Stream_Batch_p_ZL7threshs_54_ROM_AUTO_1R.v"]"\
## "[file normalize "$origin_dir/MVAU_hls_3_Matrix_Vector_Activate_Stream_Batch_p_ZL7threshs_55_ROM_AUTO_1R.v"]"\
## "[file normalize "$origin_dir/MVAU_hls_3_Matrix_Vector_Activate_Stream_Batch_p_ZL7threshs_56_ROM_AUTO_1R.v"]"\
## "[file normalize "$origin_dir/MVAU_hls_3_Matrix_Vector_Activate_Stream_Batch_p_ZL7threshs_57_ROM_AUTO_1R.v"]"\
## "[file normalize "$origin_dir/MVAU_hls_3_Matrix_Vector_Activate_Stream_Batch_p_ZL7threshs_58_ROM_AUTO_1R.v"]"\
## "[file normalize "$origin_dir/MVAU_hls_3_Matrix_Vector_Activate_Stream_Batch_p_ZL7threshs_59_ROM_AUTO_1R.v"]"\
## "[file normalize "$origin_dir/MVAU_hls_3_Matrix_Vector_Activate_Stream_Batch_p_ZL7threshs_5_ROM_AUTO_1R.v"]"\
## "[file normalize "$origin_dir/MVAU_hls_3_Matrix_Vector_Activate_Stream_Batch_p_ZL7threshs_60_ROM_AUTO_1R.v"]"\
## "[file normalize "$origin_dir/MVAU_hls_3_Matrix_Vector_Activate_Stream_Batch_p_ZL7threshs_61_ROM_AUTO_1R.v"]"\
## "[file normalize "$origin_dir/MVAU_hls_3_Matrix_Vector_Activate_Stream_Batch_p_ZL7threshs_62_ROM_AUTO_1R.v"]"\
## "[file normalize "$origin_dir/MVAU_hls_3_Matrix_Vector_Activate_Stream_Batch_p_ZL7threshs_63_ROM_AUTO_1R.v"]"\
## "[file normalize "$origin_dir/MVAU_hls_3_Matrix_Vector_Activate_Stream_Batch_p_ZL7threshs_64_ROM_AUTO_1R.v"]"\
## "[file normalize "$origin_dir/MVAU_hls_3_Matrix_Vector_Activate_Stream_Batch_p_ZL7threshs_65_ROM_AUTO_1R.v"]"\
## "[file normalize "$origin_dir/MVAU_hls_3_Matrix_Vector_Activate_Stream_Batch_p_ZL7threshs_66_ROM_AUTO_1R.v"]"\
## "[file normalize "$origin_dir/MVAU_hls_3_Matrix_Vector_Activate_Stream_Batch_p_ZL7threshs_67_ROM_AUTO_1R.v"]"\
## "[file normalize "$origin_dir/MVAU_hls_3_Matrix_Vector_Activate_Stream_Batch_p_ZL7threshs_68_ROM_AUTO_1R.v"]"\
## "[file normalize "$origin_dir/MVAU_hls_3_Matrix_Vector_Activate_Stream_Batch_p_ZL7threshs_69_ROM_AUTO_1R.v"]"\
## "[file normalize "$origin_dir/MVAU_hls_3_Matrix_Vector_Activate_Stream_Batch_p_ZL7threshs_6_ROM_AUTO_1R.v"]"\
## "[file normalize "$origin_dir/MVAU_hls_3_Matrix_Vector_Activate_Stream_Batch_p_ZL7threshs_70_ROM_AUTO_1R.v"]"\
## "[file normalize "$origin_dir/MVAU_hls_3_Matrix_Vector_Activate_Stream_Batch_p_ZL7threshs_71_ROM_AUTO_1R.v"]"\
## "[file normalize "$origin_dir/MVAU_hls_3_Matrix_Vector_Activate_Stream_Batch_p_ZL7threshs_72_ROM_AUTO_1R.v"]"\
## "[file normalize "$origin_dir/MVAU_hls_3_Matrix_Vector_Activate_Stream_Batch_p_ZL7threshs_73_ROM_AUTO_1R.v"]"\
## "[file normalize "$origin_dir/MVAU_hls_3_Matrix_Vector_Activate_Stream_Batch_p_ZL7threshs_74_ROM_AUTO_1R.v"]"\
## "[file normalize "$origin_dir/MVAU_hls_3_Matrix_Vector_Activate_Stream_Batch_p_ZL7threshs_75_ROM_AUTO_1R.v"]"\
## "[file normalize "$origin_dir/MVAU_hls_3_Matrix_Vector_Activate_Stream_Batch_p_ZL7threshs_76_ROM_AUTO_1R.v"]"\
## "[file normalize "$origin_dir/MVAU_hls_3_Matrix_Vector_Activate_Stream_Batch_p_ZL7threshs_77_ROM_AUTO_1R.v"]"\
## "[file normalize "$origin_dir/MVAU_hls_3_Matrix_Vector_Activate_Stream_Batch_p_ZL7threshs_78_ROM_AUTO_1R.v"]"\
## "[file normalize "$origin_dir/MVAU_hls_3_Matrix_Vector_Activate_Stream_Batch_p_ZL7threshs_79_ROM_AUTO_1R.v"]"\
## "[file normalize "$origin_dir/MVAU_hls_3_Matrix_Vector_Activate_Stream_Batch_p_ZL7threshs_7_ROM_AUTO_1R.v"]"\
## "[file normalize "$origin_dir/MVAU_hls_3_Matrix_Vector_Activate_Stream_Batch_p_ZL7threshs_80_ROM_AUTO_1R.v"]"\
## "[file normalize "$origin_dir/MVAU_hls_3_Matrix_Vector_Activate_Stream_Batch_p_ZL7threshs_81_ROM_AUTO_1R.v"]"\
## "[file normalize "$origin_dir/MVAU_hls_3_Matrix_Vector_Activate_Stream_Batch_p_ZL7threshs_82_ROM_AUTO_1R.v"]"\
## "[file normalize "$origin_dir/MVAU_hls_3_Matrix_Vector_Activate_Stream_Batch_p_ZL7threshs_83_ROM_AUTO_1R.v"]"\
## "[file normalize "$origin_dir/MVAU_hls_3_Matrix_Vector_Activate_Stream_Batch_p_ZL7threshs_84_ROM_AUTO_1R.v"]"\
## "[file normalize "$origin_dir/MVAU_hls_3_Matrix_Vector_Activate_Stream_Batch_p_ZL7threshs_85_ROM_AUTO_1R.v"]"\
## "[file normalize "$origin_dir/MVAU_hls_3_Matrix_Vector_Activate_Stream_Batch_p_ZL7threshs_86_ROM_AUTO_1R.v"]"\
## "[file normalize "$origin_dir/MVAU_hls_3_Matrix_Vector_Activate_Stream_Batch_p_ZL7threshs_87_ROM_AUTO_1R.v"]"\
## "[file normalize "$origin_dir/MVAU_hls_3_Matrix_Vector_Activate_Stream_Batch_p_ZL7threshs_88_ROM_AUTO_1R.v"]"\
## "[file normalize "$origin_dir/MVAU_hls_3_Matrix_Vector_Activate_Stream_Batch_p_ZL7threshs_89_ROM_AUTO_1R.v"]"\
## "[file normalize "$origin_dir/MVAU_hls_3_Matrix_Vector_Activate_Stream_Batch_p_ZL7threshs_8_ROM_AUTO_1R.v"]"\
## "[file normalize "$origin_dir/MVAU_hls_3_Matrix_Vector_Activate_Stream_Batch_p_ZL7threshs_90_ROM_AUTO_1R.v"]"\
## "[file normalize "$origin_dir/MVAU_hls_3_Matrix_Vector_Activate_Stream_Batch_p_ZL7threshs_91_ROM_AUTO_1R.v"]"\
## "[file normalize "$origin_dir/MVAU_hls_3_Matrix_Vector_Activate_Stream_Batch_p_ZL7threshs_92_ROM_AUTO_1R.v"]"\
## "[file normalize "$origin_dir/MVAU_hls_3_Matrix_Vector_Activate_Stream_Batch_p_ZL7threshs_93_ROM_AUTO_1R.v"]"\
## "[file normalize "$origin_dir/MVAU_hls_3_Matrix_Vector_Activate_Stream_Batch_p_ZL7threshs_94_ROM_AUTO_1R.v"]"\
## "[file normalize "$origin_dir/MVAU_hls_3_Matrix_Vector_Activate_Stream_Batch_p_ZL7threshs_95_ROM_AUTO_1R.v"]"\
## "[file normalize "$origin_dir/MVAU_hls_3_Matrix_Vector_Activate_Stream_Batch_p_ZL7threshs_96_ROM_AUTO_1R.v"]"\
## "[file normalize "$origin_dir/MVAU_hls_3_Matrix_Vector_Activate_Stream_Batch_p_ZL7threshs_97_ROM_AUTO_1R.v"]"\
## "[file normalize "$origin_dir/MVAU_hls_3_Matrix_Vector_Activate_Stream_Batch_p_ZL7threshs_98_ROM_AUTO_1R.v"]"\
## "[file normalize "$origin_dir/MVAU_hls_3_Matrix_Vector_Activate_Stream_Batch_p_ZL7threshs_99_ROM_AUTO_1R.v"]"\
## "[file normalize "$origin_dir/MVAU_hls_3_Matrix_Vector_Activate_Stream_Batch_p_ZL7threshs_9_ROM_AUTO_1R.v"]"\
## "[file normalize "$origin_dir/MVAU_hls_3_Matrix_Vector_Activate_Stream_Batch.v"]"\
## "[file normalize "$origin_dir/MVAU_hls_3_mul_8ns_8s_16_1_1.v"]"\
## "[file normalize "$origin_dir/MVAU_hls_3_mux_967_24_1_1.v"]"\
## "[file normalize "$origin_dir/MVAU_hls_3_regslice_both.v"]"\
## "[file normalize "$origin_dir/MVAU_hls_3.v"]"\
## "[file normalize "$origin_dir/MVAU_hls_4_flow_control_loop_pipe_sequential_init.v"]"\
## "[file normalize "$origin_dir/MVAU_hls_4_hls_deadlock_idx0_monitor.v"]"\
## "[file normalize "$origin_dir/MVAU_hls_4_hls_deadlock_idx1_monitor.v"]"\
## "[file normalize "$origin_dir/MVAU_hls_4_mac_muladd_8ns_8s_19s_19_4_1.v"]"\
## "[file normalize "$origin_dir/MVAU_hls_4_Matrix_Vector_Activate_Stream_Batch_p_ZL7threshs_0_ROM_AUTO_1R.v"]"\
## "[file normalize "$origin_dir/MVAU_hls_4_Matrix_Vector_Activate_Stream_Batch_p_ZL7threshs_100_ROM_AUTO_1R.v"]"\
## "[file normalize "$origin_dir/MVAU_hls_4_Matrix_Vector_Activate_Stream_Batch_p_ZL7threshs_101_ROM_AUTO_1R.v"]"\
## "[file normalize "$origin_dir/MVAU_hls_4_Matrix_Vector_Activate_Stream_Batch_p_ZL7threshs_102_ROM_AUTO_1R.v"]"\
## "[file normalize "$origin_dir/MVAU_hls_4_Matrix_Vector_Activate_Stream_Batch_p_ZL7threshs_103_ROM_AUTO_1R.v"]"\
## "[file normalize "$origin_dir/MVAU_hls_4_Matrix_Vector_Activate_Stream_Batch_p_ZL7threshs_104_ROM_AUTO_1R.v"]"\
## "[file normalize "$origin_dir/MVAU_hls_4_Matrix_Vector_Activate_Stream_Batch_p_ZL7threshs_105_ROM_AUTO_1R.v"]"\
## "[file normalize "$origin_dir/MVAU_hls_4_Matrix_Vector_Activate_Stream_Batch_p_ZL7threshs_106_ROM_AUTO_1R.v"]"\
## "[file normalize "$origin_dir/MVAU_hls_4_Matrix_Vector_Activate_Stream_Batch_p_ZL7threshs_107_ROM_AUTO_1R.v"]"\
## "[file normalize "$origin_dir/MVAU_hls_4_Matrix_Vector_Activate_Stream_Batch_p_ZL7threshs_108_ROM_AUTO_1R.v"]"\
## "[file normalize "$origin_dir/MVAU_hls_4_Matrix_Vector_Activate_Stream_Batch_p_ZL7threshs_109_ROM_AUTO_1R.v"]"\
## "[file normalize "$origin_dir/MVAU_hls_4_Matrix_Vector_Activate_Stream_Batch_p_ZL7threshs_10_ROM_AUTO_1R.v"]"\
## "[file normalize "$origin_dir/MVAU_hls_4_Matrix_Vector_Activate_Stream_Batch_p_ZL7threshs_110_ROM_AUTO_1R.v"]"\
## "[file normalize "$origin_dir/MVAU_hls_4_Matrix_Vector_Activate_Stream_Batch_p_ZL7threshs_111_ROM_AUTO_1R.v"]"\
## "[file normalize "$origin_dir/MVAU_hls_4_Matrix_Vector_Activate_Stream_Batch_p_ZL7threshs_112_ROM_AUTO_1R.v"]"\
## "[file normalize "$origin_dir/MVAU_hls_4_Matrix_Vector_Activate_Stream_Batch_p_ZL7threshs_113_ROM_AUTO_1R.v"]"\
## "[file normalize "$origin_dir/MVAU_hls_4_Matrix_Vector_Activate_Stream_Batch_p_ZL7threshs_114_ROM_AUTO_1R.v"]"\
## "[file normalize "$origin_dir/MVAU_hls_4_Matrix_Vector_Activate_Stream_Batch_p_ZL7threshs_115_ROM_AUTO_1R.v"]"\
## "[file normalize "$origin_dir/MVAU_hls_4_Matrix_Vector_Activate_Stream_Batch_p_ZL7threshs_116_ROM_AUTO_1R.v"]"\
## "[file normalize "$origin_dir/MVAU_hls_4_Matrix_Vector_Activate_Stream_Batch_p_ZL7threshs_117_ROM_AUTO_1R.v"]"\
## "[file normalize "$origin_dir/MVAU_hls_4_Matrix_Vector_Activate_Stream_Batch_p_ZL7threshs_118_ROM_AUTO_1R.v"]"\
## "[file normalize "$origin_dir/MVAU_hls_4_Matrix_Vector_Activate_Stream_Batch_p_ZL7threshs_119_ROM_AUTO_1R.v"]"\
## "[file normalize "$origin_dir/MVAU_hls_4_Matrix_Vector_Activate_Stream_Batch_p_ZL7threshs_11_ROM_AUTO_1R.v"]"\
## "[file normalize "$origin_dir/MVAU_hls_4_Matrix_Vector_Activate_Stream_Batch_p_ZL7threshs_120_ROM_AUTO_1R.v"]"\
## "[file normalize "$origin_dir/MVAU_hls_4_Matrix_Vector_Activate_Stream_Batch_p_ZL7threshs_121_ROM_AUTO_1R.v"]"\
## "[file normalize "$origin_dir/MVAU_hls_4_Matrix_Vector_Activate_Stream_Batch_p_ZL7threshs_122_ROM_AUTO_1R.v"]"\
## "[file normalize "$origin_dir/MVAU_hls_4_Matrix_Vector_Activate_Stream_Batch_p_ZL7threshs_123_ROM_AUTO_1R.v"]"\
## "[file normalize "$origin_dir/MVAU_hls_4_Matrix_Vector_Activate_Stream_Batch_p_ZL7threshs_124_ROM_AUTO_1R.v"]"\
## "[file normalize "$origin_dir/MVAU_hls_4_Matrix_Vector_Activate_Stream_Batch_p_ZL7threshs_125_ROM_AUTO_1R.v"]"\
## "[file normalize "$origin_dir/MVAU_hls_4_Matrix_Vector_Activate_Stream_Batch_p_ZL7threshs_126_ROM_AUTO_1R.v"]"\
## "[file normalize "$origin_dir/MVAU_hls_4_Matrix_Vector_Activate_Stream_Batch_p_ZL7threshs_127_ROM_AUTO_1R.v"]"\
## "[file normalize "$origin_dir/MVAU_hls_4_Matrix_Vector_Activate_Stream_Batch_p_ZL7threshs_128_ROM_AUTO_1R.v"]"\
## "[file normalize "$origin_dir/MVAU_hls_4_Matrix_Vector_Activate_Stream_Batch_p_ZL7threshs_129_ROM_AUTO_1R.v"]"\
## "[file normalize "$origin_dir/MVAU_hls_4_Matrix_Vector_Activate_Stream_Batch_p_ZL7threshs_12_ROM_AUTO_1R.v"]"\
## "[file normalize "$origin_dir/MVAU_hls_4_Matrix_Vector_Activate_Stream_Batch_p_ZL7threshs_130_ROM_AUTO_1R.v"]"\
## "[file normalize "$origin_dir/MVAU_hls_4_Matrix_Vector_Activate_Stream_Batch_p_ZL7threshs_131_ROM_AUTO_1R.v"]"\
## "[file normalize "$origin_dir/MVAU_hls_4_Matrix_Vector_Activate_Stream_Batch_p_ZL7threshs_132_ROM_AUTO_1R.v"]"\
## "[file normalize "$origin_dir/MVAU_hls_4_Matrix_Vector_Activate_Stream_Batch_p_ZL7threshs_133_ROM_AUTO_1R.v"]"\
## "[file normalize "$origin_dir/MVAU_hls_4_Matrix_Vector_Activate_Stream_Batch_p_ZL7threshs_134_ROM_AUTO_1R.v"]"\
## "[file normalize "$origin_dir/MVAU_hls_4_Matrix_Vector_Activate_Stream_Batch_p_ZL7threshs_135_ROM_AUTO_1R.v"]"\
## "[file normalize "$origin_dir/MVAU_hls_4_Matrix_Vector_Activate_Stream_Batch_p_ZL7threshs_136_ROM_AUTO_1R.v"]"\
## "[file normalize "$origin_dir/MVAU_hls_4_Matrix_Vector_Activate_Stream_Batch_p_ZL7threshs_137_ROM_AUTO_1R.v"]"\
## "[file normalize "$origin_dir/MVAU_hls_4_Matrix_Vector_Activate_Stream_Batch_p_ZL7threshs_138_ROM_AUTO_1R.v"]"\
## "[file normalize "$origin_dir/MVAU_hls_4_Matrix_Vector_Activate_Stream_Batch_p_ZL7threshs_139_ROM_AUTO_1R.v"]"\
## "[file normalize "$origin_dir/MVAU_hls_4_Matrix_Vector_Activate_Stream_Batch_p_ZL7threshs_13_ROM_AUTO_1R.v"]"\
## "[file normalize "$origin_dir/MVAU_hls_4_Matrix_Vector_Activate_Stream_Batch_p_ZL7threshs_140_ROM_AUTO_1R.v"]"\
## "[file normalize "$origin_dir/MVAU_hls_4_Matrix_Vector_Activate_Stream_Batch_p_ZL7threshs_141_ROM_AUTO_1R.v"]"\
## "[file normalize "$origin_dir/MVAU_hls_4_Matrix_Vector_Activate_Stream_Batch_p_ZL7threshs_142_ROM_AUTO_1R.v"]"\
## "[file normalize "$origin_dir/MVAU_hls_4_Matrix_Vector_Activate_Stream_Batch_p_ZL7threshs_143_ROM_AUTO_1R.v"]"\
## "[file normalize "$origin_dir/MVAU_hls_4_Matrix_Vector_Activate_Stream_Batch_p_ZL7threshs_144_ROM_AUTO_1R.v"]"\
## "[file normalize "$origin_dir/MVAU_hls_4_Matrix_Vector_Activate_Stream_Batch_p_ZL7threshs_145_ROM_AUTO_1R.v"]"\
## "[file normalize "$origin_dir/MVAU_hls_4_Matrix_Vector_Activate_Stream_Batch_p_ZL7threshs_146_ROM_AUTO_1R.v"]"\
## "[file normalize "$origin_dir/MVAU_hls_4_Matrix_Vector_Activate_Stream_Batch_p_ZL7threshs_147_ROM_AUTO_1R.v"]"\
## "[file normalize "$origin_dir/MVAU_hls_4_Matrix_Vector_Activate_Stream_Batch_p_ZL7threshs_148_ROM_AUTO_1R.v"]"\
## "[file normalize "$origin_dir/MVAU_hls_4_Matrix_Vector_Activate_Stream_Batch_p_ZL7threshs_149_ROM_AUTO_1R.v"]"\
## "[file normalize "$origin_dir/MVAU_hls_4_Matrix_Vector_Activate_Stream_Batch_p_ZL7threshs_14_ROM_AUTO_1R.v"]"\
## "[file normalize "$origin_dir/MVAU_hls_4_Matrix_Vector_Activate_Stream_Batch_p_ZL7threshs_150_ROM_AUTO_1R.v"]"\
## "[file normalize "$origin_dir/MVAU_hls_4_Matrix_Vector_Activate_Stream_Batch_p_ZL7threshs_151_ROM_AUTO_1R.v"]"\
## "[file normalize "$origin_dir/MVAU_hls_4_Matrix_Vector_Activate_Stream_Batch_p_ZL7threshs_152_ROM_AUTO_1R.v"]"\
## "[file normalize "$origin_dir/MVAU_hls_4_Matrix_Vector_Activate_Stream_Batch_p_ZL7threshs_153_ROM_AUTO_1R.v"]"\
## "[file normalize "$origin_dir/MVAU_hls_4_Matrix_Vector_Activate_Stream_Batch_p_ZL7threshs_154_ROM_AUTO_1R.v"]"\
## "[file normalize "$origin_dir/MVAU_hls_4_Matrix_Vector_Activate_Stream_Batch_p_ZL7threshs_155_ROM_AUTO_1R.v"]"\
## "[file normalize "$origin_dir/MVAU_hls_4_Matrix_Vector_Activate_Stream_Batch_p_ZL7threshs_156_ROM_AUTO_1R.v"]"\
## "[file normalize "$origin_dir/MVAU_hls_4_Matrix_Vector_Activate_Stream_Batch_p_ZL7threshs_157_ROM_AUTO_1R.v"]"\
## "[file normalize "$origin_dir/MVAU_hls_4_Matrix_Vector_Activate_Stream_Batch_p_ZL7threshs_158_ROM_AUTO_1R.v"]"\
## "[file normalize "$origin_dir/MVAU_hls_4_Matrix_Vector_Activate_Stream_Batch_p_ZL7threshs_159_ROM_AUTO_1R.v"]"\
## "[file normalize "$origin_dir/MVAU_hls_4_Matrix_Vector_Activate_Stream_Batch_p_ZL7threshs_15_ROM_AUTO_1R.v"]"\
## "[file normalize "$origin_dir/MVAU_hls_4_Matrix_Vector_Activate_Stream_Batch_p_ZL7threshs_160_ROM_AUTO_1R.v"]"\
## "[file normalize "$origin_dir/MVAU_hls_4_Matrix_Vector_Activate_Stream_Batch_p_ZL7threshs_161_ROM_AUTO_1R.v"]"\
## "[file normalize "$origin_dir/MVAU_hls_4_Matrix_Vector_Activate_Stream_Batch_p_ZL7threshs_162_ROM_AUTO_1R.v"]"\
## "[file normalize "$origin_dir/MVAU_hls_4_Matrix_Vector_Activate_Stream_Batch_p_ZL7threshs_163_ROM_AUTO_1R.v"]"\
## "[file normalize "$origin_dir/MVAU_hls_4_Matrix_Vector_Activate_Stream_Batch_p_ZL7threshs_164_ROM_AUTO_1R.v"]"\
## "[file normalize "$origin_dir/MVAU_hls_4_Matrix_Vector_Activate_Stream_Batch_p_ZL7threshs_165_ROM_AUTO_1R.v"]"\
## "[file normalize "$origin_dir/MVAU_hls_4_Matrix_Vector_Activate_Stream_Batch_p_ZL7threshs_166_ROM_AUTO_1R.v"]"\
## "[file normalize "$origin_dir/MVAU_hls_4_Matrix_Vector_Activate_Stream_Batch_p_ZL7threshs_167_ROM_AUTO_1R.v"]"\
## "[file normalize "$origin_dir/MVAU_hls_4_Matrix_Vector_Activate_Stream_Batch_p_ZL7threshs_168_ROM_AUTO_1R.v"]"\
## "[file normalize "$origin_dir/MVAU_hls_4_Matrix_Vector_Activate_Stream_Batch_p_ZL7threshs_169_ROM_AUTO_1R.v"]"\
## "[file normalize "$origin_dir/MVAU_hls_4_Matrix_Vector_Activate_Stream_Batch_p_ZL7threshs_16_ROM_AUTO_1R.v"]"\
## "[file normalize "$origin_dir/MVAU_hls_4_Matrix_Vector_Activate_Stream_Batch_p_ZL7threshs_170_ROM_AUTO_1R.v"]"\
## "[file normalize "$origin_dir/MVAU_hls_4_Matrix_Vector_Activate_Stream_Batch_p_ZL7threshs_171_ROM_AUTO_1R.v"]"\
## "[file normalize "$origin_dir/MVAU_hls_4_Matrix_Vector_Activate_Stream_Batch_p_ZL7threshs_172_ROM_AUTO_1R.v"]"\
## "[file normalize "$origin_dir/MVAU_hls_4_Matrix_Vector_Activate_Stream_Batch_p_ZL7threshs_173_ROM_AUTO_1R.v"]"\
## "[file normalize "$origin_dir/MVAU_hls_4_Matrix_Vector_Activate_Stream_Batch_p_ZL7threshs_174_ROM_AUTO_1R.v"]"\
## "[file normalize "$origin_dir/MVAU_hls_4_Matrix_Vector_Activate_Stream_Batch_p_ZL7threshs_175_ROM_AUTO_1R.v"]"\
## "[file normalize "$origin_dir/MVAU_hls_4_Matrix_Vector_Activate_Stream_Batch_p_ZL7threshs_176_ROM_AUTO_1R.v"]"\
## "[file normalize "$origin_dir/MVAU_hls_4_Matrix_Vector_Activate_Stream_Batch_p_ZL7threshs_177_ROM_AUTO_1R.v"]"\
## "[file normalize "$origin_dir/MVAU_hls_4_Matrix_Vector_Activate_Stream_Batch_p_ZL7threshs_178_ROM_AUTO_1R.v"]"\
## "[file normalize "$origin_dir/MVAU_hls_4_Matrix_Vector_Activate_Stream_Batch_p_ZL7threshs_179_ROM_AUTO_1R.v"]"\
## "[file normalize "$origin_dir/MVAU_hls_4_Matrix_Vector_Activate_Stream_Batch_p_ZL7threshs_17_ROM_AUTO_1R.v"]"\
## "[file normalize "$origin_dir/MVAU_hls_4_Matrix_Vector_Activate_Stream_Batch_p_ZL7threshs_180_ROM_AUTO_1R.v"]"\
## "[file normalize "$origin_dir/MVAU_hls_4_Matrix_Vector_Activate_Stream_Batch_p_ZL7threshs_181_ROM_AUTO_1R.v"]"\
## "[file normalize "$origin_dir/MVAU_hls_4_Matrix_Vector_Activate_Stream_Batch_p_ZL7threshs_182_ROM_AUTO_1R.v"]"\
## "[file normalize "$origin_dir/MVAU_hls_4_Matrix_Vector_Activate_Stream_Batch_p_ZL7threshs_183_ROM_AUTO_1R.v"]"\
## "[file normalize "$origin_dir/MVAU_hls_4_Matrix_Vector_Activate_Stream_Batch_p_ZL7threshs_184_ROM_AUTO_1R.v"]"\
## "[file normalize "$origin_dir/MVAU_hls_4_Matrix_Vector_Activate_Stream_Batch_p_ZL7threshs_185_ROM_AUTO_1R.v"]"\
## "[file normalize "$origin_dir/MVAU_hls_4_Matrix_Vector_Activate_Stream_Batch_p_ZL7threshs_186_ROM_AUTO_1R.v"]"\
## "[file normalize "$origin_dir/MVAU_hls_4_Matrix_Vector_Activate_Stream_Batch_p_ZL7threshs_187_ROM_AUTO_1R.v"]"\
## "[file normalize "$origin_dir/MVAU_hls_4_Matrix_Vector_Activate_Stream_Batch_p_ZL7threshs_188_ROM_AUTO_1R.v"]"\
## "[file normalize "$origin_dir/MVAU_hls_4_Matrix_Vector_Activate_Stream_Batch_p_ZL7threshs_189_ROM_AUTO_1R.v"]"\
## "[file normalize "$origin_dir/MVAU_hls_4_Matrix_Vector_Activate_Stream_Batch_p_ZL7threshs_18_ROM_AUTO_1R.v"]"\
## "[file normalize "$origin_dir/MVAU_hls_4_Matrix_Vector_Activate_Stream_Batch_p_ZL7threshs_190_ROM_AUTO_1R.v"]"\
## "[file normalize "$origin_dir/MVAU_hls_4_Matrix_Vector_Activate_Stream_Batch_p_ZL7threshs_191_ROM_AUTO_1R.v"]"\
## "[file normalize "$origin_dir/MVAU_hls_4_Matrix_Vector_Activate_Stream_Batch_p_ZL7threshs_192_ROM_AUTO_1R.v"]"\
## "[file normalize "$origin_dir/MVAU_hls_4_Matrix_Vector_Activate_Stream_Batch_p_ZL7threshs_193_ROM_AUTO_1R.v"]"\
## "[file normalize "$origin_dir/MVAU_hls_4_Matrix_Vector_Activate_Stream_Batch_p_ZL7threshs_194_ROM_AUTO_1R.v"]"\
## "[file normalize "$origin_dir/MVAU_hls_4_Matrix_Vector_Activate_Stream_Batch_p_ZL7threshs_195_ROM_AUTO_1R.v"]"\
## "[file normalize "$origin_dir/MVAU_hls_4_Matrix_Vector_Activate_Stream_Batch_p_ZL7threshs_196_ROM_AUTO_1R.v"]"\
## "[file normalize "$origin_dir/MVAU_hls_4_Matrix_Vector_Activate_Stream_Batch_p_ZL7threshs_197_ROM_AUTO_1R.v"]"\
## "[file normalize "$origin_dir/MVAU_hls_4_Matrix_Vector_Activate_Stream_Batch_p_ZL7threshs_198_ROM_AUTO_1R.v"]"\
## "[file normalize "$origin_dir/MVAU_hls_4_Matrix_Vector_Activate_Stream_Batch_p_ZL7threshs_199_ROM_AUTO_1R.v"]"\
## "[file normalize "$origin_dir/MVAU_hls_4_Matrix_Vector_Activate_Stream_Batch_p_ZL7threshs_19_ROM_AUTO_1R.v"]"\
## "[file normalize "$origin_dir/MVAU_hls_4_Matrix_Vector_Activate_Stream_Batch_p_ZL7threshs_1_ROM_AUTO_1R.v"]"\
## "[file normalize "$origin_dir/MVAU_hls_4_Matrix_Vector_Activate_Stream_Batch_p_ZL7threshs_200_ROM_AUTO_1R.v"]"\
## "[file normalize "$origin_dir/MVAU_hls_4_Matrix_Vector_Activate_Stream_Batch_p_ZL7threshs_201_ROM_AUTO_1R.v"]"\
## "[file normalize "$origin_dir/MVAU_hls_4_Matrix_Vector_Activate_Stream_Batch_p_ZL7threshs_202_ROM_AUTO_1R.v"]"\
## "[file normalize "$origin_dir/MVAU_hls_4_Matrix_Vector_Activate_Stream_Batch_p_ZL7threshs_203_ROM_AUTO_1R.v"]"\
## "[file normalize "$origin_dir/MVAU_hls_4_Matrix_Vector_Activate_Stream_Batch_p_ZL7threshs_204_ROM_AUTO_1R.v"]"\
## "[file normalize "$origin_dir/MVAU_hls_4_Matrix_Vector_Activate_Stream_Batch_p_ZL7threshs_205_ROM_AUTO_1R.v"]"\
## "[file normalize "$origin_dir/MVAU_hls_4_Matrix_Vector_Activate_Stream_Batch_p_ZL7threshs_206_ROM_AUTO_1R.v"]"\
## "[file normalize "$origin_dir/MVAU_hls_4_Matrix_Vector_Activate_Stream_Batch_p_ZL7threshs_207_ROM_AUTO_1R.v"]"\
## "[file normalize "$origin_dir/MVAU_hls_4_Matrix_Vector_Activate_Stream_Batch_p_ZL7threshs_208_ROM_AUTO_1R.v"]"\
## "[file normalize "$origin_dir/MVAU_hls_4_Matrix_Vector_Activate_Stream_Batch_p_ZL7threshs_209_ROM_AUTO_1R.v"]"\
## "[file normalize "$origin_dir/MVAU_hls_4_Matrix_Vector_Activate_Stream_Batch_p_ZL7threshs_20_ROM_AUTO_1R.v"]"\
## "[file normalize "$origin_dir/MVAU_hls_4_Matrix_Vector_Activate_Stream_Batch_p_ZL7threshs_210_ROM_AUTO_1R.v"]"\
## "[file normalize "$origin_dir/MVAU_hls_4_Matrix_Vector_Activate_Stream_Batch_p_ZL7threshs_211_ROM_AUTO_1R.v"]"\
## "[file normalize "$origin_dir/MVAU_hls_4_Matrix_Vector_Activate_Stream_Batch_p_ZL7threshs_212_ROM_AUTO_1R.v"]"\
## "[file normalize "$origin_dir/MVAU_hls_4_Matrix_Vector_Activate_Stream_Batch_p_ZL7threshs_213_ROM_AUTO_1R.v"]"\
## "[file normalize "$origin_dir/MVAU_hls_4_Matrix_Vector_Activate_Stream_Batch_p_ZL7threshs_214_ROM_AUTO_1R.v"]"\
## "[file normalize "$origin_dir/MVAU_hls_4_Matrix_Vector_Activate_Stream_Batch_p_ZL7threshs_215_ROM_AUTO_1R.v"]"\
## "[file normalize "$origin_dir/MVAU_hls_4_Matrix_Vector_Activate_Stream_Batch_p_ZL7threshs_216_ROM_AUTO_1R.v"]"\
## "[file normalize "$origin_dir/MVAU_hls_4_Matrix_Vector_Activate_Stream_Batch_p_ZL7threshs_217_ROM_AUTO_1R.v"]"\
## "[file normalize "$origin_dir/MVAU_hls_4_Matrix_Vector_Activate_Stream_Batch_p_ZL7threshs_218_ROM_AUTO_1R.v"]"\
## "[file normalize "$origin_dir/MVAU_hls_4_Matrix_Vector_Activate_Stream_Batch_p_ZL7threshs_219_ROM_AUTO_1R.v"]"\
## "[file normalize "$origin_dir/MVAU_hls_4_Matrix_Vector_Activate_Stream_Batch_p_ZL7threshs_21_ROM_AUTO_1R.v"]"\
## "[file normalize "$origin_dir/MVAU_hls_4_Matrix_Vector_Activate_Stream_Batch_p_ZL7threshs_220_ROM_AUTO_1R.v"]"\
## "[file normalize "$origin_dir/MVAU_hls_4_Matrix_Vector_Activate_Stream_Batch_p_ZL7threshs_221_ROM_AUTO_1R.v"]"\
## "[file normalize "$origin_dir/MVAU_hls_4_Matrix_Vector_Activate_Stream_Batch_p_ZL7threshs_222_ROM_AUTO_1R.v"]"\
## "[file normalize "$origin_dir/MVAU_hls_4_Matrix_Vector_Activate_Stream_Batch_p_ZL7threshs_223_ROM_AUTO_1R.v"]"\
## "[file normalize "$origin_dir/MVAU_hls_4_Matrix_Vector_Activate_Stream_Batch_p_ZL7threshs_224_ROM_AUTO_1R.v"]"\
## "[file normalize "$origin_dir/MVAU_hls_4_Matrix_Vector_Activate_Stream_Batch_p_ZL7threshs_225_ROM_AUTO_1R.v"]"\
## "[file normalize "$origin_dir/MVAU_hls_4_Matrix_Vector_Activate_Stream_Batch_p_ZL7threshs_226_ROM_AUTO_1R.v"]"\
## "[file normalize "$origin_dir/MVAU_hls_4_Matrix_Vector_Activate_Stream_Batch_p_ZL7threshs_227_ROM_AUTO_1R.v"]"\
## "[file normalize "$origin_dir/MVAU_hls_4_Matrix_Vector_Activate_Stream_Batch_p_ZL7threshs_228_ROM_AUTO_1R.v"]"\
## "[file normalize "$origin_dir/MVAU_hls_4_Matrix_Vector_Activate_Stream_Batch_p_ZL7threshs_229_ROM_AUTO_1R.v"]"\
## "[file normalize "$origin_dir/MVAU_hls_4_Matrix_Vector_Activate_Stream_Batch_p_ZL7threshs_22_ROM_AUTO_1R.v"]"\
## "[file normalize "$origin_dir/MVAU_hls_4_Matrix_Vector_Activate_Stream_Batch_p_ZL7threshs_230_ROM_AUTO_1R.v"]"\
## "[file normalize "$origin_dir/MVAU_hls_4_Matrix_Vector_Activate_Stream_Batch_p_ZL7threshs_231_ROM_AUTO_1R.v"]"\
## "[file normalize "$origin_dir/MVAU_hls_4_Matrix_Vector_Activate_Stream_Batch_p_ZL7threshs_232_ROM_AUTO_1R.v"]"\
## "[file normalize "$origin_dir/MVAU_hls_4_Matrix_Vector_Activate_Stream_Batch_p_ZL7threshs_233_ROM_AUTO_1R.v"]"\
## "[file normalize "$origin_dir/MVAU_hls_4_Matrix_Vector_Activate_Stream_Batch_p_ZL7threshs_234_ROM_AUTO_1R.v"]"\
## "[file normalize "$origin_dir/MVAU_hls_4_Matrix_Vector_Activate_Stream_Batch_p_ZL7threshs_235_ROM_AUTO_1R.v"]"\
## "[file normalize "$origin_dir/MVAU_hls_4_Matrix_Vector_Activate_Stream_Batch_p_ZL7threshs_236_ROM_AUTO_1R.v"]"\
## "[file normalize "$origin_dir/MVAU_hls_4_Matrix_Vector_Activate_Stream_Batch_p_ZL7threshs_237_ROM_AUTO_1R.v"]"\
## "[file normalize "$origin_dir/MVAU_hls_4_Matrix_Vector_Activate_Stream_Batch_p_ZL7threshs_238_ROM_AUTO_1R.v"]"\
## "[file normalize "$origin_dir/MVAU_hls_4_Matrix_Vector_Activate_Stream_Batch_p_ZL7threshs_239_ROM_AUTO_1R.v"]"\
## "[file normalize "$origin_dir/MVAU_hls_4_Matrix_Vector_Activate_Stream_Batch_p_ZL7threshs_23_ROM_AUTO_1R.v"]"\
## "[file normalize "$origin_dir/MVAU_hls_4_Matrix_Vector_Activate_Stream_Batch_p_ZL7threshs_240_ROM_AUTO_1R.v"]"\
## "[file normalize "$origin_dir/MVAU_hls_4_Matrix_Vector_Activate_Stream_Batch_p_ZL7threshs_241_ROM_AUTO_1R.v"]"\
## "[file normalize "$origin_dir/MVAU_hls_4_Matrix_Vector_Activate_Stream_Batch_p_ZL7threshs_242_ROM_AUTO_1R.v"]"\
## "[file normalize "$origin_dir/MVAU_hls_4_Matrix_Vector_Activate_Stream_Batch_p_ZL7threshs_243_ROM_AUTO_1R.v"]"\
## "[file normalize "$origin_dir/MVAU_hls_4_Matrix_Vector_Activate_Stream_Batch_p_ZL7threshs_244_ROM_AUTO_1R.v"]"\
## "[file normalize "$origin_dir/MVAU_hls_4_Matrix_Vector_Activate_Stream_Batch_p_ZL7threshs_245_ROM_AUTO_1R.v"]"\
## "[file normalize "$origin_dir/MVAU_hls_4_Matrix_Vector_Activate_Stream_Batch_p_ZL7threshs_246_ROM_AUTO_1R.v"]"\
## "[file normalize "$origin_dir/MVAU_hls_4_Matrix_Vector_Activate_Stream_Batch_p_ZL7threshs_247_ROM_AUTO_1R.v"]"\
## "[file normalize "$origin_dir/MVAU_hls_4_Matrix_Vector_Activate_Stream_Batch_p_ZL7threshs_248_ROM_AUTO_1R.v"]"\
## "[file normalize "$origin_dir/MVAU_hls_4_Matrix_Vector_Activate_Stream_Batch_p_ZL7threshs_249_ROM_AUTO_1R.v"]"\
## "[file normalize "$origin_dir/MVAU_hls_4_Matrix_Vector_Activate_Stream_Batch_p_ZL7threshs_24_ROM_AUTO_1R.v"]"\
## "[file normalize "$origin_dir/MVAU_hls_4_Matrix_Vector_Activate_Stream_Batch_p_ZL7threshs_250_ROM_AUTO_1R.v"]"\
## "[file normalize "$origin_dir/MVAU_hls_4_Matrix_Vector_Activate_Stream_Batch_p_ZL7threshs_251_ROM_AUTO_1R.v"]"\
## "[file normalize "$origin_dir/MVAU_hls_4_Matrix_Vector_Activate_Stream_Batch_p_ZL7threshs_252_ROM_AUTO_1R.v"]"\
## "[file normalize "$origin_dir/MVAU_hls_4_Matrix_Vector_Activate_Stream_Batch_p_ZL7threshs_253_ROM_AUTO_1R.v"]"\
## "[file normalize "$origin_dir/MVAU_hls_4_Matrix_Vector_Activate_Stream_Batch_p_ZL7threshs_254_ROM_AUTO_1R.v"]"\
## "[file normalize "$origin_dir/MVAU_hls_4_Matrix_Vector_Activate_Stream_Batch_p_ZL7threshs_25_ROM_AUTO_1R.v"]"\
## "[file normalize "$origin_dir/MVAU_hls_4_Matrix_Vector_Activate_Stream_Batch_p_ZL7threshs_26_ROM_AUTO_1R.v"]"\
## "[file normalize "$origin_dir/MVAU_hls_4_Matrix_Vector_Activate_Stream_Batch_p_ZL7threshs_27_ROM_AUTO_1R.v"]"\
## "[file normalize "$origin_dir/MVAU_hls_4_Matrix_Vector_Activate_Stream_Batch_p_ZL7threshs_28_ROM_AUTO_1R.v"]"\
## "[file normalize "$origin_dir/MVAU_hls_4_Matrix_Vector_Activate_Stream_Batch_p_ZL7threshs_29_ROM_AUTO_1R.v"]"\
## "[file normalize "$origin_dir/MVAU_hls_4_Matrix_Vector_Activate_Stream_Batch_p_ZL7threshs_2_ROM_AUTO_1R.v"]"\
## "[file normalize "$origin_dir/MVAU_hls_4_Matrix_Vector_Activate_Stream_Batch_p_ZL7threshs_30_ROM_AUTO_1R.v"]"\
## "[file normalize "$origin_dir/MVAU_hls_4_Matrix_Vector_Activate_Stream_Batch_p_ZL7threshs_31_ROM_AUTO_1R.v"]"\
## "[file normalize "$origin_dir/MVAU_hls_4_Matrix_Vector_Activate_Stream_Batch_p_ZL7threshs_32_ROM_AUTO_1R.v"]"\
## "[file normalize "$origin_dir/MVAU_hls_4_Matrix_Vector_Activate_Stream_Batch_p_ZL7threshs_33_ROM_AUTO_1R.v"]"\
## "[file normalize "$origin_dir/MVAU_hls_4_Matrix_Vector_Activate_Stream_Batch_p_ZL7threshs_34_ROM_AUTO_1R.v"]"\
## "[file normalize "$origin_dir/MVAU_hls_4_Matrix_Vector_Activate_Stream_Batch_p_ZL7threshs_35_ROM_AUTO_1R.v"]"\
## "[file normalize "$origin_dir/MVAU_hls_4_Matrix_Vector_Activate_Stream_Batch_p_ZL7threshs_36_ROM_AUTO_1R.v"]"\
## "[file normalize "$origin_dir/MVAU_hls_4_Matrix_Vector_Activate_Stream_Batch_p_ZL7threshs_37_ROM_AUTO_1R.v"]"\
## "[file normalize "$origin_dir/MVAU_hls_4_Matrix_Vector_Activate_Stream_Batch_p_ZL7threshs_38_ROM_AUTO_1R.v"]"\
## "[file normalize "$origin_dir/MVAU_hls_4_Matrix_Vector_Activate_Stream_Batch_p_ZL7threshs_39_ROM_AUTO_1R.v"]"\
## "[file normalize "$origin_dir/MVAU_hls_4_Matrix_Vector_Activate_Stream_Batch_p_ZL7threshs_3_ROM_AUTO_1R.v"]"\
## "[file normalize "$origin_dir/MVAU_hls_4_Matrix_Vector_Activate_Stream_Batch_p_ZL7threshs_40_ROM_AUTO_1R.v"]"\
## "[file normalize "$origin_dir/MVAU_hls_4_Matrix_Vector_Activate_Stream_Batch_p_ZL7threshs_41_ROM_AUTO_1R.v"]"\
## "[file normalize "$origin_dir/MVAU_hls_4_Matrix_Vector_Activate_Stream_Batch_p_ZL7threshs_42_ROM_AUTO_1R.v"]"\
## "[file normalize "$origin_dir/MVAU_hls_4_Matrix_Vector_Activate_Stream_Batch_p_ZL7threshs_43_ROM_AUTO_1R.v"]"\
## "[file normalize "$origin_dir/MVAU_hls_4_Matrix_Vector_Activate_Stream_Batch_p_ZL7threshs_44_ROM_AUTO_1R.v"]"\
## "[file normalize "$origin_dir/MVAU_hls_4_Matrix_Vector_Activate_Stream_Batch_p_ZL7threshs_45_ROM_AUTO_1R.v"]"\
## "[file normalize "$origin_dir/MVAU_hls_4_Matrix_Vector_Activate_Stream_Batch_p_ZL7threshs_46_ROM_AUTO_1R.v"]"\
## "[file normalize "$origin_dir/MVAU_hls_4_Matrix_Vector_Activate_Stream_Batch_p_ZL7threshs_47_ROM_AUTO_1R.v"]"\
## "[file normalize "$origin_dir/MVAU_hls_4_Matrix_Vector_Activate_Stream_Batch_p_ZL7threshs_48_ROM_AUTO_1R.v"]"\
## "[file normalize "$origin_dir/MVAU_hls_4_Matrix_Vector_Activate_Stream_Batch_p_ZL7threshs_49_ROM_AUTO_1R.v"]"\
## "[file normalize "$origin_dir/MVAU_hls_4_Matrix_Vector_Activate_Stream_Batch_p_ZL7threshs_4_ROM_AUTO_1R.v"]"\
## "[file normalize "$origin_dir/MVAU_hls_4_Matrix_Vector_Activate_Stream_Batch_p_ZL7threshs_50_ROM_AUTO_1R.v"]"\
## "[file normalize "$origin_dir/MVAU_hls_4_Matrix_Vector_Activate_Stream_Batch_p_ZL7threshs_51_ROM_AUTO_1R.v"]"\
## "[file normalize "$origin_dir/MVAU_hls_4_Matrix_Vector_Activate_Stream_Batch_p_ZL7threshs_52_ROM_AUTO_1R.v"]"\
## "[file normalize "$origin_dir/MVAU_hls_4_Matrix_Vector_Activate_Stream_Batch_p_ZL7threshs_53_ROM_AUTO_1R.v"]"\
## "[file normalize "$origin_dir/MVAU_hls_4_Matrix_Vector_Activate_Stream_Batch_p_ZL7threshs_54_ROM_AUTO_1R.v"]"\
## "[file normalize "$origin_dir/MVAU_hls_4_Matrix_Vector_Activate_Stream_Batch_p_ZL7threshs_55_ROM_AUTO_1R.v"]"\
## "[file normalize "$origin_dir/MVAU_hls_4_Matrix_Vector_Activate_Stream_Batch_p_ZL7threshs_56_ROM_AUTO_1R.v"]"\
## "[file normalize "$origin_dir/MVAU_hls_4_Matrix_Vector_Activate_Stream_Batch_p_ZL7threshs_57_ROM_AUTO_1R.v"]"\
## "[file normalize "$origin_dir/MVAU_hls_4_Matrix_Vector_Activate_Stream_Batch_p_ZL7threshs_58_ROM_AUTO_1R.v"]"\
## "[file normalize "$origin_dir/MVAU_hls_4_Matrix_Vector_Activate_Stream_Batch_p_ZL7threshs_59_ROM_AUTO_1R.v"]"\
## "[file normalize "$origin_dir/MVAU_hls_4_Matrix_Vector_Activate_Stream_Batch_p_ZL7threshs_5_ROM_AUTO_1R.v"]"\
## "[file normalize "$origin_dir/MVAU_hls_4_Matrix_Vector_Activate_Stream_Batch_p_ZL7threshs_60_ROM_AUTO_1R.v"]"\
## "[file normalize "$origin_dir/MVAU_hls_4_Matrix_Vector_Activate_Stream_Batch_p_ZL7threshs_61_ROM_AUTO_1R.v"]"\
## "[file normalize "$origin_dir/MVAU_hls_4_Matrix_Vector_Activate_Stream_Batch_p_ZL7threshs_62_ROM_AUTO_1R.v"]"\
## "[file normalize "$origin_dir/MVAU_hls_4_Matrix_Vector_Activate_Stream_Batch_p_ZL7threshs_63_ROM_AUTO_1R.v"]"\
## "[file normalize "$origin_dir/MVAU_hls_4_Matrix_Vector_Activate_Stream_Batch_p_ZL7threshs_64_ROM_AUTO_1R.v"]"\
## "[file normalize "$origin_dir/MVAU_hls_4_Matrix_Vector_Activate_Stream_Batch_p_ZL7threshs_65_ROM_AUTO_1R.v"]"\
## "[file normalize "$origin_dir/MVAU_hls_4_Matrix_Vector_Activate_Stream_Batch_p_ZL7threshs_66_ROM_AUTO_1R.v"]"\
## "[file normalize "$origin_dir/MVAU_hls_4_Matrix_Vector_Activate_Stream_Batch_p_ZL7threshs_67_ROM_AUTO_1R.v"]"\
## "[file normalize "$origin_dir/MVAU_hls_4_Matrix_Vector_Activate_Stream_Batch_p_ZL7threshs_68_ROM_AUTO_1R.v"]"\
## "[file normalize "$origin_dir/MVAU_hls_4_Matrix_Vector_Activate_Stream_Batch_p_ZL7threshs_69_ROM_AUTO_1R.v"]"\
## "[file normalize "$origin_dir/MVAU_hls_4_Matrix_Vector_Activate_Stream_Batch_p_ZL7threshs_6_ROM_AUTO_1R.v"]"\
## "[file normalize "$origin_dir/MVAU_hls_4_Matrix_Vector_Activate_Stream_Batch_p_ZL7threshs_70_ROM_AUTO_1R.v"]"\
## "[file normalize "$origin_dir/MVAU_hls_4_Matrix_Vector_Activate_Stream_Batch_p_ZL7threshs_71_ROM_AUTO_1R.v"]"\
## "[file normalize "$origin_dir/MVAU_hls_4_Matrix_Vector_Activate_Stream_Batch_p_ZL7threshs_72_ROM_AUTO_1R.v"]"\
## "[file normalize "$origin_dir/MVAU_hls_4_Matrix_Vector_Activate_Stream_Batch_p_ZL7threshs_73_ROM_AUTO_1R.v"]"\
## "[file normalize "$origin_dir/MVAU_hls_4_Matrix_Vector_Activate_Stream_Batch_p_ZL7threshs_74_ROM_AUTO_1R.v"]"\
## "[file normalize "$origin_dir/MVAU_hls_4_Matrix_Vector_Activate_Stream_Batch_p_ZL7threshs_75_ROM_AUTO_1R.v"]"\
## "[file normalize "$origin_dir/MVAU_hls_4_Matrix_Vector_Activate_Stream_Batch_p_ZL7threshs_76_ROM_AUTO_1R.v"]"\
## "[file normalize "$origin_dir/MVAU_hls_4_Matrix_Vector_Activate_Stream_Batch_p_ZL7threshs_77_ROM_AUTO_1R.v"]"\
## "[file normalize "$origin_dir/MVAU_hls_4_Matrix_Vector_Activate_Stream_Batch_p_ZL7threshs_78_ROM_AUTO_1R.v"]"\
## "[file normalize "$origin_dir/MVAU_hls_4_Matrix_Vector_Activate_Stream_Batch_p_ZL7threshs_79_ROM_AUTO_1R.v"]"\
## "[file normalize "$origin_dir/MVAU_hls_4_Matrix_Vector_Activate_Stream_Batch_p_ZL7threshs_7_ROM_AUTO_1R.v"]"\
## "[file normalize "$origin_dir/MVAU_hls_4_Matrix_Vector_Activate_Stream_Batch_p_ZL7threshs_80_ROM_AUTO_1R.v"]"\
## "[file normalize "$origin_dir/MVAU_hls_4_Matrix_Vector_Activate_Stream_Batch_p_ZL7threshs_81_ROM_AUTO_1R.v"]"\
## "[file normalize "$origin_dir/MVAU_hls_4_Matrix_Vector_Activate_Stream_Batch_p_ZL7threshs_82_ROM_AUTO_1R.v"]"\
## "[file normalize "$origin_dir/MVAU_hls_4_Matrix_Vector_Activate_Stream_Batch_p_ZL7threshs_83_ROM_AUTO_1R.v"]"\
## "[file normalize "$origin_dir/MVAU_hls_4_Matrix_Vector_Activate_Stream_Batch_p_ZL7threshs_84_ROM_AUTO_1R.v"]"\
## "[file normalize "$origin_dir/MVAU_hls_4_Matrix_Vector_Activate_Stream_Batch_p_ZL7threshs_85_ROM_AUTO_1R.v"]"\
## "[file normalize "$origin_dir/MVAU_hls_4_Matrix_Vector_Activate_Stream_Batch_p_ZL7threshs_86_ROM_AUTO_1R.v"]"\
## "[file normalize "$origin_dir/MVAU_hls_4_Matrix_Vector_Activate_Stream_Batch_p_ZL7threshs_87_ROM_AUTO_1R.v"]"\
## "[file normalize "$origin_dir/MVAU_hls_4_Matrix_Vector_Activate_Stream_Batch_p_ZL7threshs_88_ROM_AUTO_1R.v"]"\
## "[file normalize "$origin_dir/MVAU_hls_4_Matrix_Vector_Activate_Stream_Batch_p_ZL7threshs_89_ROM_AUTO_1R.v"]"\
## "[file normalize "$origin_dir/MVAU_hls_4_Matrix_Vector_Activate_Stream_Batch_p_ZL7threshs_8_ROM_AUTO_1R.v"]"\
## "[file normalize "$origin_dir/MVAU_hls_4_Matrix_Vector_Activate_Stream_Batch_p_ZL7threshs_90_ROM_AUTO_1R.v"]"\
## "[file normalize "$origin_dir/MVAU_hls_4_Matrix_Vector_Activate_Stream_Batch_p_ZL7threshs_91_ROM_AUTO_1R.v"]"\
## "[file normalize "$origin_dir/MVAU_hls_4_Matrix_Vector_Activate_Stream_Batch_p_ZL7threshs_92_ROM_AUTO_1R.v"]"\
## "[file normalize "$origin_dir/MVAU_hls_4_Matrix_Vector_Activate_Stream_Batch_p_ZL7threshs_93_ROM_AUTO_1R.v"]"\
## "[file normalize "$origin_dir/MVAU_hls_4_Matrix_Vector_Activate_Stream_Batch_p_ZL7threshs_94_ROM_AUTO_1R.v"]"\
## "[file normalize "$origin_dir/MVAU_hls_4_Matrix_Vector_Activate_Stream_Batch_p_ZL7threshs_95_ROM_AUTO_1R.v"]"\
## "[file normalize "$origin_dir/MVAU_hls_4_Matrix_Vector_Activate_Stream_Batch_p_ZL7threshs_96_ROM_AUTO_1R.v"]"\
## "[file normalize "$origin_dir/MVAU_hls_4_Matrix_Vector_Activate_Stream_Batch_p_ZL7threshs_97_ROM_AUTO_1R.v"]"\
## "[file normalize "$origin_dir/MVAU_hls_4_Matrix_Vector_Activate_Stream_Batch_p_ZL7threshs_98_ROM_AUTO_1R.v"]"\
## "[file normalize "$origin_dir/MVAU_hls_4_Matrix_Vector_Activate_Stream_Batch_p_ZL7threshs_99_ROM_AUTO_1R.v"]"\
## "[file normalize "$origin_dir/MVAU_hls_4_Matrix_Vector_Activate_Stream_Batch_p_ZL7threshs_9_ROM_AUTO_1R.v"]"\
## "[file normalize "$origin_dir/MVAU_hls_4_Matrix_Vector_Activate_Stream_Batch.v"]"\
## "[file normalize "$origin_dir/MVAU_hls_4_mux_325_8_1_1.v"]"\
## "[file normalize "$origin_dir/MVAU_hls_4_regslice_both.v"]"\
## "[file normalize "$origin_dir/MVAU_hls_4.v"]"\
## "[file normalize "$origin_dir/MVAU_hls_5_flow_control_loop_pipe_sequential_init.v"]"\
## "[file normalize "$origin_dir/MVAU_hls_5_hls_deadlock_idx0_monitor.v"]"\
## "[file normalize "$origin_dir/MVAU_hls_5_hls_deadlock_idx1_monitor.v"]"\
## "[file normalize "$origin_dir/MVAU_hls_5_mac_muladd_8ns_8s_16s_17_4_1.v"]"\
## "[file normalize "$origin_dir/MVAU_hls_5_Matrix_Vector_Activate_Stream_Batch_p_ZL7threshs_0_ROM_AUTO_1R.v"]"\
## "[file normalize "$origin_dir/MVAU_hls_5_Matrix_Vector_Activate_Stream_Batch_p_ZL7threshs_100_ROM_AUTO_1R.v"]"\
## "[file normalize "$origin_dir/MVAU_hls_5_Matrix_Vector_Activate_Stream_Batch_p_ZL7threshs_101_ROM_AUTO_1R.v"]"\
## "[file normalize "$origin_dir/MVAU_hls_5_Matrix_Vector_Activate_Stream_Batch_p_ZL7threshs_102_ROM_AUTO_1R.v"]"\
## "[file normalize "$origin_dir/MVAU_hls_5_Matrix_Vector_Activate_Stream_Batch_p_ZL7threshs_103_ROM_AUTO_1R.v"]"\
## "[file normalize "$origin_dir/MVAU_hls_5_Matrix_Vector_Activate_Stream_Batch_p_ZL7threshs_104_ROM_AUTO_1R.v"]"\
## "[file normalize "$origin_dir/MVAU_hls_5_Matrix_Vector_Activate_Stream_Batch_p_ZL7threshs_105_ROM_AUTO_1R.v"]"\
## "[file normalize "$origin_dir/MVAU_hls_5_Matrix_Vector_Activate_Stream_Batch_p_ZL7threshs_106_ROM_AUTO_1R.v"]"\
## "[file normalize "$origin_dir/MVAU_hls_5_Matrix_Vector_Activate_Stream_Batch_p_ZL7threshs_107_ROM_AUTO_1R.v"]"\
## "[file normalize "$origin_dir/MVAU_hls_5_Matrix_Vector_Activate_Stream_Batch_p_ZL7threshs_108_ROM_AUTO_1R.v"]"\
## "[file normalize "$origin_dir/MVAU_hls_5_Matrix_Vector_Activate_Stream_Batch_p_ZL7threshs_109_ROM_AUTO_1R.v"]"\
## "[file normalize "$origin_dir/MVAU_hls_5_Matrix_Vector_Activate_Stream_Batch_p_ZL7threshs_10_ROM_AUTO_1R.v"]"\
## "[file normalize "$origin_dir/MVAU_hls_5_Matrix_Vector_Activate_Stream_Batch_p_ZL7threshs_110_ROM_AUTO_1R.v"]"\
## "[file normalize "$origin_dir/MVAU_hls_5_Matrix_Vector_Activate_Stream_Batch_p_ZL7threshs_111_ROM_AUTO_1R.v"]"\
## "[file normalize "$origin_dir/MVAU_hls_5_Matrix_Vector_Activate_Stream_Batch_p_ZL7threshs_112_ROM_AUTO_1R.v"]"\
## "[file normalize "$origin_dir/MVAU_hls_5_Matrix_Vector_Activate_Stream_Batch_p_ZL7threshs_113_ROM_AUTO_1R.v"]"\
## "[file normalize "$origin_dir/MVAU_hls_5_Matrix_Vector_Activate_Stream_Batch_p_ZL7threshs_114_ROM_AUTO_1R.v"]"\
## "[file normalize "$origin_dir/MVAU_hls_5_Matrix_Vector_Activate_Stream_Batch_p_ZL7threshs_115_ROM_AUTO_1R.v"]"\
## "[file normalize "$origin_dir/MVAU_hls_5_Matrix_Vector_Activate_Stream_Batch_p_ZL7threshs_116_ROM_AUTO_1R.v"]"\
## "[file normalize "$origin_dir/MVAU_hls_5_Matrix_Vector_Activate_Stream_Batch_p_ZL7threshs_117_ROM_AUTO_1R.v"]"\
## "[file normalize "$origin_dir/MVAU_hls_5_Matrix_Vector_Activate_Stream_Batch_p_ZL7threshs_118_ROM_AUTO_1R.v"]"\
## "[file normalize "$origin_dir/MVAU_hls_5_Matrix_Vector_Activate_Stream_Batch_p_ZL7threshs_119_ROM_AUTO_1R.v"]"\
## "[file normalize "$origin_dir/MVAU_hls_5_Matrix_Vector_Activate_Stream_Batch_p_ZL7threshs_11_ROM_AUTO_1R.v"]"\
## "[file normalize "$origin_dir/MVAU_hls_5_Matrix_Vector_Activate_Stream_Batch_p_ZL7threshs_120_ROM_AUTO_1R.v"]"\
## "[file normalize "$origin_dir/MVAU_hls_5_Matrix_Vector_Activate_Stream_Batch_p_ZL7threshs_121_ROM_AUTO_1R.v"]"\
## "[file normalize "$origin_dir/MVAU_hls_5_Matrix_Vector_Activate_Stream_Batch_p_ZL7threshs_122_ROM_AUTO_1R.v"]"\
## "[file normalize "$origin_dir/MVAU_hls_5_Matrix_Vector_Activate_Stream_Batch_p_ZL7threshs_123_ROM_AUTO_1R.v"]"\
## "[file normalize "$origin_dir/MVAU_hls_5_Matrix_Vector_Activate_Stream_Batch_p_ZL7threshs_124_ROM_AUTO_1R.v"]"\
## "[file normalize "$origin_dir/MVAU_hls_5_Matrix_Vector_Activate_Stream_Batch_p_ZL7threshs_125_ROM_AUTO_1R.v"]"\
## "[file normalize "$origin_dir/MVAU_hls_5_Matrix_Vector_Activate_Stream_Batch_p_ZL7threshs_126_ROM_AUTO_1R.v"]"\
## "[file normalize "$origin_dir/MVAU_hls_5_Matrix_Vector_Activate_Stream_Batch_p_ZL7threshs_127_ROM_AUTO_1R.v"]"\
## "[file normalize "$origin_dir/MVAU_hls_5_Matrix_Vector_Activate_Stream_Batch_p_ZL7threshs_128_ROM_AUTO_1R.v"]"\
## "[file normalize "$origin_dir/MVAU_hls_5_Matrix_Vector_Activate_Stream_Batch_p_ZL7threshs_129_ROM_AUTO_1R.v"]"\
## "[file normalize "$origin_dir/MVAU_hls_5_Matrix_Vector_Activate_Stream_Batch_p_ZL7threshs_12_ROM_AUTO_1R.v"]"\
## "[file normalize "$origin_dir/MVAU_hls_5_Matrix_Vector_Activate_Stream_Batch_p_ZL7threshs_130_ROM_AUTO_1R.v"]"\
## "[file normalize "$origin_dir/MVAU_hls_5_Matrix_Vector_Activate_Stream_Batch_p_ZL7threshs_131_ROM_AUTO_1R.v"]"\
## "[file normalize "$origin_dir/MVAU_hls_5_Matrix_Vector_Activate_Stream_Batch_p_ZL7threshs_132_ROM_AUTO_1R.v"]"\
## "[file normalize "$origin_dir/MVAU_hls_5_Matrix_Vector_Activate_Stream_Batch_p_ZL7threshs_133_ROM_AUTO_1R.v"]"\
## "[file normalize "$origin_dir/MVAU_hls_5_Matrix_Vector_Activate_Stream_Batch_p_ZL7threshs_134_ROM_AUTO_1R.v"]"\
## "[file normalize "$origin_dir/MVAU_hls_5_Matrix_Vector_Activate_Stream_Batch_p_ZL7threshs_135_ROM_AUTO_1R.v"]"\
## "[file normalize "$origin_dir/MVAU_hls_5_Matrix_Vector_Activate_Stream_Batch_p_ZL7threshs_136_ROM_AUTO_1R.v"]"\
## "[file normalize "$origin_dir/MVAU_hls_5_Matrix_Vector_Activate_Stream_Batch_p_ZL7threshs_137_ROM_AUTO_1R.v"]"\
## "[file normalize "$origin_dir/MVAU_hls_5_Matrix_Vector_Activate_Stream_Batch_p_ZL7threshs_138_ROM_AUTO_1R.v"]"\
## "[file normalize "$origin_dir/MVAU_hls_5_Matrix_Vector_Activate_Stream_Batch_p_ZL7threshs_139_ROM_AUTO_1R.v"]"\
## "[file normalize "$origin_dir/MVAU_hls_5_Matrix_Vector_Activate_Stream_Batch_p_ZL7threshs_13_ROM_AUTO_1R.v"]"\
## "[file normalize "$origin_dir/MVAU_hls_5_Matrix_Vector_Activate_Stream_Batch_p_ZL7threshs_140_ROM_AUTO_1R.v"]"\
## "[file normalize "$origin_dir/MVAU_hls_5_Matrix_Vector_Activate_Stream_Batch_p_ZL7threshs_141_ROM_AUTO_1R.v"]"\
## "[file normalize "$origin_dir/MVAU_hls_5_Matrix_Vector_Activate_Stream_Batch_p_ZL7threshs_142_ROM_AUTO_1R.v"]"\
## "[file normalize "$origin_dir/MVAU_hls_5_Matrix_Vector_Activate_Stream_Batch_p_ZL7threshs_143_ROM_AUTO_1R.v"]"\
## "[file normalize "$origin_dir/MVAU_hls_5_Matrix_Vector_Activate_Stream_Batch_p_ZL7threshs_144_ROM_AUTO_1R.v"]"\
## "[file normalize "$origin_dir/MVAU_hls_5_Matrix_Vector_Activate_Stream_Batch_p_ZL7threshs_145_ROM_AUTO_1R.v"]"\
## "[file normalize "$origin_dir/MVAU_hls_5_Matrix_Vector_Activate_Stream_Batch_p_ZL7threshs_146_ROM_AUTO_1R.v"]"\
## "[file normalize "$origin_dir/MVAU_hls_5_Matrix_Vector_Activate_Stream_Batch_p_ZL7threshs_147_ROM_AUTO_1R.v"]"\
## "[file normalize "$origin_dir/MVAU_hls_5_Matrix_Vector_Activate_Stream_Batch_p_ZL7threshs_148_ROM_AUTO_1R.v"]"\
## "[file normalize "$origin_dir/MVAU_hls_5_Matrix_Vector_Activate_Stream_Batch_p_ZL7threshs_149_ROM_AUTO_1R.v"]"\
## "[file normalize "$origin_dir/MVAU_hls_5_Matrix_Vector_Activate_Stream_Batch_p_ZL7threshs_14_ROM_AUTO_1R.v"]"\
## "[file normalize "$origin_dir/MVAU_hls_5_Matrix_Vector_Activate_Stream_Batch_p_ZL7threshs_150_ROM_AUTO_1R.v"]"\
## "[file normalize "$origin_dir/MVAU_hls_5_Matrix_Vector_Activate_Stream_Batch_p_ZL7threshs_151_ROM_AUTO_1R.v"]"\
## "[file normalize "$origin_dir/MVAU_hls_5_Matrix_Vector_Activate_Stream_Batch_p_ZL7threshs_152_ROM_AUTO_1R.v"]"\
## "[file normalize "$origin_dir/MVAU_hls_5_Matrix_Vector_Activate_Stream_Batch_p_ZL7threshs_153_ROM_AUTO_1R.v"]"\
## "[file normalize "$origin_dir/MVAU_hls_5_Matrix_Vector_Activate_Stream_Batch_p_ZL7threshs_154_ROM_AUTO_1R.v"]"\
## "[file normalize "$origin_dir/MVAU_hls_5_Matrix_Vector_Activate_Stream_Batch_p_ZL7threshs_155_ROM_AUTO_1R.v"]"\
## "[file normalize "$origin_dir/MVAU_hls_5_Matrix_Vector_Activate_Stream_Batch_p_ZL7threshs_156_ROM_AUTO_1R.v"]"\
## "[file normalize "$origin_dir/MVAU_hls_5_Matrix_Vector_Activate_Stream_Batch_p_ZL7threshs_157_ROM_AUTO_1R.v"]"\
## "[file normalize "$origin_dir/MVAU_hls_5_Matrix_Vector_Activate_Stream_Batch_p_ZL7threshs_158_ROM_AUTO_1R.v"]"\
## "[file normalize "$origin_dir/MVAU_hls_5_Matrix_Vector_Activate_Stream_Batch_p_ZL7threshs_159_ROM_AUTO_1R.v"]"\
## "[file normalize "$origin_dir/MVAU_hls_5_Matrix_Vector_Activate_Stream_Batch_p_ZL7threshs_15_ROM_AUTO_1R.v"]"\
## "[file normalize "$origin_dir/MVAU_hls_5_Matrix_Vector_Activate_Stream_Batch_p_ZL7threshs_160_ROM_AUTO_1R.v"]"\
## "[file normalize "$origin_dir/MVAU_hls_5_Matrix_Vector_Activate_Stream_Batch_p_ZL7threshs_161_ROM_AUTO_1R.v"]"\
## "[file normalize "$origin_dir/MVAU_hls_5_Matrix_Vector_Activate_Stream_Batch_p_ZL7threshs_162_ROM_AUTO_1R.v"]"\
## "[file normalize "$origin_dir/MVAU_hls_5_Matrix_Vector_Activate_Stream_Batch_p_ZL7threshs_163_ROM_AUTO_1R.v"]"\
## "[file normalize "$origin_dir/MVAU_hls_5_Matrix_Vector_Activate_Stream_Batch_p_ZL7threshs_164_ROM_AUTO_1R.v"]"\
## "[file normalize "$origin_dir/MVAU_hls_5_Matrix_Vector_Activate_Stream_Batch_p_ZL7threshs_165_ROM_AUTO_1R.v"]"\
## "[file normalize "$origin_dir/MVAU_hls_5_Matrix_Vector_Activate_Stream_Batch_p_ZL7threshs_166_ROM_AUTO_1R.v"]"\
## "[file normalize "$origin_dir/MVAU_hls_5_Matrix_Vector_Activate_Stream_Batch_p_ZL7threshs_167_ROM_AUTO_1R.v"]"\
## "[file normalize "$origin_dir/MVAU_hls_5_Matrix_Vector_Activate_Stream_Batch_p_ZL7threshs_168_ROM_AUTO_1R.v"]"\
## "[file normalize "$origin_dir/MVAU_hls_5_Matrix_Vector_Activate_Stream_Batch_p_ZL7threshs_169_ROM_AUTO_1R.v"]"\
## "[file normalize "$origin_dir/MVAU_hls_5_Matrix_Vector_Activate_Stream_Batch_p_ZL7threshs_16_ROM_AUTO_1R.v"]"\
## "[file normalize "$origin_dir/MVAU_hls_5_Matrix_Vector_Activate_Stream_Batch_p_ZL7threshs_170_ROM_AUTO_1R.v"]"\
## "[file normalize "$origin_dir/MVAU_hls_5_Matrix_Vector_Activate_Stream_Batch_p_ZL7threshs_171_ROM_AUTO_1R.v"]"\
## "[file normalize "$origin_dir/MVAU_hls_5_Matrix_Vector_Activate_Stream_Batch_p_ZL7threshs_172_ROM_AUTO_1R.v"]"\
## "[file normalize "$origin_dir/MVAU_hls_5_Matrix_Vector_Activate_Stream_Batch_p_ZL7threshs_173_ROM_AUTO_1R.v"]"\
## "[file normalize "$origin_dir/MVAU_hls_5_Matrix_Vector_Activate_Stream_Batch_p_ZL7threshs_174_ROM_AUTO_1R.v"]"\
## "[file normalize "$origin_dir/MVAU_hls_5_Matrix_Vector_Activate_Stream_Batch_p_ZL7threshs_175_ROM_AUTO_1R.v"]"\
## "[file normalize "$origin_dir/MVAU_hls_5_Matrix_Vector_Activate_Stream_Batch_p_ZL7threshs_176_ROM_AUTO_1R.v"]"\
## "[file normalize "$origin_dir/MVAU_hls_5_Matrix_Vector_Activate_Stream_Batch_p_ZL7threshs_177_ROM_AUTO_1R.v"]"\
## "[file normalize "$origin_dir/MVAU_hls_5_Matrix_Vector_Activate_Stream_Batch_p_ZL7threshs_178_ROM_AUTO_1R.v"]"\
## "[file normalize "$origin_dir/MVAU_hls_5_Matrix_Vector_Activate_Stream_Batch_p_ZL7threshs_179_ROM_AUTO_1R.v"]"\
## "[file normalize "$origin_dir/MVAU_hls_5_Matrix_Vector_Activate_Stream_Batch_p_ZL7threshs_17_ROM_AUTO_1R.v"]"\
## "[file normalize "$origin_dir/MVAU_hls_5_Matrix_Vector_Activate_Stream_Batch_p_ZL7threshs_180_ROM_AUTO_1R.v"]"\
## "[file normalize "$origin_dir/MVAU_hls_5_Matrix_Vector_Activate_Stream_Batch_p_ZL7threshs_181_ROM_AUTO_1R.v"]"\
## "[file normalize "$origin_dir/MVAU_hls_5_Matrix_Vector_Activate_Stream_Batch_p_ZL7threshs_182_ROM_AUTO_1R.v"]"\
## "[file normalize "$origin_dir/MVAU_hls_5_Matrix_Vector_Activate_Stream_Batch_p_ZL7threshs_183_ROM_AUTO_1R.v"]"\
## "[file normalize "$origin_dir/MVAU_hls_5_Matrix_Vector_Activate_Stream_Batch_p_ZL7threshs_184_ROM_AUTO_1R.v"]"\
## "[file normalize "$origin_dir/MVAU_hls_5_Matrix_Vector_Activate_Stream_Batch_p_ZL7threshs_185_ROM_AUTO_1R.v"]"\
## "[file normalize "$origin_dir/MVAU_hls_5_Matrix_Vector_Activate_Stream_Batch_p_ZL7threshs_186_ROM_AUTO_1R.v"]"\
## "[file normalize "$origin_dir/MVAU_hls_5_Matrix_Vector_Activate_Stream_Batch_p_ZL7threshs_187_ROM_AUTO_1R.v"]"\
## "[file normalize "$origin_dir/MVAU_hls_5_Matrix_Vector_Activate_Stream_Batch_p_ZL7threshs_188_ROM_AUTO_1R.v"]"\
## "[file normalize "$origin_dir/MVAU_hls_5_Matrix_Vector_Activate_Stream_Batch_p_ZL7threshs_189_ROM_AUTO_1R.v"]"\
## "[file normalize "$origin_dir/MVAU_hls_5_Matrix_Vector_Activate_Stream_Batch_p_ZL7threshs_18_ROM_AUTO_1R.v"]"\
## "[file normalize "$origin_dir/MVAU_hls_5_Matrix_Vector_Activate_Stream_Batch_p_ZL7threshs_190_ROM_AUTO_1R.v"]"\
## "[file normalize "$origin_dir/MVAU_hls_5_Matrix_Vector_Activate_Stream_Batch_p_ZL7threshs_191_ROM_AUTO_1R.v"]"\
## "[file normalize "$origin_dir/MVAU_hls_5_Matrix_Vector_Activate_Stream_Batch_p_ZL7threshs_192_ROM_AUTO_1R.v"]"\
## "[file normalize "$origin_dir/MVAU_hls_5_Matrix_Vector_Activate_Stream_Batch_p_ZL7threshs_193_ROM_AUTO_1R.v"]"\
## "[file normalize "$origin_dir/MVAU_hls_5_Matrix_Vector_Activate_Stream_Batch_p_ZL7threshs_194_ROM_AUTO_1R.v"]"\
## "[file normalize "$origin_dir/MVAU_hls_5_Matrix_Vector_Activate_Stream_Batch_p_ZL7threshs_195_ROM_AUTO_1R.v"]"\
## "[file normalize "$origin_dir/MVAU_hls_5_Matrix_Vector_Activate_Stream_Batch_p_ZL7threshs_196_ROM_AUTO_1R.v"]"\
## "[file normalize "$origin_dir/MVAU_hls_5_Matrix_Vector_Activate_Stream_Batch_p_ZL7threshs_197_ROM_AUTO_1R.v"]"\
## "[file normalize "$origin_dir/MVAU_hls_5_Matrix_Vector_Activate_Stream_Batch_p_ZL7threshs_198_ROM_AUTO_1R.v"]"\
## "[file normalize "$origin_dir/MVAU_hls_5_Matrix_Vector_Activate_Stream_Batch_p_ZL7threshs_199_ROM_AUTO_1R.v"]"\
## "[file normalize "$origin_dir/MVAU_hls_5_Matrix_Vector_Activate_Stream_Batch_p_ZL7threshs_19_ROM_AUTO_1R.v"]"\
## "[file normalize "$origin_dir/MVAU_hls_5_Matrix_Vector_Activate_Stream_Batch_p_ZL7threshs_1_ROM_AUTO_1R.v"]"\
## "[file normalize "$origin_dir/MVAU_hls_5_Matrix_Vector_Activate_Stream_Batch_p_ZL7threshs_200_ROM_AUTO_1R.v"]"\
## "[file normalize "$origin_dir/MVAU_hls_5_Matrix_Vector_Activate_Stream_Batch_p_ZL7threshs_201_ROM_AUTO_1R.v"]"\
## "[file normalize "$origin_dir/MVAU_hls_5_Matrix_Vector_Activate_Stream_Batch_p_ZL7threshs_202_ROM_AUTO_1R.v"]"\
## "[file normalize "$origin_dir/MVAU_hls_5_Matrix_Vector_Activate_Stream_Batch_p_ZL7threshs_203_ROM_AUTO_1R.v"]"\
## "[file normalize "$origin_dir/MVAU_hls_5_Matrix_Vector_Activate_Stream_Batch_p_ZL7threshs_204_ROM_AUTO_1R.v"]"\
## "[file normalize "$origin_dir/MVAU_hls_5_Matrix_Vector_Activate_Stream_Batch_p_ZL7threshs_205_ROM_AUTO_1R.v"]"\
## "[file normalize "$origin_dir/MVAU_hls_5_Matrix_Vector_Activate_Stream_Batch_p_ZL7threshs_206_ROM_AUTO_1R.v"]"\
## "[file normalize "$origin_dir/MVAU_hls_5_Matrix_Vector_Activate_Stream_Batch_p_ZL7threshs_207_ROM_AUTO_1R.v"]"\
## "[file normalize "$origin_dir/MVAU_hls_5_Matrix_Vector_Activate_Stream_Batch_p_ZL7threshs_208_ROM_AUTO_1R.v"]"\
## "[file normalize "$origin_dir/MVAU_hls_5_Matrix_Vector_Activate_Stream_Batch_p_ZL7threshs_209_ROM_AUTO_1R.v"]"\
## "[file normalize "$origin_dir/MVAU_hls_5_Matrix_Vector_Activate_Stream_Batch_p_ZL7threshs_20_ROM_AUTO_1R.v"]"\
## "[file normalize "$origin_dir/MVAU_hls_5_Matrix_Vector_Activate_Stream_Batch_p_ZL7threshs_210_ROM_AUTO_1R.v"]"\
## "[file normalize "$origin_dir/MVAU_hls_5_Matrix_Vector_Activate_Stream_Batch_p_ZL7threshs_211_ROM_AUTO_1R.v"]"\
## "[file normalize "$origin_dir/MVAU_hls_5_Matrix_Vector_Activate_Stream_Batch_p_ZL7threshs_212_ROM_AUTO_1R.v"]"\
## "[file normalize "$origin_dir/MVAU_hls_5_Matrix_Vector_Activate_Stream_Batch_p_ZL7threshs_213_ROM_AUTO_1R.v"]"\
## "[file normalize "$origin_dir/MVAU_hls_5_Matrix_Vector_Activate_Stream_Batch_p_ZL7threshs_214_ROM_AUTO_1R.v"]"\
## "[file normalize "$origin_dir/MVAU_hls_5_Matrix_Vector_Activate_Stream_Batch_p_ZL7threshs_215_ROM_AUTO_1R.v"]"\
## "[file normalize "$origin_dir/MVAU_hls_5_Matrix_Vector_Activate_Stream_Batch_p_ZL7threshs_216_ROM_AUTO_1R.v"]"\
## "[file normalize "$origin_dir/MVAU_hls_5_Matrix_Vector_Activate_Stream_Batch_p_ZL7threshs_217_ROM_AUTO_1R.v"]"\
## "[file normalize "$origin_dir/MVAU_hls_5_Matrix_Vector_Activate_Stream_Batch_p_ZL7threshs_218_ROM_AUTO_1R.v"]"\
## "[file normalize "$origin_dir/MVAU_hls_5_Matrix_Vector_Activate_Stream_Batch_p_ZL7threshs_219_ROM_AUTO_1R.v"]"\
## "[file normalize "$origin_dir/MVAU_hls_5_Matrix_Vector_Activate_Stream_Batch_p_ZL7threshs_21_ROM_AUTO_1R.v"]"\
## "[file normalize "$origin_dir/MVAU_hls_5_Matrix_Vector_Activate_Stream_Batch_p_ZL7threshs_220_ROM_AUTO_1R.v"]"\
## "[file normalize "$origin_dir/MVAU_hls_5_Matrix_Vector_Activate_Stream_Batch_p_ZL7threshs_221_ROM_AUTO_1R.v"]"\
## "[file normalize "$origin_dir/MVAU_hls_5_Matrix_Vector_Activate_Stream_Batch_p_ZL7threshs_222_ROM_AUTO_1R.v"]"\
## "[file normalize "$origin_dir/MVAU_hls_5_Matrix_Vector_Activate_Stream_Batch_p_ZL7threshs_223_ROM_AUTO_1R.v"]"\
## "[file normalize "$origin_dir/MVAU_hls_5_Matrix_Vector_Activate_Stream_Batch_p_ZL7threshs_224_ROM_AUTO_1R.v"]"\
## "[file normalize "$origin_dir/MVAU_hls_5_Matrix_Vector_Activate_Stream_Batch_p_ZL7threshs_225_ROM_AUTO_1R.v"]"\
## "[file normalize "$origin_dir/MVAU_hls_5_Matrix_Vector_Activate_Stream_Batch_p_ZL7threshs_226_ROM_AUTO_1R.v"]"\
## "[file normalize "$origin_dir/MVAU_hls_5_Matrix_Vector_Activate_Stream_Batch_p_ZL7threshs_227_ROM_AUTO_1R.v"]"\
## "[file normalize "$origin_dir/MVAU_hls_5_Matrix_Vector_Activate_Stream_Batch_p_ZL7threshs_228_ROM_AUTO_1R.v"]"\
## "[file normalize "$origin_dir/MVAU_hls_5_Matrix_Vector_Activate_Stream_Batch_p_ZL7threshs_229_ROM_AUTO_1R.v"]"\
## "[file normalize "$origin_dir/MVAU_hls_5_Matrix_Vector_Activate_Stream_Batch_p_ZL7threshs_22_ROM_AUTO_1R.v"]"\
## "[file normalize "$origin_dir/MVAU_hls_5_Matrix_Vector_Activate_Stream_Batch_p_ZL7threshs_230_ROM_AUTO_1R.v"]"\
## "[file normalize "$origin_dir/MVAU_hls_5_Matrix_Vector_Activate_Stream_Batch_p_ZL7threshs_231_ROM_AUTO_1R.v"]"\
## "[file normalize "$origin_dir/MVAU_hls_5_Matrix_Vector_Activate_Stream_Batch_p_ZL7threshs_232_ROM_AUTO_1R.v"]"\
## "[file normalize "$origin_dir/MVAU_hls_5_Matrix_Vector_Activate_Stream_Batch_p_ZL7threshs_233_ROM_AUTO_1R.v"]"\
## "[file normalize "$origin_dir/MVAU_hls_5_Matrix_Vector_Activate_Stream_Batch_p_ZL7threshs_234_ROM_AUTO_1R.v"]"\
## "[file normalize "$origin_dir/MVAU_hls_5_Matrix_Vector_Activate_Stream_Batch_p_ZL7threshs_235_ROM_AUTO_1R.v"]"\
## "[file normalize "$origin_dir/MVAU_hls_5_Matrix_Vector_Activate_Stream_Batch_p_ZL7threshs_236_ROM_AUTO_1R.v"]"\
## "[file normalize "$origin_dir/MVAU_hls_5_Matrix_Vector_Activate_Stream_Batch_p_ZL7threshs_237_ROM_AUTO_1R.v"]"\
## "[file normalize "$origin_dir/MVAU_hls_5_Matrix_Vector_Activate_Stream_Batch_p_ZL7threshs_238_ROM_AUTO_1R.v"]"\
## "[file normalize "$origin_dir/MVAU_hls_5_Matrix_Vector_Activate_Stream_Batch_p_ZL7threshs_239_ROM_AUTO_1R.v"]"\
## "[file normalize "$origin_dir/MVAU_hls_5_Matrix_Vector_Activate_Stream_Batch_p_ZL7threshs_23_ROM_AUTO_1R.v"]"\
## "[file normalize "$origin_dir/MVAU_hls_5_Matrix_Vector_Activate_Stream_Batch_p_ZL7threshs_240_ROM_AUTO_1R.v"]"\
## "[file normalize "$origin_dir/MVAU_hls_5_Matrix_Vector_Activate_Stream_Batch_p_ZL7threshs_241_ROM_AUTO_1R.v"]"\
## "[file normalize "$origin_dir/MVAU_hls_5_Matrix_Vector_Activate_Stream_Batch_p_ZL7threshs_242_ROM_AUTO_1R.v"]"\
## "[file normalize "$origin_dir/MVAU_hls_5_Matrix_Vector_Activate_Stream_Batch_p_ZL7threshs_243_ROM_AUTO_1R.v"]"\
## "[file normalize "$origin_dir/MVAU_hls_5_Matrix_Vector_Activate_Stream_Batch_p_ZL7threshs_244_ROM_AUTO_1R.v"]"\
## "[file normalize "$origin_dir/MVAU_hls_5_Matrix_Vector_Activate_Stream_Batch_p_ZL7threshs_245_ROM_AUTO_1R.v"]"\
## "[file normalize "$origin_dir/MVAU_hls_5_Matrix_Vector_Activate_Stream_Batch_p_ZL7threshs_246_ROM_AUTO_1R.v"]"\
## "[file normalize "$origin_dir/MVAU_hls_5_Matrix_Vector_Activate_Stream_Batch_p_ZL7threshs_247_ROM_AUTO_1R.v"]"\
## "[file normalize "$origin_dir/MVAU_hls_5_Matrix_Vector_Activate_Stream_Batch_p_ZL7threshs_248_ROM_AUTO_1R.v"]"\
## "[file normalize "$origin_dir/MVAU_hls_5_Matrix_Vector_Activate_Stream_Batch_p_ZL7threshs_249_ROM_AUTO_1R.v"]"\
## "[file normalize "$origin_dir/MVAU_hls_5_Matrix_Vector_Activate_Stream_Batch_p_ZL7threshs_24_ROM_AUTO_1R.v"]"\
## "[file normalize "$origin_dir/MVAU_hls_5_Matrix_Vector_Activate_Stream_Batch_p_ZL7threshs_250_ROM_AUTO_1R.v"]"\
## "[file normalize "$origin_dir/MVAU_hls_5_Matrix_Vector_Activate_Stream_Batch_p_ZL7threshs_251_ROM_AUTO_1R.v"]"\
## "[file normalize "$origin_dir/MVAU_hls_5_Matrix_Vector_Activate_Stream_Batch_p_ZL7threshs_252_ROM_AUTO_1R.v"]"\
## "[file normalize "$origin_dir/MVAU_hls_5_Matrix_Vector_Activate_Stream_Batch_p_ZL7threshs_253_ROM_AUTO_1R.v"]"\
## "[file normalize "$origin_dir/MVAU_hls_5_Matrix_Vector_Activate_Stream_Batch_p_ZL7threshs_254_ROM_AUTO_1R.v"]"\
## "[file normalize "$origin_dir/MVAU_hls_5_Matrix_Vector_Activate_Stream_Batch_p_ZL7threshs_25_ROM_AUTO_1R.v"]"\
## "[file normalize "$origin_dir/MVAU_hls_5_Matrix_Vector_Activate_Stream_Batch_p_ZL7threshs_26_ROM_AUTO_1R.v"]"\
## "[file normalize "$origin_dir/MVAU_hls_5_Matrix_Vector_Activate_Stream_Batch_p_ZL7threshs_27_ROM_AUTO_1R.v"]"\
## "[file normalize "$origin_dir/MVAU_hls_5_Matrix_Vector_Activate_Stream_Batch_p_ZL7threshs_28_ROM_AUTO_1R.v"]"\
## "[file normalize "$origin_dir/MVAU_hls_5_Matrix_Vector_Activate_Stream_Batch_p_ZL7threshs_29_ROM_AUTO_1R.v"]"\
## "[file normalize "$origin_dir/MVAU_hls_5_Matrix_Vector_Activate_Stream_Batch_p_ZL7threshs_2_ROM_AUTO_1R.v"]"\
## "[file normalize "$origin_dir/MVAU_hls_5_Matrix_Vector_Activate_Stream_Batch_p_ZL7threshs_30_ROM_AUTO_1R.v"]"\
## "[file normalize "$origin_dir/MVAU_hls_5_Matrix_Vector_Activate_Stream_Batch_p_ZL7threshs_31_ROM_AUTO_1R.v"]"\
## "[file normalize "$origin_dir/MVAU_hls_5_Matrix_Vector_Activate_Stream_Batch_p_ZL7threshs_32_ROM_AUTO_1R.v"]"\
## "[file normalize "$origin_dir/MVAU_hls_5_Matrix_Vector_Activate_Stream_Batch_p_ZL7threshs_33_ROM_AUTO_1R.v"]"\
## "[file normalize "$origin_dir/MVAU_hls_5_Matrix_Vector_Activate_Stream_Batch_p_ZL7threshs_34_ROM_AUTO_1R.v"]"\
## "[file normalize "$origin_dir/MVAU_hls_5_Matrix_Vector_Activate_Stream_Batch_p_ZL7threshs_35_ROM_AUTO_1R.v"]"\
## "[file normalize "$origin_dir/MVAU_hls_5_Matrix_Vector_Activate_Stream_Batch_p_ZL7threshs_36_ROM_AUTO_1R.v"]"\
## "[file normalize "$origin_dir/MVAU_hls_5_Matrix_Vector_Activate_Stream_Batch_p_ZL7threshs_37_ROM_AUTO_1R.v"]"\
## "[file normalize "$origin_dir/MVAU_hls_5_Matrix_Vector_Activate_Stream_Batch_p_ZL7threshs_38_ROM_AUTO_1R.v"]"\
## "[file normalize "$origin_dir/MVAU_hls_5_Matrix_Vector_Activate_Stream_Batch_p_ZL7threshs_39_ROM_AUTO_1R.v"]"\
## "[file normalize "$origin_dir/MVAU_hls_5_Matrix_Vector_Activate_Stream_Batch_p_ZL7threshs_3_ROM_AUTO_1R.v"]"\
## "[file normalize "$origin_dir/MVAU_hls_5_Matrix_Vector_Activate_Stream_Batch_p_ZL7threshs_40_ROM_AUTO_1R.v"]"\
## "[file normalize "$origin_dir/MVAU_hls_5_Matrix_Vector_Activate_Stream_Batch_p_ZL7threshs_41_ROM_AUTO_1R.v"]"\
## "[file normalize "$origin_dir/MVAU_hls_5_Matrix_Vector_Activate_Stream_Batch_p_ZL7threshs_42_ROM_AUTO_1R.v"]"\
## "[file normalize "$origin_dir/MVAU_hls_5_Matrix_Vector_Activate_Stream_Batch_p_ZL7threshs_43_ROM_AUTO_1R.v"]"\
## "[file normalize "$origin_dir/MVAU_hls_5_Matrix_Vector_Activate_Stream_Batch_p_ZL7threshs_44_ROM_AUTO_1R.v"]"\
## "[file normalize "$origin_dir/MVAU_hls_5_Matrix_Vector_Activate_Stream_Batch_p_ZL7threshs_45_ROM_AUTO_1R.v"]"\
## "[file normalize "$origin_dir/MVAU_hls_5_Matrix_Vector_Activate_Stream_Batch_p_ZL7threshs_46_ROM_AUTO_1R.v"]"\
## "[file normalize "$origin_dir/MVAU_hls_5_Matrix_Vector_Activate_Stream_Batch_p_ZL7threshs_47_ROM_AUTO_1R.v"]"\
## "[file normalize "$origin_dir/MVAU_hls_5_Matrix_Vector_Activate_Stream_Batch_p_ZL7threshs_48_ROM_AUTO_1R.v"]"\
## "[file normalize "$origin_dir/MVAU_hls_5_Matrix_Vector_Activate_Stream_Batch_p_ZL7threshs_49_ROM_AUTO_1R.v"]"\
## "[file normalize "$origin_dir/MVAU_hls_5_Matrix_Vector_Activate_Stream_Batch_p_ZL7threshs_4_ROM_AUTO_1R.v"]"\
## "[file normalize "$origin_dir/MVAU_hls_5_Matrix_Vector_Activate_Stream_Batch_p_ZL7threshs_50_ROM_AUTO_1R.v"]"\
## "[file normalize "$origin_dir/MVAU_hls_5_Matrix_Vector_Activate_Stream_Batch_p_ZL7threshs_51_ROM_AUTO_1R.v"]"\
## "[file normalize "$origin_dir/MVAU_hls_5_Matrix_Vector_Activate_Stream_Batch_p_ZL7threshs_52_ROM_AUTO_1R.v"]"\
## "[file normalize "$origin_dir/MVAU_hls_5_Matrix_Vector_Activate_Stream_Batch_p_ZL7threshs_53_ROM_AUTO_1R.v"]"\
## "[file normalize "$origin_dir/MVAU_hls_5_Matrix_Vector_Activate_Stream_Batch_p_ZL7threshs_54_ROM_AUTO_1R.v"]"\
## "[file normalize "$origin_dir/MVAU_hls_5_Matrix_Vector_Activate_Stream_Batch_p_ZL7threshs_55_ROM_AUTO_1R.v"]"\
## "[file normalize "$origin_dir/MVAU_hls_5_Matrix_Vector_Activate_Stream_Batch_p_ZL7threshs_56_ROM_AUTO_1R.v"]"\
## "[file normalize "$origin_dir/MVAU_hls_5_Matrix_Vector_Activate_Stream_Batch_p_ZL7threshs_57_ROM_AUTO_1R.v"]"\
## "[file normalize "$origin_dir/MVAU_hls_5_Matrix_Vector_Activate_Stream_Batch_p_ZL7threshs_58_ROM_AUTO_1R.v"]"\
## "[file normalize "$origin_dir/MVAU_hls_5_Matrix_Vector_Activate_Stream_Batch_p_ZL7threshs_59_ROM_AUTO_1R.v"]"\
## "[file normalize "$origin_dir/MVAU_hls_5_Matrix_Vector_Activate_Stream_Batch_p_ZL7threshs_5_ROM_AUTO_1R.v"]"\
## "[file normalize "$origin_dir/MVAU_hls_5_Matrix_Vector_Activate_Stream_Batch_p_ZL7threshs_60_ROM_AUTO_1R.v"]"\
## "[file normalize "$origin_dir/MVAU_hls_5_Matrix_Vector_Activate_Stream_Batch_p_ZL7threshs_61_ROM_AUTO_1R.v"]"\
## "[file normalize "$origin_dir/MVAU_hls_5_Matrix_Vector_Activate_Stream_Batch_p_ZL7threshs_62_ROM_AUTO_1R.v"]"\
## "[file normalize "$origin_dir/MVAU_hls_5_Matrix_Vector_Activate_Stream_Batch_p_ZL7threshs_63_ROM_AUTO_1R.v"]"\
## "[file normalize "$origin_dir/MVAU_hls_5_Matrix_Vector_Activate_Stream_Batch_p_ZL7threshs_64_ROM_AUTO_1R.v"]"\
## "[file normalize "$origin_dir/MVAU_hls_5_Matrix_Vector_Activate_Stream_Batch_p_ZL7threshs_65_ROM_AUTO_1R.v"]"\
## "[file normalize "$origin_dir/MVAU_hls_5_Matrix_Vector_Activate_Stream_Batch_p_ZL7threshs_66_ROM_AUTO_1R.v"]"\
## "[file normalize "$origin_dir/MVAU_hls_5_Matrix_Vector_Activate_Stream_Batch_p_ZL7threshs_67_ROM_AUTO_1R.v"]"\
## "[file normalize "$origin_dir/MVAU_hls_5_Matrix_Vector_Activate_Stream_Batch_p_ZL7threshs_68_ROM_AUTO_1R.v"]"\
## "[file normalize "$origin_dir/MVAU_hls_5_Matrix_Vector_Activate_Stream_Batch_p_ZL7threshs_69_ROM_AUTO_1R.v"]"\
## "[file normalize "$origin_dir/MVAU_hls_5_Matrix_Vector_Activate_Stream_Batch_p_ZL7threshs_6_ROM_AUTO_1R.v"]"\
## "[file normalize "$origin_dir/MVAU_hls_5_Matrix_Vector_Activate_Stream_Batch_p_ZL7threshs_70_ROM_AUTO_1R.v"]"\
## "[file normalize "$origin_dir/MVAU_hls_5_Matrix_Vector_Activate_Stream_Batch_p_ZL7threshs_71_ROM_AUTO_1R.v"]"\
## "[file normalize "$origin_dir/MVAU_hls_5_Matrix_Vector_Activate_Stream_Batch_p_ZL7threshs_72_ROM_AUTO_1R.v"]"\
## "[file normalize "$origin_dir/MVAU_hls_5_Matrix_Vector_Activate_Stream_Batch_p_ZL7threshs_73_ROM_AUTO_1R.v"]"\
## "[file normalize "$origin_dir/MVAU_hls_5_Matrix_Vector_Activate_Stream_Batch_p_ZL7threshs_74_ROM_AUTO_1R.v"]"\
## "[file normalize "$origin_dir/MVAU_hls_5_Matrix_Vector_Activate_Stream_Batch_p_ZL7threshs_75_ROM_AUTO_1R.v"]"\
## "[file normalize "$origin_dir/MVAU_hls_5_Matrix_Vector_Activate_Stream_Batch_p_ZL7threshs_76_ROM_AUTO_1R.v"]"\
## "[file normalize "$origin_dir/MVAU_hls_5_Matrix_Vector_Activate_Stream_Batch_p_ZL7threshs_77_ROM_AUTO_1R.v"]"\
## "[file normalize "$origin_dir/MVAU_hls_5_Matrix_Vector_Activate_Stream_Batch_p_ZL7threshs_78_ROM_AUTO_1R.v"]"\
## "[file normalize "$origin_dir/MVAU_hls_5_Matrix_Vector_Activate_Stream_Batch_p_ZL7threshs_79_ROM_AUTO_1R.v"]"\
## "[file normalize "$origin_dir/MVAU_hls_5_Matrix_Vector_Activate_Stream_Batch_p_ZL7threshs_7_ROM_AUTO_1R.v"]"\
## "[file normalize "$origin_dir/MVAU_hls_5_Matrix_Vector_Activate_Stream_Batch_p_ZL7threshs_80_ROM_AUTO_1R.v"]"\
## "[file normalize "$origin_dir/MVAU_hls_5_Matrix_Vector_Activate_Stream_Batch_p_ZL7threshs_81_ROM_AUTO_1R.v"]"\
## "[file normalize "$origin_dir/MVAU_hls_5_Matrix_Vector_Activate_Stream_Batch_p_ZL7threshs_82_ROM_AUTO_1R.v"]"\
## "[file normalize "$origin_dir/MVAU_hls_5_Matrix_Vector_Activate_Stream_Batch_p_ZL7threshs_83_ROM_AUTO_1R.v"]"\
## "[file normalize "$origin_dir/MVAU_hls_5_Matrix_Vector_Activate_Stream_Batch_p_ZL7threshs_84_ROM_AUTO_1R.v"]"\
## "[file normalize "$origin_dir/MVAU_hls_5_Matrix_Vector_Activate_Stream_Batch_p_ZL7threshs_85_ROM_AUTO_1R.v"]"\
## "[file normalize "$origin_dir/MVAU_hls_5_Matrix_Vector_Activate_Stream_Batch_p_ZL7threshs_86_ROM_AUTO_1R.v"]"\
## "[file normalize "$origin_dir/MVAU_hls_5_Matrix_Vector_Activate_Stream_Batch_p_ZL7threshs_87_ROM_AUTO_1R.v"]"\
## "[file normalize "$origin_dir/MVAU_hls_5_Matrix_Vector_Activate_Stream_Batch_p_ZL7threshs_88_ROM_AUTO_1R.v"]"\
## "[file normalize "$origin_dir/MVAU_hls_5_Matrix_Vector_Activate_Stream_Batch_p_ZL7threshs_89_ROM_AUTO_1R.v"]"\
## "[file normalize "$origin_dir/MVAU_hls_5_Matrix_Vector_Activate_Stream_Batch_p_ZL7threshs_8_ROM_AUTO_1R.v"]"\
## "[file normalize "$origin_dir/MVAU_hls_5_Matrix_Vector_Activate_Stream_Batch_p_ZL7threshs_90_ROM_AUTO_1R.v"]"\
## "[file normalize "$origin_dir/MVAU_hls_5_Matrix_Vector_Activate_Stream_Batch_p_ZL7threshs_91_ROM_AUTO_1R.v"]"\
## "[file normalize "$origin_dir/MVAU_hls_5_Matrix_Vector_Activate_Stream_Batch_p_ZL7threshs_92_ROM_AUTO_1R.v"]"\
## "[file normalize "$origin_dir/MVAU_hls_5_Matrix_Vector_Activate_Stream_Batch_p_ZL7threshs_93_ROM_AUTO_1R.v"]"\
## "[file normalize "$origin_dir/MVAU_hls_5_Matrix_Vector_Activate_Stream_Batch_p_ZL7threshs_94_ROM_AUTO_1R.v"]"\
## "[file normalize "$origin_dir/MVAU_hls_5_Matrix_Vector_Activate_Stream_Batch_p_ZL7threshs_95_ROM_AUTO_1R.v"]"\
## "[file normalize "$origin_dir/MVAU_hls_5_Matrix_Vector_Activate_Stream_Batch_p_ZL7threshs_96_ROM_AUTO_1R.v"]"\
## "[file normalize "$origin_dir/MVAU_hls_5_Matrix_Vector_Activate_Stream_Batch_p_ZL7threshs_97_ROM_AUTO_1R.v"]"\
## "[file normalize "$origin_dir/MVAU_hls_5_Matrix_Vector_Activate_Stream_Batch_p_ZL7threshs_98_ROM_AUTO_1R.v"]"\
## "[file normalize "$origin_dir/MVAU_hls_5_Matrix_Vector_Activate_Stream_Batch_p_ZL7threshs_99_ROM_AUTO_1R.v"]"\
## "[file normalize "$origin_dir/MVAU_hls_5_Matrix_Vector_Activate_Stream_Batch_p_ZL7threshs_9_ROM_AUTO_1R.v"]"\
## "[file normalize "$origin_dir/MVAU_hls_5_Matrix_Vector_Activate_Stream_Batch.v"]"\
## "[file normalize "$origin_dir/MVAU_hls_5_mul_8ns_8s_16_1_1.v"]"\
## "[file normalize "$origin_dir/MVAU_hls_5_mux_1448_16_1_1.v"]"\
## "[file normalize "$origin_dir/MVAU_hls_5_regslice_both.v"]"\
## "[file normalize "$origin_dir/MVAU_hls_5.v"]"\
## "[file normalize "$origin_dir/MVAU_hls_6_flow_control_loop_pipe_sequential_init.v"]"\
## "[file normalize "$origin_dir/MVAU_hls_6_hls_deadlock_idx0_monitor.v"]"\
## "[file normalize "$origin_dir/MVAU_hls_6_hls_deadlock_idx1_monitor.v"]"\
## "[file normalize "$origin_dir/MVAU_hls_6_mac_muladd_8ns_8s_16s_17_4_1.v"]"\
## "[file normalize "$origin_dir/MVAU_hls_6_mac_muladd_8ns_8s_22s_22_4_1.v"]"\
## "[file normalize "$origin_dir/MVAU_hls_6_Matrix_Vector_Activate_Stream_Batch_p_ZL7threshs_0_ROM_AUTO_1R.v"]"\
## "[file normalize "$origin_dir/MVAU_hls_6_Matrix_Vector_Activate_Stream_Batch_p_ZL7threshs_100_ROM_AUTO_1R.v"]"\
## "[file normalize "$origin_dir/MVAU_hls_6_Matrix_Vector_Activate_Stream_Batch_p_ZL7threshs_101_ROM_AUTO_1R.v"]"\
## "[file normalize "$origin_dir/MVAU_hls_6_Matrix_Vector_Activate_Stream_Batch_p_ZL7threshs_102_ROM_AUTO_1R.v"]"\
## "[file normalize "$origin_dir/MVAU_hls_6_Matrix_Vector_Activate_Stream_Batch_p_ZL7threshs_103_ROM_AUTO_1R.v"]"\
## "[file normalize "$origin_dir/MVAU_hls_6_Matrix_Vector_Activate_Stream_Batch_p_ZL7threshs_104_ROM_AUTO_1R.v"]"\
## "[file normalize "$origin_dir/MVAU_hls_6_Matrix_Vector_Activate_Stream_Batch_p_ZL7threshs_105_ROM_AUTO_1R.v"]"\
## "[file normalize "$origin_dir/MVAU_hls_6_Matrix_Vector_Activate_Stream_Batch_p_ZL7threshs_106_ROM_AUTO_1R.v"]"\
## "[file normalize "$origin_dir/MVAU_hls_6_Matrix_Vector_Activate_Stream_Batch_p_ZL7threshs_107_ROM_AUTO_1R.v"]"\
## "[file normalize "$origin_dir/MVAU_hls_6_Matrix_Vector_Activate_Stream_Batch_p_ZL7threshs_108_ROM_AUTO_1R.v"]"\
## "[file normalize "$origin_dir/MVAU_hls_6_Matrix_Vector_Activate_Stream_Batch_p_ZL7threshs_109_ROM_AUTO_1R.v"]"\
## "[file normalize "$origin_dir/MVAU_hls_6_Matrix_Vector_Activate_Stream_Batch_p_ZL7threshs_10_ROM_AUTO_1R.v"]"\
## "[file normalize "$origin_dir/MVAU_hls_6_Matrix_Vector_Activate_Stream_Batch_p_ZL7threshs_110_ROM_AUTO_1R.v"]"\
## "[file normalize "$origin_dir/MVAU_hls_6_Matrix_Vector_Activate_Stream_Batch_p_ZL7threshs_111_ROM_AUTO_1R.v"]"\
## "[file normalize "$origin_dir/MVAU_hls_6_Matrix_Vector_Activate_Stream_Batch_p_ZL7threshs_112_ROM_AUTO_1R.v"]"\
## "[file normalize "$origin_dir/MVAU_hls_6_Matrix_Vector_Activate_Stream_Batch_p_ZL7threshs_113_ROM_AUTO_1R.v"]"\
## "[file normalize "$origin_dir/MVAU_hls_6_Matrix_Vector_Activate_Stream_Batch_p_ZL7threshs_114_ROM_AUTO_1R.v"]"\
## "[file normalize "$origin_dir/MVAU_hls_6_Matrix_Vector_Activate_Stream_Batch_p_ZL7threshs_115_ROM_AUTO_1R.v"]"\
## "[file normalize "$origin_dir/MVAU_hls_6_Matrix_Vector_Activate_Stream_Batch_p_ZL7threshs_116_ROM_AUTO_1R.v"]"\
## "[file normalize "$origin_dir/MVAU_hls_6_Matrix_Vector_Activate_Stream_Batch_p_ZL7threshs_117_ROM_AUTO_1R.v"]"\
## "[file normalize "$origin_dir/MVAU_hls_6_Matrix_Vector_Activate_Stream_Batch_p_ZL7threshs_118_ROM_AUTO_1R.v"]"\
## "[file normalize "$origin_dir/MVAU_hls_6_Matrix_Vector_Activate_Stream_Batch_p_ZL7threshs_119_ROM_AUTO_1R.v"]"\
## "[file normalize "$origin_dir/MVAU_hls_6_Matrix_Vector_Activate_Stream_Batch_p_ZL7threshs_11_ROM_AUTO_1R.v"]"\
## "[file normalize "$origin_dir/MVAU_hls_6_Matrix_Vector_Activate_Stream_Batch_p_ZL7threshs_120_ROM_AUTO_1R.v"]"\
## "[file normalize "$origin_dir/MVAU_hls_6_Matrix_Vector_Activate_Stream_Batch_p_ZL7threshs_121_ROM_AUTO_1R.v"]"\
## "[file normalize "$origin_dir/MVAU_hls_6_Matrix_Vector_Activate_Stream_Batch_p_ZL7threshs_122_ROM_AUTO_1R.v"]"\
## "[file normalize "$origin_dir/MVAU_hls_6_Matrix_Vector_Activate_Stream_Batch_p_ZL7threshs_123_ROM_AUTO_1R.v"]"\
## "[file normalize "$origin_dir/MVAU_hls_6_Matrix_Vector_Activate_Stream_Batch_p_ZL7threshs_124_ROM_AUTO_1R.v"]"\
## "[file normalize "$origin_dir/MVAU_hls_6_Matrix_Vector_Activate_Stream_Batch_p_ZL7threshs_125_ROM_AUTO_1R.v"]"\
## "[file normalize "$origin_dir/MVAU_hls_6_Matrix_Vector_Activate_Stream_Batch_p_ZL7threshs_126_ROM_AUTO_1R.v"]"\
## "[file normalize "$origin_dir/MVAU_hls_6_Matrix_Vector_Activate_Stream_Batch_p_ZL7threshs_127_ROM_AUTO_1R.v"]"\
## "[file normalize "$origin_dir/MVAU_hls_6_Matrix_Vector_Activate_Stream_Batch_p_ZL7threshs_128_ROM_AUTO_1R.v"]"\
## "[file normalize "$origin_dir/MVAU_hls_6_Matrix_Vector_Activate_Stream_Batch_p_ZL7threshs_129_ROM_AUTO_1R.v"]"\
## "[file normalize "$origin_dir/MVAU_hls_6_Matrix_Vector_Activate_Stream_Batch_p_ZL7threshs_12_ROM_AUTO_1R.v"]"\
## "[file normalize "$origin_dir/MVAU_hls_6_Matrix_Vector_Activate_Stream_Batch_p_ZL7threshs_130_ROM_AUTO_1R.v"]"\
## "[file normalize "$origin_dir/MVAU_hls_6_Matrix_Vector_Activate_Stream_Batch_p_ZL7threshs_131_ROM_AUTO_1R.v"]"\
## "[file normalize "$origin_dir/MVAU_hls_6_Matrix_Vector_Activate_Stream_Batch_p_ZL7threshs_132_ROM_AUTO_1R.v"]"\
## "[file normalize "$origin_dir/MVAU_hls_6_Matrix_Vector_Activate_Stream_Batch_p_ZL7threshs_133_ROM_AUTO_1R.v"]"\
## "[file normalize "$origin_dir/MVAU_hls_6_Matrix_Vector_Activate_Stream_Batch_p_ZL7threshs_134_ROM_AUTO_1R.v"]"\
## "[file normalize "$origin_dir/MVAU_hls_6_Matrix_Vector_Activate_Stream_Batch_p_ZL7threshs_135_ROM_AUTO_1R.v"]"\
## "[file normalize "$origin_dir/MVAU_hls_6_Matrix_Vector_Activate_Stream_Batch_p_ZL7threshs_136_ROM_AUTO_1R.v"]"\
## "[file normalize "$origin_dir/MVAU_hls_6_Matrix_Vector_Activate_Stream_Batch_p_ZL7threshs_137_ROM_AUTO_1R.v"]"\
## "[file normalize "$origin_dir/MVAU_hls_6_Matrix_Vector_Activate_Stream_Batch_p_ZL7threshs_138_ROM_AUTO_1R.v"]"\
## "[file normalize "$origin_dir/MVAU_hls_6_Matrix_Vector_Activate_Stream_Batch_p_ZL7threshs_139_ROM_AUTO_1R.v"]"\
## "[file normalize "$origin_dir/MVAU_hls_6_Matrix_Vector_Activate_Stream_Batch_p_ZL7threshs_13_ROM_AUTO_1R.v"]"\
## "[file normalize "$origin_dir/MVAU_hls_6_Matrix_Vector_Activate_Stream_Batch_p_ZL7threshs_140_ROM_AUTO_1R.v"]"\
## "[file normalize "$origin_dir/MVAU_hls_6_Matrix_Vector_Activate_Stream_Batch_p_ZL7threshs_141_ROM_AUTO_1R.v"]"\
## "[file normalize "$origin_dir/MVAU_hls_6_Matrix_Vector_Activate_Stream_Batch_p_ZL7threshs_142_ROM_AUTO_1R.v"]"\
## "[file normalize "$origin_dir/MVAU_hls_6_Matrix_Vector_Activate_Stream_Batch_p_ZL7threshs_143_ROM_AUTO_1R.v"]"\
## "[file normalize "$origin_dir/MVAU_hls_6_Matrix_Vector_Activate_Stream_Batch_p_ZL7threshs_144_ROM_AUTO_1R.v"]"\
## "[file normalize "$origin_dir/MVAU_hls_6_Matrix_Vector_Activate_Stream_Batch_p_ZL7threshs_145_ROM_AUTO_1R.v"]"\
## "[file normalize "$origin_dir/MVAU_hls_6_Matrix_Vector_Activate_Stream_Batch_p_ZL7threshs_146_ROM_AUTO_1R.v"]"\
## "[file normalize "$origin_dir/MVAU_hls_6_Matrix_Vector_Activate_Stream_Batch_p_ZL7threshs_147_ROM_AUTO_1R.v"]"\
## "[file normalize "$origin_dir/MVAU_hls_6_Matrix_Vector_Activate_Stream_Batch_p_ZL7threshs_148_ROM_AUTO_1R.v"]"\
## "[file normalize "$origin_dir/MVAU_hls_6_Matrix_Vector_Activate_Stream_Batch_p_ZL7threshs_149_ROM_AUTO_1R.v"]"\
## "[file normalize "$origin_dir/MVAU_hls_6_Matrix_Vector_Activate_Stream_Batch_p_ZL7threshs_14_ROM_AUTO_1R.v"]"\
## "[file normalize "$origin_dir/MVAU_hls_6_Matrix_Vector_Activate_Stream_Batch_p_ZL7threshs_150_ROM_AUTO_1R.v"]"\
## "[file normalize "$origin_dir/MVAU_hls_6_Matrix_Vector_Activate_Stream_Batch_p_ZL7threshs_151_ROM_AUTO_1R.v"]"\
## "[file normalize "$origin_dir/MVAU_hls_6_Matrix_Vector_Activate_Stream_Batch_p_ZL7threshs_152_ROM_AUTO_1R.v"]"\
## "[file normalize "$origin_dir/MVAU_hls_6_Matrix_Vector_Activate_Stream_Batch_p_ZL7threshs_153_ROM_AUTO_1R.v"]"\
## "[file normalize "$origin_dir/MVAU_hls_6_Matrix_Vector_Activate_Stream_Batch_p_ZL7threshs_154_ROM_AUTO_1R.v"]"\
## "[file normalize "$origin_dir/MVAU_hls_6_Matrix_Vector_Activate_Stream_Batch_p_ZL7threshs_155_ROM_AUTO_1R.v"]"\
## "[file normalize "$origin_dir/MVAU_hls_6_Matrix_Vector_Activate_Stream_Batch_p_ZL7threshs_156_ROM_AUTO_1R.v"]"\
## "[file normalize "$origin_dir/MVAU_hls_6_Matrix_Vector_Activate_Stream_Batch_p_ZL7threshs_157_ROM_AUTO_1R.v"]"\
## "[file normalize "$origin_dir/MVAU_hls_6_Matrix_Vector_Activate_Stream_Batch_p_ZL7threshs_158_ROM_AUTO_1R.v"]"\
## "[file normalize "$origin_dir/MVAU_hls_6_Matrix_Vector_Activate_Stream_Batch_p_ZL7threshs_159_ROM_AUTO_1R.v"]"\
## "[file normalize "$origin_dir/MVAU_hls_6_Matrix_Vector_Activate_Stream_Batch_p_ZL7threshs_15_ROM_AUTO_1R.v"]"\
## "[file normalize "$origin_dir/MVAU_hls_6_Matrix_Vector_Activate_Stream_Batch_p_ZL7threshs_160_ROM_AUTO_1R.v"]"\
## "[file normalize "$origin_dir/MVAU_hls_6_Matrix_Vector_Activate_Stream_Batch_p_ZL7threshs_161_ROM_AUTO_1R.v"]"\
## "[file normalize "$origin_dir/MVAU_hls_6_Matrix_Vector_Activate_Stream_Batch_p_ZL7threshs_162_ROM_AUTO_1R.v"]"\
## "[file normalize "$origin_dir/MVAU_hls_6_Matrix_Vector_Activate_Stream_Batch_p_ZL7threshs_163_ROM_AUTO_1R.v"]"\
## "[file normalize "$origin_dir/MVAU_hls_6_Matrix_Vector_Activate_Stream_Batch_p_ZL7threshs_164_ROM_AUTO_1R.v"]"\
## "[file normalize "$origin_dir/MVAU_hls_6_Matrix_Vector_Activate_Stream_Batch_p_ZL7threshs_165_ROM_AUTO_1R.v"]"\
## "[file normalize "$origin_dir/MVAU_hls_6_Matrix_Vector_Activate_Stream_Batch_p_ZL7threshs_166_ROM_AUTO_1R.v"]"\
## "[file normalize "$origin_dir/MVAU_hls_6_Matrix_Vector_Activate_Stream_Batch_p_ZL7threshs_167_ROM_AUTO_1R.v"]"\
## "[file normalize "$origin_dir/MVAU_hls_6_Matrix_Vector_Activate_Stream_Batch_p_ZL7threshs_168_ROM_AUTO_1R.v"]"\
## "[file normalize "$origin_dir/MVAU_hls_6_Matrix_Vector_Activate_Stream_Batch_p_ZL7threshs_169_ROM_AUTO_1R.v"]"\
## "[file normalize "$origin_dir/MVAU_hls_6_Matrix_Vector_Activate_Stream_Batch_p_ZL7threshs_16_ROM_AUTO_1R.v"]"\
## "[file normalize "$origin_dir/MVAU_hls_6_Matrix_Vector_Activate_Stream_Batch_p_ZL7threshs_170_ROM_AUTO_1R.v"]"\
## "[file normalize "$origin_dir/MVAU_hls_6_Matrix_Vector_Activate_Stream_Batch_p_ZL7threshs_171_ROM_AUTO_1R.v"]"\
## "[file normalize "$origin_dir/MVAU_hls_6_Matrix_Vector_Activate_Stream_Batch_p_ZL7threshs_172_ROM_AUTO_1R.v"]"\
## "[file normalize "$origin_dir/MVAU_hls_6_Matrix_Vector_Activate_Stream_Batch_p_ZL7threshs_173_ROM_AUTO_1R.v"]"\
## "[file normalize "$origin_dir/MVAU_hls_6_Matrix_Vector_Activate_Stream_Batch_p_ZL7threshs_174_ROM_AUTO_1R.v"]"\
## "[file normalize "$origin_dir/MVAU_hls_6_Matrix_Vector_Activate_Stream_Batch_p_ZL7threshs_175_ROM_AUTO_1R.v"]"\
## "[file normalize "$origin_dir/MVAU_hls_6_Matrix_Vector_Activate_Stream_Batch_p_ZL7threshs_176_ROM_AUTO_1R.v"]"\
## "[file normalize "$origin_dir/MVAU_hls_6_Matrix_Vector_Activate_Stream_Batch_p_ZL7threshs_177_ROM_AUTO_1R.v"]"\
## "[file normalize "$origin_dir/MVAU_hls_6_Matrix_Vector_Activate_Stream_Batch_p_ZL7threshs_178_ROM_AUTO_1R.v"]"\
## "[file normalize "$origin_dir/MVAU_hls_6_Matrix_Vector_Activate_Stream_Batch_p_ZL7threshs_179_ROM_AUTO_1R.v"]"\
## "[file normalize "$origin_dir/MVAU_hls_6_Matrix_Vector_Activate_Stream_Batch_p_ZL7threshs_17_ROM_AUTO_1R.v"]"\
## "[file normalize "$origin_dir/MVAU_hls_6_Matrix_Vector_Activate_Stream_Batch_p_ZL7threshs_180_ROM_AUTO_1R.v"]"\
## "[file normalize "$origin_dir/MVAU_hls_6_Matrix_Vector_Activate_Stream_Batch_p_ZL7threshs_181_ROM_AUTO_1R.v"]"\
## "[file normalize "$origin_dir/MVAU_hls_6_Matrix_Vector_Activate_Stream_Batch_p_ZL7threshs_182_ROM_AUTO_1R.v"]"\
## "[file normalize "$origin_dir/MVAU_hls_6_Matrix_Vector_Activate_Stream_Batch_p_ZL7threshs_183_ROM_AUTO_1R.v"]"\
## "[file normalize "$origin_dir/MVAU_hls_6_Matrix_Vector_Activate_Stream_Batch_p_ZL7threshs_184_ROM_AUTO_1R.v"]"\
## "[file normalize "$origin_dir/MVAU_hls_6_Matrix_Vector_Activate_Stream_Batch_p_ZL7threshs_185_ROM_AUTO_1R.v"]"\
## "[file normalize "$origin_dir/MVAU_hls_6_Matrix_Vector_Activate_Stream_Batch_p_ZL7threshs_186_ROM_AUTO_1R.v"]"\
## "[file normalize "$origin_dir/MVAU_hls_6_Matrix_Vector_Activate_Stream_Batch_p_ZL7threshs_187_ROM_AUTO_1R.v"]"\
## "[file normalize "$origin_dir/MVAU_hls_6_Matrix_Vector_Activate_Stream_Batch_p_ZL7threshs_188_ROM_AUTO_1R.v"]"\
## "[file normalize "$origin_dir/MVAU_hls_6_Matrix_Vector_Activate_Stream_Batch_p_ZL7threshs_189_ROM_AUTO_1R.v"]"\
## "[file normalize "$origin_dir/MVAU_hls_6_Matrix_Vector_Activate_Stream_Batch_p_ZL7threshs_18_ROM_AUTO_1R.v"]"\
## "[file normalize "$origin_dir/MVAU_hls_6_Matrix_Vector_Activate_Stream_Batch_p_ZL7threshs_190_ROM_AUTO_1R.v"]"\
## "[file normalize "$origin_dir/MVAU_hls_6_Matrix_Vector_Activate_Stream_Batch_p_ZL7threshs_191_ROM_AUTO_1R.v"]"\
## "[file normalize "$origin_dir/MVAU_hls_6_Matrix_Vector_Activate_Stream_Batch_p_ZL7threshs_192_ROM_AUTO_1R.v"]"\
## "[file normalize "$origin_dir/MVAU_hls_6_Matrix_Vector_Activate_Stream_Batch_p_ZL7threshs_193_ROM_AUTO_1R.v"]"\
## "[file normalize "$origin_dir/MVAU_hls_6_Matrix_Vector_Activate_Stream_Batch_p_ZL7threshs_194_ROM_AUTO_1R.v"]"\
## "[file normalize "$origin_dir/MVAU_hls_6_Matrix_Vector_Activate_Stream_Batch_p_ZL7threshs_195_ROM_AUTO_1R.v"]"\
## "[file normalize "$origin_dir/MVAU_hls_6_Matrix_Vector_Activate_Stream_Batch_p_ZL7threshs_196_ROM_AUTO_1R.v"]"\
## "[file normalize "$origin_dir/MVAU_hls_6_Matrix_Vector_Activate_Stream_Batch_p_ZL7threshs_197_ROM_AUTO_1R.v"]"\
## "[file normalize "$origin_dir/MVAU_hls_6_Matrix_Vector_Activate_Stream_Batch_p_ZL7threshs_198_ROM_AUTO_1R.v"]"\
## "[file normalize "$origin_dir/MVAU_hls_6_Matrix_Vector_Activate_Stream_Batch_p_ZL7threshs_199_ROM_AUTO_1R.v"]"\
## "[file normalize "$origin_dir/MVAU_hls_6_Matrix_Vector_Activate_Stream_Batch_p_ZL7threshs_19_ROM_AUTO_1R.v"]"\
## "[file normalize "$origin_dir/MVAU_hls_6_Matrix_Vector_Activate_Stream_Batch_p_ZL7threshs_1_ROM_AUTO_1R.v"]"\
## "[file normalize "$origin_dir/MVAU_hls_6_Matrix_Vector_Activate_Stream_Batch_p_ZL7threshs_200_ROM_AUTO_1R.v"]"\
## "[file normalize "$origin_dir/MVAU_hls_6_Matrix_Vector_Activate_Stream_Batch_p_ZL7threshs_201_ROM_AUTO_1R.v"]"\
## "[file normalize "$origin_dir/MVAU_hls_6_Matrix_Vector_Activate_Stream_Batch_p_ZL7threshs_202_ROM_AUTO_1R.v"]"\
## "[file normalize "$origin_dir/MVAU_hls_6_Matrix_Vector_Activate_Stream_Batch_p_ZL7threshs_203_ROM_AUTO_1R.v"]"\
## "[file normalize "$origin_dir/MVAU_hls_6_Matrix_Vector_Activate_Stream_Batch_p_ZL7threshs_204_ROM_AUTO_1R.v"]"\
## "[file normalize "$origin_dir/MVAU_hls_6_Matrix_Vector_Activate_Stream_Batch_p_ZL7threshs_205_ROM_AUTO_1R.v"]"\
## "[file normalize "$origin_dir/MVAU_hls_6_Matrix_Vector_Activate_Stream_Batch_p_ZL7threshs_206_ROM_AUTO_1R.v"]"\
## "[file normalize "$origin_dir/MVAU_hls_6_Matrix_Vector_Activate_Stream_Batch_p_ZL7threshs_207_ROM_AUTO_1R.v"]"\
## "[file normalize "$origin_dir/MVAU_hls_6_Matrix_Vector_Activate_Stream_Batch_p_ZL7threshs_208_ROM_AUTO_1R.v"]"\
## "[file normalize "$origin_dir/MVAU_hls_6_Matrix_Vector_Activate_Stream_Batch_p_ZL7threshs_209_ROM_AUTO_1R.v"]"\
## "[file normalize "$origin_dir/MVAU_hls_6_Matrix_Vector_Activate_Stream_Batch_p_ZL7threshs_20_ROM_AUTO_1R.v"]"\
## "[file normalize "$origin_dir/MVAU_hls_6_Matrix_Vector_Activate_Stream_Batch_p_ZL7threshs_210_ROM_AUTO_1R.v"]"\
## "[file normalize "$origin_dir/MVAU_hls_6_Matrix_Vector_Activate_Stream_Batch_p_ZL7threshs_211_ROM_AUTO_1R.v"]"\
## "[file normalize "$origin_dir/MVAU_hls_6_Matrix_Vector_Activate_Stream_Batch_p_ZL7threshs_212_ROM_AUTO_1R.v"]"\
## "[file normalize "$origin_dir/MVAU_hls_6_Matrix_Vector_Activate_Stream_Batch_p_ZL7threshs_213_ROM_AUTO_1R.v"]"\
## "[file normalize "$origin_dir/MVAU_hls_6_Matrix_Vector_Activate_Stream_Batch_p_ZL7threshs_214_ROM_AUTO_1R.v"]"\
## "[file normalize "$origin_dir/MVAU_hls_6_Matrix_Vector_Activate_Stream_Batch_p_ZL7threshs_215_ROM_AUTO_1R.v"]"\
## "[file normalize "$origin_dir/MVAU_hls_6_Matrix_Vector_Activate_Stream_Batch_p_ZL7threshs_216_ROM_AUTO_1R.v"]"\
## "[file normalize "$origin_dir/MVAU_hls_6_Matrix_Vector_Activate_Stream_Batch_p_ZL7threshs_217_ROM_AUTO_1R.v"]"\
## "[file normalize "$origin_dir/MVAU_hls_6_Matrix_Vector_Activate_Stream_Batch_p_ZL7threshs_218_ROM_AUTO_1R.v"]"\
## "[file normalize "$origin_dir/MVAU_hls_6_Matrix_Vector_Activate_Stream_Batch_p_ZL7threshs_219_ROM_AUTO_1R.v"]"\
## "[file normalize "$origin_dir/MVAU_hls_6_Matrix_Vector_Activate_Stream_Batch_p_ZL7threshs_21_ROM_AUTO_1R.v"]"\
## "[file normalize "$origin_dir/MVAU_hls_6_Matrix_Vector_Activate_Stream_Batch_p_ZL7threshs_220_ROM_AUTO_1R.v"]"\
## "[file normalize "$origin_dir/MVAU_hls_6_Matrix_Vector_Activate_Stream_Batch_p_ZL7threshs_221_ROM_AUTO_1R.v"]"\
## "[file normalize "$origin_dir/MVAU_hls_6_Matrix_Vector_Activate_Stream_Batch_p_ZL7threshs_222_ROM_AUTO_1R.v"]"\
## "[file normalize "$origin_dir/MVAU_hls_6_Matrix_Vector_Activate_Stream_Batch_p_ZL7threshs_223_ROM_AUTO_1R.v"]"\
## "[file normalize "$origin_dir/MVAU_hls_6_Matrix_Vector_Activate_Stream_Batch_p_ZL7threshs_224_ROM_AUTO_1R.v"]"\
## "[file normalize "$origin_dir/MVAU_hls_6_Matrix_Vector_Activate_Stream_Batch_p_ZL7threshs_225_ROM_AUTO_1R.v"]"\
## "[file normalize "$origin_dir/MVAU_hls_6_Matrix_Vector_Activate_Stream_Batch_p_ZL7threshs_226_ROM_AUTO_1R.v"]"\
## "[file normalize "$origin_dir/MVAU_hls_6_Matrix_Vector_Activate_Stream_Batch_p_ZL7threshs_227_ROM_AUTO_1R.v"]"\
## "[file normalize "$origin_dir/MVAU_hls_6_Matrix_Vector_Activate_Stream_Batch_p_ZL7threshs_228_ROM_AUTO_1R.v"]"\
## "[file normalize "$origin_dir/MVAU_hls_6_Matrix_Vector_Activate_Stream_Batch_p_ZL7threshs_229_ROM_AUTO_1R.v"]"\
## "[file normalize "$origin_dir/MVAU_hls_6_Matrix_Vector_Activate_Stream_Batch_p_ZL7threshs_22_ROM_AUTO_1R.v"]"\
## "[file normalize "$origin_dir/MVAU_hls_6_Matrix_Vector_Activate_Stream_Batch_p_ZL7threshs_230_ROM_AUTO_1R.v"]"\
## "[file normalize "$origin_dir/MVAU_hls_6_Matrix_Vector_Activate_Stream_Batch_p_ZL7threshs_231_ROM_AUTO_1R.v"]"\
## "[file normalize "$origin_dir/MVAU_hls_6_Matrix_Vector_Activate_Stream_Batch_p_ZL7threshs_232_ROM_AUTO_1R.v"]"\
## "[file normalize "$origin_dir/MVAU_hls_6_Matrix_Vector_Activate_Stream_Batch_p_ZL7threshs_233_ROM_AUTO_1R.v"]"\
## "[file normalize "$origin_dir/MVAU_hls_6_Matrix_Vector_Activate_Stream_Batch_p_ZL7threshs_234_ROM_AUTO_1R.v"]"\
## "[file normalize "$origin_dir/MVAU_hls_6_Matrix_Vector_Activate_Stream_Batch_p_ZL7threshs_235_ROM_AUTO_1R.v"]"\
## "[file normalize "$origin_dir/MVAU_hls_6_Matrix_Vector_Activate_Stream_Batch_p_ZL7threshs_236_ROM_AUTO_1R.v"]"\
## "[file normalize "$origin_dir/MVAU_hls_6_Matrix_Vector_Activate_Stream_Batch_p_ZL7threshs_237_ROM_AUTO_1R.v"]"\
## "[file normalize "$origin_dir/MVAU_hls_6_Matrix_Vector_Activate_Stream_Batch_p_ZL7threshs_238_ROM_AUTO_1R.v"]"\
## "[file normalize "$origin_dir/MVAU_hls_6_Matrix_Vector_Activate_Stream_Batch_p_ZL7threshs_239_ROM_AUTO_1R.v"]"\
## "[file normalize "$origin_dir/MVAU_hls_6_Matrix_Vector_Activate_Stream_Batch_p_ZL7threshs_23_ROM_AUTO_1R.v"]"\
## "[file normalize "$origin_dir/MVAU_hls_6_Matrix_Vector_Activate_Stream_Batch_p_ZL7threshs_240_ROM_AUTO_1R.v"]"\
## "[file normalize "$origin_dir/MVAU_hls_6_Matrix_Vector_Activate_Stream_Batch_p_ZL7threshs_241_ROM_AUTO_1R.v"]"\
## "[file normalize "$origin_dir/MVAU_hls_6_Matrix_Vector_Activate_Stream_Batch_p_ZL7threshs_242_ROM_AUTO_1R.v"]"\
## "[file normalize "$origin_dir/MVAU_hls_6_Matrix_Vector_Activate_Stream_Batch_p_ZL7threshs_243_ROM_AUTO_1R.v"]"\
## "[file normalize "$origin_dir/MVAU_hls_6_Matrix_Vector_Activate_Stream_Batch_p_ZL7threshs_244_ROM_AUTO_1R.v"]"\
## "[file normalize "$origin_dir/MVAU_hls_6_Matrix_Vector_Activate_Stream_Batch_p_ZL7threshs_245_ROM_AUTO_1R.v"]"\
## "[file normalize "$origin_dir/MVAU_hls_6_Matrix_Vector_Activate_Stream_Batch_p_ZL7threshs_246_ROM_AUTO_1R.v"]"\
## "[file normalize "$origin_dir/MVAU_hls_6_Matrix_Vector_Activate_Stream_Batch_p_ZL7threshs_247_ROM_AUTO_1R.v"]"\
## "[file normalize "$origin_dir/MVAU_hls_6_Matrix_Vector_Activate_Stream_Batch_p_ZL7threshs_248_ROM_AUTO_1R.v"]"\
## "[file normalize "$origin_dir/MVAU_hls_6_Matrix_Vector_Activate_Stream_Batch_p_ZL7threshs_249_ROM_AUTO_1R.v"]"\
## "[file normalize "$origin_dir/MVAU_hls_6_Matrix_Vector_Activate_Stream_Batch_p_ZL7threshs_24_ROM_AUTO_1R.v"]"\
## "[file normalize "$origin_dir/MVAU_hls_6_Matrix_Vector_Activate_Stream_Batch_p_ZL7threshs_250_ROM_AUTO_1R.v"]"\
## "[file normalize "$origin_dir/MVAU_hls_6_Matrix_Vector_Activate_Stream_Batch_p_ZL7threshs_251_ROM_AUTO_1R.v"]"\
## "[file normalize "$origin_dir/MVAU_hls_6_Matrix_Vector_Activate_Stream_Batch_p_ZL7threshs_252_ROM_AUTO_1R.v"]"\
## "[file normalize "$origin_dir/MVAU_hls_6_Matrix_Vector_Activate_Stream_Batch_p_ZL7threshs_253_ROM_AUTO_1R.v"]"\
## "[file normalize "$origin_dir/MVAU_hls_6_Matrix_Vector_Activate_Stream_Batch_p_ZL7threshs_254_ROM_AUTO_1R.v"]"\
## "[file normalize "$origin_dir/MVAU_hls_6_Matrix_Vector_Activate_Stream_Batch_p_ZL7threshs_25_ROM_AUTO_1R.v"]"\
## "[file normalize "$origin_dir/MVAU_hls_6_Matrix_Vector_Activate_Stream_Batch_p_ZL7threshs_26_ROM_AUTO_1R.v"]"\
## "[file normalize "$origin_dir/MVAU_hls_6_Matrix_Vector_Activate_Stream_Batch_p_ZL7threshs_27_ROM_AUTO_1R.v"]"\
## "[file normalize "$origin_dir/MVAU_hls_6_Matrix_Vector_Activate_Stream_Batch_p_ZL7threshs_28_ROM_AUTO_1R.v"]"\
## "[file normalize "$origin_dir/MVAU_hls_6_Matrix_Vector_Activate_Stream_Batch_p_ZL7threshs_29_ROM_AUTO_1R.v"]"\
## "[file normalize "$origin_dir/MVAU_hls_6_Matrix_Vector_Activate_Stream_Batch_p_ZL7threshs_2_ROM_AUTO_1R.v"]"\
## "[file normalize "$origin_dir/MVAU_hls_6_Matrix_Vector_Activate_Stream_Batch_p_ZL7threshs_30_ROM_AUTO_1R.v"]"\
## "[file normalize "$origin_dir/MVAU_hls_6_Matrix_Vector_Activate_Stream_Batch_p_ZL7threshs_31_ROM_AUTO_1R.v"]"\
## "[file normalize "$origin_dir/MVAU_hls_6_Matrix_Vector_Activate_Stream_Batch_p_ZL7threshs_32_ROM_AUTO_1R.v"]"\
## "[file normalize "$origin_dir/MVAU_hls_6_Matrix_Vector_Activate_Stream_Batch_p_ZL7threshs_33_ROM_AUTO_1R.v"]"\
## "[file normalize "$origin_dir/MVAU_hls_6_Matrix_Vector_Activate_Stream_Batch_p_ZL7threshs_34_ROM_AUTO_1R.v"]"\
## "[file normalize "$origin_dir/MVAU_hls_6_Matrix_Vector_Activate_Stream_Batch_p_ZL7threshs_35_ROM_AUTO_1R.v"]"\
## "[file normalize "$origin_dir/MVAU_hls_6_Matrix_Vector_Activate_Stream_Batch_p_ZL7threshs_36_ROM_AUTO_1R.v"]"\
## "[file normalize "$origin_dir/MVAU_hls_6_Matrix_Vector_Activate_Stream_Batch_p_ZL7threshs_37_ROM_AUTO_1R.v"]"\
## "[file normalize "$origin_dir/MVAU_hls_6_Matrix_Vector_Activate_Stream_Batch_p_ZL7threshs_38_ROM_AUTO_1R.v"]"\
## "[file normalize "$origin_dir/MVAU_hls_6_Matrix_Vector_Activate_Stream_Batch_p_ZL7threshs_39_ROM_AUTO_1R.v"]"\
## "[file normalize "$origin_dir/MVAU_hls_6_Matrix_Vector_Activate_Stream_Batch_p_ZL7threshs_3_ROM_AUTO_1R.v"]"\
## "[file normalize "$origin_dir/MVAU_hls_6_Matrix_Vector_Activate_Stream_Batch_p_ZL7threshs_40_ROM_AUTO_1R.v"]"\
## "[file normalize "$origin_dir/MVAU_hls_6_Matrix_Vector_Activate_Stream_Batch_p_ZL7threshs_41_ROM_AUTO_1R.v"]"\
## "[file normalize "$origin_dir/MVAU_hls_6_Matrix_Vector_Activate_Stream_Batch_p_ZL7threshs_42_ROM_AUTO_1R.v"]"\
## "[file normalize "$origin_dir/MVAU_hls_6_Matrix_Vector_Activate_Stream_Batch_p_ZL7threshs_43_ROM_AUTO_1R.v"]"\
## "[file normalize "$origin_dir/MVAU_hls_6_Matrix_Vector_Activate_Stream_Batch_p_ZL7threshs_44_ROM_AUTO_1R.v"]"\
## "[file normalize "$origin_dir/MVAU_hls_6_Matrix_Vector_Activate_Stream_Batch_p_ZL7threshs_45_ROM_AUTO_1R.v"]"\
## "[file normalize "$origin_dir/MVAU_hls_6_Matrix_Vector_Activate_Stream_Batch_p_ZL7threshs_46_ROM_AUTO_1R.v"]"\
## "[file normalize "$origin_dir/MVAU_hls_6_Matrix_Vector_Activate_Stream_Batch_p_ZL7threshs_47_ROM_AUTO_1R.v"]"\
## "[file normalize "$origin_dir/MVAU_hls_6_Matrix_Vector_Activate_Stream_Batch_p_ZL7threshs_48_ROM_AUTO_1R.v"]"\
## "[file normalize "$origin_dir/MVAU_hls_6_Matrix_Vector_Activate_Stream_Batch_p_ZL7threshs_49_ROM_AUTO_1R.v"]"\
## "[file normalize "$origin_dir/MVAU_hls_6_Matrix_Vector_Activate_Stream_Batch_p_ZL7threshs_4_ROM_AUTO_1R.v"]"\
## "[file normalize "$origin_dir/MVAU_hls_6_Matrix_Vector_Activate_Stream_Batch_p_ZL7threshs_50_ROM_AUTO_1R.v"]"\
## "[file normalize "$origin_dir/MVAU_hls_6_Matrix_Vector_Activate_Stream_Batch_p_ZL7threshs_51_ROM_AUTO_1R.v"]"\
## "[file normalize "$origin_dir/MVAU_hls_6_Matrix_Vector_Activate_Stream_Batch_p_ZL7threshs_52_ROM_AUTO_1R.v"]"\
## "[file normalize "$origin_dir/MVAU_hls_6_Matrix_Vector_Activate_Stream_Batch_p_ZL7threshs_53_ROM_AUTO_1R.v"]"\
## "[file normalize "$origin_dir/MVAU_hls_6_Matrix_Vector_Activate_Stream_Batch_p_ZL7threshs_54_ROM_AUTO_1R.v"]"\
## "[file normalize "$origin_dir/MVAU_hls_6_Matrix_Vector_Activate_Stream_Batch_p_ZL7threshs_55_ROM_AUTO_1R.v"]"\
## "[file normalize "$origin_dir/MVAU_hls_6_Matrix_Vector_Activate_Stream_Batch_p_ZL7threshs_56_ROM_AUTO_1R.v"]"\
## "[file normalize "$origin_dir/MVAU_hls_6_Matrix_Vector_Activate_Stream_Batch_p_ZL7threshs_57_ROM_AUTO_1R.v"]"\
## "[file normalize "$origin_dir/MVAU_hls_6_Matrix_Vector_Activate_Stream_Batch_p_ZL7threshs_58_ROM_AUTO_1R.v"]"\
## "[file normalize "$origin_dir/MVAU_hls_6_Matrix_Vector_Activate_Stream_Batch_p_ZL7threshs_59_ROM_AUTO_1R.v"]"\
## "[file normalize "$origin_dir/MVAU_hls_6_Matrix_Vector_Activate_Stream_Batch_p_ZL7threshs_5_ROM_AUTO_1R.v"]"\
## "[file normalize "$origin_dir/MVAU_hls_6_Matrix_Vector_Activate_Stream_Batch_p_ZL7threshs_60_ROM_AUTO_1R.v"]"\
## "[file normalize "$origin_dir/MVAU_hls_6_Matrix_Vector_Activate_Stream_Batch_p_ZL7threshs_61_ROM_AUTO_1R.v"]"\
## "[file normalize "$origin_dir/MVAU_hls_6_Matrix_Vector_Activate_Stream_Batch_p_ZL7threshs_62_ROM_AUTO_1R.v"]"\
## "[file normalize "$origin_dir/MVAU_hls_6_Matrix_Vector_Activate_Stream_Batch_p_ZL7threshs_63_ROM_AUTO_1R.v"]"\
## "[file normalize "$origin_dir/MVAU_hls_6_Matrix_Vector_Activate_Stream_Batch_p_ZL7threshs_64_ROM_AUTO_1R.v"]"\
## "[file normalize "$origin_dir/MVAU_hls_6_Matrix_Vector_Activate_Stream_Batch_p_ZL7threshs_65_ROM_AUTO_1R.v"]"\
## "[file normalize "$origin_dir/MVAU_hls_6_Matrix_Vector_Activate_Stream_Batch_p_ZL7threshs_66_ROM_AUTO_1R.v"]"\
## "[file normalize "$origin_dir/MVAU_hls_6_Matrix_Vector_Activate_Stream_Batch_p_ZL7threshs_67_ROM_AUTO_1R.v"]"\
## "[file normalize "$origin_dir/MVAU_hls_6_Matrix_Vector_Activate_Stream_Batch_p_ZL7threshs_68_ROM_AUTO_1R.v"]"\
## "[file normalize "$origin_dir/MVAU_hls_6_Matrix_Vector_Activate_Stream_Batch_p_ZL7threshs_69_ROM_AUTO_1R.v"]"\
## "[file normalize "$origin_dir/MVAU_hls_6_Matrix_Vector_Activate_Stream_Batch_p_ZL7threshs_6_ROM_AUTO_1R.v"]"\
## "[file normalize "$origin_dir/MVAU_hls_6_Matrix_Vector_Activate_Stream_Batch_p_ZL7threshs_70_ROM_AUTO_1R.v"]"\
## "[file normalize "$origin_dir/MVAU_hls_6_Matrix_Vector_Activate_Stream_Batch_p_ZL7threshs_71_ROM_AUTO_1R.v"]"\
## "[file normalize "$origin_dir/MVAU_hls_6_Matrix_Vector_Activate_Stream_Batch_p_ZL7threshs_72_ROM_AUTO_1R.v"]"\
## "[file normalize "$origin_dir/MVAU_hls_6_Matrix_Vector_Activate_Stream_Batch_p_ZL7threshs_73_ROM_AUTO_1R.v"]"\
## "[file normalize "$origin_dir/MVAU_hls_6_Matrix_Vector_Activate_Stream_Batch_p_ZL7threshs_74_ROM_AUTO_1R.v"]"\
## "[file normalize "$origin_dir/MVAU_hls_6_Matrix_Vector_Activate_Stream_Batch_p_ZL7threshs_75_ROM_AUTO_1R.v"]"\
## "[file normalize "$origin_dir/MVAU_hls_6_Matrix_Vector_Activate_Stream_Batch_p_ZL7threshs_76_ROM_AUTO_1R.v"]"\
## "[file normalize "$origin_dir/MVAU_hls_6_Matrix_Vector_Activate_Stream_Batch_p_ZL7threshs_77_ROM_AUTO_1R.v"]"\
## "[file normalize "$origin_dir/MVAU_hls_6_Matrix_Vector_Activate_Stream_Batch_p_ZL7threshs_78_ROM_AUTO_1R.v"]"\
## "[file normalize "$origin_dir/MVAU_hls_6_Matrix_Vector_Activate_Stream_Batch_p_ZL7threshs_79_ROM_AUTO_1R.v"]"\
## "[file normalize "$origin_dir/MVAU_hls_6_Matrix_Vector_Activate_Stream_Batch_p_ZL7threshs_7_ROM_AUTO_1R.v"]"\
## "[file normalize "$origin_dir/MVAU_hls_6_Matrix_Vector_Activate_Stream_Batch_p_ZL7threshs_80_ROM_AUTO_1R.v"]"\
## "[file normalize "$origin_dir/MVAU_hls_6_Matrix_Vector_Activate_Stream_Batch_p_ZL7threshs_81_ROM_AUTO_1R.v"]"\
## "[file normalize "$origin_dir/MVAU_hls_6_Matrix_Vector_Activate_Stream_Batch_p_ZL7threshs_82_ROM_AUTO_1R.v"]"\
## "[file normalize "$origin_dir/MVAU_hls_6_Matrix_Vector_Activate_Stream_Batch_p_ZL7threshs_83_ROM_AUTO_1R.v"]"\
## "[file normalize "$origin_dir/MVAU_hls_6_Matrix_Vector_Activate_Stream_Batch_p_ZL7threshs_84_ROM_AUTO_1R.v"]"\
## "[file normalize "$origin_dir/MVAU_hls_6_Matrix_Vector_Activate_Stream_Batch_p_ZL7threshs_85_ROM_AUTO_1R.v"]"\
## "[file normalize "$origin_dir/MVAU_hls_6_Matrix_Vector_Activate_Stream_Batch_p_ZL7threshs_86_ROM_AUTO_1R.v"]"\
## "[file normalize "$origin_dir/MVAU_hls_6_Matrix_Vector_Activate_Stream_Batch_p_ZL7threshs_87_ROM_AUTO_1R.v"]"\
## "[file normalize "$origin_dir/MVAU_hls_6_Matrix_Vector_Activate_Stream_Batch_p_ZL7threshs_88_ROM_AUTO_1R.v"]"\
## "[file normalize "$origin_dir/MVAU_hls_6_Matrix_Vector_Activate_Stream_Batch_p_ZL7threshs_89_ROM_AUTO_1R.v"]"\
## "[file normalize "$origin_dir/MVAU_hls_6_Matrix_Vector_Activate_Stream_Batch_p_ZL7threshs_8_ROM_AUTO_1R.v"]"\
## "[file normalize "$origin_dir/MVAU_hls_6_Matrix_Vector_Activate_Stream_Batch_p_ZL7threshs_90_ROM_AUTO_1R.v"]"\
## "[file normalize "$origin_dir/MVAU_hls_6_Matrix_Vector_Activate_Stream_Batch_p_ZL7threshs_91_ROM_AUTO_1R.v"]"\
## "[file normalize "$origin_dir/MVAU_hls_6_Matrix_Vector_Activate_Stream_Batch_p_ZL7threshs_92_ROM_AUTO_1R.v"]"\
## "[file normalize "$origin_dir/MVAU_hls_6_Matrix_Vector_Activate_Stream_Batch_p_ZL7threshs_93_ROM_AUTO_1R.v"]"\
## "[file normalize "$origin_dir/MVAU_hls_6_Matrix_Vector_Activate_Stream_Batch_p_ZL7threshs_94_ROM_AUTO_1R.v"]"\
## "[file normalize "$origin_dir/MVAU_hls_6_Matrix_Vector_Activate_Stream_Batch_p_ZL7threshs_95_ROM_AUTO_1R.v"]"\
## "[file normalize "$origin_dir/MVAU_hls_6_Matrix_Vector_Activate_Stream_Batch_p_ZL7threshs_96_ROM_AUTO_1R.v"]"\
## "[file normalize "$origin_dir/MVAU_hls_6_Matrix_Vector_Activate_Stream_Batch_p_ZL7threshs_97_ROM_AUTO_1R.v"]"\
## "[file normalize "$origin_dir/MVAU_hls_6_Matrix_Vector_Activate_Stream_Batch_p_ZL7threshs_98_ROM_AUTO_1R.v"]"\
## "[file normalize "$origin_dir/MVAU_hls_6_Matrix_Vector_Activate_Stream_Batch_p_ZL7threshs_99_ROM_AUTO_1R.v"]"\
## "[file normalize "$origin_dir/MVAU_hls_6_Matrix_Vector_Activate_Stream_Batch_p_ZL7threshs_9_ROM_AUTO_1R.v"]"\
## "[file normalize "$origin_dir/MVAU_hls_6_Matrix_Vector_Activate_Stream_Batch.v"]"\
## "[file normalize "$origin_dir/MVAU_hls_6_mul_8ns_8s_16_1_1.v"]"\
## "[file normalize "$origin_dir/MVAU_hls_6_mux_1928_24_1_1.v"]"\
## "[file normalize "$origin_dir/MVAU_hls_6_regslice_both.v"]"\
## "[file normalize "$origin_dir/MVAU_hls_6.v"]"\
## "[file normalize "$origin_dir/MVAU_rtl_0_wrapper.v"]"\
## "[file normalize "$origin_dir/Pool_hls_0_flow_control_loop_pipe_no_ap_cont.v"]"\
## "[file normalize "$origin_dir/Pool_hls_0_hls_deadlock_idx0_monitor.v"]"\
## "[file normalize "$origin_dir/Pool_hls_0_regslice_both.v"]"\
## "[file normalize "$origin_dir/Pool_hls_0.v"]"\
## "[file normalize "$origin_dir/Q_srl.v"]"\
## "[file normalize "$origin_dir/StreamingDataWidthConverter_rtl_0.v"]"\
## "[file normalize "$origin_dir/StreamingDataWidthConverter_rtl_10.v"]"\
## "[file normalize "$origin_dir/StreamingDataWidthConverter_rtl_11.v"]"\
## "[file normalize "$origin_dir/StreamingDataWidthConverter_rtl_12.v"]"\
## "[file normalize "$origin_dir/StreamingDataWidthConverter_rtl_13.v"]"\
## "[file normalize "$origin_dir/StreamingDataWidthConverter_rtl_1.v"]"\
## "[file normalize "$origin_dir/StreamingDataWidthConverter_rtl_2.v"]"\
## "[file normalize "$origin_dir/StreamingDataWidthConverter_rtl_3.v"]"\
## "[file normalize "$origin_dir/StreamingDataWidthConverter_rtl_4.v"]"\
## "[file normalize "$origin_dir/StreamingDataWidthConverter_rtl_5.v"]"\
## "[file normalize "$origin_dir/StreamingDataWidthConverter_rtl_6.v"]"\
## "[file normalize "$origin_dir/StreamingDataWidthConverter_rtl_7.v"]"\
## "[file normalize "$origin_dir/StreamingDataWidthConverter_rtl_8.v"]"\
## "[file normalize "$origin_dir/StreamingDataWidthConverter_rtl_9.v"]"\
## "[file normalize "$origin_dir/StreamingFIFO_rtl_0.v"]"\
## "[file normalize "$origin_dir/StreamingFIFO_rtl_10.v"]"\
## "[file normalize "$origin_dir/StreamingFIFO_rtl_11.v"]"\
## "[file normalize "$origin_dir/StreamingFIFO_rtl_12.v"]"\
## "[file normalize "$origin_dir/StreamingFIFO_rtl_13.v"]"\
## "[file normalize "$origin_dir/StreamingFIFO_rtl_14.v"]"\
## "[file normalize "$origin_dir/StreamingFIFO_rtl_15.v"]"\
## "[file normalize "$origin_dir/StreamingFIFO_rtl_16.v"]"\
## "[file normalize "$origin_dir/StreamingFIFO_rtl_17.v"]"\
## "[file normalize "$origin_dir/StreamingFIFO_rtl_18.v"]"\
## "[file normalize "$origin_dir/StreamingFIFO_rtl_19.v"]"\
## "[file normalize "$origin_dir/StreamingFIFO_rtl_1.v"]"\
## "[file normalize "$origin_dir/StreamingFIFO_rtl_20.v"]"\
## "[file normalize "$origin_dir/StreamingFIFO_rtl_21.v"]"\
## "[file normalize "$origin_dir/StreamingFIFO_rtl_22.v"]"\
## "[file normalize "$origin_dir/StreamingFIFO_rtl_23.v"]"\
## "[file normalize "$origin_dir/StreamingFIFO_rtl_24.v"]"\
## "[file normalize "$origin_dir/StreamingFIFO_rtl_25.v"]"\
## "[file normalize "$origin_dir/StreamingFIFO_rtl_26.v"]"\
## "[file normalize "$origin_dir/StreamingFIFO_rtl_27.v"]"\
## "[file normalize "$origin_dir/StreamingFIFO_rtl_28.v"]"\
## "[file normalize "$origin_dir/StreamingFIFO_rtl_29.v"]"\
## "[file normalize "$origin_dir/StreamingFIFO_rtl_2.v"]"\
## "[file normalize "$origin_dir/StreamingFIFO_rtl_30.v"]"\
## "[file normalize "$origin_dir/StreamingFIFO_rtl_31.v"]"\
## "[file normalize "$origin_dir/StreamingFIFO_rtl_32.v"]"\
## "[file normalize "$origin_dir/StreamingFIFO_rtl_33.v"]"\
## "[file normalize "$origin_dir/StreamingFIFO_rtl_34.v"]"\
## "[file normalize "$origin_dir/StreamingFIFO_rtl_35.v"]"\
## "[file normalize "$origin_dir/StreamingFIFO_rtl_36.v"]"\
## "[file normalize "$origin_dir/StreamingFIFO_rtl_37.v"]"\
## "[file normalize "$origin_dir/StreamingFIFO_rtl_38.v"]"\
## "[file normalize "$origin_dir/StreamingFIFO_rtl_39.v"]"\
## "[file normalize "$origin_dir/StreamingFIFO_rtl_3.v"]"\
## "[file normalize "$origin_dir/StreamingFIFO_rtl_40.v"]"\
## "[file normalize "$origin_dir/StreamingFIFO_rtl_41.v"]"\
## "[file normalize "$origin_dir/StreamingFIFO_rtl_42.v"]"\
## "[file normalize "$origin_dir/StreamingFIFO_rtl_43.v"]"\
## "[file normalize "$origin_dir/StreamingFIFO_rtl_44.v"]"\
## "[file normalize "$origin_dir/StreamingFIFO_rtl_45.v"]"\
## "[file normalize "$origin_dir/StreamingFIFO_rtl_46.v"]"\
## "[file normalize "$origin_dir/StreamingFIFO_rtl_47.v"]"\
## "[file normalize "$origin_dir/StreamingFIFO_rtl_4.v"]"\
## "[file normalize "$origin_dir/StreamingFIFO_rtl_5.v"]"\
## "[file normalize "$origin_dir/StreamingFIFO_rtl_6.v"]"\
## "[file normalize "$origin_dir/StreamingFIFO_rtl_7.v"]"\
## "[file normalize "$origin_dir/StreamingFIFO_rtl_8.v"]"\
## "[file normalize "$origin_dir/StreamingFIFO_rtl_9.v"]"\
## "[file normalize "$origin_dir/Thresholding_rtl_0_axi_wrapper.v"]"\
## "[file normalize "$origin_dir/Thresholding_rtl_1_axi_wrapper.v"]"\
## "[file normalize "$origin_dir/Thresholding_rtl_2_axi_wrapper.v"]"\
## "[file normalize "$origin_dir/axi2we.sv"]"\
## "[file normalize "$origin_dir/ConvolutionInputGenerator_rtl_0_impl.sv"]"\
## "[file normalize "$origin_dir/ConvolutionInputGenerator_rtl_1_impl.sv"]"\
## "[file normalize "$origin_dir/ConvolutionInputGenerator_rtl_2_impl.sv"]"\
## "[file normalize "$origin_dir/ConvolutionInputGenerator_rtl_3_impl.sv"]"\
## "[file normalize "$origin_dir/ConvolutionInputGenerator_rtl_4_impl.sv"]"\
## "[file normalize "$origin_dir/ConvolutionInputGenerator_rtl_5_impl.sv"]"\
## "[file normalize "$origin_dir/dummy_sv_file.sv"]"\
## "[file normalize "$origin_dir/dwc_axi.sv"]"\
## "[file normalize "$origin_dir/dwc.sv"]"\
## "[file normalize "$origin_dir/fmpadding_axi.sv"]"\
## "[file normalize "$origin_dir/fmpadding.sv"]"\
## "[file normalize "$origin_dir/memstream_axi.sv"]"\
## "[file normalize "$origin_dir/memstream.sv"]"\
## "[file normalize "$origin_dir/mvu_4sx4u.sv"]"\
## "[file normalize "$origin_dir/mvu_8sx8u_dsp48.sv"]"\
## "[file normalize "$origin_dir/mvu_vvu_8sx9_dsp58.sv"]"\
## "[file normalize "$origin_dir/mvu_vvu_axi.sv"]"\
## "[file normalize "$origin_dir/replay_buffer.sv"]"\
## "[file normalize "$origin_dir/swg_common.sv"]"\
## "[file normalize "$origin_dir/swg_pkg.sv"]"\
## "[file normalize "$origin_dir/thresholding_axi.sv"]"\
## "[file normalize "$origin_dir/thresholding.sv"]"\
## "[file normalize "$origin_dir/dummy_vhdl_file.vhd"]"\
## ]
## add_files -norecurse -fileset $obj $files
# add_files -norecurse -fileset $obj $files
WARNING: [filemgmt 56-12] File '/tmp/finn_dev_samu/synth_out_of_context_fg51qaeo/results_finn_design_wrapper/dummy_nachiket_fooling_zsh_for_loops.h' cannot be added to the project because it already exists in the project, skipping this file
WARNING: [filemgmt 56-12] File '/tmp/finn_dev_samu/synth_out_of_context_fg51qaeo/results_finn_design_wrapper/AddStreams_hls_0_flow_control_loop_pipe_no_ap_cont.v' cannot be added to the project because it already exists in the project, skipping this file
WARNING: [filemgmt 56-12] File '/tmp/finn_dev_samu/synth_out_of_context_fg51qaeo/results_finn_design_wrapper/AddStreams_hls_0_hls_deadlock_idx0_monitor.v' cannot be added to the project because it already exists in the project, skipping this file
WARNING: [filemgmt 56-12] File '/tmp/finn_dev_samu/synth_out_of_context_fg51qaeo/results_finn_design_wrapper/AddStreams_hls_0_regslice_both.v' cannot be added to the project because it already exists in the project, skipping this file
WARNING: [filemgmt 56-12] File '/tmp/finn_dev_samu/synth_out_of_context_fg51qaeo/results_finn_design_wrapper/AddStreams_hls_0.v' cannot be added to the project because it already exists in the project, skipping this file
WARNING: [filemgmt 56-12] File '/tmp/finn_dev_samu/synth_out_of_context_fg51qaeo/results_finn_design_wrapper/AddStreams_hls_1_flow_control_loop_pipe_no_ap_cont.v' cannot be added to the project because it already exists in the project, skipping this file
WARNING: [filemgmt 56-12] File '/tmp/finn_dev_samu/synth_out_of_context_fg51qaeo/results_finn_design_wrapper/AddStreams_hls_1_hls_deadlock_idx0_monitor.v' cannot be added to the project because it already exists in the project, skipping this file
WARNING: [filemgmt 56-12] File '/tmp/finn_dev_samu/synth_out_of_context_fg51qaeo/results_finn_design_wrapper/AddStreams_hls_1_regslice_both.v' cannot be added to the project because it already exists in the project, skipping this file
WARNING: [filemgmt 56-12] File '/tmp/finn_dev_samu/synth_out_of_context_fg51qaeo/results_finn_design_wrapper/AddStreams_hls_1.v' cannot be added to the project because it already exists in the project, skipping this file
WARNING: [filemgmt 56-12] File '/tmp/finn_dev_samu/synth_out_of_context_fg51qaeo/results_finn_design_wrapper/AddStreams_hls_2_flow_control_loop_pipe_no_ap_cont.v' cannot be added to the project because it already exists in the project, skipping this file
WARNING: [filemgmt 56-12] File '/tmp/finn_dev_samu/synth_out_of_context_fg51qaeo/results_finn_design_wrapper/AddStreams_hls_2_hls_deadlock_idx0_monitor.v' cannot be added to the project because it already exists in the project, skipping this file
WARNING: [filemgmt 56-12] File '/tmp/finn_dev_samu/synth_out_of_context_fg51qaeo/results_finn_design_wrapper/AddStreams_hls_2_regslice_both.v' cannot be added to the project because it already exists in the project, skipping this file
WARNING: [filemgmt 56-12] File '/tmp/finn_dev_samu/synth_out_of_context_fg51qaeo/results_finn_design_wrapper/AddStreams_hls_2.v' cannot be added to the project because it already exists in the project, skipping this file
WARNING: [filemgmt 56-12] File '/tmp/finn_dev_samu/synth_out_of_context_fg51qaeo/results_finn_design_wrapper/axilite_if.v' cannot be added to the project because it already exists in the project, skipping this file
WARNING: [filemgmt 56-12] File '/tmp/finn_dev_samu/synth_out_of_context_fg51qaeo/results_finn_design_wrapper/ConvolutionInputGenerator_rtl_0_wrapper.v' cannot be added to the project because it already exists in the project, skipping this file
WARNING: [filemgmt 56-12] File '/tmp/finn_dev_samu/synth_out_of_context_fg51qaeo/results_finn_design_wrapper/ConvolutionInputGenerator_rtl_1_wrapper.v' cannot be added to the project because it already exists in the project, skipping this file
WARNING: [filemgmt 56-12] File '/tmp/finn_dev_samu/synth_out_of_context_fg51qaeo/results_finn_design_wrapper/ConvolutionInputGenerator_rtl_2_wrapper.v' cannot be added to the project because it already exists in the project, skipping this file
WARNING: [filemgmt 56-12] File '/tmp/finn_dev_samu/synth_out_of_context_fg51qaeo/results_finn_design_wrapper/ConvolutionInputGenerator_rtl_3_wrapper.v' cannot be added to the project because it already exists in the project, skipping this file
WARNING: [filemgmt 56-12] File '/tmp/finn_dev_samu/synth_out_of_context_fg51qaeo/results_finn_design_wrapper/ConvolutionInputGenerator_rtl_4_wrapper.v' cannot be added to the project because it already exists in the project, skipping this file
WARNING: [filemgmt 56-12] File '/tmp/finn_dev_samu/synth_out_of_context_fg51qaeo/results_finn_design_wrapper/ConvolutionInputGenerator_rtl_5_wrapper.v' cannot be added to the project because it already exists in the project, skipping this file
WARNING: [filemgmt 56-12] File '/tmp/finn_dev_samu/synth_out_of_context_fg51qaeo/results_finn_design_wrapper/DownSampler_hls_0_flow_control_loop_pipe_no_ap_cont.v' cannot be added to the project because it already exists in the project, skipping this file
WARNING: [filemgmt 56-12] File '/tmp/finn_dev_samu/synth_out_of_context_fg51qaeo/results_finn_design_wrapper/DownSampler_hls_0_hls_deadlock_idx0_monitor.v' cannot be added to the project because it already exists in the project, skipping this file
WARNING: [filemgmt 56-12] File '/tmp/finn_dev_samu/synth_out_of_context_fg51qaeo/results_finn_design_wrapper/DownSampler_hls_0_regslice_both.v' cannot be added to the project because it already exists in the project, skipping this file
WARNING: [filemgmt 56-12] File '/tmp/finn_dev_samu/synth_out_of_context_fg51qaeo/results_finn_design_wrapper/DownSampler_hls_0.v' cannot be added to the project because it already exists in the project, skipping this file
WARNING: [filemgmt 56-12] File '/tmp/finn_dev_samu/synth_out_of_context_fg51qaeo/results_finn_design_wrapper/DownSampler_hls_1_ConvolutionInputGenerator_2D_kernel1_32u_8u_16u_1u_2u_s.v' cannot be added to the project because it already exists in the project, skipping this file
WARNING: [filemgmt 56-12] File '/tmp/finn_dev_samu/synth_out_of_context_fg51qaeo/results_finn_design_wrapper/DownSampler_hls_1_flow_control_loop_pipe_sequential_init.v' cannot be added to the project because it already exists in the project, skipping this file
WARNING: [filemgmt 56-12] File '/tmp/finn_dev_samu/synth_out_of_context_fg51qaeo/results_finn_design_wrapper/DownSampler_hls_1_hls_deadlock_idx0_monitor.v' cannot be added to the project because it already exists in the project, skipping this file
WARNING: [filemgmt 56-12] File '/tmp/finn_dev_samu/synth_out_of_context_fg51qaeo/results_finn_design_wrapper/DownSampler_hls_1_hls_deadlock_idx1_monitor.v' cannot be added to the project because it already exists in the project, skipping this file
WARNING: [filemgmt 56-12] File '/tmp/finn_dev_samu/synth_out_of_context_fg51qaeo/results_finn_design_wrapper/DownSampler_hls_1_regslice_both.v' cannot be added to the project because it already exists in the project, skipping this file
WARNING: [filemgmt 56-12] File '/tmp/finn_dev_samu/synth_out_of_context_fg51qaeo/results_finn_design_wrapper/DownSampler_hls_1.v' cannot be added to the project because it already exists in the project, skipping this file
WARNING: [filemgmt 56-12] File '/tmp/finn_dev_samu/synth_out_of_context_fg51qaeo/results_finn_design_wrapper/DuplicateStreams_hls_0_flow_control_loop_pipe_no_ap_cont.v' cannot be added to the project because it already exists in the project, skipping this file
WARNING: [filemgmt 56-12] File '/tmp/finn_dev_samu/synth_out_of_context_fg51qaeo/results_finn_design_wrapper/DuplicateStreams_hls_0_hls_deadlock_idx0_monitor.v' cannot be added to the project because it already exists in the project, skipping this file
WARNING: [filemgmt 56-12] File '/tmp/finn_dev_samu/synth_out_of_context_fg51qaeo/results_finn_design_wrapper/DuplicateStreams_hls_0_regslice_both.v' cannot be added to the project because it already exists in the project, skipping this file
WARNING: [filemgmt 56-12] File '/tmp/finn_dev_samu/synth_out_of_context_fg51qaeo/results_finn_design_wrapper/DuplicateStreams_hls_0.v' cannot be added to the project because it already exists in the project, skipping this file
WARNING: [filemgmt 56-12] File '/tmp/finn_dev_samu/synth_out_of_context_fg51qaeo/results_finn_design_wrapper/DuplicateStreams_hls_1_flow_control_loop_pipe_no_ap_cont.v' cannot be added to the project because it already exists in the project, skipping this file
WARNING: [filemgmt 56-12] File '/tmp/finn_dev_samu/synth_out_of_context_fg51qaeo/results_finn_design_wrapper/DuplicateStreams_hls_1_hls_deadlock_idx0_monitor.v' cannot be added to the project because it already exists in the project, skipping this file
WARNING: [filemgmt 56-12] File '/tmp/finn_dev_samu/synth_out_of_context_fg51qaeo/results_finn_design_wrapper/DuplicateStreams_hls_1_regslice_both.v' cannot be added to the project because it already exists in the project, skipping this file
WARNING: [filemgmt 56-12] File '/tmp/finn_dev_samu/synth_out_of_context_fg51qaeo/results_finn_design_wrapper/DuplicateStreams_hls_1.v' cannot be added to the project because it already exists in the project, skipping this file
WARNING: [filemgmt 56-12] File '/tmp/finn_dev_samu/synth_out_of_context_fg51qaeo/results_finn_design_wrapper/finn_design_AddStreams_hls_0_0.v' cannot be added to the project because it already exists in the project, skipping this file
WARNING: [filemgmt 56-12] File '/tmp/finn_dev_samu/synth_out_of_context_fg51qaeo/results_finn_design_wrapper/finn_design_AddStreams_hls_1_0.v' cannot be added to the project because it already exists in the project, skipping this file
WARNING: [filemgmt 56-12] File '/tmp/finn_dev_samu/synth_out_of_context_fg51qaeo/results_finn_design_wrapper/finn_design_AddStreams_hls_2_0.v' cannot be added to the project because it already exists in the project, skipping this file
WARNING: [filemgmt 56-12] File '/tmp/finn_dev_samu/synth_out_of_context_fg51qaeo/results_finn_design_wrapper/finn_design_ConvolutionInputGenerator_rtl_0_0.v' cannot be added to the project because it already exists in the project, skipping this file
WARNING: [filemgmt 56-12] File '/tmp/finn_dev_samu/synth_out_of_context_fg51qaeo/results_finn_design_wrapper/finn_design_ConvolutionInputGenerator_rtl_1_0.v' cannot be added to the project because it already exists in the project, skipping this file
WARNING: [filemgmt 56-12] File '/tmp/finn_dev_samu/synth_out_of_context_fg51qaeo/results_finn_design_wrapper/finn_design_ConvolutionInputGenerator_rtl_2_0.v' cannot be added to the project because it already exists in the project, skipping this file
WARNING: [filemgmt 56-12] File '/tmp/finn_dev_samu/synth_out_of_context_fg51qaeo/results_finn_design_wrapper/finn_design_ConvolutionInputGenerator_rtl_3_0.v' cannot be added to the project because it already exists in the project, skipping this file
WARNING: [filemgmt 56-12] File '/tmp/finn_dev_samu/synth_out_of_context_fg51qaeo/results_finn_design_wrapper/finn_design_ConvolutionInputGenerator_rtl_4_0.v' cannot be added to the project because it already exists in the project, skipping this file
WARNING: [filemgmt 56-12] File '/tmp/finn_dev_samu/synth_out_of_context_fg51qaeo/results_finn_design_wrapper/finn_design_ConvolutionInputGenerator_rtl_5_0.v' cannot be added to the project because it already exists in the project, skipping this file
WARNING: [filemgmt 56-12] File '/tmp/finn_dev_samu/synth_out_of_context_fg51qaeo/results_finn_design_wrapper/finn_design_DownSampler_hls_0_0.v' cannot be added to the project because it already exists in the project, skipping this file
WARNING: [filemgmt 56-12] File '/tmp/finn_dev_samu/synth_out_of_context_fg51qaeo/results_finn_design_wrapper/finn_design_DownSampler_hls_1_0.v' cannot be added to the project because it already exists in the project, skipping this file
WARNING: [filemgmt 56-12] File '/tmp/finn_dev_samu/synth_out_of_context_fg51qaeo/results_finn_design_wrapper/finn_design_DuplicateStreams_hls_0_0.v' cannot be added to the project because it already exists in the project, skipping this file
WARNING: [filemgmt 56-12] File '/tmp/finn_dev_samu/synth_out_of_context_fg51qaeo/results_finn_design_wrapper/finn_design_DuplicateStreams_hls_1_0.v' cannot be added to the project because it already exists in the project, skipping this file
WARNING: [filemgmt 56-12] File '/tmp/finn_dev_samu/synth_out_of_context_fg51qaeo/results_finn_design_wrapper/finn_design_FMPadding_rtl_0_0.v' cannot be added to the project because it already exists in the project, skipping this file
WARNING: [filemgmt 56-12] File '/tmp/finn_dev_samu/synth_out_of_context_fg51qaeo/results_finn_design_wrapper/finn_design_FMPadding_rtl_1_0.v' cannot be added to the project because it already exists in the project, skipping this file
WARNING: [filemgmt 56-12] File '/tmp/finn_dev_samu/synth_out_of_context_fg51qaeo/results_finn_design_wrapper/finn_design_FMPadding_rtl_2_0.v' cannot be added to the project because it already exists in the project, skipping this file
WARNING: [filemgmt 56-12] File '/tmp/finn_dev_samu/synth_out_of_context_fg51qaeo/results_finn_design_wrapper/finn_design_FMPadding_rtl_3_0.v' cannot be added to the project because it already exists in the project, skipping this file
WARNING: [filemgmt 56-12] File '/tmp/finn_dev_samu/synth_out_of_context_fg51qaeo/results_finn_design_wrapper/finn_design_FMPadding_rtl_4_0.v' cannot be added to the project because it already exists in the project, skipping this file
WARNING: [filemgmt 56-12] File '/tmp/finn_dev_samu/synth_out_of_context_fg51qaeo/results_finn_design_wrapper/finn_design_MVAU_hls_0_0.v' cannot be added to the project because it already exists in the project, skipping this file
WARNING: [filemgmt 56-12] File '/tmp/finn_dev_samu/synth_out_of_context_fg51qaeo/results_finn_design_wrapper/finn_design_MVAU_hls_0_wstrm_0.v' cannot be added to the project because it already exists in the project, skipping this file
WARNING: [filemgmt 56-12] File '/tmp/finn_dev_samu/synth_out_of_context_fg51qaeo/results_finn_design_wrapper/finn_design_MVAU_hls_1_0.v' cannot be added to the project because it already exists in the project, skipping this file
WARNING: [filemgmt 56-12] File '/tmp/finn_dev_samu/synth_out_of_context_fg51qaeo/results_finn_design_wrapper/finn_design_MVAU_hls_1_wstrm_0.v' cannot be added to the project because it already exists in the project, skipping this file
WARNING: [filemgmt 56-12] File '/tmp/finn_dev_samu/synth_out_of_context_fg51qaeo/results_finn_design_wrapper/finn_design_MVAU_hls_2_0.v' cannot be added to the project because it already exists in the project, skipping this file
WARNING: [filemgmt 56-12] File '/tmp/finn_dev_samu/synth_out_of_context_fg51qaeo/results_finn_design_wrapper/finn_design_MVAU_hls_2_wstrm_0.v' cannot be added to the project because it already exists in the project, skipping this file
WARNING: [filemgmt 56-12] File '/tmp/finn_dev_samu/synth_out_of_context_fg51qaeo/results_finn_design_wrapper/finn_design_MVAU_hls_3_0.v' cannot be added to the project because it already exists in the project, skipping this file
WARNING: [filemgmt 56-12] File '/tmp/finn_dev_samu/synth_out_of_context_fg51qaeo/results_finn_design_wrapper/finn_design_MVAU_hls_3_wstrm_0.v' cannot be added to the project because it already exists in the project, skipping this file
WARNING: [filemgmt 56-12] File '/tmp/finn_dev_samu/synth_out_of_context_fg51qaeo/results_finn_design_wrapper/finn_design_MVAU_hls_4_0.v' cannot be added to the project because it already exists in the project, skipping this file
WARNING: [filemgmt 56-12] File '/tmp/finn_dev_samu/synth_out_of_context_fg51qaeo/results_finn_design_wrapper/finn_design_MVAU_hls_4_wstrm_0.v' cannot be added to the project because it already exists in the project, skipping this file
WARNING: [filemgmt 56-12] File '/tmp/finn_dev_samu/synth_out_of_context_fg51qaeo/results_finn_design_wrapper/finn_design_MVAU_hls_5_0.v' cannot be added to the project because it already exists in the project, skipping this file
WARNING: [filemgmt 56-12] File '/tmp/finn_dev_samu/synth_out_of_context_fg51qaeo/results_finn_design_wrapper/finn_design_MVAU_hls_5_wstrm_0.v' cannot be added to the project because it already exists in the project, skipping this file
WARNING: [filemgmt 56-12] File '/tmp/finn_dev_samu/synth_out_of_context_fg51qaeo/results_finn_design_wrapper/finn_design_MVAU_hls_6_0.v' cannot be added to the project because it already exists in the project, skipping this file
WARNING: [filemgmt 56-12] File '/tmp/finn_dev_samu/synth_out_of_context_fg51qaeo/results_finn_design_wrapper/finn_design_MVAU_hls_6_wstrm_0.v' cannot be added to the project because it already exists in the project, skipping this file
WARNING: [filemgmt 56-12] File '/tmp/finn_dev_samu/synth_out_of_context_fg51qaeo/results_finn_design_wrapper/finn_design_MVAU_rtl_0_0.v' cannot be added to the project because it already exists in the project, skipping this file
WARNING: [filemgmt 56-12] File '/tmp/finn_dev_samu/synth_out_of_context_fg51qaeo/results_finn_design_wrapper/finn_design_MVAU_rtl_0_wstrm_0.v' cannot be added to the project because it already exists in the project, skipping this file
WARNING: [filemgmt 56-12] File '/tmp/finn_dev_samu/synth_out_of_context_fg51qaeo/results_finn_design_wrapper/finn_design_Pool_hls_0_0.v' cannot be added to the project because it already exists in the project, skipping this file
WARNING: [filemgmt 56-12] File '/tmp/finn_dev_samu/synth_out_of_context_fg51qaeo/results_finn_design_wrapper/finn_design_StreamingDataWidthConverter_rtl_0_0.v' cannot be added to the project because it already exists in the project, skipping this file
WARNING: [filemgmt 56-12] File '/tmp/finn_dev_samu/synth_out_of_context_fg51qaeo/results_finn_design_wrapper/finn_design_StreamingDataWidthConverter_rtl_10_0.v' cannot be added to the project because it already exists in the project, skipping this file
WARNING: [filemgmt 56-12] File '/tmp/finn_dev_samu/synth_out_of_context_fg51qaeo/results_finn_design_wrapper/finn_design_StreamingDataWidthConverter_rtl_1_0.v' cannot be added to the project because it already exists in the project, skipping this file
WARNING: [filemgmt 56-12] File '/tmp/finn_dev_samu/synth_out_of_context_fg51qaeo/results_finn_design_wrapper/finn_design_StreamingDataWidthConverter_rtl_11_0.v' cannot be added to the project because it already exists in the project, skipping this file
WARNING: [filemgmt 56-12] File '/tmp/finn_dev_samu/synth_out_of_context_fg51qaeo/results_finn_design_wrapper/finn_design_StreamingDataWidthConverter_rtl_12_0.v' cannot be added to the project because it already exists in the project, skipping this file
WARNING: [filemgmt 56-12] File '/tmp/finn_dev_samu/synth_out_of_context_fg51qaeo/results_finn_design_wrapper/finn_design_StreamingDataWidthConverter_rtl_13_0.v' cannot be added to the project because it already exists in the project, skipping this file
WARNING: [filemgmt 56-12] File '/tmp/finn_dev_samu/synth_out_of_context_fg51qaeo/results_finn_design_wrapper/finn_design_StreamingDataWidthConverter_rtl_2_0.v' cannot be added to the project because it already exists in the project, skipping this file
WARNING: [filemgmt 56-12] File '/tmp/finn_dev_samu/synth_out_of_context_fg51qaeo/results_finn_design_wrapper/finn_design_StreamingDataWidthConverter_rtl_3_0.v' cannot be added to the project because it already exists in the project, skipping this file
WARNING: [filemgmt 56-12] File '/tmp/finn_dev_samu/synth_out_of_context_fg51qaeo/results_finn_design_wrapper/finn_design_StreamingDataWidthConverter_rtl_4_0.v' cannot be added to the project because it already exists in the project, skipping this file
WARNING: [filemgmt 56-12] File '/tmp/finn_dev_samu/synth_out_of_context_fg51qaeo/results_finn_design_wrapper/finn_design_StreamingDataWidthConverter_rtl_5_0.v' cannot be added to the project because it already exists in the project, skipping this file
WARNING: [filemgmt 56-12] File '/tmp/finn_dev_samu/synth_out_of_context_fg51qaeo/results_finn_design_wrapper/finn_design_StreamingDataWidthConverter_rtl_6_0.v' cannot be added to the project because it already exists in the project, skipping this file
WARNING: [filemgmt 56-12] File '/tmp/finn_dev_samu/synth_out_of_context_fg51qaeo/results_finn_design_wrapper/finn_design_StreamingDataWidthConverter_rtl_7_0.v' cannot be added to the project because it already exists in the project, skipping this file
WARNING: [filemgmt 56-12] File '/tmp/finn_dev_samu/synth_out_of_context_fg51qaeo/results_finn_design_wrapper/finn_design_StreamingDataWidthConverter_rtl_8_0.v' cannot be added to the project because it already exists in the project, skipping this file
WARNING: [filemgmt 56-12] File '/tmp/finn_dev_samu/synth_out_of_context_fg51qaeo/results_finn_design_wrapper/finn_design_StreamingDataWidthConverter_rtl_9_0.v' cannot be added to the project because it already exists in the project, skipping this file
WARNING: [filemgmt 56-12] File '/tmp/finn_dev_samu/synth_out_of_context_fg51qaeo/results_finn_design_wrapper/finn_design_StreamingFIFO_rtl_0_0.v' cannot be added to the project because it already exists in the project, skipping this file
WARNING: [filemgmt 56-12] File '/tmp/finn_dev_samu/synth_out_of_context_fg51qaeo/results_finn_design_wrapper/finn_design_StreamingFIFO_rtl_10_0.v' cannot be added to the project because it already exists in the project, skipping this file
WARNING: [filemgmt 56-12] File '/tmp/finn_dev_samu/synth_out_of_context_fg51qaeo/results_finn_design_wrapper/finn_design_StreamingFIFO_rtl_1_0.v' cannot be added to the project because it already exists in the project, skipping this file
WARNING: [filemgmt 56-12] File '/tmp/finn_dev_samu/synth_out_of_context_fg51qaeo/results_finn_design_wrapper/finn_design_StreamingFIFO_rtl_11_0.v' cannot be added to the project because it already exists in the project, skipping this file
WARNING: [filemgmt 56-12] File '/tmp/finn_dev_samu/synth_out_of_context_fg51qaeo/results_finn_design_wrapper/finn_design_StreamingFIFO_rtl_12_0.v' cannot be added to the project because it already exists in the project, skipping this file
WARNING: [filemgmt 56-12] File '/tmp/finn_dev_samu/synth_out_of_context_fg51qaeo/results_finn_design_wrapper/finn_design_StreamingFIFO_rtl_13_0.v' cannot be added to the project because it already exists in the project, skipping this file
WARNING: [filemgmt 56-12] File '/tmp/finn_dev_samu/synth_out_of_context_fg51qaeo/results_finn_design_wrapper/finn_design_StreamingFIFO_rtl_14_0.v' cannot be added to the project because it already exists in the project, skipping this file
WARNING: [filemgmt 56-12] File '/tmp/finn_dev_samu/synth_out_of_context_fg51qaeo/results_finn_design_wrapper/finn_design_StreamingFIFO_rtl_15_0.v' cannot be added to the project because it already exists in the project, skipping this file
WARNING: [filemgmt 56-12] File '/tmp/finn_dev_samu/synth_out_of_context_fg51qaeo/results_finn_design_wrapper/finn_design_StreamingFIFO_rtl_16_0.v' cannot be added to the project because it already exists in the project, skipping this file
WARNING: [filemgmt 56-12] File '/tmp/finn_dev_samu/synth_out_of_context_fg51qaeo/results_finn_design_wrapper/finn_design_StreamingFIFO_rtl_17_0.v' cannot be added to the project because it already exists in the project, skipping this file
WARNING: [filemgmt 56-12] File '/tmp/finn_dev_samu/synth_out_of_context_fg51qaeo/results_finn_design_wrapper/finn_design_StreamingFIFO_rtl_18_0.v' cannot be added to the project because it already exists in the project, skipping this file
WARNING: [filemgmt 56-12] File '/tmp/finn_dev_samu/synth_out_of_context_fg51qaeo/results_finn_design_wrapper/finn_design_StreamingFIFO_rtl_19_0.v' cannot be added to the project because it already exists in the project, skipping this file
WARNING: [filemgmt 56-12] File '/tmp/finn_dev_samu/synth_out_of_context_fg51qaeo/results_finn_design_wrapper/finn_design_StreamingFIFO_rtl_20_0.v' cannot be added to the project because it already exists in the project, skipping this file
INFO: [Common 17-14] Message 'filemgmt 56-12' appears 100 times and further instances of the messages will be disabled. Use the Tcl command set_msg_config to change the current settings.
# source headers.tcl
## set file "$origin_dir/dummy_nachiket_fooling_zsh_for_loops.h"
## set file [file normalize $file]
## set file_obj [get_files -of_objects [get_filesets sources_1] [list "*$file"]]
## set_property "file_type" "Verilog Header" $file_obj
# set obj [get_filesets sources_1]
# set_property "top" "$argv" $obj
# if {[string equal [get_filesets -quiet constrs_1] ""]} {
#   create_fileset -constrset constrs_1
# }
# set obj [get_filesets constrs_1]
# set file "[file normalize "$origin_dir/$argv.xdc"]"
# set file_added [add_files -norecurse -fileset $obj $file]
# set file "$origin_dir/$argv.xdc"
# set file [file normalize $file]
# set file_obj [get_files -of_objects [get_filesets constrs_1] [list "*$file"]]
# set_property "file_type" "XDC" $file_obj
# set obj [get_filesets constrs_1]
# if {[string equal [get_filesets -quiet sim_1] ""]} {
#   create_fileset -simset sim_1
# }
# set obj [get_filesets sim_1]
# set obj [get_filesets sim_1]
# set_property "top" "$argv" $obj
# set_property "xelab.nosort" "1" $obj
# set_property "xelab.unifast" "" $obj
# set_property strategy "Vivado Synthesis Defaults" [get_runs synth_1]
# set_property strategy "Flow_PerfOptimized_high" [get_runs synth_1]
# set_param synth.elaboration.rodinMoreOptions {rt::set_parameter ignoreVhdlAssertStmts false}
# set obj [get_runs synth_1]
# set_property -name {steps.synth_design.args.more options} -value {-mode out_of_context} -objects $obj
# set_property STEPS.SYNTH_DESIGN.ARGS.RETIMING true [get_runs synth_1]
# current_run -synthesis [get_runs synth_1]
# set_property strategy "Vivado Implementation Defaults" [get_runs impl_1]
# current_run -implementation [get_runs impl_1]
# puts "INFO: Project created:vivadocompile"
INFO: Project created:vivadocompile
# launch_runs -jobs 8 impl_1 -to_step route_design
[Tue Jun  9 01:47:50 2026] Launched synth_1...
Run output will be captured here: /tmp/finn_dev_samu/synth_out_of_context_fg51qaeo/results_finn_design_wrapper/vivadocompile/vivadocompile.runs/synth_1/runme.log
[Tue Jun  9 01:47:50 2026] Launched impl_1...
Run output will be captured here: /tmp/finn_dev_samu/synth_out_of_context_fg51qaeo/results_finn_design_wrapper/vivadocompile/vivadocompile.runs/impl_1/runme.log
launch_runs: Time (s): cpu = 00:00:04 ; elapsed = 00:00:05 . Memory (MB): peak = 1747.656 ; gain = 24.812 ; free physical = 38090 ; free virtual = 58717
# wait_on_run impl_1
[Tue Jun  9 01:47:50 2026] Waiting for impl_1 to finish...

*** Running vivado
    with args -log finn_design_wrapper.vdi -applog -m64 -product Vivado -messageDb vivado.pb -mode batch -source finn_design_wrapper.tcl -notrace


****** Vivado v2022.2 (64-bit)
  **** SW Build 3671981 on Fri Oct 14 04:59:54 MDT 2022
  **** IP Build 3669848 on Fri Oct 14 08:30:02 MDT 2022
    ** Copyright 1986-2022 Xilinx, Inc. All Rights Reserved.

source finn_design_wrapper.tcl -notrace
Command: link_design -top finn_design_wrapper -part xczu3eg-sbva484-1-e
Design is defaulting to srcset: sources_1
Design is defaulting to constrset: constrs_1
INFO: [Device 21-403] Loading part xczu3eg-sbva484-1-e
Netlist sorting complete. Time (s): cpu = 00:00:00.53 ; elapsed = 00:00:00.52 . Memory (MB): peak = 2608.086 ; gain = 0.000 ; free physical = 36295 ; free virtual = 57000
INFO: [Netlist 29-17] Analyzing 6495 Unisim elements for replacement
INFO: [Netlist 29-28] Unisim Transformation completed in 1 CPU seconds
INFO: [Project 1-479] Netlist was created with Vivado 2022.2
INFO: [Project 1-570] Preparing netlist for logic optimization
Parsing XDC File [/tmp/finn_dev_samu/synth_out_of_context_fg51qaeo/results_finn_design_wrapper/finn_design_wrapper.xdc]
Finished Parsing XDC File [/tmp/finn_dev_samu/synth_out_of_context_fg51qaeo/results_finn_design_wrapper/finn_design_wrapper.xdc]
INFO: [Opt 31-138] Pushed 0 inverter(s) to 0 load pin(s).
Netlist sorting complete. Time (s): cpu = 00:00:00.01 ; elapsed = 00:00:00.01 . Memory (MB): peak = 2806.430 ; gain = 0.000 ; free physical = 36151 ; free virtual = 56856
INFO: [Project 1-111] Unisim Transformation Summary:
  A total of 404 instances were transformed.
  DSP48E1 => DSP48E2 (DSP_ALU, DSP_A_B_DATA, DSP_C_DATA, DSP_MULTIPLIER, DSP_M_DATA, DSP_OUTPUT, DSP_PREADD, DSP_PREADD_DATA): 1 instance 
  DSP48E2 => DSP48E2 (DSP_ALU, DSP_A_B_DATA, DSP_C_DATA, DSP_MULTIPLIER, DSP_M_DATA, DSP_OUTPUT, DSP_PREADD, DSP_PREADD_DATA): 15 instances
  RAM512X1S => RAM512X1S (MUXF7(x4), MUXF8(x2), MUXF9, RAMS64E1(x8)): 40 instances
  RAM64M8 => RAM64M8 (RAMD64E(x8)): 174 instances
  RAM64X1D => RAM64X1D (RAMD64E(x2)): 174 instances

7 Infos, 0 Warnings, 0 Critical Warnings and 0 Errors encountered.
link_design completed successfully
link_design: Time (s): cpu = 00:00:17 ; elapsed = 00:00:18 . Memory (MB): peak = 2806.430 ; gain = 1112.273 ; free physical = 36151 ; free virtual = 56856
Command: opt_design
Attempting to get a license for feature 'Implementation' and/or device 'xczu3eg'
INFO: [Common 17-349] Got license for feature 'Implementation' and/or device 'xczu3eg'
Running DRC as a precondition to command opt_design

Starting DRC Task
INFO: [DRC 23-27] Running DRC with 8 threads
INFO: [Project 1-461] DRC finished with 0 Errors
INFO: [Project 1-462] Please refer to the DRC report (report_drc) for more information.

Time (s): cpu = 00:00:02 ; elapsed = 00:00:00.84 . Memory (MB): peak = 2904.148 ; gain = 97.719 ; free physical = 36144 ; free virtual = 56849

Starting Cache Timing Information Task
INFO: [Timing 38-35] Done setting XDC timing constraints.
Ending Cache Timing Information Task | Checksum: f3e257ab

Time (s): cpu = 00:00:07 ; elapsed = 00:00:03 . Memory (MB): peak = 3317.977 ; gain = 413.828 ; free physical = 35812 ; free virtual = 56517

Starting Logic Optimization Task

Phase 1 Retarget
INFO: [Opt 31-1287] Pulled Inverter finn_design_i/MVAU_hls_1/MVAU_hls_1/inst/grp_Matrix_Vector_Activate_Stream_Batch_fu_540/flow_control_loop_pipe_sequential_init_U/icmp_ln249_reg_12342[0]_i_1 into driver instance finn_design_i/MVAU_hls_1/MVAU_hls_1/inst/grp_Matrix_Vector_Activate_Stream_Batch_fu_540/flow_control_loop_pipe_sequential_init_U/grp_Matrix_Vector_Activate_Stream_Batch_fu_540_ap_start_reg_i_2, which resulted in an inversion of 5 pins
INFO: [Opt 31-1287] Pulled Inverter finn_design_i/MVAU_hls_2/MVAU_hls_2/inst/grp_Matrix_Vector_Activate_Stream_Batch_fu_540/flow_control_loop_pipe_sequential_init_U/icmp_ln249_reg_13744[0]_i_1 into driver instance finn_design_i/MVAU_hls_2/MVAU_hls_2/inst/grp_Matrix_Vector_Activate_Stream_Batch_fu_540/flow_control_loop_pipe_sequential_init_U/ap_CS_iter1_fsm[1]_i_2__0, which resulted in an inversion of 7 pins
INFO: [Opt 31-1287] Pulled Inverter finn_design_i/MVAU_hls_3/MVAU_hls_3/inst/grp_Matrix_Vector_Activate_Stream_Batch_fu_540/flow_control_loop_pipe_sequential_init_U/icmp_ln249_reg_14359[0]_i_1 into driver instance finn_design_i/MVAU_hls_3/MVAU_hls_3/inst/grp_Matrix_Vector_Activate_Stream_Batch_fu_540/flow_control_loop_pipe_sequential_init_U/grp_Matrix_Vector_Activate_Stream_Batch_fu_540_ap_start_reg_i_2__0, which resulted in an inversion of 20 pins
INFO: [Opt 31-1287] Pulled Inverter finn_design_i/MVAU_hls_5/MVAU_hls_5/inst/grp_Matrix_Vector_Activate_Stream_Batch_fu_540/flow_control_loop_pipe_sequential_init_U/ap_phi_reg_pp0_iter1_inElem_1_reg_4782[15]_i_1 into driver instance finn_design_i/MVAU_hls_5/MVAU_hls_5/inst/grp_Matrix_Vector_Activate_Stream_Batch_fu_540/flow_control_loop_pipe_sequential_init_U/grp_Matrix_Vector_Activate_Stream_Batch_fu_540_ap_start_reg_i_2__1, which resulted in an inversion of 10 pins
INFO: [Opt 31-1287] Pulled Inverter finn_design_i/MVAU_hls_6/MVAU_hls_6/inst/grp_Matrix_Vector_Activate_Stream_Batch_fu_540/flow_control_loop_pipe_sequential_init_U/icmp_ln253_reg_16285[0]_i_1 into driver instance finn_design_i/MVAU_hls_6/MVAU_hls_6/inst/grp_Matrix_Vector_Activate_Stream_Batch_fu_540/flow_control_loop_pipe_sequential_init_U/icmp_ln249_reg_16281[0]_i_3, which resulted in an inversion of 3 pins
INFO: [Opt 31-1287] Pulled Inverter finn_design_i/MVAU_hls_6/MVAU_hls_6/inst/grp_Matrix_Vector_Activate_Stream_Batch_fu_540/flow_control_loop_pipe_sequential_init_U/icmp_ln290_reg_16322[0]_i_1 into driver instance finn_design_i/MVAU_hls_6/MVAU_hls_6/inst/grp_Matrix_Vector_Activate_Stream_Batch_fu_540/flow_control_loop_pipe_sequential_init_U/icmp_ln290_reg_16322[0]_i_3, which resulted in an inversion of 7 pins
INFO: [Opt 31-138] Pushed 7 inverter(s) to 3907 load pin(s).
INFO: [Opt 31-49] Retargeted 0 cell(s).
Phase 1 Retarget | Checksum: 648b475e

Time (s): cpu = 00:00:05 ; elapsed = 00:00:03 . Memory (MB): peak = 3590.773 ; gain = 0.000 ; free physical = 35585 ; free virtual = 56290
INFO: [Opt 31-389] Phase Retarget created 0 cells and removed 13 cells

Phase 2 Constant propagation
INFO: [Opt 31-138] Pushed 0 inverter(s) to 0 load pin(s).
Phase 2 Constant propagation | Checksum: 4260cd91

Time (s): cpu = 00:00:06 ; elapsed = 00:00:03 . Memory (MB): peak = 3590.773 ; gain = 0.000 ; free physical = 35583 ; free virtual = 56288
INFO: [Opt 31-389] Phase Constant propagation created 0 cells and removed 0 cells

Phase 3 Sweep
Phase 3 Sweep | Checksum: 8cc76bb0

Time (s): cpu = 00:00:07 ; elapsed = 00:00:04 . Memory (MB): peak = 3590.773 ; gain = 0.000 ; free physical = 35576 ; free virtual = 56281
INFO: [Opt 31-389] Phase Sweep created 0 cells and removed 0 cells

Phase 4 BUFG optimization
INFO: [Opt 31-1077] Phase BUFG optimization inserted 0 global clock buffer(s) for CLOCK_LOW_FANOUT.
Phase 4 BUFG optimization | Checksum: 8cc76bb0

Time (s): cpu = 00:00:07 ; elapsed = 00:00:05 . Memory (MB): peak = 3622.789 ; gain = 32.016 ; free physical = 35576 ; free virtual = 56281
INFO: [Opt 31-662] Phase BUFG optimization created 0 cells of which 0 are BUFGs and removed 0 cells.

Phase 5 Shift Register Optimization
INFO: [Opt 31-1064] SRL Remap converted 0 SRLs to 0 registers and converted 0 registers of register chains to 0 SRLs
Phase 5 Shift Register Optimization | Checksum: 8cc76bb0

Time (s): cpu = 00:00:08 ; elapsed = 00:00:05 . Memory (MB): peak = 3622.789 ; gain = 32.016 ; free physical = 35576 ; free virtual = 56281
INFO: [Opt 31-389] Phase Shift Register Optimization created 0 cells and removed 0 cells

Phase 6 Post Processing Netlist
Phase 6 Post Processing Netlist | Checksum: 8cc76bb0

Time (s): cpu = 00:00:08 ; elapsed = 00:00:05 . Memory (MB): peak = 3622.789 ; gain = 32.016 ; free physical = 35575 ; free virtual = 56280
INFO: [Opt 31-389] Phase Post Processing Netlist created 0 cells and removed 0 cells
Opt_design Change Summary
=========================


-------------------------------------------------------------------------------------------------------------------------
|  Phase                        |  #Cells created  |  #Cells Removed  |  #Constrained objects preventing optimizations  |
-------------------------------------------------------------------------------------------------------------------------
|  Retarget                     |               0  |              13  |                                              0  |
|  Constant propagation         |               0  |               0  |                                              0  |
|  Sweep                        |               0  |               0  |                                              0  |
|  BUFG optimization            |               0  |               0  |                                              0  |
|  Shift Register Optimization  |               0  |               0  |                                              0  |
|  Post Processing Netlist      |               0  |               0  |                                              0  |
-------------------------------------------------------------------------------------------------------------------------



Starting Connectivity Check Task

Time (s): cpu = 00:00:00.14 ; elapsed = 00:00:00.14 . Memory (MB): peak = 3622.789 ; gain = 0.000 ; free physical = 35576 ; free virtual = 56281
Ending Logic Optimization Task | Checksum: fae24466

Time (s): cpu = 00:00:10 ; elapsed = 00:00:07 . Memory (MB): peak = 3622.789 ; gain = 32.016 ; free physical = 35576 ; free virtual = 56281

Starting Power Optimization Task
INFO: [Pwropt 34-132] Skipping clock gating for clocks with a period < 2.00 ns.
INFO: [Timing 38-35] Done setting XDC timing constraints.
Running Vector-less Activity Propagation...
INFO: [Pwropt 34-9] Applying IDT optimizations ...
INFO: [Pwropt 34-10] Applying ODC optimizations ...

Finished Running Vector-less Activity Propagation


Starting PowerOpt Patch Enables Task
INFO: [Pwropt 34-162] WRITE_MODE attribute of 0 BRAM(s) out of a total of 407 has been updated to save power. Run report_power_opt to get a complete listing of the BRAMs updated.
INFO: [Pwropt 34-201] Structural ODC has moved 0 WE to EN ports
Number of BRAM Ports augmented: 0 newly gated: 0 Total Ports: 814
Ending PowerOpt Patch Enables Task | Checksum: fae24466

Time (s): cpu = 00:00:00.96 ; elapsed = 00:00:00.96 . Memory (MB): peak = 4668.762 ; gain = 0.000 ; free physical = 35089 ; free virtual = 55794
Ending Power Optimization Task | Checksum: fae24466

Time (s): cpu = 00:00:41 ; elapsed = 00:00:18 . Memory (MB): peak = 4668.762 ; gain = 1045.973 ; free physical = 35209 ; free virtual = 55915

Starting Final Cleanup Task
Ending Final Cleanup Task | Checksum: fae24466

Time (s): cpu = 00:00:00.01 ; elapsed = 00:00:00 . Memory (MB): peak = 4668.762 ; gain = 0.000 ; free physical = 35209 ; free virtual = 55915

Starting Netlist Obfuscation Task
Netlist sorting complete. Time (s): cpu = 00:00:00.01 ; elapsed = 00:00:00.01 . Memory (MB): peak = 4668.762 ; gain = 0.000 ; free physical = 35209 ; free virtual = 55915
Ending Netlist Obfuscation Task | Checksum: fae24466

Time (s): cpu = 00:00:00.01 ; elapsed = 00:00:00.02 . Memory (MB): peak = 4668.762 ; gain = 0.000 ; free physical = 35209 ; free virtual = 55915
INFO: [Common 17-83] Releasing license: Implementation
36 Infos, 0 Warnings, 0 Critical Warnings and 0 Errors encountered.
opt_design completed successfully
opt_design: Time (s): cpu = 00:01:02 ; elapsed = 00:00:31 . Memory (MB): peak = 4668.762 ; gain = 1862.332 ; free physical = 35209 ; free virtual = 55915
INFO: [Timing 38-35] Done setting XDC timing constraints.
INFO: [Timing 38-480] Writing timing data to binary archive.
INFO: [Common 17-1381] The checkpoint '/tmp/finn_dev_samu/synth_out_of_context_fg51qaeo/results_finn_design_wrapper/vivadocompile/vivadocompile.runs/impl_1/finn_design_wrapper_opt.dcp' has been generated.
write_checkpoint: Time (s): cpu = 00:00:14 ; elapsed = 00:00:06 . Memory (MB): peak = 4668.762 ; gain = 0.000 ; free physical = 34973 ; free virtual = 55706
INFO: [runtcl-4] Executing : report_drc -file finn_design_wrapper_drc_opted.rpt -pb finn_design_wrapper_drc_opted.pb -rpx finn_design_wrapper_drc_opted.rpx
Command: report_drc -file finn_design_wrapper_drc_opted.rpt -pb finn_design_wrapper_drc_opted.pb -rpx finn_design_wrapper_drc_opted.rpx
INFO: [IP_Flow 19-234] Refreshing IP repositories
INFO: [IP_Flow 19-1704] No user IP repositories specified
INFO: [IP_Flow 19-2313] Loaded Vivado IP repository '/tools/Xilinx/Vivado/2022.2/data/ip'.
INFO: [DRC 23-27] Running DRC with 8 threads
INFO: [Vivado_Tcl 2-168] The results of DRC are in file /tmp/finn_dev_samu/synth_out_of_context_fg51qaeo/results_finn_design_wrapper/vivadocompile/vivadocompile.runs/impl_1/finn_design_wrapper_drc_opted.rpt.
report_drc completed successfully
Command: place_design
Attempting to get a license for feature 'Implementation' and/or device 'xczu3eg'
INFO: [Common 17-349] Got license for feature 'Implementation' and/or device 'xczu3eg'
INFO: [DRC 23-27] Running DRC with 8 threads
INFO: [Vivado_Tcl 4-198] DRC finished with 0 Errors
INFO: [Vivado_Tcl 4-199] Please refer to the DRC report (report_drc) for more information.
Running DRC as a precondition to command place_design
INFO: [DRC 23-27] Running DRC with 8 threads
INFO: [Vivado_Tcl 4-198] DRC finished with 0 Errors
INFO: [Vivado_Tcl 4-199] Please refer to the DRC report (report_drc) for more information.

Starting Placer Task
INFO: [Place 30-611] Multithreading enabled for place_design using a maximum of 8 CPUs

Phase 1 Placer Initialization

Phase 1.1 Placer Initialization Netlist Sorting
Netlist sorting complete. Time (s): cpu = 00:00:00.01 ; elapsed = 00:00:00.01 . Memory (MB): peak = 4715.836 ; gain = 0.000 ; free physical = 34850 ; free virtual = 55582
Phase 1.1 Placer Initialization Netlist Sorting | Checksum: db70b74c

Time (s): cpu = 00:00:00.03 ; elapsed = 00:00:00.03 . Memory (MB): peak = 4715.836 ; gain = 0.000 ; free physical = 34850 ; free virtual = 55582
Netlist sorting complete. Time (s): cpu = 00:00:00.01 ; elapsed = 00:00:00.01 . Memory (MB): peak = 4715.836 ; gain = 0.000 ; free physical = 34850 ; free virtual = 55582

Phase 1.2 IO Placement/ Clock Placement/ Build Placer Device
Phase 1.2 IO Placement/ Clock Placement/ Build Placer Device | Checksum: 1ac1ebd8

Time (s): cpu = 00:00:15 ; elapsed = 00:00:14 . Memory (MB): peak = 5095.047 ; gain = 379.211 ; free physical = 34451 ; free virtual = 55184

Phase 1.3 Build Placer Netlist Model
Phase 1.3 Build Placer Netlist Model | Checksum: 1086d1b21

Time (s): cpu = 00:00:41 ; elapsed = 00:00:25 . Memory (MB): peak = 5127.062 ; gain = 411.227 ; free physical = 34259 ; free virtual = 54992

Phase 1.4 Constrain Clocks/Macros
Phase 1.4 Constrain Clocks/Macros | Checksum: 1086d1b21

Time (s): cpu = 00:00:41 ; elapsed = 00:00:25 . Memory (MB): peak = 5127.062 ; gain = 411.227 ; free physical = 34259 ; free virtual = 54992
Phase 1 Placer Initialization | Checksum: 1086d1b21

Time (s): cpu = 00:00:41 ; elapsed = 00:00:25 . Memory (MB): peak = 5127.062 ; gain = 411.227 ; free physical = 34260 ; free virtual = 54993

Phase 2 Global Placement

Phase 2.1 Floorplanning

Phase 2.1.1 Partition Driven Placement

Phase 2.1.1.1 PBP: Partition Driven Placement
Phase 2.1.1.1 PBP: Partition Driven Placement | Checksum: fbeec8bd

Time (s): cpu = 00:01:22 ; elapsed = 00:00:42 . Memory (MB): peak = 5127.062 ; gain = 411.227 ; free physical = 34434 ; free virtual = 55167

Phase 2.1.1.2 PBP: Clock Region Placement
Phase 2.1.1.2 PBP: Clock Region Placement | Checksum: fbeec8bd

Time (s): cpu = 00:01:22 ; elapsed = 00:00:42 . Memory (MB): peak = 5127.062 ; gain = 411.227 ; free physical = 34436 ; free virtual = 55169

Phase 2.1.1.3 PBP: Discrete Incremental
Phase 2.1.1.3 PBP: Discrete Incremental | Checksum: 111faa703

Time (s): cpu = 00:01:23 ; elapsed = 00:00:42 . Memory (MB): peak = 5127.062 ; gain = 411.227 ; free physical = 34436 ; free virtual = 55169

Phase 2.1.1.4 PBP: Compute Congestion
Phase 2.1.1.4 PBP: Compute Congestion | Checksum: 111faa703

Time (s): cpu = 00:01:24 ; elapsed = 00:00:42 . Memory (MB): peak = 5173.426 ; gain = 457.590 ; free physical = 34369 ; free virtual = 55103

Phase 2.1.1.5 PBP: Macro Placement
Phase 2.1.1.5 PBP: Macro Placement | Checksum: 17da83341

Time (s): cpu = 00:01:25 ; elapsed = 00:00:43 . Memory (MB): peak = 5173.426 ; gain = 457.590 ; free physical = 34370 ; free virtual = 55103

Phase 2.1.1.6 PBP: UpdateTiming
Phase 2.1.1.6 PBP: UpdateTiming | Checksum: 15806110c

Time (s): cpu = 00:01:30 ; elapsed = 00:00:45 . Memory (MB): peak = 5203.441 ; gain = 487.605 ; free physical = 34302 ; free virtual = 55035

Phase 2.1.1.7 PBP: Add part constraints
Phase 2.1.1.7 PBP: Add part constraints | Checksum: 15806110c

Time (s): cpu = 00:01:30 ; elapsed = 00:00:45 . Memory (MB): peak = 5203.441 ; gain = 487.605 ; free physical = 34302 ; free virtual = 55035
Phase 2.1.1 Partition Driven Placement | Checksum: 15806110c

Time (s): cpu = 00:01:30 ; elapsed = 00:00:45 . Memory (MB): peak = 5203.441 ; gain = 487.605 ; free physical = 34322 ; free virtual = 55056
Phase 2.1 Floorplanning | Checksum: 184fae3ff

Time (s): cpu = 00:01:30 ; elapsed = 00:00:45 . Memory (MB): peak = 5203.441 ; gain = 487.605 ; free physical = 34322 ; free virtual = 55056

Phase 2.2 Update Timing before SLR Path Opt
Phase 2.2 Update Timing before SLR Path Opt | Checksum: 184fae3ff

Time (s): cpu = 00:01:30 ; elapsed = 00:00:45 . Memory (MB): peak = 5203.441 ; gain = 487.605 ; free physical = 34322 ; free virtual = 55055

Phase 2.3 Post-Processing in Floorplanning
Phase 2.3 Post-Processing in Floorplanning | Checksum: 184fae3ff

Time (s): cpu = 00:01:30 ; elapsed = 00:00:46 . Memory (MB): peak = 5203.441 ; gain = 487.605 ; free physical = 34327 ; free virtual = 55061

Phase 2.4 Global Placement Core

Phase 2.4.1 UpdateTiming Before Physical Synthesis
Phase 2.4.1 UpdateTiming Before Physical Synthesis | Checksum: 1786cf803

Time (s): cpu = 00:02:42 ; elapsed = 00:01:11 . Memory (MB): peak = 5211.445 ; gain = 495.609 ; free physical = 34282 ; free virtual = 55015

Phase 2.4.2 Physical Synthesis In Placer
INFO: [Physopt 32-1035] Found 0 LUTNM shape to break, 3822 LUT instances to create LUTNM shape
INFO: [Physopt 32-1044] Break lutnm for timing: one critical 0, two critical 0, total 0, new lutff created 0
INFO: [Physopt 32-1138] End 1 Pass. Optimized 1594 nets or LUTs. Breaked 0 LUT, combined 1594 existing LUTs and moved 0 existing LUT
INFO: [Physopt 32-1030] Pass 1. Identified 98 candidate driver sets for equivalent driver rewiring.
INFO: [Physopt 32-661] Optimized 79 nets.  Re-placed 1179 instances.
INFO: [Physopt 32-775] End 1 Pass. Optimized 79 nets or cells. Created 0 new cell, deleted 322 existing cells and moved 1179 existing cells
Netlist sorting complete. Time (s): cpu = 00:00:00.34 ; elapsed = 00:00:00.35 . Memory (MB): peak = 5211.445 ; gain = 0.000 ; free physical = 34371 ; free virtual = 55105
INFO: [Physopt 32-65] No nets found for high-fanout optimization.
INFO: [Physopt 32-232] Optimized 0 net. Created 0 new instance.
INFO: [Physopt 32-775] End 1 Pass. Optimized 0 net or cell. Created 0 new cell, deleted 0 existing cell and moved 0 existing cell
INFO: [Physopt 32-670] No setup violation found.  DSP Register Optimization was not performed.
INFO: [Physopt 32-670] No setup violation found.  Shift Register to Pipeline Optimization was not performed.
INFO: [Physopt 32-670] No setup violation found.  Shift Register Optimization was not performed.
INFO: [Physopt 32-670] No setup violation found.  BRAM Register Optimization was not performed.
INFO: [Physopt 32-670] No setup violation found.  URAM Register Optimization was not performed.
INFO: [Physopt 32-949] No candidate nets found for dynamic/static region interface net replication
INFO: [Physopt 32-775] End 1 Pass. Optimized 0 net or cell. Created 0 new cell, deleted 0 existing cell and moved 0 existing cell
Netlist sorting complete. Time (s): cpu = 00:00:00.01 ; elapsed = 00:00:00.01 . Memory (MB): peak = 5211.445 ; gain = 0.000 ; free physical = 34375 ; free virtual = 55108

Summary of Physical Synthesis Optimizations
============================================


-----------------------------------------------------------------------------------------------------------------------------------------------------------
|  Optimization                                     |  Added Cells  |  Removed Cells  |  Optimized Cells/Nets  |  Dont Touch  |  Iterations  |  Elapsed   |
-----------------------------------------------------------------------------------------------------------------------------------------------------------
|  LUT Combining                                    |            0  |           1594  |                  1594  |           0  |           1  |  00:00:02  |
|  Retime                                           |            0  |              0  |                     0  |           0  |           1  |  00:00:00  |
|  Equivalent Driver Rewiring                       |            0  |            322  |                    79  |           0  |           1  |  00:00:33  |
|  Very High Fanout                                 |            0  |              0  |                     0  |           0  |           1  |  00:00:01  |
|  DSP Register                                     |            0  |              0  |                     0  |           0  |           0  |  00:00:00  |
|  Shift Register to Pipeline                       |            0  |              0  |                     0  |           0  |           0  |  00:00:00  |
|  Shift Register                                   |            0  |              0  |                     0  |           0  |           0  |  00:00:00  |
|  BRAM Register                                    |            0  |              0  |                     0  |           0  |           0  |  00:00:00  |
|  URAM Register                                    |            0  |              0  |                     0  |           0  |           0  |  00:00:00  |
|  Dynamic/Static Region Interface Net Replication  |            0  |              0  |                     0  |           0  |           1  |  00:00:00  |
|  Total                                            |            0  |           1916  |                  1673  |           0  |           5  |  00:00:36  |
-----------------------------------------------------------------------------------------------------------------------------------------------------------


Phase 2.4.2 Physical Synthesis In Placer | Checksum: 16528d9ca

Time (s): cpu = 00:03:24 ; elapsed = 00:01:51 . Memory (MB): peak = 5211.445 ; gain = 495.609 ; free physical = 34371 ; free virtual = 55105
Phase 2.4 Global Placement Core | Checksum: 233e74e01

Time (s): cpu = 00:03:36 ; elapsed = 00:01:55 . Memory (MB): peak = 5211.445 ; gain = 495.609 ; free physical = 34347 ; free virtual = 55080
Phase 2 Global Placement | Checksum: 233e74e01

Time (s): cpu = 00:03:36 ; elapsed = 00:01:55 . Memory (MB): peak = 5211.445 ; gain = 495.609 ; free physical = 34386 ; free virtual = 55119

Phase 3 Detail Placement

Phase 3.1 Commit Multi Column Macros
Phase 3.1 Commit Multi Column Macros | Checksum: 26ab897d7

Time (s): cpu = 00:03:42 ; elapsed = 00:01:57 . Memory (MB): peak = 5211.445 ; gain = 495.609 ; free physical = 34271 ; free virtual = 55005

Phase 3.2 Commit Most Macros & LUTRAMs
Phase 3.2 Commit Most Macros & LUTRAMs | Checksum: 151326a5b

Time (s): cpu = 00:03:53 ; elapsed = 00:02:02 . Memory (MB): peak = 5211.445 ; gain = 495.609 ; free physical = 34228 ; free virtual = 54962

Phase 3.3 Small Shape DP

Phase 3.3.1 Small Shape Clustering
Phase 3.3.1 Small Shape Clustering | Checksum: 1ef8abdd0

Time (s): cpu = 00:04:01 ; elapsed = 00:02:08 . Memory (MB): peak = 5211.445 ; gain = 495.609 ; free physical = 34173 ; free virtual = 54907

Phase 3.3.2 Flow Legalize Slice Clusters
Phase 3.3.2 Flow Legalize Slice Clusters | Checksum: 226c33279

Time (s): cpu = 00:04:02 ; elapsed = 00:02:09 . Memory (MB): peak = 5211.445 ; gain = 495.609 ; free physical = 34178 ; free virtual = 54911

Phase 3.3.3 Slice Area Swap

Phase 3.3.3.1 Slice Area Swap Initial
Phase 3.3.3.1 Slice Area Swap Initial | Checksum: 1f94146ae

Time (s): cpu = 00:04:09 ; elapsed = 00:02:15 . Memory (MB): peak = 5211.445 ; gain = 495.609 ; free physical = 34176 ; free virtual = 54910
Phase 3.3.3 Slice Area Swap | Checksum: 1f94146ae

Time (s): cpu = 00:04:09 ; elapsed = 00:02:15 . Memory (MB): peak = 5211.445 ; gain = 495.609 ; free physical = 34180 ; free virtual = 54914
Phase 3.3 Small Shape DP | Checksum: 1ee0d74f9

Time (s): cpu = 00:04:30 ; elapsed = 00:02:21 . Memory (MB): peak = 5211.445 ; gain = 495.609 ; free physical = 34190 ; free virtual = 54924

Phase 3.4 Re-assign LUT pins
Phase 3.4 Re-assign LUT pins | Checksum: 2546501ce

Time (s): cpu = 00:04:34 ; elapsed = 00:02:26 . Memory (MB): peak = 5211.445 ; gain = 495.609 ; free physical = 34213 ; free virtual = 54947

Phase 3.5 Pipeline Register Optimization
Phase 3.5 Pipeline Register Optimization | Checksum: 13ae88ace

Time (s): cpu = 00:04:35 ; elapsed = 00:02:26 . Memory (MB): peak = 5211.445 ; gain = 495.609 ; free physical = 34213 ; free virtual = 54947
Phase 3 Detail Placement | Checksum: 13ae88ace

Time (s): cpu = 00:04:35 ; elapsed = 00:02:27 . Memory (MB): peak = 5211.445 ; gain = 495.609 ; free physical = 34214 ; free virtual = 54948

Phase 4 Post Placement Optimization and Clean-Up

Phase 4.1 Post Commit Optimization
INFO: [Timing 38-35] Done setting XDC timing constraints.

Phase 4.1.1 Post Placement Optimization
Post Placement Optimization Initialization | Checksum: 130a560b8

Phase 4.1.1.1 BUFG Insertion

Starting Physical Synthesis Task

Phase 1 Physical Synthesis Initialization
INFO: [Physopt 32-721] Multithreading enabled for phys_opt_design using a maximum of 8 CPUs
INFO: [Physopt 32-619] Estimated Timing Summary | WNS=3.000 | TNS=0.000 |
Phase 1 Physical Synthesis Initialization | Checksum: 18b2a9cc6

Time (s): cpu = 00:00:02 ; elapsed = 00:00:00.5 . Memory (MB): peak = 5211.445 ; gain = 0.000 ; free physical = 34197 ; free virtual = 54931
INFO: [Place 46-32] Processed net finn_design_i/MVAU_hls_3/MVAU_hls_3/inst/grp_Matrix_Vector_Activate_Stream_Batch_fu_540/p_ZL7threshs_237_U/E[0], BUFG insertion was skipped because the netlist could not be updated.
INFO: [Place 46-35] Processed net finn_design_i/MVAU_hls_2/MVAU_hls_2/inst/grp_Matrix_Vector_Activate_Stream_Batch_fu_540/p_ZL7threshs_116_U/E[0], inserted BUFG to drive 4251 loads.
INFO: [Place 46-32] Processed net finn_design_i/MVAU_hls_0/MVAU_hls_0/inst/grp_Matrix_Vector_Activate_Stream_Batch_fu_540/p_ZL7threshs_253_U/p_ZL7threshs_0_ce0, BUFG insertion was skipped because the netlist could not be updated.
INFO: [Place 46-32] Processed net finn_design_i/MVAU_hls_1/MVAU_hls_1/inst/grp_Matrix_Vector_Activate_Stream_Batch_fu_540/p_ZL7threshs_93_U/E[0], BUFG insertion was skipped because the netlist could not be updated.
INFO: [Place 46-32] Processed net finn_design_i/MVAU_hls_4/MVAU_hls_4/inst/grp_Matrix_Vector_Activate_Stream_Batch_fu_540/p_ZL7threshs_73_U/E[0], BUFG insertion was skipped because the netlist could not be updated.
INFO: [Place 46-32] Processed net finn_design_i/MVAU_hls_5/MVAU_hls_5/inst/grp_Matrix_Vector_Activate_Stream_Batch_fu_540/p_ZL7threshs_93_U/ap_CS_iter3_fsm_reg[1], BUFG insertion was skipped because the netlist could not be updated.
INFO: [Place 46-56] BUFG insertion identified 6 candidate nets. Inserted BUFG: 1, Replicated BUFG Driver: 0, Skipped due to Placement/Routing Conflicts: 0, Skipped due to Timing Degradation: 0, Skipped due to Illegal Netlist: 5.
Ending Physical Synthesis Task | Checksum: 1e1f26f5b

Time (s): cpu = 00:00:07 ; elapsed = 00:00:04 . Memory (MB): peak = 5211.445 ; gain = 0.000 ; free physical = 34184 ; free virtual = 54918
Phase 4.1.1.1 BUFG Insertion | Checksum: 13cda4286

Time (s): cpu = 00:05:15 ; elapsed = 00:02:40 . Memory (MB): peak = 5211.445 ; gain = 495.609 ; free physical = 34196 ; free virtual = 54929

Phase 4.1.1.2 Post Placement Timing Optimization
INFO: [Place 30-746] Post Placement Timing Summary WNS=3.000. For the most accurate timing information please run report_timing.
Phase 4.1.1.2 Post Placement Timing Optimization | Checksum: 1ee42c000

Time (s): cpu = 00:05:16 ; elapsed = 00:02:40 . Memory (MB): peak = 5211.445 ; gain = 495.609 ; free physical = 34196 ; free virtual = 54930

Time (s): cpu = 00:05:16 ; elapsed = 00:02:40 . Memory (MB): peak = 5211.445 ; gain = 495.609 ; free physical = 34196 ; free virtual = 54930
Phase 4.1 Post Commit Optimization | Checksum: 1ee42c000

Time (s): cpu = 00:05:16 ; elapsed = 00:02:41 . Memory (MB): peak = 5211.445 ; gain = 495.609 ; free physical = 34198 ; free virtual = 54932
Netlist sorting complete. Time (s): cpu = 00:00:00.04 ; elapsed = 00:00:00.04 . Memory (MB): peak = 5211.445 ; gain = 0.000 ; free physical = 34163 ; free virtual = 54897

Phase 4.2 Post Placement Cleanup
Phase 4.2 Post Placement Cleanup | Checksum: 26c81263f

Time (s): cpu = 00:05:19 ; elapsed = 00:02:43 . Memory (MB): peak = 5211.445 ; gain = 495.609 ; free physical = 34168 ; free virtual = 54901

Phase 4.3 Placer Reporting

Phase 4.3.1 Print Estimated Congestion
INFO: [Place 30-612] Post-Placement Estimated Congestion 
 ________________________________________________________________________
|           | Global Congestion | Long Congestion   | Short Congestion  |
| Direction | Region Size       | Region Size       | Region Size       |
|___________|___________________|___________________|___________________|
|      North|                1x1|                1x1|                8x8|
|___________|___________________|___________________|___________________|
|      South|                1x1|                1x1|                2x2|
|___________|___________________|___________________|___________________|
|       East|                1x1|                1x1|                8x8|
|___________|___________________|___________________|___________________|
|       West|                4x4|                1x1|                8x8|
|___________|___________________|___________________|___________________|

Phase 4.3.1 Print Estimated Congestion | Checksum: 26c81263f

Time (s): cpu = 00:05:20 ; elapsed = 00:02:44 . Memory (MB): peak = 5211.445 ; gain = 495.609 ; free physical = 34181 ; free virtual = 54915
Phase 4.3 Placer Reporting | Checksum: 26c81263f

Time (s): cpu = 00:05:20 ; elapsed = 00:02:44 . Memory (MB): peak = 5211.445 ; gain = 495.609 ; free physical = 34181 ; free virtual = 54914

Phase 4.4 Final Placement Cleanup
Netlist sorting complete. Time (s): cpu = 00:00:00.01 ; elapsed = 00:00:00.01 . Memory (MB): peak = 5211.445 ; gain = 0.000 ; free physical = 34184 ; free virtual = 54918

Time (s): cpu = 00:05:20 ; elapsed = 00:02:44 . Memory (MB): peak = 5211.445 ; gain = 495.609 ; free physical = 34184 ; free virtual = 54918
Phase 4 Post Placement Optimization and Clean-Up | Checksum: 1ada786b6

Time (s): cpu = 00:05:21 ; elapsed = 00:02:44 . Memory (MB): peak = 5211.445 ; gain = 495.609 ; free physical = 34184 ; free virtual = 54918
Ending Placer Task | Checksum: ea5376a9

Time (s): cpu = 00:05:21 ; elapsed = 00:02:45 . Memory (MB): peak = 5211.445 ; gain = 495.609 ; free physical = 34174 ; free virtual = 54908
INFO: [Common 17-83] Releasing license: Implementation
82 Infos, 0 Warnings, 0 Critical Warnings and 0 Errors encountered.
place_design completed successfully
place_design: Time (s): cpu = 00:05:26 ; elapsed = 00:02:47 . Memory (MB): peak = 5211.445 ; gain = 495.609 ; free physical = 34336 ; free virtual = 55070
INFO: [Timing 38-480] Writing timing data to binary archive.
Writing XDEF routing.
Writing XDEF routing logical nets.
Writing XDEF routing special nets.
Write XDEF Complete: Time (s): cpu = 00:00:14 ; elapsed = 00:00:05 . Memory (MB): peak = 5211.445 ; gain = 0.000 ; free physical = 34135 ; free virtual = 55001
INFO: [Common 17-1381] The checkpoint '/tmp/finn_dev_samu/synth_out_of_context_fg51qaeo/results_finn_design_wrapper/vivadocompile/vivadocompile.runs/impl_1/finn_design_wrapper_placed.dcp' has been generated.
write_checkpoint: Time (s): cpu = 00:00:24 ; elapsed = 00:00:11 . Memory (MB): peak = 5211.445 ; gain = 0.000 ; free physical = 34325 ; free virtual = 55098
INFO: [runtcl-4] Executing : report_io -file finn_design_wrapper_io_placed.rpt
report_io: Time (s): cpu = 00:00:00.11 ; elapsed = 00:00:00.23 . Memory (MB): peak = 5211.445 ; gain = 0.000 ; free physical = 34307 ; free virtual = 55080
INFO: [runtcl-4] Executing : report_utilization -file finn_design_wrapper_utilization_placed.rpt -pb finn_design_wrapper_utilization_placed.pb
INFO: [runtcl-4] Executing : report_control_sets -verbose -file finn_design_wrapper_control_sets_placed.rpt
report_control_sets: Time (s): cpu = 00:00:00.17 ; elapsed = 00:00:00.32 . Memory (MB): peak = 5211.445 ; gain = 0.000 ; free physical = 34320 ; free virtual = 55093
Command: phys_opt_design
Attempting to get a license for feature 'Implementation' and/or device 'xczu3eg'
INFO: [Common 17-349] Got license for feature 'Implementation' and/or device 'xczu3eg'

Starting Initial Update Timing Task
WARNING: [Timing 38-242] The property HD.CLK_SRC of clock port "ap_clk" is not set. In out-of-context mode, this prevents timing estimation for clock delay/skew
Resolution: Set the HD.CLK_SRC property of the out-of-context port to the location of the clock buffer instance in the top-level design

Time (s): cpu = 00:00:26 ; elapsed = 00:00:06 . Memory (MB): peak = 5211.445 ; gain = 0.000 ; free physical = 34350 ; free virtual = 55124
INFO: [Vivado_Tcl 4-383] Design worst setup slack (WNS) is greater than or equal to 0.000 ns. Skipping all physical synthesis optimizations.
INFO: [Vivado_Tcl 4-232] No setup violation found. The netlist was not modified.
INFO: [Common 17-83] Releasing license: Implementation
91 Infos, 1 Warnings, 0 Critical Warnings and 0 Errors encountered.
phys_opt_design completed successfully
phys_opt_design: Time (s): cpu = 00:00:27 ; elapsed = 00:00:07 . Memory (MB): peak = 5211.445 ; gain = 0.000 ; free physical = 34350 ; free virtual = 55124
INFO: [Timing 38-480] Writing timing data to binary archive.
Writing XDEF routing.
Writing XDEF routing logical nets.
Writing XDEF routing special nets.
Write XDEF Complete: Time (s): cpu = 00:00:14 ; elapsed = 00:00:05 . Memory (MB): peak = 5211.445 ; gain = 0.000 ; free physical = 34116 ; free virtual = 55021
INFO: [Common 17-1381] The checkpoint '/tmp/finn_dev_samu/synth_out_of_context_fg51qaeo/results_finn_design_wrapper/vivadocompile/vivadocompile.runs/impl_1/finn_design_wrapper_physopt.dcp' has been generated.
write_checkpoint: Time (s): cpu = 00:00:17 ; elapsed = 00:00:08 . Memory (MB): peak = 5211.445 ; gain = 0.000 ; free physical = 34163 ; free virtual = 54976
Command: route_design
Attempting to get a license for feature 'Implementation' and/or device 'xczu3eg'
INFO: [Common 17-349] Got license for feature 'Implementation' and/or device 'xczu3eg'
Running DRC as a precondition to command route_design
INFO: [DRC 23-27] Running DRC with 8 threads
INFO: [Vivado_Tcl 4-198] DRC finished with 0 Errors
INFO: [Vivado_Tcl 4-199] Please refer to the DRC report (report_drc) for more information.


Starting Routing Task
INFO: [Route 35-254] Multithreading enabled for route_design using a maximum of 8 CPUs

Phase 1 Build RT Design
Checksum: PlaceDB: 4139793a ConstDB: 0 ShapeSum: 2adb9730 RouteDB: 7e3e663f
Nodegraph reading from file.  Time (s): cpu = 00:00:00.33 ; elapsed = 00:00:00.35 . Memory (MB): peak = 5211.445 ; gain = 0.000 ; free physical = 33982 ; free virtual = 54795
WARNING: [Route 35-197] Clock port "ap_clk" does not have an associated HD.CLK_SRC. Without this constraint, timing analysis may not be accurate and upstream checks cannot be done to ensure correct clock placement.
WARNING: [Route 35-198] Port "ap_rst_n" does not have an associated HD.PARTPIN_LOCS, which will prevent the partial routing of the signal "ap_rst_n". Without this partial route, timing analysis to/from this port will not be accurate, and no routing information for this port can be exported.
WARNING: [Route 35-198] Port "s_axis_1_tdata[1]" does not have an associated HD.PARTPIN_LOCS, which will prevent the partial routing of the signal "s_axis_1_tdata[1]". Without this partial route, timing analysis to/from this port will not be accurate, and no routing information for this port can be exported.
WARNING: [Route 35-198] Port "s_axis_1_tdata[5]" does not have an associated HD.PARTPIN_LOCS, which will prevent the partial routing of the signal "s_axis_1_tdata[5]". Without this partial route, timing analysis to/from this port will not be accurate, and no routing information for this port can be exported.
WARNING: [Route 35-198] Port "s_axis_1_tdata[6]" does not have an associated HD.PARTPIN_LOCS, which will prevent the partial routing of the signal "s_axis_1_tdata[6]". Without this partial route, timing analysis to/from this port will not be accurate, and no routing information for this port can be exported.
WARNING: [Route 35-198] Port "s_axis_0_tdata[11]" does not have an associated HD.PARTPIN_LOCS, which will prevent the partial routing of the signal "s_axis_0_tdata[11]". Without this partial route, timing analysis to/from this port will not be accurate, and no routing information for this port can be exported.
WARNING: [Route 35-198] Port "s_axis_0_tvalid" does not have an associated HD.PARTPIN_LOCS, which will prevent the partial routing of the signal "s_axis_0_tvalid". Without this partial route, timing analysis to/from this port will not be accurate, and no routing information for this port can be exported.
WARNING: [Route 35-198] Port "s_axis_0_tdata[101]" does not have an associated HD.PARTPIN_LOCS, which will prevent the partial routing of the signal "s_axis_0_tdata[101]". Without this partial route, timing analysis to/from this port will not be accurate, and no routing information for this port can be exported.
WARNING: [Route 35-198] Port "s_axis_0_tdata[113]" does not have an associated HD.PARTPIN_LOCS, which will prevent the partial routing of the signal "s_axis_0_tdata[113]". Without this partial route, timing analysis to/from this port will not be accurate, and no routing information for this port can be exported.
WARNING: [Route 35-198] Port "s_axis_0_tdata[81]" does not have an associated HD.PARTPIN_LOCS, which will prevent the partial routing of the signal "s_axis_0_tdata[81]". Without this partial route, timing analysis to/from this port will not be accurate, and no routing information for this port can be exported.
WARNING: [Route 35-198] Port "s_axis_0_tdata[105]" does not have an associated HD.PARTPIN_LOCS, which will prevent the partial routing of the signal "s_axis_0_tdata[105]". Without this partial route, timing analysis to/from this port will not be accurate, and no routing information for this port can be exported.
WARNING: [Route 35-198] Port "s_axis_0_tdata[27]" does not have an associated HD.PARTPIN_LOCS, which will prevent the partial routing of the signal "s_axis_0_tdata[27]". Without this partial route, timing analysis to/from this port will not be accurate, and no routing information for this port can be exported.
WARNING: [Route 35-198] Port "s_axis_0_tdata[35]" does not have an associated HD.PARTPIN_LOCS, which will prevent the partial routing of the signal "s_axis_0_tdata[35]". Without this partial route, timing analysis to/from this port will not be accurate, and no routing information for this port can be exported.
WARNING: [Route 35-198] Port "s_axis_0_tdata[43]" does not have an associated HD.PARTPIN_LOCS, which will prevent the partial routing of the signal "s_axis_0_tdata[43]". Without this partial route, timing analysis to/from this port will not be accurate, and no routing information for this port can be exported.
WARNING: [Route 35-198] Port "s_axis_0_tdata[89]" does not have an associated HD.PARTPIN_LOCS, which will prevent the partial routing of the signal "s_axis_0_tdata[89]". Without this partial route, timing analysis to/from this port will not be accurate, and no routing information for this port can be exported.
WARNING: [Route 35-198] Port "s_axis_0_tdata[19]" does not have an associated HD.PARTPIN_LOCS, which will prevent the partial routing of the signal "s_axis_0_tdata[19]". Without this partial route, timing analysis to/from this port will not be accurate, and no routing information for this port can be exported.
WARNING: [Route 35-198] Port "s_axis_0_tdata[93]" does not have an associated HD.PARTPIN_LOCS, which will prevent the partial routing of the signal "s_axis_0_tdata[93]". Without this partial route, timing analysis to/from this port will not be accurate, and no routing information for this port can be exported.
WARNING: [Route 35-198] Port "s_axis_0_tdata[97]" does not have an associated HD.PARTPIN_LOCS, which will prevent the partial routing of the signal "s_axis_0_tdata[97]". Without this partial route, timing analysis to/from this port will not be accurate, and no routing information for this port can be exported.
WARNING: [Route 35-198] Port "s_axis_0_tdata[53]" does not have an associated HD.PARTPIN_LOCS, which will prevent the partial routing of the signal "s_axis_0_tdata[53]". Without this partial route, timing analysis to/from this port will not be accurate, and no routing information for this port can be exported.
WARNING: [Route 35-198] Port "s_axis_0_tdata[120]" does not have an associated HD.PARTPIN_LOCS, which will prevent the partial routing of the signal "s_axis_0_tdata[120]". Without this partial route, timing analysis to/from this port will not be accurate, and no routing information for this port can be exported.
WARNING: [Route 35-198] Port "s_axis_0_tdata[104]" does not have an associated HD.PARTPIN_LOCS, which will prevent the partial routing of the signal "s_axis_0_tdata[104]". Without this partial route, timing analysis to/from this port will not be accurate, and no routing information for this port can be exported.
WARNING: [Route 35-198] Port "s_axis_0_tdata[121]" does not have an associated HD.PARTPIN_LOCS, which will prevent the partial routing of the signal "s_axis_0_tdata[121]". Without this partial route, timing analysis to/from this port will not be accurate, and no routing information for this port can be exported.
WARNING: [Route 35-198] Port "s_axis_0_tdata[16]" does not have an associated HD.PARTPIN_LOCS, which will prevent the partial routing of the signal "s_axis_0_tdata[16]". Without this partial route, timing analysis to/from this port will not be accurate, and no routing information for this port can be exported.
WARNING: [Route 35-198] Port "s_axis_0_tdata[56]" does not have an associated HD.PARTPIN_LOCS, which will prevent the partial routing of the signal "s_axis_0_tdata[56]". Without this partial route, timing analysis to/from this port will not be accurate, and no routing information for this port can be exported.
WARNING: [Route 35-198] Port "s_axis_0_tdata[32]" does not have an associated HD.PARTPIN_LOCS, which will prevent the partial routing of the signal "s_axis_0_tdata[32]". Without this partial route, timing analysis to/from this port will not be accurate, and no routing information for this port can be exported.
WARNING: [Route 35-198] Port "s_axis_0_tdata[28]" does not have an associated HD.PARTPIN_LOCS, which will prevent the partial routing of the signal "s_axis_0_tdata[28]". Without this partial route, timing analysis to/from this port will not be accurate, and no routing information for this port can be exported.
WARNING: [Route 35-198] Port "s_axis_0_tdata[80]" does not have an associated HD.PARTPIN_LOCS, which will prevent the partial routing of the signal "s_axis_0_tdata[80]". Without this partial route, timing analysis to/from this port will not be accurate, and no routing information for this port can be exported.
WARNING: [Route 35-198] Port "s_axis_0_tdata[82]" does not have an associated HD.PARTPIN_LOCS, which will prevent the partial routing of the signal "s_axis_0_tdata[82]". Without this partial route, timing analysis to/from this port will not be accurate, and no routing information for this port can be exported.
WARNING: [Route 35-198] Port "s_axis_0_tdata[96]" does not have an associated HD.PARTPIN_LOCS, which will prevent the partial routing of the signal "s_axis_0_tdata[96]". Without this partial route, timing analysis to/from this port will not be accurate, and no routing information for this port can be exported.
WARNING: [Route 35-198] Port "s_axis_0_tdata[109]" does not have an associated HD.PARTPIN_LOCS, which will prevent the partial routing of the signal "s_axis_0_tdata[109]". Without this partial route, timing analysis to/from this port will not be accurate, and no routing information for this port can be exported.
WARNING: [Route 35-198] Port "s_axis_0_tdata[3]" does not have an associated HD.PARTPIN_LOCS, which will prevent the partial routing of the signal "s_axis_0_tdata[3]". Without this partial route, timing analysis to/from this port will not be accurate, and no routing information for this port can be exported.
WARNING: [Route 35-198] Port "s_axis_0_tdata[65]" does not have an associated HD.PARTPIN_LOCS, which will prevent the partial routing of the signal "s_axis_0_tdata[65]". Without this partial route, timing analysis to/from this port will not be accurate, and no routing information for this port can be exported.
WARNING: [Route 35-198] Port "s_axis_0_tdata[73]" does not have an associated HD.PARTPIN_LOCS, which will prevent the partial routing of the signal "s_axis_0_tdata[73]". Without this partial route, timing analysis to/from this port will not be accurate, and no routing information for this port can be exported.
WARNING: [Route 35-198] Port "s_axis_0_tdata[117]" does not have an associated HD.PARTPIN_LOCS, which will prevent the partial routing of the signal "s_axis_0_tdata[117]". Without this partial route, timing analysis to/from this port will not be accurate, and no routing information for this port can be exported.
WARNING: [Route 35-198] Port "s_axis_0_tdata[49]" does not have an associated HD.PARTPIN_LOCS, which will prevent the partial routing of the signal "s_axis_0_tdata[49]". Without this partial route, timing analysis to/from this port will not be accurate, and no routing information for this port can be exported.
WARNING: [Route 35-198] Port "s_axis_0_tdata[60]" does not have an associated HD.PARTPIN_LOCS, which will prevent the partial routing of the signal "s_axis_0_tdata[60]". Without this partial route, timing analysis to/from this port will not be accurate, and no routing information for this port can be exported.
WARNING: [Route 35-198] Port "s_axis_0_tdata[88]" does not have an associated HD.PARTPIN_LOCS, which will prevent the partial routing of the signal "s_axis_0_tdata[88]". Without this partial route, timing analysis to/from this port will not be accurate, and no routing information for this port can be exported.
WARNING: [Route 35-198] Port "s_axis_0_tdata[48]" does not have an associated HD.PARTPIN_LOCS, which will prevent the partial routing of the signal "s_axis_0_tdata[48]". Without this partial route, timing analysis to/from this port will not be accurate, and no routing information for this port can be exported.
WARNING: [Route 35-198] Port "s_axis_0_tdata[23]" does not have an associated HD.PARTPIN_LOCS, which will prevent the partial routing of the signal "s_axis_0_tdata[23]". Without this partial route, timing analysis to/from this port will not be accurate, and no routing information for this port can be exported.
WARNING: [Route 35-198] Port "s_axis_0_tdata[24]" does not have an associated HD.PARTPIN_LOCS, which will prevent the partial routing of the signal "s_axis_0_tdata[24]". Without this partial route, timing analysis to/from this port will not be accurate, and no routing information for this port can be exported.
WARNING: [Route 35-198] Port "s_axis_0_tdata[40]" does not have an associated HD.PARTPIN_LOCS, which will prevent the partial routing of the signal "s_axis_0_tdata[40]". Without this partial route, timing analysis to/from this port will not be accurate, and no routing information for this port can be exported.
WARNING: [Route 35-198] Port "s_axis_0_tdata[44]" does not have an associated HD.PARTPIN_LOCS, which will prevent the partial routing of the signal "s_axis_0_tdata[44]". Without this partial route, timing analysis to/from this port will not be accurate, and no routing information for this port can be exported.
WARNING: [Route 35-198] Port "s_axis_0_tdata[36]" does not have an associated HD.PARTPIN_LOCS, which will prevent the partial routing of the signal "s_axis_0_tdata[36]". Without this partial route, timing analysis to/from this port will not be accurate, and no routing information for this port can be exported.
WARNING: [Route 35-198] Port "s_axis_0_tdata[85]" does not have an associated HD.PARTPIN_LOCS, which will prevent the partial routing of the signal "s_axis_0_tdata[85]". Without this partial route, timing analysis to/from this port will not be accurate, and no routing information for this port can be exported.
WARNING: [Route 35-198] Port "s_axis_0_tdata[125]" does not have an associated HD.PARTPIN_LOCS, which will prevent the partial routing of the signal "s_axis_0_tdata[125]". Without this partial route, timing analysis to/from this port will not be accurate, and no routing information for this port can be exported.
WARNING: [Route 35-198] Port "s_axis_0_tdata[111]" does not have an associated HD.PARTPIN_LOCS, which will prevent the partial routing of the signal "s_axis_0_tdata[111]". Without this partial route, timing analysis to/from this port will not be accurate, and no routing information for this port can be exported.
WARNING: [Route 35-198] Port "s_axis_0_tdata[7]" does not have an associated HD.PARTPIN_LOCS, which will prevent the partial routing of the signal "s_axis_0_tdata[7]". Without this partial route, timing analysis to/from this port will not be accurate, and no routing information for this port can be exported.
WARNING: [Route 35-198] Port "s_axis_0_tdata[20]" does not have an associated HD.PARTPIN_LOCS, which will prevent the partial routing of the signal "s_axis_0_tdata[20]". Without this partial route, timing analysis to/from this port will not be accurate, and no routing information for this port can be exported.
WARNING: [Route 35-198] Port "s_axis_0_tdata[63]" does not have an associated HD.PARTPIN_LOCS, which will prevent the partial routing of the signal "s_axis_0_tdata[63]". Without this partial route, timing analysis to/from this port will not be accurate, and no routing information for this port can be exported.
WARNING: [Route 35-198] Port "s_axis_0_tdata[75]" does not have an associated HD.PARTPIN_LOCS, which will prevent the partial routing of the signal "s_axis_0_tdata[75]". Without this partial route, timing analysis to/from this port will not be accurate, and no routing information for this port can be exported.
WARNING: [Route 35-198] Port "s_axis_0_tdata[12]" does not have an associated HD.PARTPIN_LOCS, which will prevent the partial routing of the signal "s_axis_0_tdata[12]". Without this partial route, timing analysis to/from this port will not be accurate, and no routing information for this port can be exported.
WARNING: [Route 35-198] Port "s_axis_0_tdata[45]" does not have an associated HD.PARTPIN_LOCS, which will prevent the partial routing of the signal "s_axis_0_tdata[45]". Without this partial route, timing analysis to/from this port will not be accurate, and no routing information for this port can be exported.
WARNING: [Route 35-198] Port "s_axis_0_tdata[61]" does not have an associated HD.PARTPIN_LOCS, which will prevent the partial routing of the signal "s_axis_0_tdata[61]". Without this partial route, timing analysis to/from this port will not be accurate, and no routing information for this port can be exported.
WARNING: [Route 35-198] Port "s_axis_0_tdata[4]" does not have an associated HD.PARTPIN_LOCS, which will prevent the partial routing of the signal "s_axis_0_tdata[4]". Without this partial route, timing analysis to/from this port will not be accurate, and no routing information for this port can be exported.
WARNING: [Route 35-198] Port "s_axis_0_tdata[57]" does not have an associated HD.PARTPIN_LOCS, which will prevent the partial routing of the signal "s_axis_0_tdata[57]". Without this partial route, timing analysis to/from this port will not be accurate, and no routing information for this port can be exported.
WARNING: [Route 35-198] Port "s_axis_0_tdata[68]" does not have an associated HD.PARTPIN_LOCS, which will prevent the partial routing of the signal "s_axis_0_tdata[68]". Without this partial route, timing analysis to/from this port will not be accurate, and no routing information for this port can be exported.
WARNING: [Route 35-198] Port "s_axis_0_tdata[0]" does not have an associated HD.PARTPIN_LOCS, which will prevent the partial routing of the signal "s_axis_0_tdata[0]". Without this partial route, timing analysis to/from this port will not be accurate, and no routing information for this port can be exported.
WARNING: [Route 35-198] Port "s_axis_0_tdata[9]" does not have an associated HD.PARTPIN_LOCS, which will prevent the partial routing of the signal "s_axis_0_tdata[9]". Without this partial route, timing analysis to/from this port will not be accurate, and no routing information for this port can be exported.
WARNING: [Route 35-198] Port "m_axis_0_tready" does not have an associated HD.PARTPIN_LOCS, which will prevent the partial routing of the signal "m_axis_0_tready". Without this partial route, timing analysis to/from this port will not be accurate, and no routing information for this port can be exported.
WARNING: [Route 35-198] Port "s_axis_0_tdata[127]" does not have an associated HD.PARTPIN_LOCS, which will prevent the partial routing of the signal "s_axis_0_tdata[127]". Without this partial route, timing analysis to/from this port will not be accurate, and no routing information for this port can be exported.
WARNING: [Route 35-198] Port "s_axis_0_tdata[72]" does not have an associated HD.PARTPIN_LOCS, which will prevent the partial routing of the signal "s_axis_0_tdata[72]". Without this partial route, timing analysis to/from this port will not be accurate, and no routing information for this port can be exported.
WARNING: [Route 35-198] Port "s_axis_0_tdata[98]" does not have an associated HD.PARTPIN_LOCS, which will prevent the partial routing of the signal "s_axis_0_tdata[98]". Without this partial route, timing analysis to/from this port will not be accurate, and no routing information for this port can be exported.
WARNING: [Route 35-198] Port "s_axis_0_tdata[119]" does not have an associated HD.PARTPIN_LOCS, which will prevent the partial routing of the signal "s_axis_0_tdata[119]". Without this partial route, timing analysis to/from this port will not be accurate, and no routing information for this port can be exported.
WARNING: [Route 35-198] Port "s_axis_0_tdata[64]" does not have an associated HD.PARTPIN_LOCS, which will prevent the partial routing of the signal "s_axis_0_tdata[64]". Without this partial route, timing analysis to/from this port will not be accurate, and no routing information for this port can be exported.
WARNING: [Route 35-198] Port "s_axis_0_tdata[87]" does not have an associated HD.PARTPIN_LOCS, which will prevent the partial routing of the signal "s_axis_0_tdata[87]". Without this partial route, timing analysis to/from this port will not be accurate, and no routing information for this port can be exported.
WARNING: [Route 35-198] Port "s_axis_0_tdata[95]" does not have an associated HD.PARTPIN_LOCS, which will prevent the partial routing of the signal "s_axis_0_tdata[95]". Without this partial route, timing analysis to/from this port will not be accurate, and no routing information for this port can be exported.
WARNING: [Route 35-198] Port "s_axis_0_tdata[112]" does not have an associated HD.PARTPIN_LOCS, which will prevent the partial routing of the signal "s_axis_0_tdata[112]". Without this partial route, timing analysis to/from this port will not be accurate, and no routing information for this port can be exported.
WARNING: [Route 35-198] Port "s_axis_0_tdata[122]" does not have an associated HD.PARTPIN_LOCS, which will prevent the partial routing of the signal "s_axis_0_tdata[122]". Without this partial route, timing analysis to/from this port will not be accurate, and no routing information for this port can be exported.
WARNING: [Route 35-198] Port "s_axis_0_tdata[86]" does not have an associated HD.PARTPIN_LOCS, which will prevent the partial routing of the signal "s_axis_0_tdata[86]". Without this partial route, timing analysis to/from this port will not be accurate, and no routing information for this port can be exported.
WARNING: [Route 35-198] Port "s_axis_0_tdata[66]" does not have an associated HD.PARTPIN_LOCS, which will prevent the partial routing of the signal "s_axis_0_tdata[66]". Without this partial route, timing analysis to/from this port will not be accurate, and no routing information for this port can be exported.
WARNING: [Route 35-198] Port "s_axis_0_tdata[79]" does not have an associated HD.PARTPIN_LOCS, which will prevent the partial routing of the signal "s_axis_0_tdata[79]". Without this partial route, timing analysis to/from this port will not be accurate, and no routing information for this port can be exported.
WARNING: [Route 35-198] Port "s_axis_0_tdata[58]" does not have an associated HD.PARTPIN_LOCS, which will prevent the partial routing of the signal "s_axis_0_tdata[58]". Without this partial route, timing analysis to/from this port will not be accurate, and no routing information for this port can be exported.
WARNING: [Route 35-198] Port "s_axis_0_tdata[31]" does not have an associated HD.PARTPIN_LOCS, which will prevent the partial routing of the signal "s_axis_0_tdata[31]". Without this partial route, timing analysis to/from this port will not be accurate, and no routing information for this port can be exported.
WARNING: [Route 35-198] Port "s_axis_0_tdata[47]" does not have an associated HD.PARTPIN_LOCS, which will prevent the partial routing of the signal "s_axis_0_tdata[47]". Without this partial route, timing analysis to/from this port will not be accurate, and no routing information for this port can be exported.
WARNING: [Route 35-198] Port "s_axis_0_tdata[52]" does not have an associated HD.PARTPIN_LOCS, which will prevent the partial routing of the signal "s_axis_0_tdata[52]". Without this partial route, timing analysis to/from this port will not be accurate, and no routing information for this port can be exported.
WARNING: [Route 35-198] Port "s_axis_0_tdata[59]" does not have an associated HD.PARTPIN_LOCS, which will prevent the partial routing of the signal "s_axis_0_tdata[59]". Without this partial route, timing analysis to/from this port will not be accurate, and no routing information for this port can be exported.
WARNING: [Route 35-198] Port "s_axis_0_tdata[37]" does not have an associated HD.PARTPIN_LOCS, which will prevent the partial routing of the signal "s_axis_0_tdata[37]". Without this partial route, timing analysis to/from this port will not be accurate, and no routing information for this port can be exported.
WARNING: [Route 35-198] Port "s_axis_0_tdata[83]" does not have an associated HD.PARTPIN_LOCS, which will prevent the partial routing of the signal "s_axis_0_tdata[83]". Without this partial route, timing analysis to/from this port will not be accurate, and no routing information for this port can be exported.
WARNING: [Route 35-198] Port "s_axis_0_tdata[84]" does not have an associated HD.PARTPIN_LOCS, which will prevent the partial routing of the signal "s_axis_0_tdata[84]". Without this partial route, timing analysis to/from this port will not be accurate, and no routing information for this port can be exported.
WARNING: [Route 35-198] Port "s_axis_0_tdata[76]" does not have an associated HD.PARTPIN_LOCS, which will prevent the partial routing of the signal "s_axis_0_tdata[76]". Without this partial route, timing analysis to/from this port will not be accurate, and no routing information for this port can be exported.
WARNING: [Route 35-198] Port "s_axis_0_tdata[103]" does not have an associated HD.PARTPIN_LOCS, which will prevent the partial routing of the signal "s_axis_0_tdata[103]". Without this partial route, timing analysis to/from this port will not be accurate, and no routing information for this port can be exported.
WARNING: [Route 35-198] Port "s_axis_0_tdata[71]" does not have an associated HD.PARTPIN_LOCS, which will prevent the partial routing of the signal "s_axis_0_tdata[71]". Without this partial route, timing analysis to/from this port will not be accurate, and no routing information for this port can be exported.
WARNING: [Route 35-198] Port "s_axis_0_tdata[74]" does not have an associated HD.PARTPIN_LOCS, which will prevent the partial routing of the signal "s_axis_0_tdata[74]". Without this partial route, timing analysis to/from this port will not be accurate, and no routing information for this port can be exported.
WARNING: [Route 35-198] Port "s_axis_0_tdata[38]" does not have an associated HD.PARTPIN_LOCS, which will prevent the partial routing of the signal "s_axis_0_tdata[38]". Without this partial route, timing analysis to/from this port will not be accurate, and no routing information for this port can be exported.
WARNING: [Route 35-198] Port "s_axis_0_tdata[126]" does not have an associated HD.PARTPIN_LOCS, which will prevent the partial routing of the signal "s_axis_0_tdata[126]". Without this partial route, timing analysis to/from this port will not be accurate, and no routing information for this port can be exported.
WARNING: [Route 35-198] Port "s_axis_0_tdata[90]" does not have an associated HD.PARTPIN_LOCS, which will prevent the partial routing of the signal "s_axis_0_tdata[90]". Without this partial route, timing analysis to/from this port will not be accurate, and no routing information for this port can be exported.
WARNING: [Route 35-198] Port "s_axis_0_tdata[69]" does not have an associated HD.PARTPIN_LOCS, which will prevent the partial routing of the signal "s_axis_0_tdata[69]". Without this partial route, timing analysis to/from this port will not be accurate, and no routing information for this port can be exported.
WARNING: [Route 35-198] Port "s_axis_0_tdata[77]" does not have an associated HD.PARTPIN_LOCS, which will prevent the partial routing of the signal "s_axis_0_tdata[77]". Without this partial route, timing analysis to/from this port will not be accurate, and no routing information for this port can be exported.
WARNING: [Route 35-198] Port "s_axis_0_tdata[18]" does not have an associated HD.PARTPIN_LOCS, which will prevent the partial routing of the signal "s_axis_0_tdata[18]". Without this partial route, timing analysis to/from this port will not be accurate, and no routing information for this port can be exported.
WARNING: [Route 35-198] Port "s_axis_0_tdata[15]" does not have an associated HD.PARTPIN_LOCS, which will prevent the partial routing of the signal "s_axis_0_tdata[15]". Without this partial route, timing analysis to/from this port will not be accurate, and no routing information for this port can be exported.
WARNING: [Route 35-198] Port "s_axis_0_tdata[106]" does not have an associated HD.PARTPIN_LOCS, which will prevent the partial routing of the signal "s_axis_0_tdata[106]". Without this partial route, timing analysis to/from this port will not be accurate, and no routing information for this port can be exported.
WARNING: [Route 35-198] Port "s_axis_0_tdata[1]" does not have an associated HD.PARTPIN_LOCS, which will prevent the partial routing of the signal "s_axis_0_tdata[1]". Without this partial route, timing analysis to/from this port will not be accurate, and no routing information for this port can be exported.
WARNING: [Route 35-198] Port "s_axis_0_tdata[33]" does not have an associated HD.PARTPIN_LOCS, which will prevent the partial routing of the signal "s_axis_0_tdata[33]". Without this partial route, timing analysis to/from this port will not be accurate, and no routing information for this port can be exported.
WARNING: [Route 35-198] Port "s_axis_0_tdata[107]" does not have an associated HD.PARTPIN_LOCS, which will prevent the partial routing of the signal "s_axis_0_tdata[107]". Without this partial route, timing analysis to/from this port will not be accurate, and no routing information for this port can be exported.
WARNING: [Route 35-198] Port "s_axis_0_tdata[10]" does not have an associated HD.PARTPIN_LOCS, which will prevent the partial routing of the signal "s_axis_0_tdata[10]". Without this partial route, timing analysis to/from this port will not be accurate, and no routing information for this port can be exported.
WARNING: [Route 35-198] Port "s_axis_0_tdata[34]" does not have an associated HD.PARTPIN_LOCS, which will prevent the partial routing of the signal "s_axis_0_tdata[34]". Without this partial route, timing analysis to/from this port will not be accurate, and no routing information for this port can be exported.
WARNING: [Route 35-198] Port "s_axis_0_tdata[39]" does not have an associated HD.PARTPIN_LOCS, which will prevent the partial routing of the signal "s_axis_0_tdata[39]". Without this partial route, timing analysis to/from this port will not be accurate, and no routing information for this port can be exported.
WARNING: [Route 35-198] Port "s_axis_0_tdata[50]" does not have an associated HD.PARTPIN_LOCS, which will prevent the partial routing of the signal "s_axis_0_tdata[50]". Without this partial route, timing analysis to/from this port will not be accurate, and no routing information for this port can be exported.
WARNING: [Route 35-198] Port "s_axis_0_tdata[22]" does not have an associated HD.PARTPIN_LOCS, which will prevent the partial routing of the signal "s_axis_0_tdata[22]". Without this partial route, timing analysis to/from this port will not be accurate, and no routing information for this port can be exported.
WARNING: [Route 35-198] Port "s_axis_0_tdata[94]" does not have an associated HD.PARTPIN_LOCS, which will prevent the partial routing of the signal "s_axis_0_tdata[94]". Without this partial route, timing analysis to/from this port will not be accurate, and no routing information for this port can be exported.
WARNING: [Route 35-198] Port "s_axis_0_tdata[2]" does not have an associated HD.PARTPIN_LOCS, which will prevent the partial routing of the signal "s_axis_0_tdata[2]". Without this partial route, timing analysis to/from this port will not be accurate, and no routing information for this port can be exported.
INFO: [Common 17-14] Message 'Route 35-198' appears 100 times and further instances of the messages will be disabled. Use the Tcl command set_msg_config to change the current settings.
Post Restoration Checksum: NetGraph: 914544fa NumContArr: 76995c67 Constraints: cad580c4 Timing: 0
Phase 1 Build RT Design | Checksum: 1d2b42225

Time (s): cpu = 00:00:46 ; elapsed = 00:00:09 . Memory (MB): peak = 5211.445 ; gain = 0.000 ; free physical = 34044 ; free virtual = 54857

Phase 2 Router Initialization

Phase 2.1 Fix Topology Constraints
Phase 2.1 Fix Topology Constraints | Checksum: 1d2b42225

Time (s): cpu = 00:00:46 ; elapsed = 00:00:10 . Memory (MB): peak = 5211.445 ; gain = 0.000 ; free physical = 34022 ; free virtual = 54834

Phase 2.2 Pre Route Cleanup
Phase 2.2 Pre Route Cleanup | Checksum: 1d2b42225

Time (s): cpu = 00:00:47 ; elapsed = 00:00:10 . Memory (MB): peak = 5211.445 ; gain = 0.000 ; free physical = 34031 ; free virtual = 54844

Phase 2.3 Global Clock Net Routing
 Number of Nodes with overlaps = 0
Phase 2.3 Global Clock Net Routing | Checksum: f5374fdc

Time (s): cpu = 00:00:49 ; elapsed = 00:00:11 . Memory (MB): peak = 5211.445 ; gain = 0.000 ; free physical = 33968 ; free virtual = 54781

Phase 2.4 Update Timing
Phase 2.4 Update Timing | Checksum: 22e972576

Time (s): cpu = 00:01:07 ; elapsed = 00:00:18 . Memory (MB): peak = 5211.445 ; gain = 0.000 ; free physical = 33959 ; free virtual = 54772
INFO: [Route 35-416] Intermediate Timing Summary | WNS=3.261  | TNS=0.000  | WHS=-0.003 | THS=-0.017 |


Router Utilization Summary
  Global Vertical Routing Utilization    = 0.000158928 %
  Global Horizontal Routing Utilization  = 8.20856e-05 %
  Routable Net Status*
  *Does not include unroutable nets such as driverless and loadless.
  Run report_route_status for detailed report.
  Number of Failed Nets               = 73088
    (Failed Nets is the sum of unrouted and partially routed nets)
  Number of Unrouted Nets             = 68154
  Number of Partially Routed Nets     = 4934
  Number of Node Overlaps             = 1

Phase 2 Router Initialization | Checksum: 1c22a3e75

Time (s): cpu = 00:01:34 ; elapsed = 00:00:27 . Memory (MB): peak = 5256.730 ; gain = 45.285 ; free physical = 33932 ; free virtual = 54745

Phase 3 Initial Routing

Phase 3.1 Global Routing
Phase 3.1 Global Routing | Checksum: 1c22a3e75

Time (s): cpu = 00:01:34 ; elapsed = 00:00:27 . Memory (MB): peak = 5256.730 ; gain = 45.285 ; free physical = 33931 ; free virtual = 54745
Phase 3 Initial Routing | Checksum: 27522c6c7

Time (s): cpu = 00:02:01 ; elapsed = 00:00:37 . Memory (MB): peak = 5276.730 ; gain = 65.285 ; free physical = 34006 ; free virtual = 54819

Phase 4 Rip-up And Reroute

Phase 4.1 Global Iteration 0
 Number of Nodes with overlaps = 23274
INFO: [Route 35-443] CLB routing congestion detected. Several CLBs have high routing utilization, which can impact timing closure. Congested CLBs and Nets are dumped in: iter_7_CongestedCLBsAndNets.txt
 Number of Nodes with overlaps = 1735
 Number of Nodes with overlaps = 201
 Number of Nodes with overlaps = 49
 Number of Nodes with overlaps = 18
 Number of Nodes with overlaps = 11
 Number of Nodes with overlaps = 5
 Number of Nodes with overlaps = 2
 Number of Nodes with overlaps = 1
 Number of Nodes with overlaps = 0
INFO: [Route 35-416] Intermediate Timing Summary | WNS=2.661  | TNS=0.000  | WHS=0.015  | THS=0.000  |

Phase 4.1 Global Iteration 0 | Checksum: 274b0fe7a

Time (s): cpu = 00:05:36 ; elapsed = 00:02:28 . Memory (MB): peak = 5292.738 ; gain = 81.293 ; free physical = 34056 ; free virtual = 54870

Phase 4.2 Additional Iteration for Hold
Phase 4.2 Additional Iteration for Hold | Checksum: 1d697874f

Time (s): cpu = 00:05:37 ; elapsed = 00:02:28 . Memory (MB): peak = 5292.738 ; gain = 81.293 ; free physical = 34082 ; free virtual = 54896
Phase 4 Rip-up And Reroute | Checksum: 1d697874f

Time (s): cpu = 00:05:37 ; elapsed = 00:02:29 . Memory (MB): peak = 5292.738 ; gain = 81.293 ; free physical = 34082 ; free virtual = 54896

Phase 5 Delay and Skew Optimization

Phase 5.1 Delay CleanUp
Phase 5.1 Delay CleanUp | Checksum: 1d697874f

Time (s): cpu = 00:05:38 ; elapsed = 00:02:29 . Memory (MB): peak = 5292.738 ; gain = 81.293 ; free physical = 34083 ; free virtual = 54897

Phase 5.2 Clock Skew Optimization
Phase 5.2 Clock Skew Optimization | Checksum: 1d697874f

Time (s): cpu = 00:05:38 ; elapsed = 00:02:29 . Memory (MB): peak = 5292.738 ; gain = 81.293 ; free physical = 34083 ; free virtual = 54897
Phase 5 Delay and Skew Optimization | Checksum: 1d697874f

Time (s): cpu = 00:05:38 ; elapsed = 00:02:29 . Memory (MB): peak = 5292.738 ; gain = 81.293 ; free physical = 34082 ; free virtual = 54896

Phase 6 Post Hold Fix

Phase 6.1 Hold Fix Iter

Phase 6.1.1 Update Timing
Phase 6.1.1 Update Timing | Checksum: 1fa3dbc22

Time (s): cpu = 00:05:56 ; elapsed = 00:02:35 . Memory (MB): peak = 5292.738 ; gain = 81.293 ; free physical = 34097 ; free virtual = 54911
INFO: [Route 35-416] Intermediate Timing Summary | WNS=2.661  | TNS=0.000  | WHS=0.015  | THS=0.000  |

Phase 6.1 Hold Fix Iter | Checksum: 1fa3dbc22

Time (s): cpu = 00:05:56 ; elapsed = 00:02:36 . Memory (MB): peak = 5292.738 ; gain = 81.293 ; free physical = 34097 ; free virtual = 54911
Phase 6 Post Hold Fix | Checksum: 1fa3dbc22

Time (s): cpu = 00:05:56 ; elapsed = 00:02:36 . Memory (MB): peak = 5292.738 ; gain = 81.293 ; free physical = 34097 ; free virtual = 54911

Phase 7 Leaf Clock Prog Delay Opt
Phase 7 Leaf Clock Prog Delay Opt | Checksum: 2674a20a3

Time (s): cpu = 00:06:14 ; elapsed = 00:02:42 . Memory (MB): peak = 5292.738 ; gain = 81.293 ; free physical = 34066 ; free virtual = 54880

Phase 8 Route finalize

Router Utilization Summary
  Global Vertical Routing Utilization    = 21.9323 %
  Global Horizontal Routing Utilization  = 22.4162 %
  Routable Net Status*
  *Does not include unroutable nets such as driverless and loadless.
  Run report_route_status for detailed report.
  Number of Failed Nets               = 0
    (Failed Nets is the sum of unrouted and partially routed nets)
  Number of Unrouted Nets             = 0
  Number of Partially Routed Nets     = 0
  Number of Node Overlaps             = 0

Phase 8 Route finalize | Checksum: 2656db620

Time (s): cpu = 00:06:15 ; elapsed = 00:02:42 . Memory (MB): peak = 5292.738 ; gain = 81.293 ; free physical = 34075 ; free virtual = 54889

Phase 9 Verifying routed nets

 Verification completed successfully
Phase 9 Verifying routed nets | Checksum: 2656db620

Time (s): cpu = 00:06:15 ; elapsed = 00:02:43 . Memory (MB): peak = 5292.738 ; gain = 81.293 ; free physical = 34102 ; free virtual = 54917

Phase 10 Depositing Routes
Phase 10 Depositing Routes | Checksum: 2656db620

Time (s): cpu = 00:06:22 ; elapsed = 00:02:48 . Memory (MB): peak = 5292.738 ; gain = 81.293 ; free physical = 34085 ; free virtual = 54899

Phase 11 Resolve XTalk
Phase 11 Resolve XTalk | Checksum: 2656db620

Time (s): cpu = 00:06:23 ; elapsed = 00:02:49 . Memory (MB): peak = 5292.738 ; gain = 81.293 ; free physical = 34070 ; free virtual = 54884

Phase 12 Post Router Timing
INFO: [Route 35-57] Estimated Timing Summary | WNS=2.661  | TNS=0.000  | WHS=0.015  | THS=0.000  |

INFO: [Route 35-327] The final timing numbers are based on the router estimated timing analysis. For a complete and accurate timing signoff, please run report_timing_summary.
Phase 12 Post Router Timing | Checksum: 2656db620

Time (s): cpu = 00:06:27 ; elapsed = 00:02:50 . Memory (MB): peak = 5292.738 ; gain = 81.293 ; free physical = 34082 ; free virtual = 54896
INFO: [Route 35-16] Router Completed Successfully

Time (s): cpu = 00:06:27 ; elapsed = 00:02:50 . Memory (MB): peak = 5292.738 ; gain = 81.293 ; free physical = 34157 ; free virtual = 54971

Routing Is Done.
INFO: [Common 17-83] Releasing license: Implementation
107 Infos, 102 Warnings, 0 Critical Warnings and 0 Errors encountered.
route_design completed successfully
route_design: Time (s): cpu = 00:06:35 ; elapsed = 00:02:54 . Memory (MB): peak = 5292.738 ; gain = 81.293 ; free physical = 34157 ; free virtual = 54971
INFO: [Timing 38-480] Writing timing data to binary archive.
Writing XDEF routing.
Writing XDEF routing logical nets.
Writing XDEF routing special nets.
Write XDEF Complete: Time (s): cpu = 00:00:15 ; elapsed = 00:00:06 . Memory (MB): peak = 5292.738 ; gain = 0.000 ; free physical = 33912 ; free virtual = 54876
INFO: [Common 17-1381] The checkpoint '/tmp/finn_dev_samu/synth_out_of_context_fg51qaeo/results_finn_design_wrapper/vivadocompile/vivadocompile.runs/impl_1/finn_design_wrapper_routed.dcp' has been generated.
write_checkpoint: Time (s): cpu = 00:00:29 ; elapsed = 00:00:14 . Memory (MB): peak = 5300.742 ; gain = 8.004 ; free physical = 33904 ; free virtual = 54766
INFO: [runtcl-4] Executing : report_drc -file finn_design_wrapper_drc_routed.rpt -pb finn_design_wrapper_drc_routed.pb -rpx finn_design_wrapper_drc_routed.rpx
Command: report_drc -file finn_design_wrapper_drc_routed.rpt -pb finn_design_wrapper_drc_routed.pb -rpx finn_design_wrapper_drc_routed.rpx
INFO: [IP_Flow 19-1839] IP Catalog is up to date.
INFO: [DRC 23-27] Running DRC with 8 threads
INFO: [Vivado_Tcl 2-168] The results of DRC are in file /tmp/finn_dev_samu/synth_out_of_context_fg51qaeo/results_finn_design_wrapper/vivadocompile/vivadocompile.runs/impl_1/finn_design_wrapper_drc_routed.rpt.
report_drc completed successfully
INFO: [runtcl-4] Executing : report_methodology -file finn_design_wrapper_methodology_drc_routed.rpt -pb finn_design_wrapper_methodology_drc_routed.pb -rpx finn_design_wrapper_methodology_drc_routed.rpx
Command: report_methodology -file finn_design_wrapper_methodology_drc_routed.rpt -pb finn_design_wrapper_methodology_drc_routed.pb -rpx finn_design_wrapper_methodology_drc_routed.rpx
INFO: [Timing 38-35] Done setting XDC timing constraints.
WARNING: [Timing 38-242] The property HD.CLK_SRC of clock port "ap_clk" is not set. In out-of-context mode, this prevents timing estimation for clock delay/skew
Resolution: Set the HD.CLK_SRC property of the out-of-context port to the location of the clock buffer instance in the top-level design
INFO: [DRC 23-133] Running Methodology with 8 threads
INFO: [Vivado_Tcl 2-1520] The results of Report Methodology are in file /tmp/finn_dev_samu/synth_out_of_context_fg51qaeo/results_finn_design_wrapper/vivadocompile/vivadocompile.runs/impl_1/finn_design_wrapper_methodology_drc_routed.rpt.
report_methodology completed successfully
report_methodology: Time (s): cpu = 00:00:43 ; elapsed = 00:00:11 . Memory (MB): peak = 5420.934 ; gain = 0.000 ; free physical = 33842 ; free virtual = 54704
INFO: [runtcl-4] Executing : report_power -file finn_design_wrapper_power_routed.rpt -pb finn_design_wrapper_power_summary_routed.pb -rpx finn_design_wrapper_power_routed.rpx
Command: report_power -file finn_design_wrapper_power_routed.rpt -pb finn_design_wrapper_power_summary_routed.pb -rpx finn_design_wrapper_power_routed.rpx
INFO: [Timing 38-35] Done setting XDC timing constraints.
Running Vector-less Activity Propagation...

Finished Running Vector-less Activity Propagation
WARNING: [Power 33-332] Found switching activity that implies high-fanout reset nets being asserted for excessive periods of time which may result in inaccurate power analysis.
Resolution: To review and fix problems, please run Power Constraints Advisor in the GUI from Tools > Power Constraints Advisor or run report_power with the -advisory option to generate a text report.
119 Infos, 104 Warnings, 0 Critical Warnings and 0 Errors encountered.
report_power completed successfully
report_power: Time (s): cpu = 00:00:36 ; elapsed = 00:00:12 . Memory (MB): peak = 5464.547 ; gain = 43.613 ; free physical = 33696 ; free virtual = 54570
INFO: [runtcl-4] Executing : report_route_status -file finn_design_wrapper_route_status.rpt -pb finn_design_wrapper_route_status.pb
INFO: [runtcl-4] Executing : report_timing_summary -max_paths 10 -report_unconstrained -file finn_design_wrapper_timing_summary_routed.rpt -pb finn_design_wrapper_timing_summary_routed.pb -rpx finn_design_wrapper_timing_summary_routed.rpx -warn_on_violation 
INFO: [Timing 38-91] UpdateTimingParams: Speed grade: -1, Temperature grade: E, Delay Type: min_max.
INFO: [Timing 38-191] Multithreading enabled for timing update using a maximum of 8 CPUs
INFO: [runtcl-4] Executing : report_incremental_reuse -file finn_design_wrapper_incremental_reuse_routed.rpt
INFO: [Vivado_Tcl 4-1062] Incremental flow is disabled. No incremental reuse Info to report.
INFO: [runtcl-4] Executing : report_clock_utilization -file finn_design_wrapper_clock_utilization_routed.rpt
INFO: [runtcl-4] Executing : report_bus_skew -warn_on_violation -file finn_design_wrapper_bus_skew_routed.rpt -pb finn_design_wrapper_bus_skew_routed.pb -rpx finn_design_wrapper_bus_skew_routed.rpx
INFO: [Timing 38-91] UpdateTimingParams: Speed grade: -1, Temperature grade: E, Delay Type: min_max.
INFO: [Timing 38-191] Multithreading enabled for timing update using a maximum of 8 CPUs
INFO: [Common 17-206] Exiting Vivado at Tue Jun  9 02:02:03 2026...
[Tue Jun  9 02:02:18 2026] impl_1 finished
wait_on_runs: Time (s): cpu = 00:05:15 ; elapsed = 00:14:28 . Memory (MB): peak = 1747.656 ; gain = 0.000 ; free physical = 37854 ; free virtual = 58728
# open_run impl_1
INFO: [Device 21-403] Loading part xczu3eg-sbva484-1-e
Netlist sorting complete. Time (s): cpu = 00:00:00.54 ; elapsed = 00:00:00.53 . Memory (MB): peak = 2642.805 ; gain = 0.000 ; free physical = 36699 ; free virtual = 57573
INFO: [Netlist 29-17] Analyzing 6495 Unisim elements for replacement
INFO: [Netlist 29-28] Unisim Transformation completed in 1 CPU seconds
INFO: [Project 1-479] Netlist was created with Vivado 2022.2
INFO: [Project 1-570] Preparing netlist for logic optimization
INFO: [Timing 38-478] Restoring timing data from binary archive.
INFO: [Timing 38-479] Binary timing data restore complete.
INFO: [Project 1-856] Restoring constraints from binary archive.
INFO: [Project 1-853] Binary constraint restore complete.
Reading XDEF placement.
Reading placer database...
Reading XDEF routing.
Read XDEF Files: Time (s): cpu = 00:00:07 ; elapsed = 00:00:07 . Memory (MB): peak = 3487.680 ; gain = 117.961 ; free physical = 36054 ; free virtual = 56929
Restored from archive | CPU: 6.770000 secs | Memory: 113.619759 MB |
Finished XDEF File Restore: Time (s): cpu = 00:00:07 ; elapsed = 00:00:07 . Memory (MB): peak = 3487.680 ; gain = 117.961 ; free physical = 36054 ; free virtual = 56928
Netlist sorting complete. Time (s): cpu = 00:00:00.01 ; elapsed = 00:00:00.01 . Memory (MB): peak = 3848.984 ; gain = 0.000 ; free physical = 35712 ; free virtual = 56587
INFO: [Project 1-111] Unisim Transformation Summary:
  A total of 404 instances were transformed.
  DSP48E1 => DSP48E2 (inverted pins: OPMODE[5], RSTD, RSTM, RSTP) (DSP_ALU, DSP_A_B_DATA, DSP_C_DATA, DSP_MULTIPLIER, DSP_M_DATA, DSP_OUTPUT, DSP_PREADD, DSP_PREADD_DATA): 1 instance 
  DSP48E2 => DSP48E2 (DSP_ALU, DSP_A_B_DATA, DSP_C_DATA, DSP_MULTIPLIER, DSP_M_DATA, DSP_OUTPUT, DSP_PREADD, DSP_PREADD_DATA): 10 instances
  DSP48E2 => DSP48E2 (inverted pins: OPMODE[5], OPMODE[4]) (DSP_ALU, DSP_A_B_DATA, DSP_C_DATA, DSP_MULTIPLIER, DSP_M_DATA, DSP_OUTPUT, DSP_PREADD, DSP_PREADD_DATA): 5 instances
  RAM512X1S => RAM512X1S (MUXF7(x4), MUXF8(x2), MUXF9, RAMS64E1(x8)): 40 instances
  RAM64M8 => RAM64M8 (RAMD64E(x8)): 174 instances
  RAM64X1D => RAM64X1D (RAMD64E(x2)): 174 instances

open_run: Time (s): cpu = 00:00:30 ; elapsed = 00:00:32 . Memory (MB): peak = 3848.984 ; gain = 2101.328 ; free physical = 35713 ; free virtual = 56588
# report_utilization
Copyright 1986-2022 Xilinx, Inc. All Rights Reserved.
------------------------------------------------------------------------------------
| Tool Version : Vivado v.2022.2 (lin64) Build 3671981 Fri Oct 14 04:59:54 MDT 2022
| Date         : Tue Jun  9 02:02:51 2026
| Host         : finn_dev_samu running 64-bit Ubuntu 22.04.1 LTS
| Command      : report_utilization
| Design       : finn_design_wrapper
| Device       : xczu3eg-sbva484-1-e
| Speed File   : -1
| Design State : Routed
------------------------------------------------------------------------------------

Utilization Design Information

Table of Contents
-----------------
1. CLB Logic
1.1 Summary of Registers by Type
2. CLB Logic Distribution
3. BLOCKRAM
4. ARITHMETIC
5. I/O
6. CLOCK
7. ADVANCED
8. CONFIGURATION
9. Primitives
10. Black Boxes
11. Instantiated Netlists

1. CLB Logic
------------

+----------------------------+-------+-------+------------+-----------+-------+
|          Site Type         |  Used | Fixed | Prohibited | Available | Util% |
+----------------------------+-------+-------+------------+-----------+-------+
| CLB LUTs                   | 60894 |     0 |          0 |     70560 | 86.30 |
|   LUT as Logic             | 58803 |     0 |          0 |     70560 | 83.34 |
|   LUT as Memory            |  2091 |     0 |          0 |     28800 |  7.26 |
|     LUT as Distributed RAM |  2060 |     0 |            |           |       |
|     LUT as Shift Register  |    31 |     0 |            |           |       |
| CLB Registers              | 52430 |     0 |          0 |    141120 | 37.15 |
|   Register as Flip Flop    | 52430 |     0 |          0 |    141120 | 37.15 |
|   Register as Latch        |     0 |     0 |          0 |    141120 |  0.00 |
| CARRY8                     |  3787 |     0 |          0 |      8820 | 42.94 |
| F7 Muxes                   |  1800 |     0 |          0 |     35280 |  5.10 |
| F8 Muxes                   |   744 |     0 |          0 |     17640 |  4.22 |
| F9 Muxes                   |    40 |     0 |          0 |      8820 |  0.45 |
+----------------------------+-------+-------+------------+-----------+-------+
* Warning! LUT value is adjusted to account for LUT combining.


1.1 Summary of Registers by Type
--------------------------------

+-------+--------------+-------------+--------------+
| Total | Clock Enable | Synchronous | Asynchronous |
+-------+--------------+-------------+--------------+
| 0     |            _ |           - |            - |
| 0     |            _ |           - |          Set |
| 0     |            _ |           - |        Reset |
| 0     |            _ |         Set |            - |
| 0     |            _ |       Reset |            - |
| 0     |          Yes |           - |            - |
| 0     |          Yes |           - |          Set |
| 0     |          Yes |           - |        Reset |
| 307   |          Yes |         Set |            - |
| 52123 |          Yes |       Reset |            - |
+-------+--------------+-------------+--------------+


2. CLB Logic Distribution
-------------------------

+--------------------------------------------+-------+-------+------------+-----------+--------+
|                  Site Type                 |  Used | Fixed | Prohibited | Available |  Util% |
+--------------------------------------------+-------+-------+------------+-----------+--------+
| CLB                                        |  8820 |     0 |          0 |      8820 | 100.00 |
|   CLBL                                     |  5220 |     0 |            |           |        |
|   CLBM                                     |  3600 |     0 |            |           |        |
| LUT as Logic                               | 58803 |     0 |          0 |     70560 |  83.34 |
|   using O5 output only                     |   389 |       |            |           |        |
|   using O6 output only                     | 39951 |       |            |           |        |
|   using O5 and O6                          | 18463 |       |            |           |        |
| LUT as Memory                              |  2091 |     0 |          0 |     28800 |   7.26 |
|   LUT as Distributed RAM                   |  2060 |     0 |            |           |        |
|     using O5 output only                   |     0 |       |            |           |        |
|     using O6 output only                   |  2060 |       |            |           |        |
|     using O5 and O6                        |     0 |       |            |           |        |
|   LUT as Shift Register                    |    31 |     0 |            |           |        |
|     using O5 output only                   |     0 |       |            |           |        |
|     using O6 output only                   |    31 |       |            |           |        |
|     using O5 and O6                        |     0 |       |            |           |        |
| CLB Registers                              | 52430 |     0 |          0 |    141120 |  37.15 |
|   Register driven from within the CLB      | 31825 |       |            |           |        |
|   Register driven from outside the CLB     | 20605 |       |            |           |        |
|     LUT in front of the register is unused |  5808 |       |            |           |        |
|     LUT in front of the register is used   | 14797 |       |            |           |        |
| Unique Control Sets                        |  1216 |       |          0 |     17640 |   6.89 |
+--------------------------------------------+-------+-------+------------+-----------+--------+
* * Note: Available Control Sets calculated as Slices * 2, Review the Control Sets Report for more information regarding control sets.


3. BLOCKRAM
-----------

+-------------------+------+-------+------------+-----------+--------+
|     Site Type     | Used | Fixed | Prohibited | Available |  Util% |
+-------------------+------+-------+------------+-----------+--------+
| Block RAM Tile    |  216 |     0 |          0 |       216 | 100.00 |
|   RAMB36/FIFO*    |   25 |     0 |          0 |       216 |  11.57 |
|     RAMB36E2 only |   25 |       |            |           |        |
|   RAMB18          |  382 |     0 |          0 |       432 |  88.43 |
|     RAMB18E2 only |  382 |       |            |           |        |
+-------------------+------+-------+------------+-----------+--------+
* Note: Each Block RAM Tile only has one FIFO logic available and therefore can accommodate only one FIFO36E2 or one FIFO18E2. However, if a FIFO18E2 occupies a Block RAM Tile, that tile can still accommodate a RAMB18E2


4. ARITHMETIC
-------------

+----------------+------+-------+------------+-----------+-------+
|    Site Type   | Used | Fixed | Prohibited | Available | Util% |
+----------------+------+-------+------------+-----------+-------+
| DSPs           |   16 |     0 |          0 |       360 |  4.44 |
|   DSP48E2 only |   16 |       |            |           |       |
+----------------+------+-------+------------+-----------+-------+


5. I/O
------

+------------------+------+-------+------------+-----------+-------+
|     Site Type    | Used | Fixed | Prohibited | Available | Util% |
+------------------+------+-------+------------+-----------+-------+
| Bonded IOB       |    0 |     0 |          0 |        82 |  0.00 |
| HPIOB_M          |    0 |     0 |          0 |        26 |  0.00 |
| HPIOB_S          |    0 |     0 |          0 |        26 |  0.00 |
| HDIOB_M          |    0 |     0 |          0 |        12 |  0.00 |
| HDIOB_S          |    0 |     0 |          0 |        12 |  0.00 |
| HPIOB_SNGL       |    0 |     0 |          0 |         6 |  0.00 |
| HPIOBDIFFINBUF   |    0 |     0 |          0 |        72 |  0.00 |
| HPIOBDIFFOUTBUF  |    0 |     0 |          0 |        72 |  0.00 |
| HDIOBDIFFINBUF   |    0 |     0 |          0 |        48 |  0.00 |
| BITSLICE_CONTROL |    0 |     0 |          0 |        24 |  0.00 |
| BITSLICE_RX_TX   |    0 |     0 |          0 |       936 |  0.00 |
| BITSLICE_TX      |    0 |     0 |          0 |        24 |  0.00 |
| RIU_OR           |    0 |     0 |          0 |        12 |  0.00 |
+------------------+------+-------+------------+-----------+-------+


6. CLOCK
--------

+----------------------+------+-------+------------+-----------+-------+
|       Site Type      | Used | Fixed | Prohibited | Available | Util% |
+----------------------+------+-------+------------+-----------+-------+
| GLOBAL CLOCK BUFFERs |    1 |     0 |          0 |       196 |  0.51 |
|   BUFGCE             |    1 |     0 |          0 |        88 |  1.14 |
|   BUFGCE_DIV         |    0 |     0 |          0 |        12 |  0.00 |
|   BUFG_PS            |    0 |     0 |          0 |        72 |  0.00 |
|   BUFGCTRL*          |    0 |     0 |          0 |        24 |  0.00 |
| PLL                  |    0 |     0 |          0 |         6 |  0.00 |
| MMCM                 |    0 |     0 |          0 |         3 |  0.00 |
+----------------------+------+-------+------------+-----------+-------+
* Note: Each used BUFGCTRL counts as two GLOBAL CLOCK BUFFERs. This table does not include global clocking resources, only buffer cell usage. See the Clock Utilization Report (report_clock_utilization) for detailed accounting of global clocking resource availability.


7. ADVANCED
-----------

+-----------+------+-------+------------+-----------+-------+
| Site Type | Used | Fixed | Prohibited | Available | Util% |
+-----------+------+-------+------------+-----------+-------+
| PS8       |    0 |     0 |          0 |         1 |  0.00 |
| SYSMONE4  |    0 |     0 |          0 |         1 |  0.00 |
+-----------+------+-------+------------+-----------+-------+


8. CONFIGURATION
----------------

+-------------+------+-------+------------+-----------+-------+
|  Site Type  | Used | Fixed | Prohibited | Available | Util% |
+-------------+------+-------+------------+-----------+-------+
| BSCANE2     |    0 |     0 |          0 |         4 |  0.00 |
| DNA_PORTE2  |    0 |     0 |          0 |         1 |  0.00 |
| EFUSE_USR   |    0 |     0 |          0 |         1 |  0.00 |
| FRAME_ECCE4 |    0 |     0 |          0 |         1 |  0.00 |
| ICAPE3      |    0 |     0 |          0 |         2 |  0.00 |
| MASTER_JTAG |    0 |     0 |          0 |         1 |  0.00 |
| STARTUPE3   |    0 |     0 |          0 |         1 |  0.00 |
+-------------+------+-------+------------+-----------+-------+


9. Primitives
-------------

+----------+-------+---------------------+
| Ref Name |  Used | Functional Category |
+----------+-------+---------------------+
| FDRE     | 52123 |            Register |
| LUT4     | 34734 |                 CLB |
| LUT5     | 17436 |                 CLB |
| LUT6     | 12510 |                 CLB |
| LUT3     |  8790 |                 CLB |
| CARRY8   |  3787 |                 CLB |
| LUT2     |  3236 |                 CLB |
| MUXF7    |  1800 |                 CLB |
| RAMD64E  |  1740 |                 CLB |
| MUXF8    |   744 |                 CLB |
| LUT1     |   560 |                 CLB |
| RAMB18E2 |   382 |            BLOCKRAM |
| RAMS64E1 |   320 |                 CLB |
| FDSE     |   307 |            Register |
| MUXF9    |    40 |                 CLB |
| RAMB36E2 |    25 |            BLOCKRAM |
| SRLC32E  |    24 |                 CLB |
| DSP48E2  |    16 |          Arithmetic |
| SRL16E   |     7 |                 CLB |
| BUFGCE   |     1 |               Clock |
+----------+-------+---------------------+


10. Black Boxes
---------------

+----------+------+
| Ref Name | Used |
+----------+------+


11. Instantiated Netlists
-------------------------

+----------+------+
| Ref Name | Used |
+----------+------+


# report_timing
INFO: [Timing 38-91] UpdateTimingParams: Speed grade: -1, Temperature grade: E, Delay Type: max.
INFO: [Timing 38-191] Multithreading enabled for timing update using a maximum of 8 CPUs
WARNING: [Timing 38-242] The property HD.CLK_SRC of clock port "ap_clk" is not set. In out-of-context mode, this prevents timing estimation for clock delay/skew
Resolution: Set the HD.CLK_SRC property of the out-of-context port to the location of the clock buffer instance in the top-level design
INFO: [Timing 38-78] ReportTimingParams: -max_paths 1 -nworst 1 -delay_type max -sort_by slack.
Copyright 1986-2022 Xilinx, Inc. All Rights Reserved.
-----------------------------------------------------------------------------------------
| Tool Version      : Vivado v.2022.2 (lin64) Build 3671981 Fri Oct 14 04:59:54 MDT 2022
| Date              : Tue Jun  9 02:02:56 2026
| Host              : finn_dev_samu running 64-bit Ubuntu 22.04.1 LTS
| Command           : report_timing
| Design            : finn_design_wrapper
| Device            : xczu3eg-sbva484
| Speed File        : -1  PRODUCTION 1.30 05-15-2022
| Temperature Grade : E
-----------------------------------------------------------------------------------------

Timing Report

Slack (MET) :             2.682ns  (required time - arrival time)
  Source:                 finn_design_i/MVAU_hls_5/MVAU_hls_5/inst/grp_Matrix_Vector_Activate_Stream_Batch_fu_540/mac_muladd_8ns_8s_16s_17_4_1_U3/MVAU_hls_5_mac_muladd_8ns_8s_16s_17_4_1_DSP48_0_U/p_reg_reg/DSP_OUTPUT_INST/CLK
                            (rising edge-triggered cell DSP_OUTPUT clocked by ap_clk  {rise@0.000ns fall@5.000ns period=10.000ns})
  Destination:            finn_design_i/MVAU_hls_5/MVAU_hls_5/inst/grp_Matrix_Vector_Activate_Stream_Batch_fu_540/add_ln840_63_reg_16521_reg[3]/D
                            (rising edge-triggered cell FDRE clocked by ap_clk  {rise@0.000ns fall@5.000ns period=10.000ns})
  Path Group:             ap_clk
  Path Type:              Setup (Max at Slow Process Corner)
  Requirement:            10.000ns  (ap_clk rise@10.000ns - ap_clk rise@0.000ns)
  Data Path Delay:        7.261ns  (logic 1.871ns (25.769%)  route 5.390ns (74.231%))
  Logic Levels:           12  (CARRY8=4 LUT3=4 LUT4=1 LUT5=2 LUT6=1)
  Clock Path Skew:        -0.049ns (DCD - SCD + CPR)
    Destination Clock Delay (DCD):    0.026ns = ( 10.026 - 10.000 ) 
    Source Clock Delay      (SCD):    0.075ns
    Clock Pessimism Removal (CPR):    0.000ns
  Clock Uncertainty:      0.035ns  ((TSJ^2 + TIJ^2)^1/2 + DJ) / 2 + PE
    Total System Jitter     (TSJ):    0.071ns
    Total Input Jitter      (TIJ):    0.000ns
    Discrete Jitter          (DJ):    0.000ns
    Phase Error              (PE):    0.000ns

    Location             Delay type                Incr(ns)  Path(ns)    Netlist Resource(s)
  -------------------------------------------------------------------    -------------------
                         (clock ap_clk rise edge)     0.000     0.000 r  
                                                      0.000     0.000 r  ap_clk (IN)
                         net (fo=55023, unset)        0.075     0.075    finn_design_i/MVAU_hls_5/MVAU_hls_5/inst/grp_Matrix_Vector_Activate_Stream_Batch_fu_540/mac_muladd_8ns_8s_16s_17_4_1_U3/MVAU_hls_5_mac_muladd_8ns_8s_16s_17_4_1_DSP48_0_U/p_reg_reg/CLK
    DSP48E2_X4Y28        DSP_OUTPUT                                   r  finn_design_i/MVAU_hls_5/MVAU_hls_5/inst/grp_Matrix_Vector_Activate_Stream_Batch_fu_540/mac_muladd_8ns_8s_16s_17_4_1_U3/MVAU_hls_5_mac_muladd_8ns_8s_16s_17_4_1_DSP48_0_U/p_reg_reg/DSP_OUTPUT_INST/CLK
  -------------------------------------------------------------------    -------------------
    DSP48E2_X4Y28        DSP_OUTPUT (Prop_DSP_OUTPUT_DSP48E2_CLK_P[4])
                                                      0.263     0.338 r  finn_design_i/MVAU_hls_5/MVAU_hls_5/inst/grp_Matrix_Vector_Activate_Stream_Batch_fu_540/mac_muladd_8ns_8s_16s_17_4_1_U3/MVAU_hls_5_mac_muladd_8ns_8s_16s_17_4_1_DSP48_0_U/p_reg_reg/DSP_OUTPUT_INST/P[4]
                         net (fo=2, routed)           0.454     0.792    finn_design_i/MVAU_hls_5/MVAU_hls_5/inst/grp_Matrix_Vector_Activate_Stream_Batch_fu_540/mac_muladd_8ns_8s_16s_17_4_1_U3/MVAU_hls_5_mac_muladd_8ns_8s_16s_17_4_1_DSP48_0_U/grp_fu_14280_p3[4]
    SLICE_X41Y64         LUT3 (Prop_E6LUT_SLICEL_I0_O)
                                                      0.148     0.940 r  finn_design_i/MVAU_hls_5/MVAU_hls_5/inst/grp_Matrix_Vector_Activate_Stream_Batch_fu_540/mac_muladd_8ns_8s_16s_17_4_1_U3/MVAU_hls_5_mac_muladd_8ns_8s_16s_17_4_1_DSP48_0_U/accu_V_fu_864[7]_i_5/O
                         net (fo=1, routed)           0.008     0.948    finn_design_i/MVAU_hls_5/MVAU_hls_5/inst/grp_Matrix_Vector_Activate_Stream_Batch_fu_540/mac_muladd_8ns_8s_16s_17_4_1_U3/MVAU_hls_5_mac_muladd_8ns_8s_16s_17_4_1_DSP48_0_U/accu_V_fu_864[7]_i_5_n_3
    SLICE_X41Y64         CARRY8 (Prop_CARRY8_SLICEL_S[4]_CO[7])
                                                      0.195     1.143 r  finn_design_i/MVAU_hls_5/MVAU_hls_5/inst/grp_Matrix_Vector_Activate_Stream_Batch_fu_540/mac_muladd_8ns_8s_16s_17_4_1_U3/MVAU_hls_5_mac_muladd_8ns_8s_16s_17_4_1_DSP48_0_U/accu_V_fu_864_reg[7]_i_1/CO[7]
                         net (fo=1, routed)           0.028     1.171    finn_design_i/MVAU_hls_5/MVAU_hls_5/inst/grp_Matrix_Vector_Activate_Stream_Batch_fu_540/mac_muladd_8ns_8s_16s_17_4_1_U3/MVAU_hls_5_mac_muladd_8ns_8s_16s_17_4_1_DSP48_0_U/accu_V_fu_864_reg[7]_i_1_n_3
    SLICE_X41Y65         CARRY8 (Prop_CARRY8_SLICEL_CI_O[4])
                                                      0.116     1.287 r  finn_design_i/MVAU_hls_5/MVAU_hls_5/inst/grp_Matrix_Vector_Activate_Stream_Batch_fu_540/mac_muladd_8ns_8s_16s_17_4_1_U3/MVAU_hls_5_mac_muladd_8ns_8s_16s_17_4_1_DSP48_0_U/accu_V_fu_864_reg[15]_i_1/O[4]
                         net (fo=511, routed)         2.292     3.579    finn_design_i/MVAU_hls_5/MVAU_hls_5/inst/grp_Matrix_Vector_Activate_Stream_Batch_fu_540/p_ZL7threshs_26_U/accu_V_2_fu_6667_p2[12]
    SLICE_X3Y16          LUT4 (Prop_G6LUT_SLICEL_I3_O)
                                                      0.063     3.642 r  finn_design_i/MVAU_hls_5/MVAU_hls_5/inst/grp_Matrix_Vector_Activate_Stream_Batch_fu_540/p_ZL7threshs_26_U/add_ln840_63_reg_16521[0]_i_383/O
                         net (fo=1, routed)           0.009     3.651    finn_design_i/MVAU_hls_5/MVAU_hls_5/inst/grp_Matrix_Vector_Activate_Stream_Batch_fu_540/p_ZL7threshs_26_U/add_ln840_63_reg_16521[0]_i_383_n_3
    SLICE_X3Y16          CARRY8 (Prop_CARRY8_SLICEL_S[6]_CO[7])
                                                      0.148     3.799 r  finn_design_i/MVAU_hls_5/MVAU_hls_5/inst/grp_Matrix_Vector_Activate_Stream_Batch_fu_540/p_ZL7threshs_26_U/add_ln840_63_reg_16521_reg[0]_i_257/CO[7]
                         net (fo=1, routed)           0.028     3.827    finn_design_i/MVAU_hls_5/MVAU_hls_5/inst/grp_Matrix_Vector_Activate_Stream_Batch_fu_540/p_ZL7threshs_26_U/add_ln840_63_reg_16521_reg[0]_i_257_n_3
    SLICE_X3Y17          CARRY8 (Prop_CARRY8_SLICEL_CI_CO[2])
                                                      0.073     3.900 r  finn_design_i/MVAU_hls_5/MVAU_hls_5/inst/grp_Matrix_Vector_Activate_Stream_Batch_fu_540/p_ZL7threshs_26_U/add_ln840_63_reg_16521_reg[0]_i_132/CO[2]
                         net (fo=2, routed)           0.519     4.419    finn_design_i/MVAU_hls_5/MVAU_hls_5/inst/grp_Matrix_Vector_Activate_Stream_Batch_fu_540/icmp_ln1039_26_fu_7197_p2
    SLICE_X14Y20         LUT3 (Prop_E5LUT_SLICEM_I1_O)
                                                      0.139     4.558 r  finn_design_i/MVAU_hls_5/MVAU_hls_5/inst/grp_Matrix_Vector_Activate_Stream_Batch_fu_540/add_ln840_63_reg_16521[5]_bret_i_31/O
                         net (fo=2, routed)           0.382     4.940    finn_design_i/MVAU_hls_5/MVAU_hls_5/inst/grp_Matrix_Vector_Activate_Stream_Batch_fu_540/add_ln840_63_reg_16521[5]_bret_i_31_n_3
    SLICE_X13Y24         LUT5 (Prop_B5LUT_SLICEL_I1_O)
                                                      0.173     5.113 r  finn_design_i/MVAU_hls_5/MVAU_hls_5/inst/grp_Matrix_Vector_Activate_Stream_Batch_fu_540/add_ln840_63_reg_16521[5]_bret_i_18/O
                         net (fo=5, routed)           0.662     5.775    finn_design_i/MVAU_hls_5/MVAU_hls_5/inst/grp_Matrix_Vector_Activate_Stream_Batch_fu_540/add_ln840_63_reg_16521[5]_bret_i_18_n_3
    SLICE_X19Y27         LUT6 (Prop_H6LUT_SLICEM_I1_O)
                                                      0.182     5.957 f  finn_design_i/MVAU_hls_5/MVAU_hls_5/inst/grp_Matrix_Vector_Activate_Stream_Batch_fu_540/add_ln840_63_reg_16521[3]_i_9/O
                         net (fo=4, routed)           0.296     6.253    finn_design_i/MVAU_hls_5/MVAU_hls_5/inst/grp_Matrix_Vector_Activate_Stream_Batch_fu_540/add_ln840_63_reg_16521[3]_i_9_n_3
    SLICE_X17Y27         LUT3 (Prop_A5LUT_SLICEL_I1_O)
                                                      0.085     6.338 r  finn_design_i/MVAU_hls_5/MVAU_hls_5/inst/grp_Matrix_Vector_Activate_Stream_Batch_fu_540/add_ln840_63_reg_16521[5]_bret__0_i_4/O
                         net (fo=10, routed)          0.432     6.770    finn_design_i/MVAU_hls_5/MVAU_hls_5/inst/grp_Matrix_Vector_Activate_Stream_Batch_fu_540/add_ln840_63_reg_16521[5]_bret__0_i_4_n_3
    SLICE_X19Y30         LUT3 (Prop_A5LUT_SLICEM_I2_O)
                                                      0.139     6.909 r  finn_design_i/MVAU_hls_5/MVAU_hls_5/inst/grp_Matrix_Vector_Activate_Stream_Batch_fu_540/add_ln840_63_reg_16521[3]_i_4/O
                         net (fo=1, routed)           0.203     7.112    finn_design_i/MVAU_hls_5/MVAU_hls_5/inst/grp_Matrix_Vector_Activate_Stream_Batch_fu_540/add_ln840_63_reg_16521[3]_i_4_n_3
    SLICE_X19Y29         LUT5 (Prop_C6LUT_SLICEM_I3_O)
                                                      0.147     7.259 r  finn_design_i/MVAU_hls_5/MVAU_hls_5/inst/grp_Matrix_Vector_Activate_Stream_Batch_fu_540/add_ln840_63_reg_16521[3]_i_1/O
                         net (fo=1, routed)           0.077     7.336    finn_design_i/MVAU_hls_5/MVAU_hls_5/inst/grp_Matrix_Vector_Activate_Stream_Batch_fu_540/add_ln840_63_fu_12363_p2[3]
    SLICE_X19Y29         FDRE                                         r  finn_design_i/MVAU_hls_5/MVAU_hls_5/inst/grp_Matrix_Vector_Activate_Stream_Batch_fu_540/add_ln840_63_reg_16521_reg[3]/D
  -------------------------------------------------------------------    -------------------

                         (clock ap_clk rise edge)    10.000    10.000 r  
                                                      0.000    10.000 r  ap_clk (IN)
                         net (fo=55023, unset)        0.026    10.026    finn_design_i/MVAU_hls_5/MVAU_hls_5/inst/grp_Matrix_Vector_Activate_Stream_Batch_fu_540/ap_clk
    SLICE_X19Y29         FDRE                                         r  finn_design_i/MVAU_hls_5/MVAU_hls_5/inst/grp_Matrix_Vector_Activate_Stream_Batch_fu_540/add_ln840_63_reg_16521_reg[3]/C
                         clock pessimism              0.000    10.026    
                         clock uncertainty           -0.035     9.991    
    SLICE_X19Y29         FDRE (Setup_CFF_SLICEM_C_D)
                                                      0.027    10.018    finn_design_i/MVAU_hls_5/MVAU_hls_5/inst/grp_Matrix_Vector_Activate_Stream_Batch_fu_540/add_ln840_63_reg_16521_reg[3]
  -------------------------------------------------------------------
                         required time                         10.018    
                         arrival time                          -7.336    
  -------------------------------------------------------------------
                         slack                                  2.682    




report_timing: Time (s): cpu = 00:00:26 ; elapsed = 00:00:06 . Memory (MB): peak = 4035.387 ; gain = 186.402 ; free physical = 35533 ; free virtual = 56408
# report_power
Command: report_power
Running Vector-less Activity Propagation...

Finished Running Vector-less Activity Propagation
WARNING: [Power 33-332] Found switching activity that implies high-fanout reset nets being asserted for excessive periods of time which may result in inaccurate power analysis.
Resolution: To review and fix problems, please run Power Constraints Advisor in the GUI from Tools > Power Constraints Advisor or run report_power with the -advisory option to generate a text report.
Copyright 1986-2022 Xilinx, Inc. All Rights Reserved.
----------------------------------------------------------------------------------------
| Tool Version     : Vivado v.2022.2 (lin64) Build 3671981 Fri Oct 14 04:59:54 MDT 2022
| Date             : Tue Jun  9 02:03:03 2026
| Host             : finn_dev_samu running 64-bit Ubuntu 22.04.1 LTS
| Command          : report_power
| Design           : finn_design_wrapper
| Device           : xczu3eg-sbva484-1-e
| Design State     : routed
| Grade            : extended
| Process          : typical
| Characterization : Production
----------------------------------------------------------------------------------------

Power Report

Table of Contents
-----------------
1. Summary
1.1 On-Chip Components
1.2 Power Supply Summary
1.3 Confidence Level
2. Settings
2.1 Environment
2.2 Clock Constraints
3. Detailed Reports
3.1 By Hierarchy

1. Summary
----------

+--------------------------+--------------+
| Total On-Chip Power (W)  | 1.303        |
| Design Power Budget (W)  | Unspecified* |
| Power Budget Margin (W)  | NA           |
| Dynamic (W)              | 1.078        |
| Device Static (W)        | 0.226        |
| Effective TJA (C/W)      | 2.7          |
| Max Ambient (C)          | 96.4         |
| Junction Temperature (C) | 28.6         |
| Confidence Level         | Medium       |
| Setting File             | ---          |
| Simulation Activity File | ---          |
| Design Nets Matched      | NA           |
+--------------------------+--------------+
* Specify Design Power Budget using, set_operating_conditions -design_power_budget <value in Watts>


1.1 On-Chip Components
----------------------

+--------------------------+-----------+----------+-----------+-----------------+
| On-Chip                  | Power (W) | Used     | Available | Utilization (%) |
+--------------------------+-----------+----------+-----------+-----------------+
| Clocks                   |     0.095 |        3 |       --- |             --- |
| CLB Logic                |     0.472 |   142496 |       --- |             --- |
|   LUT as Logic           |     0.437 |    58803 |     70560 |           83.34 |
|   Register               |     0.018 |    52430 |    141120 |           37.15 |
|   CARRY8                 |     0.015 |     3787 |      8820 |           42.94 |
|   LUT as Distributed RAM |     0.003 |     2060 |     28800 |            7.15 |
|   LUT as Shift Register  |    <0.001 |       31 |     28800 |            0.11 |
|   BUFG                   |    <0.001 |        1 |        24 |            4.17 |
|   Others                 |     0.000 |     4337 |       --- |             --- |
|   F7/F8 Muxes            |     0.000 |     2544 |     70560 |            3.61 |
| Signals                  |     0.371 |    73087 |       --- |             --- |
| Block RAM                |     0.134 |      216 |       216 |          100.00 |
| DSPs                     |     0.006 |       16 |       360 |            4.44 |
| Static Power             |     0.226 |          |           |                 |
| Total                    |     1.303 |          |           |                 |
+--------------------------+-----------+----------+-----------+-----------------+


1.2 Power Supply Summary
------------------------

+-----------------+-------------+-----------+-------------+------------+-------------+-------------+------------+
| Source          | Voltage (V) | Total (A) | Dynamic (A) | Static (A) | Powerup (A) | Budget (A)  | Margin (A) |
+-----------------+-------------+-----------+-------------+------------+-------------+-------------+------------+
| Vccint          |       0.850 |     1.309 |       1.259 |      0.050 |       NA    | Unspecified | NA         |
| Vccint_io       |       0.850 |     0.027 |       0.000 |      0.027 |       NA    | Unspecified | NA         |
| Vccbram         |       0.850 |     0.010 |       0.009 |      0.001 |       NA    | Unspecified | NA         |
| Vccaux          |       1.800 |     0.048 |       0.000 |      0.048 |       NA    | Unspecified | NA         |
| Vccaux_io       |       1.800 |     0.025 |       0.000 |      0.025 |       NA    | Unspecified | NA         |
| Vcco33          |       3.300 |     0.000 |       0.000 |      0.000 |       NA    | Unspecified | NA         |
| Vcco25          |       2.500 |     0.000 |       0.000 |      0.000 |       NA    | Unspecified | NA         |
| Vcco18          |       1.800 |     0.000 |       0.000 |      0.000 |       NA    | Unspecified | NA         |
| Vcco15          |       1.500 |     0.000 |       0.000 |      0.000 |       NA    | Unspecified | NA         |
| Vcco135         |       1.350 |     0.000 |       0.000 |      0.000 |       NA    | Unspecified | NA         |
| Vcco12          |       1.200 |     0.000 |       0.000 |      0.000 |       NA    | Unspecified | NA         |
| Vcco10          |       1.000 |     0.000 |       0.000 |      0.000 |       NA    | Unspecified | NA         |
| Vccadc          |       1.800 |     0.008 |       0.000 |      0.008 |       NA    | Unspecified | NA         |
| VCC_PSINTFP     |       0.850 |     0.000 |       0.000 |      0.000 |       NA    | Unspecified | NA         |
| VCC_PSINTLP     |       0.850 |     0.005 |       0.000 |      0.005 |       NA    | Unspecified | NA         |
| VPS_MGTRAVCC    |       0.850 |     0.000 |       0.000 |      0.000 |       NA    | Unspecified | NA         |
| VCC_PSINTFP_DDR |       0.850 |     0.000 |       0.000 |      0.000 |       NA    | Unspecified | NA         |
| VCC_PSPLL       |       1.200 |     0.002 |       0.000 |      0.002 |       NA    | Unspecified | NA         |
| VPS_MGTRAVTT    |       1.800 |     0.000 |       0.000 |      0.000 |       NA    | Unspecified | NA         |
| VCCO_PSDDR_504  |       1.200 |     0.000 |       0.000 |      0.000 |       NA    | Unspecified | NA         |
| VCC_PSAUX       |       1.800 |     0.002 |       0.000 |      0.002 |       NA    | Unspecified | NA         |
| VCC_PSBATT      |       1.200 |     0.000 |       0.000 |      0.000 |       NA    | Unspecified | NA         |
| VCC_PSDDR_PLL   |       1.800 |     0.000 |       0.000 |      0.000 |       NA    | Unspecified | NA         |
| VCCO_PSIO0_500  |       3.300 |     0.000 |       0.000 |      0.000 |       NA    | Unspecified | NA         |
| VCCO_PSIO1_501  |       3.300 |     0.000 |       0.000 |      0.000 |       NA    | Unspecified | NA         |
| VCCO_PSIO2_502  |       3.300 |     0.000 |       0.000 |      0.000 |       NA    | Unspecified | NA         |
| VCCO_PSIO3_503  |       3.300 |     0.000 |       0.000 |      0.000 |       NA    | Unspecified | NA         |
| VCC_PSADC       |       1.800 |     0.002 |       0.000 |      0.002 |       NA    | Unspecified | NA         |
+-----------------+-------------+-----------+-------------+------------+-------------+-------------+------------+


1.3 Confidence Level
--------------------

+-----------------------------+------------+------------------------------------------------+------------------------------------------------------------------------------------------------------------+
| User Input Data             | Confidence | Details                                        | Action                                                                                                     |
+-----------------------------+------------+------------------------------------------------+------------------------------------------------------------------------------------------------------------+
| Design implementation state | High       | Design is routed                               |                                                                                                            |
| Clock nodes activity        | High       | User specified more than 95% of clocks         |                                                                                                            |
| I/O nodes activity          | High       | User specified more than 95% of inputs         |                                                                                                            |
| Internal nodes activity     | Medium     | User specified less than 25% of internal nodes | Provide missing internal nodes activity with simulation results or by editing the "By Resource Type" views |
| Device models               | High       | Device models are Production                   |                                                                                                            |
|                             |            |                                                |                                                                                                            |
| Overall confidence level    | Medium     |                                                |                                                                                                            |
+-----------------------------+------------+------------------------------------------------+------------------------------------------------------------------------------------------------------------+


2. Settings
-----------

2.1 Environment
---------------

+-----------------------+--------------------------+
| Ambient Temp (C)      | 25.0                     |
| ThetaJA (C/W)         | 2.7                      |
| Airflow (LFM)         | 250                      |
| Heat Sink             | medium (Medium Profile)  |
| ThetaSA (C/W)         | 8.8                      |
| Board Selection       | medium (10"x10")         |
| # of Board Layers     | 12to15 (12 to 15 Layers) |
| Board Temperature (C) | 25.0                     |
+-----------------------+--------------------------+


2.2 Clock Constraints
---------------------

+--------+--------+-----------------+
| Clock  | Domain | Constraint (ns) |
+--------+--------+-----------------+
| ap_clk | ap_clk |            10.0 |
+--------+--------+-----------------+


3. Detailed Reports
-------------------

3.1 By Hierarchy
----------------

+----------------------------------------+-----------+
| Name                                   | Power (W) |
+----------------------------------------+-----------+
| finn_design_wrapper                    |     1.078 |
|   finn_design_i                        |     1.069 |
|     ConvolutionInputGenerator_rtl_0    |     0.002 |
|       inst                             |     0.002 |
|     ConvolutionInputGenerator_rtl_1    |     0.002 |
|       inst                             |     0.002 |
|     ConvolutionInputGenerator_rtl_2    |     0.001 |
|       inst                             |     0.001 |
|     ConvolutionInputGenerator_rtl_3    |     0.001 |
|       inst                             |     0.001 |
|     ConvolutionInputGenerator_rtl_4    |     0.001 |
|       inst                             |     0.001 |
|     ConvolutionInputGenerator_rtl_5    |     0.004 |
|       inst                             |     0.004 |
|     FMPadding_rtl_2                    |     0.002 |
|       inst                             |     0.002 |
|     FMPadding_rtl_3                    |     0.001 |
|       inst                             |     0.001 |
|     FMPadding_rtl_4                    |     0.004 |
|       inst                             |     0.004 |
|     MVAU_hls_0                         |     0.181 |
|       MVAU_hls_0                       |     0.180 |
|       MVAU_hls_0_wstrm                 |     0.001 |
|     MVAU_hls_1                         |     0.121 |
|       MVAU_hls_1                       |     0.121 |
|     MVAU_hls_2                         |     0.087 |
|       MVAU_hls_2                       |     0.086 |
|       MVAU_hls_2_wstrm                 |     0.001 |
|     MVAU_hls_3                         |     0.110 |
|       MVAU_hls_3                       |     0.109 |
|       MVAU_hls_3_wstrm                 |     0.001 |
|     MVAU_hls_4                         |     0.148 |
|       MVAU_hls_4                       |     0.146 |
|       MVAU_hls_4_wstrm                 |     0.002 |
|     MVAU_hls_5                         |     0.133 |
|       MVAU_hls_5                       |     0.131 |
|       MVAU_hls_5_wstrm                 |     0.002 |
|     MVAU_hls_6                         |     0.218 |
|       MVAU_hls_6                       |     0.215 |
|       MVAU_hls_6_wstrm                 |     0.003 |
|     MVAU_rtl_0                         |     0.004 |
|       MVAU_rtl_0                       |     0.002 |
|       MVAU_rtl_0_wstrm                 |     0.001 |
|     StreamingDataWidthConverter_rtl_11 |     0.002 |
|       inst                             |     0.002 |
|     StreamingDataWidthConverter_rtl_12 |     0.003 |
|       inst                             |     0.003 |
|     StreamingDataWidthConverter_rtl_6  |     0.001 |
|       inst                             |     0.001 |
|     StreamingFIFO_rtl_19               |     0.001 |
|       inst                             |     0.001 |
|     StreamingFIFO_rtl_20               |     0.001 |
|       inst                             |     0.001 |
|     StreamingFIFO_rtl_29               |     0.001 |
|       inst                             |     0.001 |
|     StreamingFIFO_rtl_31               |     0.001 |
|       inst                             |     0.001 |
|     StreamingFIFO_rtl_37               |     0.002 |
|       inst                             |     0.002 |
|     StreamingFIFO_rtl_38               |     0.003 |
|       inst                             |     0.003 |
|     Thresholding_rtl_0                 |     0.004 |
|       inst                             |     0.004 |
|     Thresholding_rtl_1                 |     0.005 |
|       inst                             |     0.005 |
|     Thresholding_rtl_2                 |     0.007 |
|       inst                             |     0.007 |
+----------------------------------------+-----------+


0 Infos, 1 Warnings, 0 Critical Warnings and 0 Errors encountered.
report_power completed successfully
report_power: Time (s): cpu = 00:00:36 ; elapsed = 00:00:07 . Memory (MB): peak = 4545.562 ; gain = 510.176 ; free physical = 35364 ; free virtual = 56239
# set util [report_utilization -return_string]
# set util_lut [exec echo $util | grep LUT | head -n 1 | cut -d| -f3 | tr -d " "]
# set util_lutram [exec echo $util | grep LUT | head -n 3 | tail -1 | cut -d| -f3 | tr -d " "]
# set util_ff [llength [get_cells -hier -filter {PRIMITIVE_TYPE =~ *.F*E*}]]
WARNING: [Vivado 12-180] No cells matched 'get_cells -hier -filter {PRIMITIVE_GROUP == DSP}'.
# set util_dsp [llength [get_cells -hier -filter {PRIMITIVE_GROUP == DSP}]]
# set time_wns [get_property SLACK [get_timing_paths]]
# set util_bram18 [llength [get_cells -hier -filter {PRIMITIVE_TYPE =~ *RAMB18*}]]
# set util_bram36 [llength [get_cells -hier -filter {PRIMITIVE_TYPE =~ *RAMB36*}]]
# set util_carry [llength [get_cells -hier -filter {PRIMITIVE_TYPE =~ *CARRY*}]]
WARNING: [Vivado 12-180] No cells matched 'get_cells -hier -filter {PRIMITIVE_TYPE =~ *URAM*}'.
# set util_uram [llength [get_cells -hier -filter {PRIMITIVE_TYPE =~ *URAM*}]]
# set vivado_version [version -short]
# set vivado_build_no [exec echo $util | grep Build | head -n 1 | cut -d\  -f9]
# set util_bram [expr $util_bram18/2 + $util_bram36]
# puts "LUT: $util_lut FF: $util_ff DSP: $util_dsp BRAM: $util_bram"
LUT: 60894 FF: 52430 DSP: 0 BRAM: 216
# set fp [open res.txt w]
# puts $fp "LUT=$util_lut"
# puts $fp "LUTRAM=$util_lutram"
# puts $fp "FF=$util_ff"
# puts $fp "DSP=$util_dsp"
# puts $fp "BRAM=$util_bram"
# puts $fp "BRAM_18K=$util_bram18"
# puts $fp "BRAM_36K=$util_bram36"
# puts $fp "URAM=$util_uram"
# puts $fp "Carry=$util_carry"
# puts $fp "WNS=$time_wns"
# puts $fp "Delay=$time_wns"
# puts $fp "vivado_version=$vivado_version"
# puts $fp "vivado_build_no=$vivado_build_no"
# close $fp
# exit
INFO: [Common 17-206] Exiting Vivado at Tue Jun  9 02:03:07 2026...
/home/samu/dev/CEN571-final/finn-vs-vitisai/finn-repo/deps/oh-my-xilinx/vivadoprojgen.sh:30: no matches found: ../*.vhd
/home/samu/dev/CEN571-final/finn-vs-vitisai/finn-repo/deps/oh-my-xilinx/vivadoprojgen.sh:32: no matches found: ../*.h
/home/samu/dev/CEN571-final/finn-vs-vitisai/finn-repo/deps/oh-my-xilinx/vivadoprojgen.sh:33: no matches found: ../*.xdc
cat: finn_design_wrapper.xdc: input file is output file
['LUT', '60894']
['LUTRAM', '2091']
['FF', '52430']
['DSP', '0']
['BRAM', '216']
['BRAM_18K', '382']
['BRAM_36K', '25']
['URAM', '0']
['Carry', '3787']
['WNS', '2.682']
['Delay', '2.682']
['vivado_version', '2022.2']
['vivado_build_no', '3671981']
['']
Completed successfully
--- build_dataflow_cfg rc=0 ---
intermediate_models: ['dataflow_parent.onnx', 'step_apply_folding_config.onnx', 'step_create_dataflow_partition.onnx', 'step_create_stitched_ip.onnx', 'step_generate_estimate_reports.onnx', 'step_hw_codegen.onnx', 'step_hw_ipgen.onnx', 'step_minimize_bit_width.onnx', 'step_out_of_context_synthesis.onnx', 'step_qonnx_to_finn.onnx', 'step_resnet_convert_to_hw.onnx', 'step_resnet_streamline.onnx', 'step_set_fifo_depths.onnx', 'step_specialize_layers.onnx', 'step_target_fps_parallelization.onnx', 'step_tidy_up.onnx', 'supported_op_partitions']
